query	subject
KH.L28.8	KY21.Chr1.1
KH.L28.1	KY21.Chr1.2
KH.L28.2	KY21.Chr1.3
KH.L28.6	KY21.Chr1.4
KH.L28.5	KY21.Chr1.5
KH.L60.10	KY21.Chr1.5
KH.L60.7	KY21.Chr1.6
KH.L60.3	KY21.Chr1.7
KH.L60.9	KY21.Chr1.8
KH.L60.1	KY21.Chr1.9
KH.L60.14	KY21.Chr1.10
KH.L60.12	KY21.Chr1.11
KH.L60.4	KY21.Chr1.12
KH.L60.13	KY21.Chr1.14
KH.L60.15	KY21.Chr1.15
KH.L60.16	KY21.Chr1.17
KH.L60.5	KY21.Chr1.18
KH.L60.11	KY21.Chr1.19
KH.L60.2	KY21.Chr1.20
KH.C1.1066	KY21.Chr1.21
KH.C1.335	KY21.Chr1.23
KH.L124.4	KY21.Chr1.24
KH.C1.1214	KY21.Chr1.25
KH.C1.1039	KY21.Chr1.26
KH.C1.1256	KY21.Chr1.27
KH.C1.636	KY21.Chr1.28
KH.C1.159	KY21.Chr1.29
KH.C1.114	KY21.Chr1.32
KH.C1.1153	KY21.Chr1.33
KH.C1.1100	KY21.Chr1.34
KH.C1.996	KY21.Chr1.35
KH.C1.523	KY21.Chr1.36
KH.C1.1202	KY21.Chr1.37
KH.S1387.1	KY21.Chr1.37
KH.C1.568	KY21.Chr1.38
KH.C1.1156	KY21.Chr1.39
KH.C1.318	KY21.Chr1.40
KH.C1.608	KY21.Chr1.44
KH.C1.130	KY21.Chr1.45
KH.C1.631	KY21.Chr1.46
KH.C1.139	KY21.Chr1.47
KH.C1.1166	KY21.Chr1.48
KH.C1.1253	KY21.Chr1.49
KH.C1.1220	KY21.Chr1.60
KH.C1.1216	KY21.Chr1.61
KH.C1.869	KY21.Chr1.62
KH.C1.287	KY21.Chr1.63
KH.C1.1225	KY21.Chr1.65
KH.C1.78	KY21.Chr1.66
KH.S1223.1	KY21.Chr1.66
KH.C1.582	KY21.Chr1.67
KH.C1.1300	KY21.Chr1.71
KH.C1.593	KY21.Chr1.72
KH.C1.1197	KY21.Chr1.73
KH.C1.301	KY21.Chr1.74
KH.S2146.1	KY21.Chr1.74
KH.C1.329	KY21.Chr1.75
KH.C1.821	KY21.Chr1.76
KH.C1.897	KY21.Chr1.77
KH.C1.516	KY21.Chr1.78
KH.C1.230	KY21.Chr1.79
KH.C1.1011	KY21.Chr1.80
KH.C1.208	KY21.Chr1.81
KH.C1.1208	KY21.Chr1.82
KH.C1.269	KY21.Chr1.84
KH.C1.15	KY21.Chr1.85
KH.C1.344	KY21.Chr1.86
KH.C1.781	KY21.Chr1.87
KH.C1.997	KY21.Chr1.88
KH.C1.831	KY21.Chr1.89
KH.C1.110	KY21.Chr1.90
KH.C1.771	KY21.Chr1.91
KH.L140.2	KY21.Chr1.94
KH.L140.7	KY21.Chr1.95
KH.L140.6	KY21.Chr1.96
KH.S1966.1	KY21.Chr1.96
KH.L140.4	KY21.Chr1.97
KH.L140.5	KY21.Chr1.98
KH.L140.9	KY21.Chr1.99
KH.L140.8	KY21.Chr1.100
KH.C1.150	KY21.Chr1.101
KH.C1.914	KY21.Chr1.102
KH.C1.443	KY21.Chr1.104
KH.S1560.1	KY21.Chr1.105
KH.C1.1238	KY21.Chr1.107
KH.C1.841	KY21.Chr1.108
KH.C1.709	KY21.Chr1.109
KH.C1.165	KY21.Chr1.110
KH.C1.881	KY21.Chr1.113
KH.C1.403	KY21.Chr1.115
KH.C1.962	KY21.Chr1.116
KH.C1.655	KY21.Chr1.117
KH.S2345.1	KY21.Chr1.118
KH.L140.1	KY21.Chr1.120
KH.L140.10	KY21.Chr1.121
KH.L140.11	KY21.Chr1.122
KH.C1.969	KY21.Chr1.123
KH.C1.172	KY21.Chr1.124
KH.C1.183	KY21.Chr1.126
KH.C1.526	KY21.Chr1.129
KH.C1.1180	KY21.Chr1.130
KH.C1.907	KY21.Chr1.132
KH.C1.286	KY21.Chr1.133
KH.L144.3	KY21.Chr1.136
KH.L144.4	KY21.Chr1.137
KH.L144.5	KY21.Chr1.138
KH.L144.9	KY21.Chr1.140
KH.L144.7	KY21.Chr1.141
KH.L144.6	KY21.Chr1.142
KH.L144.2	KY21.Chr1.143
KH.L144.10	KY21.Chr1.144
KH.L144.12	KY21.Chr1.145
KH.L144.13	KY21.Chr1.145
KH.L144.14	KY21.Chr1.145
KH.C11.407	KY21.Chr1.146
KH.L144.11	KY21.Chr1.147
KH.L144.1	KY21.Chr1.148
KH.L144.16	KY21.Chr1.150
KH.C1.816	KY21.Chr1.151
KH.C1.512	KY21.Chr1.152
KH.C1.1064	KY21.Chr1.155
KH.C1.1094	KY21.Chr1.156
KH.C1.421	KY21.Chr1.157
KH.C1.331	KY21.Chr1.158
KH.C1.1000	KY21.Chr1.159
KH.C1.666	KY21.Chr1.160
KH.C1.588	KY21.Chr1.161
KH.C1.922	KY21.Chr1.162
KH.C1.193	KY21.Chr1.163
KH.C1.10	KY21.Chr1.164
KH.C1.487	KY21.Chr1.165
KH.C1.927	KY21.Chr1.168
KH.C1.376	KY21.Chr1.169
KH.C1.912	KY21.Chr1.171
KH.C1.539	KY21.Chr1.172
KH.C1.584	KY21.Chr1.173
KH.C1.352	KY21.Chr1.174
KH.C1.245	KY21.Chr1.175
KH.C1.96	KY21.Chr1.176
KH.C1.359	KY21.Chr1.177
KH.C1.596	KY21.Chr1.178
KH.C1.866	KY21.Chr1.179
KH.C1.858	KY21.Chr1.180
KH.C1.234	KY21.Chr1.181
KH.C1.1155	KY21.Chr1.182
KH.C1.240	KY21.Chr1.183
KH.C1.177	KY21.Chr1.184
KH.C1.326	KY21.Chr1.185
KH.C1.383	KY21.Chr1.186
KH.C1.566	KY21.Chr1.187
KH.C1.404	KY21.Chr1.188
KH.C1.1083	KY21.Chr1.189
KH.C1.1295	KY21.Chr1.190
KH.C1.1067	KY21.Chr1.191
KH.C1.405	KY21.Chr1.192
KH.C1.577	KY21.Chr1.192
KH.C1.842	KY21.Chr1.193
KH.C1.476	KY21.Chr1.194
KH.C1.823	KY21.Chr1.195
KH.C1.355	KY21.Chr1.196
KH.C1.1027	KY21.Chr1.197
KH.C1.970	KY21.Chr1.198
KH.C1.140	KY21.Chr1.199
KH.C1.1062	KY21.Chr1.200
KH.C1.1274	KY21.Chr1.201
KH.C1.928	KY21.Chr1.202
KH.C1.538	KY21.Chr1.203
KH.C1.875	KY21.Chr1.204
KH.C1.1120	KY21.Chr1.205
KH.C1.388	KY21.Chr1.206
KH.C1.195	KY21.Chr1.207
KH.C1.797	KY21.Chr1.208
KH.C1.603	KY21.Chr1.209
KH.C1.483	KY21.Chr1.211
KH.C1.1188	KY21.Chr1.212
KH.C1.1170	KY21.Chr1.213
KH.C1.445	KY21.Chr1.214
KH.C1.98	KY21.Chr1.215
KH.C1.779	KY21.Chr1.216
KH.C1.515	KY21.Chr1.217
KH.C1.414	KY21.Chr1.219
KH.C1.879	KY21.Chr1.220
KH.C1.1287	KY21.Chr1.221
KH.C1.667	KY21.Chr1.222
KH.C1.553	KY21.Chr1.223
KH.C1.470	KY21.Chr1.224
KH.C1.101	KY21.Chr1.225
KH.C1.82	KY21.Chr1.226
KH.C1.246	KY21.Chr1.227
KH.C1.59	KY21.Chr1.228
KH.C1.933	KY21.Chr1.229
KH.C1.983	KY21.Chr1.230
KH.C1.535	KY21.Chr1.233
KH.C1.1221	KY21.Chr1.234
KH.C1.936	KY21.Chr1.235
KH.C1.191	KY21.Chr1.236
KH.C1.68	KY21.Chr1.237
KH.C1.309	KY21.Chr1.238
KH.C1.199	KY21.Chr1.239
KH.C1.991	KY21.Chr1.240
KH.C1.449	KY21.Chr1.241
KH.C1.317	KY21.Chr1.242
KH.C1.1152	KY21.Chr1.244
KH.C1.863	KY21.Chr1.245
KH.C1.1284	KY21.Chr1.246
KH.C1.787	KY21.Chr1.247
KH.C1.677	KY21.Chr1.248
KH.C1.1081	KY21.Chr1.249
KH.C1.63	KY21.Chr1.250
KH.C1.1122	KY21.Chr1.251
KH.C1.1158	KY21.Chr1.252
KH.C1.99	KY21.Chr1.254
KH.C1.1053	KY21.Chr1.255
KH.C1.89	KY21.Chr1.256
KH.C1.633	KY21.Chr1.257
KH.C1.4	KY21.Chr1.258
KH.C1.898	KY21.Chr1.259
KH.C1.628	KY21.Chr1.260
KH.C1.884	KY21.Chr1.261
KH.C1.484	KY21.Chr1.262
KH.C1.574	KY21.Chr1.263
KH.C1.733	KY21.Chr1.264
KH.C1.100	KY21.Chr1.265
KH.C1.1279	KY21.Chr1.266
KH.C1.1268	KY21.Chr1.267
KH.C1.1192	KY21.Chr1.270
KH.C1.187	KY21.Chr1.271
KH.C1.546	KY21.Chr1.272
KH.C1.128	KY21.Chr1.273
KH.C1.1012	KY21.Chr1.274
KH.C1.1109	KY21.Chr1.275
KH.C1.158	KY21.Chr1.276
KH.C1.805	KY21.Chr1.278
KH.C1.749	KY21.Chr1.279
KH.C1.481	KY21.Chr1.280
KH.C1.1014	KY21.Chr1.282
KH.C1.540	KY21.Chr1.283
KH.C1.637	KY21.Chr1.284
KH.C1.867	KY21.Chr1.285
KH.C1.119	KY21.Chr1.286
KH.C1.746	KY21.Chr1.287
KH.C1.220	KY21.Chr1.288
KH.C1.670	KY21.Chr1.289
KH.C1.832	KY21.Chr1.290
KH.C1.1276	KY21.Chr1.291
KH.C1.1157	KY21.Chr1.293
KH.C1.285	KY21.Chr1.294
KH.C1.583	KY21.Chr1.295
KH.C1.1045	KY21.Chr1.296
KH.C1.1275	KY21.Chr1.298
KH.C1.1224	KY21.Chr1.299
KH.C1.146	KY21.Chr1.301
KH.C1.1075	KY21.Chr1.302
KH.C1.913	KY21.Chr1.303
KH.C1.993	KY21.Chr1.304
KH.C1.47	KY21.Chr1.305
KH.C1.1302	KY21.Chr1.306
KH.C1.411	KY21.Chr1.307
KH.C1.124	KY21.Chr1.308
KH.C1.178	KY21.Chr1.309
KH.C1.1270	KY21.Chr1.311
KH.C1.1121	KY21.Chr1.313
KH.C1.147	KY21.Chr1.314
KH.C1.133	KY21.Chr1.317
KH.C1.252	KY21.Chr1.318
KH.C1.999	KY21.Chr1.319
KH.C1.142	KY21.Chr1.322
KH.C1.113	KY21.Chr1.326
KH.C1.1247	KY21.Chr1.328
KH.C1.308	KY21.Chr1.329
KH.C1.5	KY21.Chr1.330
KH.C1.272	KY21.Chr1.331
KH.C1.108	KY21.Chr1.332
KH.C1.563	KY21.Chr1.333
KH.C1.847	KY21.Chr1.334
KH.C1.25	KY21.Chr1.335
KH.C1.855	KY21.Chr1.336
KH.C1.891	KY21.Chr1.337
KH.C1.1028	KY21.Chr1.338
KH.C1.857	KY21.Chr1.339
KH.C1.1255	KY21.Chr1.340
KH.C1.475	KY21.Chr1.341
KH.C1.595	KY21.Chr1.342
KH.C1.1169	KY21.Chr1.345
KH.C1.729	KY21.Chr1.346
KH.C1.880	KY21.Chr1.347
KH.C1.1144	KY21.Chr1.348
KH.C1.1235	KY21.Chr1.349
KH.C1.550	KY21.Chr1.350
KH.C1.1138	KY21.Chr1.351
KH.C1.92	KY21.Chr1.353
KH.C1.48	KY21.Chr1.354
KH.C1.838	KY21.Chr1.356
KH.C1.605	KY21.Chr1.357
KH.C1.80	KY21.Chr1.358
KH.C1.1160	KY21.Chr1.359
KH.C1.597	KY21.Chr1.363
KH.C1.1139	KY21.Chr1.364
KH.C1.399	KY21.Chr1.365
KH.C1.310	KY21.Chr1.366
KH.C1.665	KY21.Chr1.370
KH.C9.761	KY21.Chr1.373
KH.L24.9	KY21.Chr1.374
KH.L24.19	KY21.Chr1.374
KH.L24.4	KY21.Chr1.375
KH.L24.37	KY21.Chr1.377
KH.L24.43	KY21.Chr1.377
KH.L4.7	KY21.Chr1.378
KH.S1235.1	KY21.Chr1.381
KH.L24.26	KY21.Chr1.382
KH.L24.25	KY21.Chr1.383
KH.L24.23	KY21.Chr1.384
KH.L24.34	KY21.Chr1.386
KH.L24.40	KY21.Chr1.387
KH.L24.41	KY21.Chr1.388
KH.L24.11	KY21.Chr1.390
KH.L24.7	KY21.Chr1.394
KH.L24.20	KY21.Chr1.395
KH.L24.38	KY21.Chr1.395
KH.L24.14	KY21.Chr1.396
KH.L24.24	KY21.Chr1.397
KH.L24.33	KY21.Chr1.397
KH.L24.30	KY21.Chr1.398
KH.L24.6	KY21.Chr1.399
KH.L24.8	KY21.Chr1.402
KH.L24.22	KY21.Chr1.403
KH.L24.3	KY21.Chr1.406
KH.L24.17	KY21.Chr1.407
KH.L24.12	KY21.Chr1.408
KH.L24.31	KY21.Chr1.409
KH.L24.13	KY21.Chr1.411
KH.L24.2	KY21.Chr1.416
KH.L24.16	KY21.Chr1.417
KH.L24.35	KY21.Chr1.418
KH.L24.39	KY21.Chr1.419
KH.L24.1	KY21.Chr1.420
KH.L24.10	KY21.Chr1.422
KH.L24.32	KY21.Chr1.423
KH.L24.29	KY21.Chr1.424
KH.L24.28	KY21.Chr1.425
KH.C1.915	KY21.Chr1.426
KH.S597.3	KY21.Chr1.427
KH.S597.4	KY21.Chr1.428
KH.S597.2	KY21.Chr1.429
KH.S597.5	KY21.Chr1.430
KH.S597.1	KY21.Chr1.431
KH.S1217.1	KY21.Chr1.432
KH.C1.1117	KY21.Chr1.433
KH.C1.1065	KY21.Chr1.434
KH.C1.1165	KY21.Chr1.435
KH.C1.635	KY21.Chr1.436
KH.C1.151	KY21.Chr1.437
KH.C1.1035	KY21.Chr1.438
KH.C1.357	KY21.Chr1.439
KH.C1.381	KY21.Chr1.441
KH.C1.33	KY21.Chr1.443
KH.C1.957	KY21.Chr1.444
KH.C1.1228	KY21.Chr1.445
KH.C1.1219	KY21.Chr1.447
KH.C1.265	KY21.Chr1.448
KH.C1.930	KY21.Chr1.449
KH.C1.226	KY21.Chr1.450
KH.C1.237	KY21.Chr1.451
KH.C1.1082	KY21.Chr1.452
KH.C1.149	KY21.Chr1.453
KH.C1.256	KY21.Chr1.454
KH.C1.1103	KY21.Chr1.455
KH.C1.542	KY21.Chr1.456
KH.C1.469	KY21.Chr1.457
KH.C1.724	KY21.Chr1.458
KH.C1.661	KY21.Chr1.459
KH.C1.629	KY21.Chr1.461
KH.C1.489	KY21.Chr1.462
KH.C1.1250	KY21.Chr1.463
KH.C1.486	KY21.Chr1.464
KH.C1.520	KY21.Chr1.465
KH.C1.543	KY21.Chr1.466
KH.C1.1248	KY21.Chr1.467
KH.C1.827	KY21.Chr1.468
KH.C1.379	KY21.Chr1.473
KH.C1.796	KY21.Chr1.474
KH.C1.657	KY21.Chr1.475
KH.C1.773	KY21.Chr1.476
KH.C1.575	KY21.Chr1.477
KH.C1.1091	KY21.Chr1.478
KH.C1.87	KY21.Chr1.479
KH.C1.162	KY21.Chr1.480
KH.C1.888	KY21.Chr1.481
KH.C1.548	KY21.Chr1.482
KH.C1.126	KY21.Chr1.483
KH.C1.865	KY21.Chr1.484
KH.C1.426	KY21.Chr1.485
KH.C1.1104	KY21.Chr1.487
KH.C1.424	KY21.Chr1.488
KH.C1.529	KY21.Chr1.489
KH.C1.844	KY21.Chr1.491
KH.C1.626	KY21.Chr1.492
KH.C1.1191	KY21.Chr1.493
KH.L12.5	KY21.Chr1.494
KH.L12.4	KY21.Chr1.495
KH.L12.2	KY21.Chr1.496
KH.L12.1	KY21.Chr1.497
KH.L12.3	KY21.Chr1.498
KH.C1.567	KY21.Chr1.499
KH.C1.921	KY21.Chr1.500
KH.C1.911	KY21.Chr1.501
KH.C1.843	KY21.Chr1.502
KH.C1.185	KY21.Chr1.503
KH.C1.218	KY21.Chr1.504
KH.C1.850	KY21.Chr1.505
KH.C1.494	KY21.Chr1.506
KH.C1.700	KY21.Chr1.507
KH.C1.590	KY21.Chr1.508
KH.C1.763	KY21.Chr1.509
KH.C1.554	KY21.Chr1.510
KH.C1.961	KY21.Chr1.511
KH.C1.868	KY21.Chr1.512
KH.C1.1132	KY21.Chr1.513
KH.C1.1146	KY21.Chr1.514
KH.C1.812	KY21.Chr1.515
KH.C1.955	KY21.Chr1.516
KH.C1.277	KY21.Chr1.518
KH.C1.901	KY21.Chr1.519
KH.C1.719	KY21.Chr1.520
KH.C1.893	KY21.Chr1.521
KH.C1.640	KY21.Chr1.522
KH.C1.1072	KY21.Chr1.524
KH.C1.820	KY21.Chr1.525
KH.C1.620	KY21.Chr1.526
KH.C1.412	KY21.Chr1.527
KH.C1.941	KY21.Chr1.529
KH.C1.650	KY21.Chr1.530
KH.C1.86	KY21.Chr1.531
KH.C1.1151	KY21.Chr1.533
KH.C1.296	KY21.Chr1.534
KH.C1.400	KY21.Chr1.536
KH.C1.1041	KY21.Chr1.537
KH.C1.1004	KY21.Chr1.539
KH.C1.324	KY21.Chr1.543
KH.C1.205	KY21.Chr1.545
KH.C1.845	KY21.Chr1.546
KH.C1.1002	KY21.Chr1.548
KH.C1.21	KY21.Chr1.553
KH.C1.604	KY21.Chr1.555
KH.C1.219	KY21.Chr1.557
KH.C1.415	KY21.Chr1.558
KH.C1.534	KY21.Chr1.559
KH.C1.115	KY21.Chr1.560
KH.C1.837	KY21.Chr1.561
KH.C1.751	KY21.Chr1.562
KH.C1.1125	KY21.Chr1.563
KH.C1.267	KY21.Chr1.564
KH.C1.968	KY21.Chr1.565
KH.C1.118	KY21.Chr1.566
KH.C8.248	KY21.Chr1.567
KH.C8.342	KY21.Chr1.568
KH.C8.541	KY21.Chr1.569
KH.C1.678	KY21.Chr1.576
KH.C1.1222	KY21.Chr1.577
KH.C1.67	KY21.Chr1.578
KH.C1.682	KY21.Chr1.579
KH.C1.1061	KY21.Chr1.580
KH.C1.676	KY21.Chr1.581
KH.C1.740	KY21.Chr1.582
KH.C1.1105	KY21.Chr1.583
KH.C1.555	KY21.Chr1.584
KH.C1.949	KY21.Chr1.585
KH.C1.1080	KY21.Chr1.586
KH.C1.872	KY21.Chr1.587
KH.C1.510	KY21.Chr1.588
KH.C1.1252	KY21.Chr1.589
KH.C1.446	KY21.Chr1.590
KH.C1.356	KY21.Chr1.591
KH.C1.1298	KY21.Chr1.593
KH.C1.923	KY21.Chr1.594
KH.C1.1251	KY21.Chr1.595
KH.C1.834	KY21.Chr1.596
KH.C1.425	KY21.Chr1.597
KH.C1.1230	KY21.Chr1.598
KH.C1.17	KY21.Chr1.599
KH.C1.1068	KY21.Chr1.600
KH.C1.306	KY21.Chr1.601
KH.C1.792	KY21.Chr1.602
KH.C1.934	KY21.Chr1.603
KH.C1.954	KY21.Chr1.605
KH.C1.925	KY21.Chr1.606
KH.C1.1	KY21.Chr1.607
KH.C1.81	KY21.Chr1.608
KH.C1.531	KY21.Chr1.609
KH.C1.621	KY21.Chr1.610
KH.C1.51	KY21.Chr1.611
KH.C1.156	KY21.Chr1.612
KH.C1.1182	KY21.Chr1.613
KH.C1.695	KY21.Chr1.614
KH.C1.1036	KY21.Chr1.615
KH.C1.953	KY21.Chr1.616
KH.C1.93	KY21.Chr1.617
KH.C1.755	KY21.Chr1.618
KH.C1.264	KY21.Chr1.619
KH.C1.906	KY21.Chr1.620
KH.C1.859	KY21.Chr1.621
KH.C1.143	KY21.Chr1.622
KH.C1.511	KY21.Chr1.623
KH.C1.284	KY21.Chr1.625
KH.C1.783	KY21.Chr1.626
KH.C1.513	KY21.Chr1.627
KH.C1.368	KY21.Chr1.628
KH.C1.1176	KY21.Chr1.629
KH.C1.1085	KY21.Chr1.630
KH.C1.71	KY21.Chr1.631
KH.C1.152	KY21.Chr1.632
KH.C1.300	KY21.Chr1.634
KH.C1.673	KY21.Chr1.636
KH.C1.817	KY21.Chr1.641
KH.C1.732	KY21.Chr1.644
KH.C1.1269	KY21.Chr1.645
KH.C1.1135	KY21.Chr1.647
KH.C1.1049	KY21.Chr1.649
KH.C1.282	KY21.Chr1.650
KH.S1827.1	KY21.Chr1.651
KH.C1.625	KY21.Chr1.654
KH.C1.680	KY21.Chr1.655
KH.C1.141	KY21.Chr1.656
KH.C1.557	KY21.Chr1.657
KH.C1.735	KY21.Chr1.657
KH.C14.71	KY21.Chr1.657
KH.C1.1024	KY21.Chr1.658
KH.C1.1118	KY21.Chr1.659
KH.C1.1171	KY21.Chr1.660
KH.C1.167	KY21.Chr1.661
KH.C1.198	KY21.Chr1.662
KH.C1.696	KY21.Chr1.663
KH.C1.429	KY21.Chr1.664
KH.C1.95	KY21.Chr1.666
KH.C1.658	KY21.Chr1.667
KH.C1.450	KY21.Chr1.668
KH.C1.492	KY21.Chr1.669
KH.C1.730	KY21.Chr1.670
KH.S986.1	KY21.Chr1.670
KH.C1.598	KY21.Chr1.672
KH.C1.691	KY21.Chr1.673
KH.C1.736	KY21.Chr1.674
KH.C1.373	KY21.Chr1.675
KH.C1.190	KY21.Chr1.676
KH.S2225.1	KY21.Chr1.676
KH.C1.186	KY21.Chr1.677
KH.C1.1033	KY21.Chr1.678
KH.C1.387	KY21.Chr1.679
KH.C1.737	KY21.Chr1.680
KH.C1.1010	KY21.Chr1.681
KH.C1.374	KY21.Chr1.683
KH.C1.818	KY21.Chr1.684
KH.C1.304	KY21.Chr1.689
KH.C1.313	KY21.Chr1.689
KH.L26.1	KY21.Chr1.691
KH.L26.2	KY21.Chr1.691
KH.S432.2	KY21.Chr1.692
KH.S432.4	KY21.Chr1.694
KH.S432.5	KY21.Chr1.695
KH.C1.717	KY21.Chr1.697
KH.C1.88	KY21.Chr1.699
KH.C1.943	KY21.Chr1.700
KH.C1.157	KY21.Chr1.701
KH.C1.649	KY21.Chr1.702
KH.C1.998	KY21.Chr1.703
KH.C1.1185	KY21.Chr1.704
KH.C1.14	KY21.Chr1.705
KH.C1.1299	KY21.Chr1.706
KH.C1.463	KY21.Chr1.707
KH.C1.8	KY21.Chr1.708
KH.C1.802	KY21.Chr1.709
KH.C1.617	KY21.Chr1.710
KH.C1.145	KY21.Chr1.715
KH.C1.382	KY21.Chr1.716
KH.C1.77	KY21.Chr1.717
KH.C1.527	KY21.Chr1.718
KH.C1.276	KY21.Chr1.719
KH.C1.994	KY21.Chr1.720
KH.C1.91	KY21.Chr1.722
KH.C1.1124	KY21.Chr1.723
KH.C1.870	KY21.Chr1.725
KH.C1.591	KY21.Chr1.726
KH.C1.471	KY21.Chr1.727
KH.C1.278	KY21.Chr1.728
KH.C1.1115	KY21.Chr1.729
KH.C1.648	KY21.Chr1.733
KH.C1.431	KY21.Chr1.734
KH.C1.1131	KY21.Chr1.735
KH.C1.1013	KY21.Chr1.736
KH.C1.392	KY21.Chr1.737
KH.C1.1249	KY21.Chr1.738
KH.C1.502	KY21.Chr1.739
KH.C1.134	KY21.Chr1.741
KH.C1.767	KY21.Chr1.742
KH.C1.908	KY21.Chr1.743
KH.C1.348	KY21.Chr1.744
KH.C1.905	KY21.Chr1.745
KH.C1.1108	KY21.Chr1.746
KH.C1.466	KY21.Chr1.747
KH.C1.104	KY21.Chr1.748
KH.C1.564	KY21.Chr1.751
KH.C1.514	KY21.Chr1.752
KH.C1.168	KY21.Chr1.753
KH.C1.1242	KY21.Chr1.754
KH.C1.66	KY21.Chr1.755
KH.C1.1040	KY21.Chr1.756
KH.C1.519	KY21.Chr1.757
KH.C1.871	KY21.Chr1.758
KH.C1.341	KY21.Chr1.759
KH.S999.3	KY21.Chr1.760
KH.S999.2	KY21.Chr1.761
KH.S999.1	KY21.Chr1.763
KH.S999.4	KY21.Chr1.764
KH.C1.971	KY21.Chr1.766
KH.C1.434	KY21.Chr1.768
KH.C1.97	KY21.Chr1.769
KH.C1.627	KY21.Chr1.770
KH.C1.1288	KY21.Chr1.771
KH.C1.1030	KY21.Chr1.772
KH.C1.1140	KY21.Chr1.773
KH.C1.1032	KY21.Chr1.774
KH.C1.532	KY21.Chr1.775
KH.C1.307	KY21.Chr1.776
KH.C1.1198	KY21.Chr1.777
KH.C1.397	KY21.Chr1.778
KH.C1.196	KY21.Chr1.779
KH.C1.1159	KY21.Chr1.780
KH.L101.10	KY21.Chr1.780
KH.C1.910	KY21.Chr1.781
KH.C1.824	KY21.Chr1.782
KH.C1.498	KY21.Chr1.783
KH.C1.389	KY21.Chr1.784
KH.S842.2	KY21.Chr1.785
KH.C1.1056	KY21.Chr1.787
KH.C1.131	KY21.Chr1.788
KH.C1.367	KY21.Chr1.789
KH.C1.725	KY21.Chr1.790
KH.C1.11	KY21.Chr1.791
KH.C1.508	KY21.Chr1.794
KH.S1740.2	KY21.Chr1.802
KH.S1202.1	KY21.Chr1.803
KH.S1740.1	KY21.Chr1.803
KH.S688.3	KY21.Chr1.805
KH.S688.1	KY21.Chr1.806
KH.S688.2	KY21.Chr1.807
KH.S688.4	KY21.Chr1.808
KH.S768.2	KY21.Chr1.809
KH.S575.1	KY21.Chr1.812
KH.S575.2	KY21.Chr1.814
KH.L146.2	KY21.Chr1.820
KH.L146.1	KY21.Chr1.821
KH.S1288.1	KY21.Chr1.828
KH.L146.3	KY21.Chr1.829
KH.S1288.2	KY21.Chr1.829
KH.L146.6	KY21.Chr1.830
KH.L146.4	KY21.Chr1.833
KH.L146.5	KY21.Chr1.834
KH.L171.13	KY21.Chr1.838
KH.L171.10	KY21.Chr1.839
KH.L171.24	KY21.Chr1.840
KH.L171.16	KY21.Chr1.841
KH.L171.23	KY21.Chr1.842
KH.L171.11	KY21.Chr1.843
KH.S1064.1	KY21.Chr1.846
KH.L171.14	KY21.Chr1.848
KH.L171.7	KY21.Chr1.849
KH.L171.17	KY21.Chr1.850
KH.L171.6	KY21.Chr1.851
KH.L171.15	KY21.Chr1.852
KH.L171.19	KY21.Chr1.854
KH.L171.4	KY21.Chr1.855
KH.L171.22	KY21.Chr1.856
KH.L171.1	KY21.Chr1.857
KH.L171.5	KY21.Chr1.859
KH.L171.18	KY21.Chr1.861
KH.L171.3	KY21.Chr1.862
KH.S610.1	KY21.Chr1.863
KH.S610.5	KY21.Chr1.865
KH.S610.4	KY21.Chr1.866
KH.S610.3	KY21.Chr1.868
KH.S610.6	KY21.Chr1.870
KH.S610.2	KY21.Chr1.871
KH.S702.3	KY21.Chr1.874
KH.S702.2	KY21.Chr1.875
KH.S702.1	KY21.Chr1.876
KH.S1524.1	KY21.Chr1.878
KH.S861.2	KY21.Chr1.879
KH.S861.3	KY21.Chr1.880
KH.S861.1	KY21.Chr1.881
KH.S389.2	KY21.Chr1.882
KH.S389.10	KY21.Chr1.883
KH.S389.5	KY21.Chr1.884
KH.S389.3	KY21.Chr1.885
KH.S389.4	KY21.Chr1.886
KH.S389.8	KY21.Chr1.887
KH.S389.6	KY21.Chr1.888
KH.S389.1	KY21.Chr1.889
KH.S389.9	KY21.Chr1.890
KH.L34.9	KY21.Chr1.891
KH.L34.22	KY21.Chr1.892
KH.L34.21	KY21.Chr1.893
KH.S1129.2	KY21.Chr1.895
KH.L34.3	KY21.Chr1.898
KH.S1129.1	KY21.Chr1.898
KH.L34.24	KY21.Chr1.899
KH.L34.13	KY21.Chr1.900
KH.L34.4	KY21.Chr1.901
KH.L34.16	KY21.Chr1.905
KH.L34.17	KY21.Chr1.906
KH.L34.19	KY21.Chr1.907
KH.L34.5	KY21.Chr1.908
KH.L34.25	KY21.Chr1.909
KH.L34.28	KY21.Chr1.910
KH.L34.23	KY21.Chr1.911
KH.L34.11	KY21.Chr1.912
KH.L34.2	KY21.Chr1.913
KH.L34.6	KY21.Chr1.914
KH.L34.14	KY21.Chr1.915
KH.L34.8	KY21.Chr1.916
KH.L34.12	KY21.Chr1.918
KH.L34.27	KY21.Chr1.920
KH.L34.1	KY21.Chr1.921
KH.L34.18	KY21.Chr1.922
KH.L34.20	KY21.Chr1.923
KH.L34.7	KY21.Chr1.924
KH.L34.29	KY21.Chr1.925
KH.L119.4	KY21.Chr1.934
KH.L119.3	KY21.Chr1.935
KH.L119.9	KY21.Chr1.936
KH.L119.19	KY21.Chr1.937
KH.L119.18	KY21.Chr1.938
KH.L119.31	KY21.Chr1.939
KH.S665.4	KY21.Chr1.940
KH.S665.1	KY21.Chr1.941
KH.S665.2	KY21.Chr1.946
KH.S665.5	KY21.Chr1.947
KH.S665.3	KY21.Chr1.948
KH.S665.6	KY21.Chr1.949
KH.L119.24	KY21.Chr1.950
KH.L119.11	KY21.Chr1.951
KH.L119.32	KY21.Chr1.952
KH.L119.17	KY21.Chr1.954
KH.L119.5	KY21.Chr1.955
KH.L119.16	KY21.Chr1.956
KH.L119.2	KY21.Chr1.957
KH.L119.7	KY21.Chr1.958
KH.L119.1	KY21.Chr1.959
KH.L119.25	KY21.Chr1.960
KH.L119.12	KY21.Chr1.961
KH.L119.8	KY21.Chr1.963
KH.L119.10	KY21.Chr1.964
KH.L119.6	KY21.Chr1.965
KH.L119.14	KY21.Chr1.966
KH.L119.20	KY21.Chr1.967
KH.L119.23	KY21.Chr1.968
KH.L119.33	KY21.Chr1.970
KH.L119.34	KY21.Chr1.971
KH.L119.13	KY21.Chr1.972
KH.L119.29	KY21.Chr1.973
KH.L119.26	KY21.Chr1.976
KH.L119.21	KY21.Chr1.977
KH.L119.22	KY21.Chr1.977
KH.L119.27	KY21.Chr1.978
KH.L119.15	KY21.Chr1.980
KH.L119.28	KY21.Chr1.981
KH.C1.1267	KY21.Chr1.982
KH.C1.1237	KY21.Chr1.983
KH.C1.1142	KY21.Chr1.985
KH.C1.90	KY21.Chr1.987
KH.C1.1175	KY21.Chr1.988
KH.S1525.1	KY21.Chr1.988
KH.C1.448	KY21.Chr1.989
KH.C1.864	KY21.Chr1.990
KH.C1.1021	KY21.Chr1.991
KH.C1.1047	KY21.Chr1.992
KH.C1.123	KY21.Chr1.993
KH.C1.170	KY21.Chr1.994
KH.C1.1044	KY21.Chr1.995
KH.C1.85	KY21.Chr1.996
KH.C1.1239	KY21.Chr1.997
KH.S1371.2	KY21.Chr1.998
KH.L129.10	KY21.Chr1.999
KH.C1.544	KY21.Chr1.1000
KH.C1.325	KY21.Chr1.1001
KH.C1.1086	KY21.Chr1.1002
KH.C1.289	KY21.Chr1.1004
KH.C1.814	KY21.Chr1.1005
KH.C1.1187	KY21.Chr1.1006
KH.C1.938	KY21.Chr1.1008
KH.C1.634	KY21.Chr1.1009
KH.C1.1134	KY21.Chr1.1010
KH.C1.726	KY21.Chr1.1011
KH.C1.247	KY21.Chr1.1012
KH.C1.478	KY21.Chr1.1013
KH.C1.1292	KY21.Chr1.1014
KH.C1.703	KY21.Chr1.1015
KH.C1.6	KY21.Chr1.1016
KH.S1826.2	KY21.Chr1.1017
KH.S1826.1	KY21.Chr1.1018
KH.C1.708	KY21.Chr1.1019
KH.C1.192	KY21.Chr1.1020
KH.C1.668	KY21.Chr1.1021
KH.C1.109	KY21.Chr1.1022
KH.C1.672	KY21.Chr1.1023
KH.C1.1054	KY21.Chr1.1024
KH.C1.1193	KY21.Chr1.1025
KH.C1.393	KY21.Chr1.1026
KH.C1.612	KY21.Chr1.1027
KH.C1.929	KY21.Chr1.1028
KH.C1.1213	KY21.Chr1.1029
KH.C1.1209	KY21.Chr1.1030
KH.C1.854	KY21.Chr1.1031
KH.C1.587	KY21.Chr1.1032
KH.C1.1196	KY21.Chr1.1033
KH.C1.334	KY21.Chr1.1035
KH.C1.340	KY21.Chr1.1037
KH.C1.602	KY21.Chr1.1038
KH.C1.417	KY21.Chr1.1040
KH.C1.967	KY21.Chr1.1041
KH.C1.358	KY21.Chr1.1042
KH.C1.766	KY21.Chr1.1043
KH.C1.224	KY21.Chr1.1044
KH.C1.1084	KY21.Chr1.1045
KH.C1.75	KY21.Chr1.1046
KH.C1.692	KY21.Chr1.1047
KH.C1.552	KY21.Chr1.1048
KH.C1.887	KY21.Chr1.1049
KH.C1.902	KY21.Chr1.1050
KH.C1.710	KY21.Chr1.1051
KH.C1.117	KY21.Chr1.1052
KH.C1.39	KY21.Chr1.1054
KH.C1.202	KY21.Chr1.1055
KH.C1.1278	KY21.Chr1.1056
KH.C1.699	KY21.Chr1.1057
KH.C1.488	KY21.Chr1.1058
KH.C1.956	KY21.Chr1.1059
KH.C1.1145	KY21.Chr1.1060
KH.C1.363	KY21.Chr1.1061
KH.C1.883	KY21.Chr1.1062
KH.C1.1016	KY21.Chr1.1063
KH.C1.856	KY21.Chr1.1064
KH.C1.662	KY21.Chr1.1065
KH.C1.288	KY21.Chr1.1066
KH.C1.225	KY21.Chr1.1067
KH.C1.1272	KY21.Chr1.1068
KH.S1927.1	KY21.Chr1.1071
KH.L123.1	KY21.Chr1.1072
KH.L123.3	KY21.Chr1.1073
KH.L123.4	KY21.Chr1.1074
KH.L123.7	KY21.Chr1.1075
KH.L123.2	KY21.Chr1.1076
KH.L123.6	KY21.Chr1.1077
KH.L123.8	KY21.Chr1.1078
KH.L84.33	KY21.Chr1.1080
KH.L84.22	KY21.Chr1.1081
KH.S1557.1	KY21.Chr1.1082
KH.L84.8	KY21.Chr1.1085
KH.L84.10	KY21.Chr1.1086
KH.L84.26	KY21.Chr1.1087
KH.L84.15	KY21.Chr1.1088
KH.L84.27	KY21.Chr1.1089
KH.L84.32	KY21.Chr1.1090
KH.L84.16	KY21.Chr1.1091
KH.L84.20	KY21.Chr1.1092
KH.L84.2	KY21.Chr1.1093
KH.L84.31	KY21.Chr1.1095
KH.L84.6	KY21.Chr1.1096
KH.L84.4	KY21.Chr1.1097
KH.L84.29	KY21.Chr1.1098
KH.L84.14	KY21.Chr1.1099
KH.L84.19	KY21.Chr1.1100
KH.L84.3	KY21.Chr1.1101
KH.L84.5	KY21.Chr1.1102
KH.L84.25	KY21.Chr1.1103
KH.L84.18	KY21.Chr1.1104
KH.L84.1	KY21.Chr1.1105
KH.S1906.2	KY21.Chr1.1106
KH.S1906.1	KY21.Chr1.1107
KH.L84.30	KY21.Chr1.1108
KH.L84.21	KY21.Chr1.1109
KH.L84.24	KY21.Chr1.1110
KH.L84.28	KY21.Chr1.1111
KH.L84.23	KY21.Chr1.1112
KH.L84.11	KY21.Chr1.1114
KH.L84.13	KY21.Chr1.1115
KH.L84.9	KY21.Chr1.1116
KH.L84.12	KY21.Chr1.1116
KH.L84.7	KY21.Chr1.1117
KH.S714.4	KY21.Chr1.1117
KH.S714.6	KY21.Chr1.1118
KH.S714.2	KY21.Chr1.1119
KH.S714.5	KY21.Chr1.1120
KH.S714.1	KY21.Chr1.1121
KH.S714.3	KY21.Chr1.1122
KH.S1184.2	KY21.Chr1.1124
KH.L61.2	KY21.Chr1.1126
KH.L61.1	KY21.Chr1.1128
KH.L61.14	KY21.Chr1.1130
KH.L61.15	KY21.Chr1.1131
KH.L61.4	KY21.Chr1.1132
KH.L61.10	KY21.Chr1.1133
KH.L61.12	KY21.Chr1.1134
KH.L61.16	KY21.Chr1.1135
KH.L61.9	KY21.Chr1.1136
KH.L61.8	KY21.Chr1.1137
KH.L61.11	KY21.Chr1.1138
KH.L61.5	KY21.Chr1.1139
KH.L61.13	KY21.Chr1.1140
KH.L61.3	KY21.Chr1.1141
KH.L61.17	KY21.Chr1.1142
KH.C1.1130	KY21.Chr1.1144
KH.C1.1015	KY21.Chr1.1145
KH.C1.807	KY21.Chr1.1146
KH.C1.386	KY21.Chr1.1147
KH.C1.1057	KY21.Chr1.1148
KH.C1.427	KY21.Chr1.1149
KH.C1.336	KY21.Chr1.1150
KH.C1.281	KY21.Chr1.1151
KH.C1.833	KY21.Chr1.1152
KH.C1.439	KY21.Chr1.1153
KH.C1.372	KY21.Chr1.1154
KH.C1.505	KY21.Chr1.1156
KH.C1.862	KY21.Chr1.1157
KH.C1.390	KY21.Chr1.1158
KH.C1.761	KY21.Chr1.1159
KH.C1.1205	KY21.Chr1.1160
KH.C1.992	KY21.Chr1.1161
KH.C1.741	KY21.Chr1.1162
KH.C1.398	KY21.Chr1.1163
KH.C1.569	KY21.Chr1.1164
KH.C1.302	KY21.Chr1.1165
KH.C1.848	KY21.Chr1.1166
KH.C1.1234	KY21.Chr1.1167
KH.C1.982	KY21.Chr1.1168
KH.C1.1133	KY21.Chr1.1169
KH.C1.1217	KY21.Chr1.1170
KH.C1.774	KY21.Chr1.1171
KH.C1.1008	KY21.Chr1.1172
KH.C1.1059	KY21.Chr1.1173
KH.C1.1095	KY21.Chr1.1174
KH.C1.328	KY21.Chr1.1175
KH.C1.35	KY21.Chr1.1176
KH.C1.7	KY21.Chr1.1177
KH.C1.37	KY21.Chr1.1179
KH.L37.45	KY21.Chr1.1179
KH.C1.643	KY21.Chr1.1180
KH.C1.756	KY21.Chr1.1181
KH.C1.931	KY21.Chr1.1187
KH.C1.353	KY21.Chr1.1189
KH.C1.652	KY21.Chr1.1190
KH.C1.686	KY21.Chr1.1191
KH.C1.274	KY21.Chr1.1192
KH.C1.707	KY21.Chr1.1193
KH.C1.3	KY21.Chr1.1194
KH.C1.102	KY21.Chr1.1198
KH.C1.711	KY21.Chr1.1199
KH.C1.1184	KY21.Chr1.1200
KH.C1.1058	KY21.Chr1.1201
KH.C1.1110	KY21.Chr1.1202
KH.C1.125	KY21.Chr1.1203
KH.C1.295	KY21.Chr1.1204
KH.C1.316	KY21.Chr1.1205
KH.C1.175	KY21.Chr1.1206
KH.C1.638	KY21.Chr1.1207
KH.C1.467	KY21.Chr1.1208
KH.C1.53	KY21.Chr1.1209
KH.C1.342	KY21.Chr1.1210
KH.C1.1265	KY21.Chr1.1211
KH.C1.447	KY21.Chr1.1212
KH.C1.244	KY21.Chr1.1213
KH.C1.24	KY21.Chr1.1214
KH.S655.2	KY21.Chr1.1215
KH.S655.3	KY21.Chr1.1218
KH.S655.4	KY21.Chr1.1219
KH.C1.365	KY21.Chr1.1220
KH.C1.409	KY21.Chr1.1226
KH.C1.1280	KY21.Chr1.1227
KH.C1.200	KY21.Chr1.1228
KH.C1.1244	KY21.Chr1.1229
KH.C1.506	KY21.Chr1.1230
KH.C1.1232	KY21.Chr1.1231
KH.C1.675	KY21.Chr1.1232
KH.C1.1236	KY21.Chr1.1233
KH.C1.12	KY21.Chr1.1234
KH.C1.362	KY21.Chr1.1235
KH.C1.194	KY21.Chr1.1236
KH.C1.339	KY21.Chr1.1237
KH.C1.685	KY21.Chr1.1238
KH.C1.1076	KY21.Chr1.1239
KH.C1.179	KY21.Chr1.1241
KH.S1821.1	KY21.Chr1.1241
KH.C1.380	KY21.Chr1.1242
KH.C1.808	KY21.Chr1.1243
KH.C1.731	KY21.Chr1.1244
KH.C1.54	KY21.Chr1.1245
KH.C1.418	KY21.Chr1.1246
KH.C1.154	KY21.Chr1.1247
KH.C1.13	KY21.Chr1.1248
KH.C1.1060	KY21.Chr1.1249
KH.C1.651	KY21.Chr1.1250
KH.C1.571	KY21.Chr1.1251
KH.C1.794	KY21.Chr1.1252
KH.C1.319	KY21.Chr1.1255
KH.C1.1211	KY21.Chr1.1257
KH.C1.271	KY21.Chr1.1260
KH.C1.1129	KY21.Chr1.1262
KH.C1.775	KY21.Chr1.1263
KH.C1.586	KY21.Chr1.1264
KH.C1.499	KY21.Chr1.1266
KH.C1.829	KY21.Chr1.1268
KH.C1.229	KY21.Chr1.1270
KH.C1.330	KY21.Chr1.1271
KH.C1.784	KY21.Chr1.1273
KH.C1.407	KY21.Chr1.1275
KH.C1.904	KY21.Chr1.1276
KH.C1.76	KY21.Chr1.1277
KH.C1.926	KY21.Chr1.1278
KH.C1.1063	KY21.Chr1.1279
KH.C1.31	KY21.Chr1.1283
KH.C1.428	KY21.Chr1.1286
KH.C1.1231	KY21.Chr1.1287
KH.C1.491	KY21.Chr1.1288
KH.C1.385	KY21.Chr1.1289
KH.C1.209	KY21.Chr1.1290
KH.C1.694	KY21.Chr1.1291
KH.C1.364	KY21.Chr1.1292
KH.C1.978	KY21.Chr1.1293
KH.C1.932	KY21.Chr1.1295
KH.C1.1172	KY21.Chr1.1296
KH.C1.212	KY21.Chr1.1297
KH.C1.279	KY21.Chr1.1298
KH.C1.1178	KY21.Chr1.1300
KH.C1.413	KY21.Chr1.1301
KH.C1.480	KY21.Chr1.1302
KH.C1.822	KY21.Chr1.1303
KH.C1.197	KY21.Chr1.1304
KH.C1.721	KY21.Chr1.1306
KH.C1.762	KY21.Chr1.1307
KH.C1.1031	KY21.Chr1.1308
KH.C1.679	KY21.Chr1.1309
KH.C1.861	KY21.Chr1.1310
KH.C1.236	KY21.Chr1.1311
KH.C1.768	KY21.Chr1.1312
KH.C1.253	KY21.Chr1.1313
KH.C1.456	KY21.Chr1.1314
KH.C1.565	KY21.Chr1.1315
KH.C1.976	KY21.Chr1.1316
KH.C1.248	KY21.Chr1.1319
KH.C1.153	KY21.Chr1.1320
KH.C1.614	KY21.Chr1.1322
KH.C1.718	KY21.Chr1.1324
KH.C1.16	KY21.Chr1.1325
KH.C1.849	KY21.Chr1.1326
KH.C1.350	KY21.Chr1.1329
KH.C1.1007	KY21.Chr1.1330
KH.C1.70	KY21.Chr1.1332
KH.C1.882	KY21.Chr1.1333
KH.C1.815	KY21.Chr1.1334
KH.C1.521	KY21.Chr1.1335
KH.C1.116	KY21.Chr1.1336
KH.C1.727	KY21.Chr1.1337
KH.C1.504	KY21.Chr1.1338
KH.C1.1073	KY21.Chr1.1339
KH.C1.293	KY21.Chr1.1340
KH.C1.1273	KY21.Chr1.1341
KH.C1.1079	KY21.Chr1.1342
KH.C1.1148	KY21.Chr1.1344
KH.C1.892	KY21.Chr1.1345
KH.C1.545	KY21.Chr1.1346
KH.C1.459	KY21.Chr1.1347
KH.C1.410	KY21.Chr1.1349
KH.C1.433	KY21.Chr1.1350
KH.C1.1043	KY21.Chr1.1351
KH.C1.579	KY21.Chr1.1353
KH.C1.391	KY21.Chr1.1354
KH.C1.551	KY21.Chr1.1356
KH.C1.135	KY21.Chr1.1358
KH.C1.647	KY21.Chr1.1359
KH.C1.653	KY21.Chr1.1360
KH.C1.644	KY21.Chr1.1361
KH.C1.263	KY21.Chr1.1362
KH.L18.139	KY21.Chr1.1362
KH.L18.35	KY21.Chr1.1363
KH.L18.41	KY21.Chr1.1364
KH.L18.54	KY21.Chr1.1365
KH.L18.68	KY21.Chr1.1366
KH.L18.127	KY21.Chr1.1368
KH.L18.3	KY21.Chr1.1369
KH.L18.142	KY21.Chr1.1371
KH.L18.104	KY21.Chr1.1372
KH.L18.110	KY21.Chr1.1373
KH.L18.42	KY21.Chr1.1374
KH.L18.89	KY21.Chr1.1375
KH.L18.79	KY21.Chr1.1376
KH.L18.39	KY21.Chr1.1378
KH.L18.19	KY21.Chr1.1379
KH.L18.60	KY21.Chr1.1380
KH.L18.140	KY21.Chr1.1381
KH.L18.96	KY21.Chr1.1384
KH.L18.69	KY21.Chr1.1385
KH.L18.86	KY21.Chr1.1386
KH.L18.75	KY21.Chr1.1387
KH.L18.53	KY21.Chr1.1388
KH.L18.37	KY21.Chr1.1389
KH.L18.126	KY21.Chr1.1390
KH.L18.100	KY21.Chr1.1393
KH.L18.80	KY21.Chr1.1394
KH.L18.87	KY21.Chr1.1395
KH.L18.51	KY21.Chr1.1396
KH.L18.2	KY21.Chr1.1397
KH.L18.73	KY21.Chr1.1399
KH.L18.21	KY21.Chr1.1400
KH.L18.15	KY21.Chr1.1401
KH.L18.10	KY21.Chr1.1402
KH.L18.109	KY21.Chr1.1403
KH.L18.121	KY21.Chr1.1403
KH.L18.91	KY21.Chr1.1404
KH.L18.6	KY21.Chr1.1405
KH.L18.114	KY21.Chr1.1406
KH.L18.94	KY21.Chr1.1407
KH.L18.81	KY21.Chr1.1408
KH.L18.97	KY21.Chr1.1409
KH.L18.85	KY21.Chr1.1410
KH.L18.32	KY21.Chr1.1411
KH.L18.82	KY21.Chr1.1412
KH.L18.103	KY21.Chr1.1414
KH.L18.129	KY21.Chr1.1415
KH.L18.124	KY21.Chr1.1416
KH.S1466.1	KY21.Chr1.1416
KH.L18.20	KY21.Chr1.1417
KH.L18.128	KY21.Chr1.1418
KH.L18.132	KY21.Chr1.1418
KH.L18.130	KY21.Chr1.1419
KH.L18.136	KY21.Chr1.1420
KH.L18.46	KY21.Chr1.1421
KH.L18.122	KY21.Chr1.1422
KH.L18.71	KY21.Chr1.1423
KH.L18.43	KY21.Chr1.1424
KH.L18.119	KY21.Chr1.1427
KH.L18.17	KY21.Chr1.1429
KH.L18.118	KY21.Chr1.1430
KH.L18.63	KY21.Chr1.1431
KH.L18.78	KY21.Chr1.1432
KH.L18.11	KY21.Chr1.1433
KH.L18.123	KY21.Chr1.1434
KH.L18.120	KY21.Chr1.1435
KH.L18.61	KY21.Chr1.1436
KH.L18.84	KY21.Chr1.1437
KH.L18.64	KY21.Chr1.1438
KH.L18.137	KY21.Chr1.1439
KH.L18.8	KY21.Chr1.1440
KH.L18.33	KY21.Chr1.1441
KH.L18.117	KY21.Chr1.1442
KH.L18.12	KY21.Chr1.1444
KH.L18.134	KY21.Chr1.1445
KH.L18.22	KY21.Chr1.1446
KH.L18.49	KY21.Chr1.1448
KH.L18.45	KY21.Chr1.1449
KH.L18.9	KY21.Chr1.1450
KH.L18.27	KY21.Chr1.1451
KH.L18.138	KY21.Chr1.1452
KH.L18.111	KY21.Chr1.1453
KH.L18.102	KY21.Chr1.1454
KH.L18.57	KY21.Chr1.1455
KH.L18.50	KY21.Chr1.1457
KH.L18.38	KY21.Chr1.1458
KH.L18.65	KY21.Chr1.1459
KH.L18.113	KY21.Chr1.1460
KH.L18.34	KY21.Chr1.1461
KH.L18.5	KY21.Chr1.1462
KH.L18.29	KY21.Chr1.1463
KH.L18.74	KY21.Chr1.1464
KH.L18.31	KY21.Chr1.1465
KH.L18.55	KY21.Chr1.1466
KH.L18.30	KY21.Chr1.1467
KH.L18.116	KY21.Chr1.1468
KH.L18.92	KY21.Chr1.1469
KH.L18.88	KY21.Chr1.1470
KH.L18.25	KY21.Chr1.1471
KH.L18.1	KY21.Chr1.1472
KH.L18.95	KY21.Chr1.1473
KH.L18.133	KY21.Chr1.1474
KH.L18.4	KY21.Chr1.1475
KH.L18.93	KY21.Chr1.1476
KH.L18.48	KY21.Chr1.1477
KH.L18.131	KY21.Chr1.1478
KH.L18.77	KY21.Chr1.1479
KH.L18.58	KY21.Chr1.1480
KH.L18.47	KY21.Chr1.1481
KH.L18.24	KY21.Chr1.1482
KH.L18.18	KY21.Chr1.1484
KH.L18.90	KY21.Chr1.1485
KH.L18.7	KY21.Chr1.1486
KH.L18.115	KY21.Chr1.1487
KH.L18.16	KY21.Chr1.1488
KH.L18.72	KY21.Chr1.1489
KH.L18.26	KY21.Chr1.1492
KH.L18.40	KY21.Chr1.1497
KH.L18.67	KY21.Chr1.1498
KH.L18.23	KY21.Chr1.1499
KH.L18.135	KY21.Chr1.1500
KH.L18.13	KY21.Chr1.1501
KH.L18.125	KY21.Chr1.1502
KH.L18.76	KY21.Chr1.1503
KH.L18.14	KY21.Chr1.1504
KH.L18.101	KY21.Chr1.1505
KH.L18.56	KY21.Chr1.1506
KH.L18.52	KY21.Chr1.1507
KH.L18.107	KY21.Chr1.1508
KH.L18.70	KY21.Chr1.1509
KH.L18.83	KY21.Chr1.1510
KH.L18.99	KY21.Chr1.1511
KH.L18.105	KY21.Chr1.1512
KH.L18.36	KY21.Chr1.1513
KH.L18.62	KY21.Chr1.1514
KH.L18.106	KY21.Chr1.1515
KH.C1.642	KY21.Chr1.1516
KH.C1.1173	KY21.Chr1.1517
KH.C1.1102	KY21.Chr1.1518
KH.C1.958	KY21.Chr1.1519
KH.C1.1136	KY21.Chr1.1520
KH.C1.985	KY21.Chr1.1521
KH.C1.1019	KY21.Chr1.1522
KH.C1.349	KY21.Chr1.1523
KH.C1.518	KY21.Chr1.1524
KH.C1.1257	KY21.Chr1.1525
KH.C1.173	KY21.Chr1.1526
KH.C1.760	KY21.Chr1.1527
KH.C1.697	KY21.Chr1.1528
KH.C1.211	KY21.Chr1.1529
KH.C1.947	KY21.Chr1.1530
KH.C1.918	KY21.Chr1.1531
KH.C1.250	KY21.Chr1.1532
KH.C1.314	KY21.Chr1.1533
KH.C1.611	KY21.Chr1.1534
KH.C1.1286	KY21.Chr1.1535
KH.C1.599	KY21.Chr1.1536
KH.C1.1271	KY21.Chr1.1538
KH.C1.825	KY21.Chr1.1539
KH.C1.1294	KY21.Chr1.1540
KH.C1.1168	KY21.Chr1.1541
KH.C1.338	KY21.Chr1.1542
KH.C1.214	KY21.Chr1.1543
KH.C1.899	KY21.Chr1.1544
KH.C1.164	KY21.Chr1.1545
KH.C1.804	KY21.Chr1.1546
KH.C1.1046	KY21.Chr1.1549
KH.C1.572	KY21.Chr1.1550
KH.C1.28	KY21.Chr1.1551
KH.C1.169	KY21.Chr1.1552
KH.C1.182	KY21.Chr1.1553
KH.C1.1074	KY21.Chr1.1554
KH.C1.465	KY21.Chr1.1555
KH.C1.1026	KY21.Chr1.1556
KH.C1.45	KY21.Chr1.1559
KH.C1.742	KY21.Chr1.1560
KH.C1.333	KY21.Chr1.1562
KH.C1.986	KY21.Chr1.1563
KH.C1.720	KY21.Chr1.1564
KH.S1592.1	KY21.Chr1.1565
KH.C1.332	KY21.Chr1.1567
KH.C1.618	KY21.Chr1.1569
KH.C1.533	KY21.Chr1.1570
KH.C1.1119	KY21.Chr1.1572
KH.C1.262	KY21.Chr1.1573
KH.C1.258	KY21.Chr1.1574
KH.C1.1154	KY21.Chr1.1575
KH.C1.573	KY21.Chr1.1577
KH.C1.122	KY21.Chr1.1578
KH.C1.1078	KY21.Chr1.1579
KH.C1.1261	KY21.Chr1.1580
KH.C1.419	KY21.Chr1.1581
KH.C1.1297	KY21.Chr1.1583
KH.C1.203	KY21.Chr1.1584
KH.C1.235	KY21.Chr1.1585
KH.C1.136	KY21.Chr1.1587
KH.C1.315	KY21.Chr1.1589
KH.C1.1285	KY21.Chr1.1590
KH.C1.616	KY21.Chr1.1591
KH.C1.127	KY21.Chr1.1592
KH.C1.606	KY21.Chr1.1593
KH.C1.1093	KY21.Chr1.1594
KH.C1.1240	KY21.Chr1.1595
KH.C1.19	KY21.Chr1.1596
KH.C1.174	KY21.Chr1.1597
KH.C1.290	KY21.Chr1.1598
KH.C1.610	KY21.Chr1.1600
KH.C1.406	KY21.Chr1.1602
KH.C1.851	KY21.Chr1.1603
KH.C1.990	KY21.Chr1.1604
KH.C1.712	KY21.Chr1.1605
KH.C1.1017	KY21.Chr1.1606
KH.C1.1141	KY21.Chr1.1607
KH.C1.2	KY21.Chr1.1608
KH.C1.1174	KY21.Chr1.1609
KH.C1.624	KY21.Chr1.1610
KH.C1.1259	KY21.Chr1.1611
KH.C1.1223	KY21.Chr1.1612
KH.C1.966	KY21.Chr1.1613
KH.C1.41	KY21.Chr1.1614
KH.C1.630	KY21.Chr1.1615
KH.C1.877	KY21.Chr1.1616
KH.C1.981	KY21.Chr1.1617
KH.C1.916	KY21.Chr1.1618
KH.C1.436	KY21.Chr1.1619
KH.C1.1126	KY21.Chr1.1620
KH.C1.1003	KY21.Chr1.1621
KH.C1.1101	KY21.Chr1.1622
KH.C1.687	KY21.Chr1.1623
KH.C1.1241	KY21.Chr1.1624
KH.C1.1042	KY21.Chr1.1630
KH.C1.394	KY21.Chr1.1631
KH.C1.371	KY21.Chr1.1632
KH.C1.64	KY21.Chr1.1633
KH.C1.758	KY21.Chr1.1634
KH.C1.960	KY21.Chr1.1636
KH.C1.878	KY21.Chr1.1637
KH.C1.166	KY21.Chr1.1638
KH.C1.836	KY21.Chr1.1639
KH.C1.55	KY21.Chr1.1640
KH.C1.216	KY21.Chr1.1641
KH.C1.1186	KY21.Chr1.1642
KH.C1.20	KY21.Chr1.1644
KH.C1.422	KY21.Chr1.1646
KH.C1.704	KY21.Chr1.1647
KH.C1.49	KY21.Chr1.1648
KH.C1.1150	KY21.Chr1.1648
KH.C1.748	KY21.Chr1.1649
KH.C1.886	KY21.Chr1.1650
KH.C1.111	KY21.Chr1.1651
KH.C1.770	KY21.Chr1.1653
KH.C1.1096	KY21.Chr1.1654
KH.S1051.1	KY21.Chr1.1655
KH.S1051.2	KY21.Chr1.1656
KH.C1.228	KY21.Chr1.1659
KH.C1.840	KY21.Chr1.1660
KH.C1.580	KY21.Chr1.1661
KH.C1.876	KY21.Chr1.1662
KH.C1.920	KY21.Chr1.1663
KH.C1.437	KY21.Chr1.1664
KH.C1.171	KY21.Chr1.1665
KH.C1.645	KY21.Chr1.1666
KH.L66.4	KY21.Chr1.1667
KH.L66.5	KY21.Chr1.1668
KH.L66.3	KY21.Chr1.1669
KH.L66.2	KY21.Chr1.1670
KH.L66.1	KY21.Chr1.1671
KH.C1.416	KY21.Chr1.1672
KH.C1.964	KY21.Chr1.1673
KH.C1.65	KY21.Chr1.1674
KH.C1.1069	KY21.Chr1.1675
KH.C1.896	KY21.Chr1.1676
KH.C1.795	KY21.Chr1.1677
KH.C1.839	KY21.Chr1.1679
KH.C1.972	KY21.Chr1.1680
KH.C1.639	KY21.Chr1.1681
KH.C1.26	KY21.Chr1.1682
KH.C1.1025	KY21.Chr1.1683
KH.C1.255	KY21.Chr1.1684
KH.C1.793	KY21.Chr1.1685
KH.C1.52	KY21.Chr1.1686
KH.C1.810	KY21.Chr1.1687
KH.C1.656	KY21.Chr1.1688
KH.C1.660	KY21.Chr1.1689
KH.C1.161	KY21.Chr1.1690
KH.C1.693	KY21.Chr1.1692
KH.C1.646	KY21.Chr1.1693
KH.C1.537	KY21.Chr1.1694
KH.C1.1051	KY21.Chr1.1695
KH.C1.105	KY21.Chr1.1697
KH.C1.241	KY21.Chr1.1698
KH.C1.1304	KY21.Chr1.1700
KH.C1.1116	KY21.Chr1.1701
KH.C1.688	KY21.Chr1.1702
KH.C1.347	KY21.Chr1.1703
KH.C1.294	KY21.Chr1.1704
KH.C1.495	KY21.Chr1.1705
KH.C1.501	KY21.Chr1.1706
KH.C1.1283	KY21.Chr1.1707
KH.C1.1183	KY21.Chr1.1710
KH.C1.464	KY21.Chr1.1711
KH.C1.1189	KY21.Chr1.1712
KH.C1.1266	KY21.Chr1.1713
KH.C1.40	KY21.Chr1.1714
KH.C1.423	KY21.Chr1.1715
KH.C1.297	KY21.Chr1.1716
KH.S1007.3	KY21.Chr1.1717
KH.S1007.2	KY21.Chr1.1718
KH.S1007.4	KY21.Chr1.1719
KH.S1007.1	KY21.Chr1.1721
KH.C1.1262	KY21.Chr1.1722
KH.C1.251	KY21.Chr1.1723
KH.C1.1207	KY21.Chr1.1724
KH.C1.705	KY21.Chr1.1725
KH.C1.1229	KY21.Chr1.1726
KH.C1.259	KY21.Chr1.1727
KH.C1.776	KY21.Chr1.1728
KH.C1.1055	KY21.Chr1.1729
KH.C1.547	KY21.Chr1.1730
KH.C1.819	KY21.Chr1.1731
KH.C1.1210	KY21.Chr1.1732
KH.C1.420	KY21.Chr1.1733
KH.C1.455	KY21.Chr1.1734
KH.C1.641	KY21.Chr1.1737
KH.C1.106	KY21.Chr1.1739
KH.C1.613	KY21.Chr1.1740
KH.C1.945	KY21.Chr1.1741
KH.C1.987	KY21.Chr1.1742
KH.C1.473	KY21.Chr1.1743
KH.C1.1137	KY21.Chr1.1744
KH.C1.242	KY21.Chr1.1745
KH.C1.570	KY21.Chr1.1745
KH.C1.728	KY21.Chr1.1745
KH.C1.942	KY21.Chr1.1746
KH.C1.321	KY21.Chr1.1747
KH.C1.291	KY21.Chr1.1748
KH.C1.452	KY21.Chr1.1749
KH.C1.874	KY21.Chr1.1749
KH.C1.30	KY21.Chr1.1750
KH.C1.261	KY21.Chr1.1751
KH.C1.1106	KY21.Chr1.1752
KH.C1.1089	KY21.Chr1.1753
KH.C1.217	KY21.Chr1.1754
KH.C1.298	KY21.Chr1.1755
KH.C1.1087	KY21.Chr1.1756
KH.C1.909	KY21.Chr1.1757
KH.C1.107	KY21.Chr1.1758
KH.C1.453	KY21.Chr1.1759
KH.C1.522	KY21.Chr1.1760
KH.C1.1001	KY21.Chr1.1761
KH.C1.74	KY21.Chr1.1762
KH.C1.60	KY21.Chr1.1763
KH.C1.940	KY21.Chr1.1764
KH.C1.351	KY21.Chr1.1766
KH.C1.1206	KY21.Chr1.1767
KH.C1.132	KY21.Chr1.1768
KH.C1.129	KY21.Chr1.1771
KH.C1.432	KY21.Chr1.1772
KH.C1.803	KY21.Chr1.1773
KH.C1.1022	KY21.Chr1.1774
KH.C1.782	KY21.Chr1.1775
KH.C1.541	KY21.Chr1.1777
KH.C1.900	KY21.Chr1.1778
KH.C1.23	KY21.Chr1.1779
KH.C1.1227	KY21.Chr1.1781
KH.C1.138	KY21.Chr1.1782
KH.C1.622	KY21.Chr1.1783
KH.C1.889	KY21.Chr1.1784
KH.C1.1226	KY21.Chr1.1786
KH.C1.1177	KY21.Chr1.1787
KH.C1.600	KY21.Chr1.1788
KH.C1.1009	KY21.Chr1.1789
KH.C1.780	KY21.Chr1.1790
KH.C1.239	KY21.Chr1.1791
KH.C1.435	KY21.Chr1.1792
KH.C1.243	KY21.Chr1.1793
KH.C1.1128	KY21.Chr1.1794
KH.C1.1005	KY21.Chr1.1795
KH.C1.1088	KY21.Chr1.1796
KH.C1.811	KY21.Chr1.1797
KH.C1.669	KY21.Chr1.1798
KH.C1.370	KY21.Chr1.1799
KH.C1.1048	KY21.Chr1.1800
KH.C1.401	KY21.Chr1.1802
KH.C1.1195	KY21.Chr1.1803
KH.C1.460	KY21.Chr1.1805
KH.C1.952	KY21.Chr1.1806
KH.C1.589	KY21.Chr1.1809
KH.C1.201	KY21.Chr1.1812
KH.C1.753	KY21.Chr1.1813
KH.C1.752	KY21.Chr1.1814
KH.C1.702	KY21.Chr1.1815
KH.C1.528	KY21.Chr1.1816
KH.C1.1291	KY21.Chr1.1817
KH.C1.1123	KY21.Chr1.1818
KH.C1.283	KY21.Chr1.1819
KH.C1.1092	KY21.Chr1.1820
KH.C1.144	KY21.Chr1.1821
KH.C1.689	KY21.Chr1.1822
KH.C1.585	KY21.Chr1.1823
KH.C1.458	KY21.Chr1.1824
KH.C1.32	KY21.Chr1.1826
KH.C1.743	KY21.Chr1.1831
KH.C1.1289	KY21.Chr1.1832
KH.C1.772	KY21.Chr1.1833
KH.C1.860	KY21.Chr1.1834
KH.C1.853	KY21.Chr1.1835
KH.C1.378	KY21.Chr1.1836
KH.C1.1179	KY21.Chr1.1838
KH.C1.1233	KY21.Chr1.1839
KH.C1.674	KY21.Chr1.1840
KH.C1.1112	KY21.Chr1.1841
KH.C1.94	KY21.Chr1.1842
KH.C1.396	KY21.Chr1.1844
KH.S164.9	KY21.Chr1.1845
KH.S164.25	KY21.Chr1.1846
KH.S164.3	KY21.Chr1.1847
KH.S164.10	KY21.Chr1.1849
KH.S164.30	KY21.Chr1.1850
KH.S164.5	KY21.Chr1.1851
KH.S164.27	KY21.Chr1.1852
KH.S164.29	KY21.Chr1.1853
KH.S164.14	KY21.Chr1.1854
KH.S164.8	KY21.Chr1.1856
KH.S164.20	KY21.Chr1.1857
KH.S164.2	KY21.Chr1.1858
KH.S164.23	KY21.Chr1.1859
KH.S164.11	KY21.Chr1.1860
KH.S164.31	KY21.Chr1.1862
KH.S164.28	KY21.Chr1.1863
KH.S164.13	KY21.Chr1.1864
KH.S164.18	KY21.Chr1.1865
KH.S164.24	KY21.Chr1.1866
KH.S164.19	KY21.Chr1.1867
KH.S164.1	KY21.Chr1.1869
KH.S164.12	KY21.Chr1.1871
KH.S164.21	KY21.Chr1.1872
KH.S164.15	KY21.Chr1.1874
KH.S164.17	KY21.Chr1.1875
KH.S164.32	KY21.Chr1.1876
KH.S164.26	KY21.Chr1.1878
KH.S164.16	KY21.Chr1.1879
KH.L27.1	KY21.Chr1.1880
KH.S164.7	KY21.Chr1.1880
KH.S164.22	KY21.Chr1.1880
KH.S678.4	KY21.Chr1.1880
KH.C1.238	KY21.Chr1.1885
KH.C1.788	KY21.Chr1.1886
KH.C1.1181	KY21.Chr1.1887
KH.C1.1245	KY21.Chr1.1888
KH.C1.79	KY21.Chr1.1889
KH.C1.778	KY21.Chr1.1890
KH.C1.980	KY21.Chr1.1891
KH.C1.734	KY21.Chr1.1892
KH.C1.975	KY21.Chr1.1893
KH.C1.227	KY21.Chr1.1894
KH.C1.977	KY21.Chr1.1895
KH.C1.950	KY21.Chr1.1896
KH.C1.231	KY21.Chr1.1897
KH.C1.988	KY21.Chr1.1898
KH.C1.222	KY21.Chr1.1899
KH.C1.346	KY21.Chr1.1900
KH.C1.1023	KY21.Chr1.1901
KH.C1.268	KY21.Chr1.1902
KH.C1.213	KY21.Chr1.1903
KH.C1.1143	KY21.Chr1.1905
KH.C1.1254	KY21.Chr1.1910
KH.C1.176	KY21.Chr1.1911
KH.C1.1263	KY21.Chr1.1913
KH.C1.801	KY21.Chr1.1914
KH.C1.1281	KY21.Chr1.1915
KH.C1.1258	KY21.Chr1.1916
KH.C1.852	KY21.Chr1.1917
KH.C1.180	KY21.Chr1.1918
KH.C1.103	KY21.Chr1.1919
KH.C1.58	KY21.Chr1.1920
KH.C1.345	KY21.Chr1.1921
KH.C1.163	KY21.Chr1.1922
KH.C1.500	KY21.Chr1.1924
KH.C1.323	KY21.Chr1.1925
KH.C1.1052	KY21.Chr1.1926
KH.C1.798	KY21.Chr1.1927
KH.C1.558	KY21.Chr1.1928
KH.C1.377	KY21.Chr1.1929
KH.C1.984	KY21.Chr1.1930
KH.C1.744	KY21.Chr1.1931
KH.C1.204	KY21.Chr1.1932
KH.C1.207	KY21.Chr1.1933
KH.C1.303	KY21.Chr1.1934
KH.C1.1114	KY21.Chr1.1935
KH.C1.257	KY21.Chr1.1936
KH.C1.384	KY21.Chr1.1937
KH.C1.1107	KY21.Chr1.1938
KH.C1.360	KY21.Chr1.1939
KH.C1.507	KY21.Chr1.1940
KH.C1.813	KY21.Chr1.1942
KH.C1.148	KY21.Chr1.1943
KH.C1.22	KY21.Chr1.1945
KH.C1.72	KY21.Chr1.1946
KH.C1.273	KY21.Chr1.1947
KH.C1.895	KY21.Chr1.1948
KH.C1.1018	KY21.Chr1.1949
KH.C1.36	KY21.Chr1.1950
KH.C1.223	KY21.Chr1.1951
KH.C1.1147	KY21.Chr1.1952
KH.S521.11	KY21.Chr1.1955
KH.S521.8	KY21.Chr1.1956
KH.S521.6	KY21.Chr1.1957
KH.S521.1	KY21.Chr1.1958
KH.S521.9	KY21.Chr1.1960
KH.S521.3	KY21.Chr1.1961
KH.S521.10	KY21.Chr1.1962
KH.S521.2	KY21.Chr1.1963
KH.S521.7	KY21.Chr1.1964
KH.S521.4	KY21.Chr1.1965
KH.S521.5	KY21.Chr1.1966
KH.C1.948	KY21.Chr1.1968
KH.C1.395	KY21.Chr1.1969
KH.C1.632	KY21.Chr1.1970
KH.C1.43	KY21.Chr1.1971
KH.C1.299	KY21.Chr1.1972
KH.C1.206	KY21.Chr1.1973
KH.C1.664	KY21.Chr1.1974
KH.C1.454	KY21.Chr1.1977
KH.C1.789	KY21.Chr1.1978
KH.C1.311	KY21.Chr1.1979
KH.C1.924	KY21.Chr1.1980
KH.C1.451	KY21.Chr1.1981
KH.C1.27	KY21.Chr1.1983
KH.C1.826	KY21.Chr1.1984
KH.C1.828	KY21.Chr1.1987
KH.C1.785	KY21.Chr1.1988
KH.C1.706	KY21.Chr1.1991
KH.C1.799	KY21.Chr1.1992
KH.C1.747	KY21.Chr1.1993
KH.C1.937	KY21.Chr1.1995
KH.C1.1277	KY21.Chr1.1996
KH.C1.609	KY21.Chr1.1997
KH.C1.137	KY21.Chr1.1999
KH.C1.989	KY21.Chr1.2000
KH.C1.536	KY21.Chr1.2001
KH.C1.366	KY21.Chr1.2002
KH.C1.18	KY21.Chr1.2003
KH.C1.29	KY21.Chr1.2004
KH.C1.1243	KY21.Chr1.2005
KH.C1.327	KY21.Chr1.2007
KH.C1.477	KY21.Chr1.2008
KH.C1.935	KY21.Chr1.2009
KH.C1.232	KY21.Chr1.2010
KH.C1.61	KY21.Chr1.2011
KH.C1.188	KY21.Chr1.2012
KH.C1.663	KY21.Chr1.2013
KH.C1.561	KY21.Chr1.2015
KH.C1.1203	KY21.Chr1.2016
KH.C1.525	KY21.Chr1.2017
KH.C1.184	KY21.Chr1.2018
KH.C1.120	KY21.Chr1.2019
KH.C4.343	KY21.Chr1.2019
KH.C1.698	KY21.Chr1.2022
KH.C1.530	KY21.Chr1.2023
KH.C1.1167	KY21.Chr1.2024
KH.C1.181	KY21.Chr1.2025
KH.C1.615	KY21.Chr1.2027
KH.C1.442	KY21.Chr1.2030
KH.C1.654	KY21.Chr1.2031
KH.C1.369	KY21.Chr1.2032
KH.C1.1020	KY21.Chr1.2035
KH.C1.559	KY21.Chr1.2038
KH.S1167.1	KY21.Chr1.2038
KH.C1.343	KY21.Chr1.2040
KH.C1.903	KY21.Chr1.2041
KH.C1.189	KY21.Chr1.2042
KH.C1.266	KY21.Chr1.2043
KH.C1.1260	KY21.Chr1.2044
KH.C1.312	KY21.Chr1.2045
KH.C1.457	KY21.Chr1.2046
KH.C1.73	KY21.Chr1.2048
KH.C1.581	KY21.Chr1.2049
KH.C1.112	KY21.Chr1.2050
KH.C1.215	KY21.Chr1.2051
KH.C1.1290	KY21.Chr1.2052
KH.C1.745	KY21.Chr1.2053
KH.C1.1190	KY21.Chr1.2054
KH.C1.292	KY21.Chr1.2055
KH.C1.1201	KY21.Chr1.2055
KH.C1.221	KY21.Chr1.2056
KH.C1.739	KY21.Chr1.2057
KH.C1.275	KY21.Chr1.2058
KH.C1.42	KY21.Chr1.2059
KH.C1.835	KY21.Chr1.2060
KH.C1.715	KY21.Chr1.2061
KH.C1.979	KY21.Chr1.2062
KH.C1.83	KY21.Chr1.2063
KH.C1.759	KY21.Chr1.2064
KH.C1.1296	KY21.Chr1.2065
KH.C1.722	KY21.Chr1.2066
KH.C1.716	KY21.Chr1.2067
KH.C1.1199	KY21.Chr1.2068
KH.C1.894	KY21.Chr1.2069
KH.C1.482	KY21.Chr1.2070
KH.C1.683	KY21.Chr1.2071
KH.C1.1218	KY21.Chr1.2072
KH.C1.1303	KY21.Chr1.2073
KH.C1.1212	KY21.Chr1.2074
KH.C1.270	KY21.Chr1.2076
KH.C1.361	KY21.Chr1.2077
KH.C1.754	KY21.Chr1.2078
KH.C1.951	KY21.Chr1.2079
KH.C1.233	KY21.Chr1.2080
KH.C1.578	KY21.Chr1.2081
KH.C1.619	KY21.Chr1.2082
KH.C1.1070	KY21.Chr1.2083
KH.C1.681	KY21.Chr1.2084
KH.C1.62	KY21.Chr1.2085
KH.C1.260	KY21.Chr1.2086
KH.C1.890	KY21.Chr1.2088
KH.C1.846	KY21.Chr1.2089
KH.C1.1098	KY21.Chr1.2090
KH.C1.38	KY21.Chr1.2091
KH.C1.959	KY21.Chr1.2093
KH.C1.738	KY21.Chr1.2094
KH.C1.777	KY21.Chr1.2096
KH.C1.517	KY21.Chr1.2097
KH.L65.22	KY21.Chr1.2102
KH.L65.3	KY21.Chr1.2103
KH.L65.23	KY21.Chr1.2104
KH.L65.32	KY21.Chr1.2105
KH.L65.24	KY21.Chr1.2106
KH.L65.8	KY21.Chr1.2107
KH.L65.1	KY21.Chr1.2108
KH.L65.11	KY21.Chr1.2110
KH.L65.13	KY21.Chr1.2111
KH.L65.30	KY21.Chr1.2112
KH.L65.18	KY21.Chr1.2113
KH.L65.19	KY21.Chr1.2114
KH.L65.28	KY21.Chr1.2115
KH.L65.9	KY21.Chr1.2116
KH.L65.29	KY21.Chr1.2117
KH.L74.2	KY21.Chr1.2117
KH.C7.617	KY21.Chr1.2119
KH.L65.21	KY21.Chr1.2119
KH.L65.12	KY21.Chr1.2120
KH.L65.6	KY21.Chr1.2121
KH.L65.27	KY21.Chr1.2122
KH.L65.14	KY21.Chr1.2124
KH.L65.15	KY21.Chr1.2125
KH.L65.16	KY21.Chr1.2126
KH.L65.26	KY21.Chr1.2127
KH.C5.443	KY21.Chr1.2129
KH.L65.2	KY21.Chr1.2129
KH.C4.67	KY21.Chr1.2130
KH.L65.31	KY21.Chr1.2130
KH.S1411.3	KY21.Chr1.2130
KH.L65.7	KY21.Chr1.2131
KH.L65.5	KY21.Chr1.2132
KH.L65.17	KY21.Chr1.2133
KH.L65.20	KY21.Chr1.2134
KH.L65.10	KY21.Chr1.2136
KH.S862.1	KY21.Chr1.2137
KH.S1196.1	KY21.Chr1.2138
KH.L139.5	KY21.Chr1.2141
KH.L139.24	KY21.Chr1.2142
KH.L139.4	KY21.Chr1.2144
KH.L139.1	KY21.Chr1.2145
KH.L139.11	KY21.Chr1.2146
KH.L139.16	KY21.Chr1.2146
KH.L139.20	KY21.Chr1.2146
KH.L139.26	KY21.Chr1.2147
KH.L139.15	KY21.Chr1.2148
KH.L139.25	KY21.Chr1.2149
KH.L139.9	KY21.Chr1.2151
KH.L139.14	KY21.Chr1.2152
KH.L139.2	KY21.Chr1.2153
KH.L139.17	KY21.Chr1.2157
KH.L139.3	KY21.Chr1.2162
KH.L139.19	KY21.Chr1.2165
KH.L139.13	KY21.Chr1.2166
KH.L139.18	KY21.Chr1.2167
KH.L139.10	KY21.Chr1.2168
KH.L139.12	KY21.Chr1.2170
KH.S2583.2	KY21.Chr1.2170
KH.L168.4	KY21.Chr1.2171
KH.L168.3	KY21.Chr1.2172
KH.L168.8	KY21.Chr1.2172
KH.L168.9	KY21.Chr1.2172
KH.L168.2	KY21.Chr1.2173
KH.L168.6	KY21.Chr1.2174
KH.L168.1	KY21.Chr1.2175
KH.L168.7	KY21.Chr1.2176
KH.S2569.1	KY21.Chr1.2176
KH.L86.1	KY21.Chr1.2177
KH.S1373.1	KY21.Chr1.2177
KH.S588.1	KY21.Chr1.2178
KH.S588.6	KY21.Chr1.2179
KH.L132.16	KY21.Chr1.2187
KH.L132.4	KY21.Chr1.2188
KH.L132.17	KY21.Chr1.2189
KH.L132.11	KY21.Chr1.2190
KH.L132.13	KY21.Chr1.2191
KH.L132.15	KY21.Chr1.2192
KH.S1800.1	KY21.Chr1.2192
KH.L132.8	KY21.Chr1.2193
KH.L132.6	KY21.Chr1.2194
KH.L132.18	KY21.Chr1.2195
KH.L132.10	KY21.Chr1.2196
KH.C8.864	KY21.Chr1.2198
KH.L132.12	KY21.Chr1.2198
KH.S1340.2	KY21.Chr1.2201
KH.L132.2	KY21.Chr1.2202
KH.S1340.3	KY21.Chr1.2202
KH.S1340.1	KY21.Chr1.2203
KH.L132.19	KY21.Chr1.2204
KH.L132.3	KY21.Chr1.2205
KH.S2809.1	KY21.Chr1.2205
KH.L132.9	KY21.Chr1.2206
KH.L132.5	KY21.Chr1.2207
KH.L132.7	KY21.Chr1.2208
KH.S885.1	KY21.Chr1.2209
KH.S885.2	KY21.Chr1.2210
KH.S1440.1	KY21.Chr1.2211
KH.L112.31	KY21.Chr1.2212
KH.L112.32	KY21.Chr1.2213
KH.L112.24	KY21.Chr1.2214
KH.L112.5	KY21.Chr1.2216
KH.L112.15	KY21.Chr1.2217
KH.L112.20	KY21.Chr1.2217
KH.L112.17	KY21.Chr1.2218
KH.L112.13	KY21.Chr1.2219
KH.L112.26	KY21.Chr1.2220
KH.L112.27	KY21.Chr1.2221
KH.L112.19	KY21.Chr1.2222
KH.L112.2	KY21.Chr1.2223
KH.L112.16	KY21.Chr1.2225
KH.S765.1	KY21.Chr1.2226
KH.S765.2	KY21.Chr1.2229
KH.S765.3	KY21.Chr1.2230
KH.S659.1	KY21.Chr1.2232
KH.S659.3	KY21.Chr1.2233
KH.S659.2	KY21.Chr1.2234
KH.S1231.1	KY21.Chr1.2239
KH.S1231.2	KY21.Chr1.2240
KH.L112.23	KY21.Chr1.2242
KH.L112.6	KY21.Chr1.2244
KH.L112.28	KY21.Chr1.2245
KH.L112.8	KY21.Chr1.2246
KH.L112.30	KY21.Chr1.2247
KH.L112.10	KY21.Chr1.2248
KH.L112.34	KY21.Chr1.2249
KH.L112.11	KY21.Chr1.2250
KH.L112.29	KY21.Chr1.2251
KH.L112.14	KY21.Chr1.2252
KH.L112.1	KY21.Chr1.2253
KH.L112.9	KY21.Chr1.2254
KH.L112.21	KY21.Chr1.2255
KH.L112.4	KY21.Chr1.2256
KH.L112.12	KY21.Chr1.2257
KH.L112.3	KY21.Chr1.2258
KH.L112.33	KY21.Chr1.2259
KH.L112.22	KY21.Chr1.2260
KH.L112.7	KY21.Chr1.2261
KH.L112.25	KY21.Chr1.2262
KH.S605.4	KY21.Chr1.2263
KH.S605.1	KY21.Chr1.2264
KH.S605.6	KY21.Chr1.2265
KH.S605.5	KY21.Chr1.2266
KH.S605.2	KY21.Chr1.2267
KH.S605.3	KY21.Chr1.2268
KH.S733.2	KY21.Chr2.1
KH.S733.1	KY21.Chr2.2
KH.S1653.2	KY21.Chr2.6
KH.S1653.1	KY21.Chr2.7
KH.L145.1	KY21.Chr2.8
KH.L145.2	KY21.Chr2.11
KH.S1214.1	KY21.Chr2.11
KH.L145.3	KY21.Chr2.12
KH.S1214.2	KY21.Chr2.14
KH.S643.5	KY21.Chr2.16
KH.S643.6	KY21.Chr2.18
KH.S643.3	KY21.Chr2.19
KH.S643.1	KY21.Chr2.20
KH.S643.2	KY21.Chr2.21
KH.S256.16	KY21.Chr2.23
KH.S256.11	KY21.Chr2.24
KH.S256.10	KY21.Chr2.25
KH.S256.1	KY21.Chr2.26
KH.S256.13	KY21.Chr2.27
KH.S256.5	KY21.Chr2.28
KH.C2.653	KY21.Chr2.29
KH.C2.501	KY21.Chr2.30
KH.C2.380	KY21.Chr2.32
KH.C2.718	KY21.Chr2.33
KH.C1.337	KY21.Chr2.34
KH.C2.24	KY21.Chr2.35
KH.C2.265	KY21.Chr2.36
KH.C2.544	KY21.Chr2.38
KH.C2.773	KY21.Chr2.39
KH.C2.556	KY21.Chr2.40
KH.C2.475	KY21.Chr2.41
KH.C2.238	KY21.Chr2.42
KH.C2.471	KY21.Chr2.43
KH.C2.173	KY21.Chr2.45
KH.C2.246	KY21.Chr2.46
KH.C2.297	KY21.Chr2.47
KH.C2.927	KY21.Chr2.48
KH.C2.910	KY21.Chr2.49
KH.C2.203	KY21.Chr2.51
KH.C2.57	KY21.Chr2.52
KH.C2.779	KY21.Chr2.54
KH.C2.330	KY21.Chr2.55
KH.C2.293	KY21.Chr2.56
KH.C2.640	KY21.Chr2.57
KH.C2.967	KY21.Chr2.58
KH.C2.425	KY21.Chr2.59
KH.C2.210	KY21.Chr2.60
KH.C2.907	KY21.Chr2.61
KH.C2.1014	KY21.Chr2.62
KH.C2.1003	KY21.Chr2.63
KH.C2.451	KY21.Chr2.64
KH.C2.216	KY21.Chr2.65
KH.C2.799	KY21.Chr2.66
KH.C2.486	KY21.Chr2.67
KH.C2.604	KY21.Chr2.68
KH.C2.810	KY21.Chr2.69
KH.C2.420	KY21.Chr2.70
KH.C2.843	KY21.Chr2.71
KH.C2.426	KY21.Chr2.73
KH.C2.16	KY21.Chr2.75
KH.C2.272	KY21.Chr2.76
KH.C2.227	KY21.Chr2.77
KH.C2.833	KY21.Chr2.78
KH.C2.104	KY21.Chr2.79
KH.C2.95	KY21.Chr2.80
KH.C2.1046	KY21.Chr2.81
KH.C2.778	KY21.Chr2.82
KH.C2.205	KY21.Chr2.84
KH.S256.7	KY21.Chr2.86
KH.C2.79	KY21.Chr2.87
KH.C2.742	KY21.Chr2.88
KH.C2.751	KY21.Chr2.90
KH.C2.939	KY21.Chr2.91
KH.C2.15	KY21.Chr2.92
KH.C2.579	KY21.Chr2.93
KH.C2.655	KY21.Chr2.94
KH.C2.17	KY21.Chr2.95
KH.C2.444	KY21.Chr2.96
KH.C2.971	KY21.Chr2.98
KH.C2.879	KY21.Chr2.99
KH.C2.411	KY21.Chr2.100
KH.C2.1097	KY21.Chr2.101
KH.C2.1047	KY21.Chr2.103
KH.C2.159	KY21.Chr2.104
KH.C2.490	KY21.Chr2.105
KH.C2.331	KY21.Chr2.106
KH.C2.13	KY21.Chr2.107
KH.C2.282	KY21.Chr2.108
KH.C2.432	KY21.Chr2.109
KH.C2.257	KY21.Chr2.113
KH.C2.516	KY21.Chr2.114
KH.C2.52	KY21.Chr2.117
KH.C2.68	KY21.Chr2.118
KH.C2.1111	KY21.Chr2.119
KH.C2.82	KY21.Chr2.120
KH.C2.442	KY21.Chr2.122
KH.C2.1079	KY21.Chr2.123
KH.C2.791	KY21.Chr2.124
KH.C2.734	KY21.Chr2.125
KH.C2.390	KY21.Chr2.128
KH.C2.964	KY21.Chr2.129
KH.C2.903	KY21.Chr2.130
KH.C2.84	KY21.Chr2.132
KH.C2.838	KY21.Chr2.135
KH.C2.695	KY21.Chr2.136
KH.C2.919	KY21.Chr2.138
KH.C2.559	KY21.Chr2.140
KH.C2.1016	KY21.Chr2.140
KH.C2.580	KY21.Chr2.141
KH.C2.314	KY21.Chr2.142
KH.C2.661	KY21.Chr2.143
KH.C2.562	KY21.Chr2.144
KH.C2.109	KY21.Chr2.145
KH.C2.519	KY21.Chr2.146
KH.C2.811	KY21.Chr2.147
KH.C2.49	KY21.Chr2.148
KH.C2.529	KY21.Chr2.150
KH.S1754.1	KY21.Chr2.152
KH.C3.423	KY21.Chr2.153
KH.S1964.1	KY21.Chr2.153
KH.S1754.3	KY21.Chr2.154
KH.S1754.2	KY21.Chr2.155
KH.L101.8	KY21.Chr2.156
KH.L101.1	KY21.Chr2.160
KH.L101.4	KY21.Chr2.161
KH.C2.735	KY21.Chr2.162
KH.C2.1091	KY21.Chr2.162
KH.C2.705	KY21.Chr2.163
KH.C2.651	KY21.Chr2.164
KH.C2.81	KY21.Chr2.165
KH.C2.492	KY21.Chr2.166
KH.C2.313	KY21.Chr2.167
KH.C2.1012	KY21.Chr2.168
KH.C2.53	KY21.Chr2.169
KH.C2.245	KY21.Chr2.170
KH.C2.385	KY21.Chr2.173
KH.C2.359	KY21.Chr2.174
KH.C2.545	KY21.Chr2.175
KH.C2.166	KY21.Chr2.176
KH.C2.267	KY21.Chr2.177
KH.C2.433	KY21.Chr2.178
KH.C2.1117	KY21.Chr2.179
KH.C2.933	KY21.Chr2.180
KH.C2.54	KY21.Chr2.181
KH.C2.306	KY21.Chr2.182
KH.C2.694	KY21.Chr2.183
KH.C2.180	KY21.Chr2.184
KH.C2.683	KY21.Chr2.194
KH.C2.953	KY21.Chr2.195
KH.C2.364	KY21.Chr2.196
KH.C2.295	KY21.Chr2.197
KH.C2.454	KY21.Chr2.199
KH.C2.1110	KY21.Chr2.200
KH.C2.567	KY21.Chr2.201
KH.C2.476	KY21.Chr2.202
KH.C2.1121	KY21.Chr2.204
KH.C2.1038	KY21.Chr2.205
KH.C2.394	KY21.Chr2.206
KH.C2.33	KY21.Chr2.207
KH.C2.375	KY21.Chr2.208
KH.C2.274	KY21.Chr2.209
KH.C2.407	KY21.Chr2.210
KH.C2.1023	KY21.Chr2.211
KH.C2.326	KY21.Chr2.213
KH.C2.114	KY21.Chr2.214
KH.C2.702	KY21.Chr2.215
KH.C2.873	KY21.Chr2.216
KH.C2.968	KY21.Chr2.217
KH.C2.27	KY21.Chr2.218
KH.C2.200	KY21.Chr2.219
KH.C2.561	KY21.Chr2.220
KH.C2.177	KY21.Chr2.221
KH.C2.371	KY21.Chr2.222
KH.C2.178	KY21.Chr2.223
KH.C2.424	KY21.Chr2.224
KH.C2.1021	KY21.Chr2.225
KH.C2.83	KY21.Chr2.226
KH.C2.564	KY21.Chr2.226
KH.C2.809	KY21.Chr2.227
KH.C2.727	KY21.Chr2.228
KH.C2.844	KY21.Chr2.230
KH.C2.1035	KY21.Chr2.231
KH.C2.570	KY21.Chr2.232
KH.C2.798	KY21.Chr2.233
KH.C2.428	KY21.Chr2.234
KH.C2.796	KY21.Chr2.235
KH.C2.851	KY21.Chr2.236
KH.C2.500	KY21.Chr2.237
KH.C2.71	KY21.Chr2.238
KH.C2.584	KY21.Chr2.239
KH.C2.918	KY21.Chr2.240
KH.C2.1057	KY21.Chr2.241
KH.C2.1098	KY21.Chr2.242
KH.C2.894	KY21.Chr2.243
KH.C2.850	KY21.Chr2.244
KH.C2.943	KY21.Chr2.245
KH.C2.1032	KY21.Chr2.246
KH.C2.900	KY21.Chr2.247
KH.C2.315	KY21.Chr2.248
KH.C2.1041	KY21.Chr2.249
KH.C2.1054	KY21.Chr2.250
KH.C2.649	KY21.Chr2.251
KH.C2.744	KY21.Chr2.254
KH.C2.414	KY21.Chr2.255
KH.C2.862	KY21.Chr2.257
KH.C2.667	KY21.Chr2.258
KH.C2.323	KY21.Chr2.259
KH.C2.948	KY21.Chr2.260
KH.C2.979	KY21.Chr2.261
KH.C2.1103	KY21.Chr2.262
KH.C2.1093	KY21.Chr2.263
KH.C2.886	KY21.Chr2.266
KH.C2.849	KY21.Chr2.267
KH.C2.258	KY21.Chr2.268
KH.C2.600	KY21.Chr2.269
KH.C2.1109	KY21.Chr2.270
KH.C2.835	KY21.Chr2.271
KH.C2.700	KY21.Chr2.272
KH.S2580.1	KY21.Chr2.272
KH.C2.86	KY21.Chr2.273
KH.C2.186	KY21.Chr2.274
KH.C2.204	KY21.Chr2.275
KH.C2.762	KY21.Chr2.276
KH.C2.1106	KY21.Chr2.278
KH.C2.1033	KY21.Chr2.279
KH.C2.672	KY21.Chr2.280
KH.C2.88	KY21.Chr2.281
KH.C2.318	KY21.Chr2.282
KH.C2.761	KY21.Chr2.283
KH.C2.525	KY21.Chr2.284
KH.C2.889	KY21.Chr2.287
KH.C2.832	KY21.Chr2.288
KH.C2.103	KY21.Chr2.289
KH.C2.774	KY21.Chr2.290
KH.C2.437	KY21.Chr2.292
KH.C2.618	KY21.Chr2.293
KH.C2.994	KY21.Chr2.302
KH.C2.1144	KY21.Chr2.303
KH.C2.1138	KY21.Chr2.306
KH.C2.605	KY21.Chr2.308
KH.C7.34	KY21.Chr2.314
KH.C2.288	KY21.Chr2.315
KH.C2.513	KY21.Chr2.316
KH.C2.701	KY21.Chr2.317
KH.C2.141	KY21.Chr2.318
KH.C2.821	KY21.Chr2.319
KH.C2.294	KY21.Chr2.321
KH.C2.893	KY21.Chr2.322
KH.C2.947	KY21.Chr2.323
KH.C2.895	KY21.Chr2.324
KH.C2.410	KY21.Chr2.325
KH.C2.107	KY21.Chr2.326
KH.C2.1104	KY21.Chr2.329
KH.C2.435	KY21.Chr2.330
KH.C2.823	KY21.Chr2.331
KH.C2.292	KY21.Chr2.333
KH.C2.468	KY21.Chr2.335
KH.S1283.1	KY21.Chr2.342
KH.C2.896	KY21.Chr2.344
KH.C2.576	KY21.Chr2.346
KH.S1499.1	KY21.Chr2.350
KH.C2.1008	KY21.Chr2.351
KH.C2.217	KY21.Chr2.354
KH.C2.495	KY21.Chr2.355
KH.C2.262	KY21.Chr2.356
KH.C2.34	KY21.Chr2.357
KH.C2.547	KY21.Chr2.359
KH.C2.725	KY21.Chr2.360
KH.C2.61	KY21.Chr2.362
KH.C2.477	KY21.Chr2.364
KH.C2.1084	KY21.Chr2.367
KH.C2.337	KY21.Chr2.368
KH.C2.378	KY21.Chr2.369
KH.C2.670	KY21.Chr2.370
KH.C2.243	KY21.Chr2.371
KH.C2.909	KY21.Chr2.371
KH.C2.413	KY21.Chr2.372
KH.C2.905	KY21.Chr2.374
KH.C2.456	KY21.Chr2.375
KH.C2.924	KY21.Chr2.376
KH.C2.1030	KY21.Chr2.377
KH.C2.517	KY21.Chr2.379
KH.C2.1026	KY21.Chr2.380
KH.C2.1069	KY21.Chr2.382
KH.C2.421	KY21.Chr2.383
KH.C2.1153	KY21.Chr2.383
KH.S1442.2	KY21.Chr2.384
KH.S1442.1	KY21.Chr2.385
KH.C2.829	KY21.Chr2.386
KH.C2.1022	KY21.Chr2.387
KH.C2.1080	KY21.Chr2.388
KH.C2.1052	KY21.Chr2.390
KH.C2.1043	KY21.Chr2.391
KH.C2.637	KY21.Chr2.392
KH.C2.191	KY21.Chr2.393
KH.C2.626	KY21.Chr2.394
KH.C2.869	KY21.Chr2.395
KH.C2.724	KY21.Chr2.396
KH.C2.9	KY21.Chr2.397
KH.C2.409	KY21.Chr2.398
KH.C2.982	KY21.Chr2.399
KH.C2.854	KY21.Chr2.401
KH.C2.247	KY21.Chr2.402
KH.C2.538	KY21.Chr2.403
KH.C2.452	KY21.Chr2.404
KH.C2.19	KY21.Chr2.405
KH.C2.890	KY21.Chr2.406
KH.C2.396	KY21.Chr2.407
KH.C2.915	KY21.Chr2.408
KH.C2.328	KY21.Chr2.409
KH.C2.35	KY21.Chr2.410
KH.C2.956	KY21.Chr2.411
KH.C2.885	KY21.Chr2.412
KH.C2.98	KY21.Chr2.413
KH.C2.753	KY21.Chr2.414
KH.C2.276	KY21.Chr2.415
KH.C2.671	KY21.Chr2.416
KH.C2.634	KY21.Chr2.418
KH.C2.959	KY21.Chr2.419
KH.C2.578	KY21.Chr2.421
KH.C2.377	KY21.Chr2.422
KH.C2.961	KY21.Chr2.423
KH.C2.639	KY21.Chr2.424
KH.C2.955	KY21.Chr2.425
KH.C2.316	KY21.Chr2.426
KH.C2.268	KY21.Chr2.427
KH.C2.30	KY21.Chr2.428
KH.C2.43	KY21.Chr2.429
KH.C2.575	KY21.Chr2.430
KH.C2.291	KY21.Chr2.433
KH.C2.921	KY21.Chr2.434
KH.C2.534	KY21.Chr2.436
KH.C2.803	KY21.Chr2.437
KH.C2.638	KY21.Chr2.440
KH.C2.737	KY21.Chr2.441
KH.C2.144	KY21.Chr2.442
KH.C2.1126	KY21.Chr2.443
KH.C2.688	KY21.Chr2.444
KH.C2.45	KY21.Chr2.445
KH.C2.615	KY21.Chr2.446
KH.C2.405	KY21.Chr2.447
KH.C2.716	KY21.Chr2.448
KH.C2.436	KY21.Chr2.449
KH.C2.1056	KY21.Chr2.451
KH.C2.619	KY21.Chr2.452
KH.C2.601	KY21.Chr2.453
KH.C2.664	KY21.Chr2.454
KH.C2.42	KY21.Chr2.456
KH.C2.743	KY21.Chr2.457
KH.C2.162	KY21.Chr2.458
KH.C2.235	KY21.Chr2.459
KH.C2.806	KY21.Chr2.460
KH.C2.645	KY21.Chr2.461
KH.C2.194	KY21.Chr2.462
KH.C2.121	KY21.Chr2.463
KH.C2.1019	KY21.Chr2.463
KH.C2.980	KY21.Chr2.464
KH.C2.949	KY21.Chr2.465
KH.C2.609	KY21.Chr2.466
KH.C2.1034	KY21.Chr2.467
KH.C2.91	KY21.Chr2.468
KH.C2.551	KY21.Chr2.469
KH.C2.184	KY21.Chr2.470
KH.C2.335	KY21.Chr2.471
KH.C2.108	KY21.Chr2.472
KH.C2.56	KY21.Chr2.473
KH.C2.249	KY21.Chr2.475
KH.C2.936	KY21.Chr2.476
KH.C2.311	KY21.Chr2.477
KH.C2.408	KY21.Chr2.478
KH.C2.1135	KY21.Chr2.479
KH.C2.354	KY21.Chr2.480
KH.C2.729	KY21.Chr2.481
KH.C2.690	KY21.Chr2.482
KH.C2.443	KY21.Chr2.483
KH.C2.976	KY21.Chr2.483
KH.C2.111	KY21.Chr2.484
KH.C2.1024	KY21.Chr2.485
KH.C2.321	KY21.Chr2.486
KH.C2.836	KY21.Chr2.487
KH.C2.1007	KY21.Chr2.488
KH.C2.201	KY21.Chr2.490
KH.C2.14	KY21.Chr2.491
KH.C2.231	KY21.Chr2.492
KH.C2.676	KY21.Chr2.494
KH.C2.685	KY21.Chr2.496
KH.C2.296	KY21.Chr2.497
KH.C2.172	KY21.Chr2.498
KH.C2.1018	KY21.Chr2.499
KH.C2.211	KY21.Chr2.500
KH.C2.543	KY21.Chr2.501
KH.C2.124	KY21.Chr2.502
KH.C2.65	KY21.Chr2.503
KH.C2.612	KY21.Chr2.504
KH.C2.714	KY21.Chr2.505
KH.C2.642	KY21.Chr2.506
KH.C2.839	KY21.Chr2.507
KH.C2.39	KY21.Chr2.508
KH.C2.966	KY21.Chr2.511
KH.C2.466	KY21.Chr2.512
KH.C2.767	KY21.Chr2.513
KH.C2.520	KY21.Chr2.514
KH.C2.430	KY21.Chr2.515
KH.C2.496	KY21.Chr2.516
KH.C2.450	KY21.Chr2.517
KH.C2.1094	KY21.Chr2.518
KH.C2.11	KY21.Chr2.519
KH.C2.856	KY21.Chr2.520
KH.C2.548	KY21.Chr2.521
KH.L2.2	KY21.Chr2.523
KH.L2.1	KY21.Chr2.524
KH.L2.3	KY21.Chr2.524
KH.C2.117	KY21.Chr2.525
KH.C2.175	KY21.Chr2.526
KH.C2.712	KY21.Chr2.528
KH.C2.693	KY21.Chr2.529
KH.C2.140	KY21.Chr2.530
KH.C2.389	KY21.Chr2.531
KH.C2.202	KY21.Chr2.532
KH.C2.652	KY21.Chr2.533
KH.C2.383	KY21.Chr2.534
KH.C2.659	KY21.Chr2.535
KH.C2.911	KY21.Chr2.536
KH.C2.355	KY21.Chr2.537
KH.C2.831	KY21.Chr2.537
KH.C2.1154	KY21.Chr2.537
KH.C2.63	KY21.Chr2.539
KH.C2.591	KY21.Chr2.540
KH.C2.150	KY21.Chr2.541
KH.C2.906	KY21.Chr2.543
KH.C2.794	KY21.Chr2.544
KH.C2.36	KY21.Chr2.545
KH.C2.229	KY21.Chr2.546
KH.C2.478	KY21.Chr2.548
KH.C2.148	KY21.Chr2.551
KH.C2.273	KY21.Chr2.551
KH.C2.251	KY21.Chr2.552
KH.C2.149	KY21.Chr2.553
KH.C2.459	KY21.Chr2.554
KH.C2.792	KY21.Chr2.555
KH.C2.264	KY21.Chr2.556
KH.C2.417	KY21.Chr2.558
KH.C2.185	KY21.Chr2.559
KH.C2.271	KY21.Chr2.560
KH.C2.366	KY21.Chr2.561
KH.C2.278	KY21.Chr2.562
KH.C2.221	KY21.Chr2.563
KH.C2.298	KY21.Chr2.564
KH.C2.657	KY21.Chr2.565
KH.C2.50	KY21.Chr2.566
KH.C2.970	KY21.Chr2.567
KH.C2.981	KY21.Chr2.568
KH.C2.207	KY21.Chr2.569
KH.C4.508	KY21.Chr2.569
KH.C2.391	KY21.Chr2.571
KH.C2.834	KY21.Chr2.572
KH.C2.518	KY21.Chr2.573
KH.C2.2	KY21.Chr2.574
KH.C2.240	KY21.Chr2.575
KH.C2.946	KY21.Chr2.576
KH.C2.431	KY21.Chr2.577
KH.C2.892	KY21.Chr2.584
KH.C2.284	KY21.Chr2.585
KH.C2.143	KY21.Chr2.586
KH.C2.1125	KY21.Chr2.587
KH.C2.46	KY21.Chr2.588
KH.C2.415	KY21.Chr2.589
KH.C2.94	KY21.Chr2.591
KH.C2.805	KY21.Chr2.592
KH.C2.818	KY21.Chr2.593
KH.C2.1085	KY21.Chr2.594
KH.C2.255	KY21.Chr2.595
KH.C2.865	KY21.Chr2.596
KH.C2.263	KY21.Chr2.602
KH.C2.23	KY21.Chr2.604
KH.C2.775	KY21.Chr2.606
KH.C2.1017	KY21.Chr2.607
KH.C2.901	KY21.Chr2.608
KH.C2.769	KY21.Chr2.609
KH.C2.1142	KY21.Chr2.609
KH.C2.1139	KY21.Chr2.610
KH.C2.802	KY21.Chr2.611
KH.C2.270	KY21.Chr2.612
KH.C2.883	KY21.Chr2.613
KH.C2.983	KY21.Chr2.614
KH.C2.145	KY21.Chr2.615
KH.C2.597	KY21.Chr2.615
KH.C2.750	KY21.Chr2.616
KH.C2.1042	KY21.Chr2.617
KH.C2.341	KY21.Chr2.618
KH.C2.20	KY21.Chr2.619
KH.C2.1013	KY21.Chr2.620
KH.C2.527	KY21.Chr2.621
KH.C2.465	KY21.Chr2.622
KH.C2.573	KY21.Chr2.623
KH.C2.349	KY21.Chr2.626
KH.C2.256	KY21.Chr2.627
KH.C2.1067	KY21.Chr2.628
KH.C2.599	KY21.Chr2.629
KH.C2.327	KY21.Chr2.630
KH.C2.746	KY21.Chr2.632
KH.C2.528	KY21.Chr2.633
KH.S1418.1	KY21.Chr2.633
KH.C2.92	KY21.Chr2.634
KH.C2.603	KY21.Chr2.635
KH.C2.472	KY21.Chr2.636
KH.C2.611	KY21.Chr2.637
KH.C2.12	KY21.Chr2.639
KH.C2.455	KY21.Chr2.640
KH.C2.730	KY21.Chr2.641
KH.C2.514	KY21.Chr2.644
KH.C2.158	KY21.Chr2.645
KH.C2.118	KY21.Chr2.646
KH.C2.422	KY21.Chr2.647
KH.C2.1004	KY21.Chr2.649
KH.C2.1029	KY21.Chr2.650
KH.C2.505	KY21.Chr2.651
KH.C2.1119	KY21.Chr2.652
KH.C2.663	KY21.Chr2.653
KH.C2.325	KY21.Chr2.654
KH.C2.995	KY21.Chr2.656
KH.C2.447	KY21.Chr2.657
KH.C2.510	KY21.Chr2.658
KH.C2.511	KY21.Chr2.659
KH.C2.193	KY21.Chr2.660
KH.C2.382	KY21.Chr2.661
KH.C2.586	KY21.Chr2.662
KH.C2.853	KY21.Chr2.663
KH.C2.7	KY21.Chr2.664
KH.C2.308	KY21.Chr2.666
KH.C2.179	KY21.Chr2.667
KH.C2.163	KY21.Chr2.670
KH.C2.820	KY21.Chr2.671
KH.C2.199	KY21.Chr2.673
KH.C2.596	KY21.Chr2.675
KH.C2.722	KY21.Chr2.676
KH.C2.1127	KY21.Chr2.676
KH.C2.993	KY21.Chr2.677
KH.C2.707	KY21.Chr2.678
KH.C2.757	KY21.Chr2.679
KH.C2.1108	KY21.Chr2.681
KH.C2.26	KY21.Chr2.682
KH.C2.916	KY21.Chr2.684
KH.C2.183	KY21.Chr2.685
KH.C2.674	KY21.Chr2.686
KH.C2.120	KY21.Chr2.687
KH.C2.167	KY21.Chr2.688
KH.C2.1078	KY21.Chr2.689
KH.C2.736	KY21.Chr2.691
KH.C2.64	KY21.Chr2.692
KH.C2.932	KY21.Chr2.693
KH.C2.58	KY21.Chr2.694
KH.C2.491	KY21.Chr2.696
KH.C2.362	KY21.Chr2.697
KH.C2.286	KY21.Chr2.700
KH.C2.555	KY21.Chr2.701
KH.C2.275	KY21.Chr2.702
KH.C2.764	KY21.Chr2.703
KH.C2.747	KY21.Chr2.704
KH.C2.965	KY21.Chr2.705
KH.C2.644	KY21.Chr2.707
KH.C2.467	KY21.Chr2.708
KH.C2.345	KY21.Chr2.709
KH.C2.1061	KY21.Chr2.710
KH.C2.279	KY21.Chr2.711
KH.C2.812	KY21.Chr2.712
KH.C2.392	KY21.Chr2.713
KH.C2.698	KY21.Chr2.714
KH.C2.897	KY21.Chr2.715
KH.C2.226	KY21.Chr2.716
KH.C2.361	KY21.Chr2.717
KH.C2.96	KY21.Chr2.718
KH.C2.887	KY21.Chr2.719
KH.C2.1031	KY21.Chr2.720
KH.C2.402	KY21.Chr2.721
KH.C2.554	KY21.Chr2.723
KH.C2.1071	KY21.Chr2.724
KH.C2.1011	KY21.Chr2.725
KH.C2.709	KY21.Chr2.726
KH.C2.470	KY21.Chr2.727
KH.C2.776	KY21.Chr2.728
KH.C2.689	KY21.Chr2.729
KH.C2.170	KY21.Chr2.730
KH.C2.285	KY21.Chr2.735
KH.C2.62	KY21.Chr2.736
KH.C2.134	KY21.Chr2.737
KH.C2.858	KY21.Chr2.738
KH.C2.6	KY21.Chr2.739
KH.C2.373	KY21.Chr2.740
KH.C2.300	KY21.Chr2.742
KH.C2.1133	KY21.Chr2.743
KH.C2.749	KY21.Chr2.744
KH.C2.372	KY21.Chr2.745
KH.C2.760	KY21.Chr2.748
KH.C2.489	KY21.Chr2.749
KH.C2.290	KY21.Chr2.750
KH.C2.310	KY21.Chr2.751
KH.C2.403	KY21.Chr2.753
KH.C2.740	KY21.Chr2.754
KH.C2.133	KY21.Chr2.756
KH.C2.692	KY21.Chr2.757
KH.C2.1137	KY21.Chr2.760
KH.C2.280	KY21.Chr2.761
KH.C2.1130	KY21.Chr2.762
KH.C2.594	KY21.Chr2.763
KH.C2.38	KY21.Chr2.764
KH.C2.870	KY21.Chr2.765
KH.C2.598	KY21.Chr2.766
KH.C2.154	KY21.Chr2.767
KH.C2.457	KY21.Chr2.768
KH.C2.401	KY21.Chr2.769
KH.C2.237	KY21.Chr2.770
KH.C2.990	KY21.Chr2.771
KH.C2.557	KY21.Chr2.772
KH.C2.630	KY21.Chr2.773
KH.C2.616	KY21.Chr2.774
KH.C2.738	KY21.Chr2.775
KH.C2.164	KY21.Chr2.776
KH.C2.80	KY21.Chr2.778
KH.C2.305	KY21.Chr2.779
KH.C2.801	KY21.Chr2.780
KH.C2.922	KY21.Chr2.782
KH.C2.613	KY21.Chr2.783
KH.C2.582	KY21.Chr2.784
KH.C2.40	KY21.Chr2.785
KH.C2.367	KY21.Chr2.786
KH.C2.48	KY21.Chr2.787
KH.C2.239	KY21.Chr2.788
KH.C2.1120	KY21.Chr2.789
KH.C2.660	KY21.Chr2.790
KH.C2.78	KY21.Chr2.791
KH.C2.646	KY21.Chr2.792
KH.C2.526	KY21.Chr2.793
KH.C2.324	KY21.Chr2.794
KH.C2.985	KY21.Chr2.795
KH.C2.550	KY21.Chr2.796
KH.C2.5	KY21.Chr2.797
KH.C2.1095	KY21.Chr2.797
KH.C2.930	KY21.Chr2.799
KH.C2.136	KY21.Chr2.800
KH.C2.819	KY21.Chr2.801
KH.C2.785	KY21.Chr2.802
KH.C2.717	KY21.Chr2.809
KH.C2.127	KY21.Chr2.811
KH.C2.777	KY21.Chr2.812
KH.C2.703	KY21.Chr2.813
KH.C2.986	KY21.Chr2.814
KH.C2.1070	KY21.Chr2.815
KH.C2.1118	KY21.Chr2.816
KH.C2.934	KY21.Chr2.817
KH.C2.1048	KY21.Chr2.818
KH.C2.531	KY21.Chr2.819
KH.C2.125	KY21.Chr2.824
KH.C2.881	KY21.Chr2.825
KH.C2.1053	KY21.Chr2.826
KH.C2.1055	KY21.Chr2.827
KH.C2.815	KY21.Chr2.828
KH.C2.1088	KY21.Chr2.829
KH.C2.350	KY21.Chr2.830
KH.C2.1020	KY21.Chr2.830
KH.C2.406	KY21.Chr2.831
KH.C2.353	KY21.Chr2.832
KH.C2.1072	KY21.Chr2.833
KH.C2.845	KY21.Chr2.834
KH.C2.128	KY21.Chr2.835
KH.C2.988	KY21.Chr2.836
KH.C2.66	KY21.Chr2.837
KH.C2.891	KY21.Chr2.838
KH.C2.72	KY21.Chr2.839
KH.C2.498	KY21.Chr2.840
KH.C2.781	KY21.Chr2.841
KH.C2.473	KY21.Chr2.842
KH.C2.546	KY21.Chr2.843
KH.C2.898	KY21.Chr2.844
KH.C2.303	KY21.Chr2.845
KH.C2.875	KY21.Chr2.846
KH.C2.1044	KY21.Chr2.847
KH.C2.85	KY21.Chr2.848
KH.C2.632	KY21.Chr2.849
KH.C2.978	KY21.Chr2.852
KH.C2.610	KY21.Chr2.853
KH.C2.877	KY21.Chr2.854
KH.C2.346	KY21.Chr2.856
KH.C2.209	KY21.Chr2.857
KH.C2.938	KY21.Chr2.859
KH.C2.944	KY21.Chr2.860
KH.C2.309	KY21.Chr2.861
KH.C2.302	KY21.Chr2.862
KH.C2.1005	KY21.Chr2.863
KH.C2.509	KY21.Chr2.864
KH.C2.1100	KY21.Chr2.865
KH.C2.719	KY21.Chr2.866
KH.C2.168	KY21.Chr2.867
KH.C2.656	KY21.Chr2.868
KH.C2.1000	KY21.Chr2.869
KH.C2.358	KY21.Chr2.870
KH.C2.374	KY21.Chr2.871
KH.C2.388	KY21.Chr2.872
KH.C2.1049	KY21.Chr2.873
KH.C2.872	KY21.Chr2.875
KH.C2.715	KY21.Chr2.876
KH.C2.846	KY21.Chr2.877
KH.C2.400	KY21.Chr2.878
KH.C2.960	KY21.Chr2.879
KH.C2.504	KY21.Chr2.880
KH.C2.449	KY21.Chr2.881
KH.C2.171	KY21.Chr2.883
KH.C2.828	KY21.Chr2.884
KH.C2.549	KY21.Chr2.885
KH.C2.137	KY21.Chr2.886
KH.C2.153	KY21.Chr2.889
KH.S908.1	KY21.Chr2.890
KH.S908.3	KY21.Chr2.891
KH.S908.2	KY21.Chr2.892
KH.C2.962	KY21.Chr2.893
KH.C2.758	KY21.Chr2.894
KH.C2.360	KY21.Chr2.895
KH.C2.654	KY21.Chr2.896
KH.C2.859	KY21.Chr2.897
KH.C2.533	KY21.Chr2.898
KH.C2.884	KY21.Chr2.899
KH.C2.507	KY21.Chr2.900
KH.C2.614	KY21.Chr2.901
KH.C2.338	KY21.Chr2.902
KH.C2.182	KY21.Chr2.903
KH.C2.923	KY21.Chr2.904
KH.C2.860	KY21.Chr2.905
KH.C2.826	KY21.Chr2.906
KH.C2.629	KY21.Chr2.907
KH.C2.161	KY21.Chr2.908
KH.C2.595	KY21.Chr2.909
KH.C2.941	KY21.Chr2.909
KH.C2.69	KY21.Chr2.910
KH.C2.866	KY21.Chr2.912
KH.C2.1149	KY21.Chr2.913
KH.C2.74	KY21.Chr2.914
KH.C2.334	KY21.Chr2.915
KH.C2.772	KY21.Chr2.916
KH.C2.75	KY21.Chr2.917
KH.C2.393	KY21.Chr2.918
KH.C2.329	KY21.Chr2.919
KH.C2.332	KY21.Chr2.920
KH.C2.289	KY21.Chr2.921
KH.C2.530	KY21.Chr2.923
KH.C2.1096	KY21.Chr2.924
KH.C2.569	KY21.Chr2.927
KH.C2.244	KY21.Chr2.929
KH.C2.269	KY21.Chr2.931
KH.C2.813	KY21.Chr2.932
KH.C2.336	KY21.Chr2.933
KH.C2.502	KY21.Chr2.934
KH.C2.119	KY21.Chr2.935
KH.C2.1140	KY21.Chr2.936
KH.C2.581	KY21.Chr2.937
KH.C2.759	KY21.Chr2.938
KH.C2.874	KY21.Chr2.939
KH.C2.800	KY21.Chr2.940
KH.C2.503	KY21.Chr2.941
KH.C2.399	KY21.Chr2.942
KH.C2.602	KY21.Chr2.943
KH.C2.122	KY21.Chr2.947
KH.C2.25	KY21.Chr2.950
KH.C2.32	KY21.Chr2.952
KH.C2.340	KY21.Chr2.952
KH.C2.482	KY21.Chr2.953
KH.C2.589	KY21.Chr2.953
KH.C2.115	KY21.Chr2.954
KH.C2.1150	KY21.Chr2.955
KH.C2.675	KY21.Chr2.956
KH.C2.825	KY21.Chr2.958
KH.C2.814	KY21.Chr2.966
KH.C2.404	KY21.Chr2.968
KH.C2.419	KY21.Chr2.969
KH.C2.363	KY21.Chr2.970
KH.C2.728	KY21.Chr2.971
KH.C2.281	KY21.Chr2.973
KH.C2.585	KY21.Chr2.974
KH.C2.232	KY21.Chr2.978
KH.C2.481	KY21.Chr2.980
KH.C2.1087	KY21.Chr2.981
KH.C2.29	KY21.Chr2.982
KH.C2.322	KY21.Chr2.983
KH.C2.469	KY21.Chr2.984
KH.C2.44	KY21.Chr2.985
KH.C2.339	KY21.Chr2.986
KH.C2.928	KY21.Chr2.987
KH.C2.189	KY21.Chr2.988
KH.C2.1027	KY21.Chr2.989
KH.C2.958	KY21.Chr2.990
KH.C2.142	KY21.Chr2.992
KH.C2.797	KY21.Chr2.993
KH.C2.381	KY21.Chr2.994
KH.C2.343	KY21.Chr2.995
KH.C2.917	KY21.Chr2.996
KH.C2.837	KY21.Chr2.997
KH.C2.1128	KY21.Chr2.998
KH.C2.565	KY21.Chr2.999
KH.S1528.1	KY21.Chr2.1000
KH.C2.954	KY21.Chr2.1001
KH.C2.165	KY21.Chr2.1002
KH.C2.789	KY21.Chr2.1003
KH.C2.662	KY21.Chr2.1004
KH.C2.1063	KY21.Chr2.1005
KH.C2.412	KY21.Chr2.1006
KH.C2.416	KY21.Chr2.1007
KH.C2.441	KY21.Chr2.1008
KH.C2.1051	KY21.Chr2.1009
KH.C2.463	KY21.Chr2.1010
KH.C2.521	KY21.Chr2.1011
KH.C2.397	KY21.Chr2.1012
KH.C2.568	KY21.Chr2.1013
KH.C2.187	KY21.Chr2.1014
KH.C2.317	KY21.Chr2.1015
KH.C2.1077	KY21.Chr2.1016
KH.C2.669	KY21.Chr2.1017
KH.C2.387	KY21.Chr2.1018
KH.C2.754	KY21.Chr2.1020
KH.C2.920	KY21.Chr2.1021
KH.C2.566	KY21.Chr2.1022
KH.C2.156	KY21.Chr2.1023
KH.C2.816	KY21.Chr2.1024
KH.C2.1123	KY21.Chr2.1025
KH.C2.299	KY21.Chr2.1026
KH.C2.1105	KY21.Chr2.1027
KH.C2.488	KY21.Chr2.1028
KH.C2.808	KY21.Chr2.1029
KH.C2.1001	KY21.Chr2.1030
KH.C2.957	KY21.Chr2.1031
KH.C12.510	KY21.Chr2.1033
KH.C2.678	KY21.Chr2.1034
KH.C2.733	KY21.Chr2.1035
KH.C2.817	KY21.Chr2.1036
KH.C2.686	KY21.Chr2.1037
KH.C2.446	KY21.Chr2.1038
KH.C2.352	KY21.Chr2.1039
KH.C2.126	KY21.Chr2.1040
KH.C2.696	KY21.Chr2.1041
KH.C2.196	KY21.Chr2.1042
KH.C2.984	KY21.Chr2.1043
KH.C2.867	KY21.Chr2.1044
KH.C2.1148	KY21.Chr2.1047
KH.C2.1086	KY21.Chr2.1050
KH.C2.113	KY21.Chr2.1051
KH.C2.848	KY21.Chr2.1052
KH.C2.464	KY21.Chr2.1053
KH.C2.223	KY21.Chr2.1054
KH.C2.151	KY21.Chr2.1055
KH.C2.190	KY21.Chr2.1056
KH.C2.384	KY21.Chr2.1057
KH.S1641.1	KY21.Chr2.1058
KH.S1526.1	KY21.Chr2.1060
KH.C2.319	KY21.Chr2.1061
KH.C2.224	KY21.Chr2.1063
KH.C2.641	KY21.Chr2.1064
KH.C2.220	KY21.Chr2.1066
KH.C2.745	KY21.Chr2.1068
KH.C2.320	KY21.Chr2.1069
KH.C2.1107	KY21.Chr2.1070
KH.C2.497	KY21.Chr2.1071
KH.C2.423	KY21.Chr2.1072
KH.C2.31	KY21.Chr2.1073
KH.C2.379	KY21.Chr2.1074
KH.C2.1036	KY21.Chr2.1075
KH.C2.540	KY21.Chr2.1076
KH.C2.741	KY21.Chr2.1077
KH.C2.972	KY21.Chr2.1078
KH.C2.77	KY21.Chr2.1079
KH.C2.70	KY21.Chr2.1080
KH.C2.506	KY21.Chr2.1081
KH.C2.252	KY21.Chr2.1082
KH.C2.253	KY21.Chr2.1083
KH.C2.780	KY21.Chr2.1084
KH.C2.871	KY21.Chr2.1085
KH.C2.563	KY21.Chr2.1086
KH.C2.480	KY21.Chr2.1087
KH.C2.55	KY21.Chr2.1088
KH.C2.621	KY21.Chr2.1089
KH.C2.1113	KY21.Chr2.1090
KH.C2.782	KY21.Chr2.1091
KH.C2.560	KY21.Chr2.1092
KH.C2.59	KY21.Chr2.1093
KH.C2.855	KY21.Chr2.1095
KH.C2.868	KY21.Chr2.1096
KH.C2.225	KY21.Chr2.1098
KH.C2.208	KY21.Chr2.1099
KH.C2.588	KY21.Chr2.1100
KH.C2.230	KY21.Chr2.1101
KH.C2.841	KY21.Chr2.1102
KH.C2.312	KY21.Chr2.1103
KH.C2.739	KY21.Chr2.1104
KH.C2.1002	KY21.Chr2.1105
KH.C2.908	KY21.Chr2.1106
KH.C2.680	KY21.Chr2.1108
KH.C2.157	KY21.Chr2.1109
KH.C2.913	KY21.Chr2.1110
KH.C2.658	KY21.Chr2.1111
KH.C2.590	KY21.Chr2.1112
KH.C2.677	KY21.Chr2.1112
KH.C2.479	KY21.Chr2.1113
KH.C2.188	KY21.Chr2.1114
KH.C2.41	KY21.Chr2.1115
KH.C2.997	KY21.Chr2.1116
KH.C2.4	KY21.Chr2.1117
KH.C2.261	KY21.Chr2.1118
KH.C2.106	KY21.Chr2.1119
KH.C2.76	KY21.Chr2.1120
KH.C2.925	KY21.Chr2.1121
KH.C2.861	KY21.Chr2.1122
KH.C2.713	KY21.Chr2.1123
KH.C2.926	KY21.Chr2.1123
KH.C2.973	KY21.Chr2.1124
KH.C2.1006	KY21.Chr2.1126
KH.C2.376	KY21.Chr2.1127
KH.C2.852	KY21.Chr2.1128
KH.C2.110	KY21.Chr2.1129
KH.C2.532	KY21.Chr2.1131
KH.C2.487	KY21.Chr2.1132
KH.C2.458	KY21.Chr2.1135
KH.C2.1147	KY21.Chr2.1136
KH.C2.195	KY21.Chr2.1137
KH.C2.1010	KY21.Chr2.1138
KH.C2.499	KY21.Chr2.1139
KH.C2.60	KY21.Chr2.1140
KH.C2.105	KY21.Chr2.1141
KH.C2.307	KY21.Chr2.1142
KH.C2.147	KY21.Chr2.1143
KH.C2.1102	KY21.Chr2.1144
KH.C2.123	KY21.Chr2.1145
KH.C2.795	KY21.Chr2.1146
KH.C2.369	KY21.Chr2.1147
KH.C2.1060	KY21.Chr2.1149
KH.C2.620	KY21.Chr2.1150
KH.C2.681	KY21.Chr2.1151
KH.C2.434	KY21.Chr2.1152
KH.C2.254	KY21.Chr2.1153
KH.C2.287	KY21.Chr2.1154
KH.C2.535	KY21.Chr2.1155
KH.C2.937	KY21.Chr2.1156
KH.C2.1151	KY21.Chr2.1157
KH.C2.51	KY21.Chr2.1160
KH.C2.418	KY21.Chr2.1161
KH.C2.788	KY21.Chr2.1162
KH.C2.67	KY21.Chr2.1163
KH.C2.731	KY21.Chr2.1164
KH.S1089.1	KY21.Chr2.1167
KH.S1089.2	KY21.Chr2.1168
KH.S887.2	KY21.Chr2.1170
KH.S887.3	KY21.Chr2.1171
KH.C2.975	KY21.Chr2.1174
KH.C2.474	KY21.Chr2.1176
KH.C2.720	KY21.Chr2.1177
KH.C2.822	KY21.Chr2.1178
KH.C2.1045	KY21.Chr2.1179
KH.C2.783	KY21.Chr2.1180
KH.C2.682	KY21.Chr2.1181
KH.C2.687	KY21.Chr2.1183
KH.C2.348	KY21.Chr2.1184
KH.C2.628	KY21.Chr2.1185
KH.C2.963	KY21.Chr2.1186
KH.C2.524	KY21.Chr2.1187
KH.C2.99	KY21.Chr2.1188
KH.S594.2	KY21.Chr2.1189
KH.S594.5	KY21.Chr2.1189
KH.S594.1	KY21.Chr2.1190
KH.S594.4	KY21.Chr2.1190
KH.S594.3	KY21.Chr2.1191
KH.C2.1136	KY21.Chr2.1192
KH.C2.1089	KY21.Chr2.1193
KH.S2830.1	KY21.Chr2.1197
KH.C2.571	KY21.Chr2.1199
KH.C2.631	KY21.Chr2.1200
KH.C2.606	KY21.Chr2.1201
KH.C2.101	KY21.Chr2.1203
KH.C2.633	KY21.Chr2.1204
KH.C2.448	KY21.Chr2.1205
KH.C2.668	KY21.Chr2.1206
KH.C2.494	KY21.Chr2.1207
KH.C2.987	KY21.Chr2.1208
KH.C2.704	KY21.Chr2.1209
KH.C2.627	KY21.Chr2.1211
KH.C2.880	KY21.Chr2.1212
KH.C2.643	KY21.Chr2.1214
KH.C2.623	KY21.Chr2.1216
KH.C2.786	KY21.Chr2.1217
KH.C2.90	KY21.Chr2.1218
KH.C2.192	KY21.Chr2.1219
KH.C2.541	KY21.Chr2.1220
KH.C2.766	KY21.Chr2.1221
KH.C2.135	KY21.Chr2.1222
KH.C2.218	KY21.Chr2.1223
KH.C2.1092	KY21.Chr2.1224
KH.C2.1122	KY21.Chr2.1224
KH.C2.1132	KY21.Chr2.1225
KH.C2.1037	KY21.Chr2.1226
KH.C2.508	KY21.Chr2.1227
KH.C2.878	KY21.Chr2.1228
KH.C2.931	KY21.Chr2.1229
KH.C2.259	KY21.Chr2.1230
KH.C2.212	KY21.Chr2.1231
KH.C2.721	KY21.Chr2.1232
KH.C2.304	KY21.Chr2.1233
KH.C2.483	KY21.Chr2.1234
KH.C2.790	KY21.Chr2.1235
KH.C2.438	KY21.Chr2.1236
KH.C2.333	KY21.Chr2.1237
KH.S1085.1	KY21.Chr2.1238
KH.C2.763	KY21.Chr2.1239
KH.C2.1115	KY21.Chr2.1240
KH.C2.542	KY21.Chr2.1241
KH.C2.771	KY21.Chr2.1243
KH.C2.991	KY21.Chr2.1244
KH.C2.804	KY21.Chr2.1245
KH.C2.248	KY21.Chr2.1246
KH.C2.710	KY21.Chr2.1247
KH.C2.648	KY21.Chr2.1248
KH.C2.863	KY21.Chr2.1249
KH.C2.198	KY21.Chr2.1250
KH.C2.847	KY21.Chr2.1252
KH.C2.1112	KY21.Chr2.1253
KH.C2.493	KY21.Chr2.1254
KH.C2.935	KY21.Chr2.1255
KH.C2.10	KY21.Chr2.1257
KH.C2.512	KY21.Chr2.1258
KH.C2.666	KY21.Chr2.1259
KH.C2.537	KY21.Chr2.1260
KH.C2.213	KY21.Chr2.1261
KH.C2.1075	KY21.Chr2.1262
KH.C2.160	KY21.Chr2.1263
KH.C2.830	KY21.Chr2.1264
KH.C2.139	KY21.Chr2.1265
KH.C2.73	KY21.Chr2.1267
KH.C2.214	KY21.Chr2.1268
KH.C2.429	KY21.Chr2.1269
KH.C2.453	KY21.Chr2.1270
KH.C2.8	KY21.Chr2.1271
KH.C2.233	KY21.Chr2.1272
KH.C2.940	KY21.Chr2.1273
KH.C2.301	KY21.Chr2.1274
KH.C2.93	KY21.Chr2.1275
KH.C2.793	KY21.Chr2.1276
KH.C2.37	KY21.Chr2.1277
KH.C2.398	KY21.Chr2.1278
KH.C2.748	KY21.Chr2.1279
KH.C2.974	KY21.Chr2.1280
KH.C2.1064	KY21.Chr2.1281
KH.C2.1129	KY21.Chr2.1284
KH.C2.174	KY21.Chr2.1285
KH.C2.673	KY21.Chr2.1286
KH.C2.624	KY21.Chr2.1287
KH.C2.899	KY21.Chr2.1289
KH.C2.266	KY21.Chr2.1290
KH.C2.842	KY21.Chr2.1291
KH.C2.1152	KY21.Chr2.1292
KH.C2.1068	KY21.Chr2.1294
KH.C2.87	KY21.Chr2.1295
KH.C2.574	KY21.Chr2.1296
KH.C2.592	KY21.Chr2.1297
KH.C2.100	KY21.Chr2.1299
KH.C2.365	KY21.Chr2.1300
KH.C2.515	KY21.Chr2.1302
KH.C2.370	KY21.Chr2.1304
KH.C2.992	KY21.Chr2.1305
KH.C2.28	KY21.Chr2.1306
KH.C2.784	KY21.Chr2.1308
KH.C2.22	KY21.Chr2.1309
KH.C2.996	KY21.Chr2.1310
KH.C2.723	KY21.Chr2.1311
KH.C2.951	KY21.Chr2.1312
KH.C2.1073	KY21.Chr2.1314
KH.C2.445	KY21.Chr2.1315
KH.C2.439	KY21.Chr2.1316
KH.C2.146	KY21.Chr2.1317
KH.C2.998	KY21.Chr2.1318
KH.C2.572	KY21.Chr2.1319
KH.C2.587	KY21.Chr2.1320
KH.C2.768	KY21.Chr2.1321
KH.C2.97	KY21.Chr2.1322
KH.C2.116	KY21.Chr2.1323
KH.C2.1040	KY21.Chr2.1324
KH.C2.827	KY21.Chr2.1325
KH.C2.89	KY21.Chr2.1326
KH.C2.1145	KY21.Chr2.1327
KH.C2.607	KY21.Chr2.1328
KH.C2.1050	KY21.Chr2.1330
KH.C2.283	KY21.Chr2.1331
KH.C2.21	KY21.Chr2.1332
KH.C2.593	KY21.Chr2.1333
KH.C2.129	KY21.Chr2.1334
KH.C2.1028	KY21.Chr2.1335
KH.C2.3	KY21.Chr2.1336
KH.C2.523	KY21.Chr2.1337
KH.C2.342	KY21.Chr2.1338
KH.C2.945	KY21.Chr2.1339
KH.C2.583	KY21.Chr2.1340
KH.C2.176	KY21.Chr2.1341
KH.C2.236	KY21.Chr2.1342
KH.C2.461	KY21.Chr2.1344
KH.C2.206	KY21.Chr2.1345
KH.C2.462	KY21.Chr2.1347
KH.C2.277	KY21.Chr2.1348
KH.C2.708	KY21.Chr2.1349
KH.C2.1074	KY21.Chr2.1350
KH.C2.950	KY21.Chr2.1352
KH.C2.250	KY21.Chr2.1353
KH.C2.138	KY21.Chr2.1354
KH.C2.665	KY21.Chr2.1355
KH.S346.4	KY21.Chr2.1359
KH.S346.2	KY21.Chr2.1360
KH.S346.7	KY21.Chr2.1361
KH.S346.6	KY21.Chr2.1362
KH.S346.3	KY21.Chr2.1363
KH.S346.1	KY21.Chr2.1364
KH.S346.9	KY21.Chr2.1365
KH.S346.10	KY21.Chr2.1366
KH.S346.5	KY21.Chr2.1367
KH.S346.11	KY21.Chr2.1368
KH.S346.8	KY21.Chr2.1369
KH.L108.8	KY21.Chr2.1370
KH.L108.4	KY21.Chr2.1371
KH.L108.1	KY21.Chr2.1373
KH.L108.36	KY21.Chr2.1374
KH.L108.35	KY21.Chr2.1375
KH.L108.9	KY21.Chr2.1376
KH.L108.22	KY21.Chr2.1377
KH.L108.3	KY21.Chr2.1378
KH.L108.40	KY21.Chr2.1379
KH.L108.6	KY21.Chr2.1380
KH.L108.21	KY21.Chr2.1380
KH.L108.41	KY21.Chr2.1383
KH.L108.55	KY21.Chr2.1384
KH.L108.48	KY21.Chr2.1385
KH.L108.12	KY21.Chr2.1386
KH.L108.51	KY21.Chr2.1387
KH.L108.50	KY21.Chr2.1388
KH.L108.30	KY21.Chr2.1389
KH.L108.31	KY21.Chr2.1390
KH.L108.52	KY21.Chr2.1391
KH.L108.46	KY21.Chr2.1393
KH.L108.32	KY21.Chr2.1394
KH.L108.10	KY21.Chr2.1395
KH.L108.5	KY21.Chr2.1396
KH.L108.37	KY21.Chr2.1397
KH.L108.19	KY21.Chr2.1398
KH.L108.43	KY21.Chr2.1399
KH.L108.34	KY21.Chr2.1400
KH.L108.18	KY21.Chr2.1401
KH.L108.28	KY21.Chr2.1402
KH.L108.17	KY21.Chr2.1403
KH.L108.23	KY21.Chr2.1404
KH.L108.49	KY21.Chr2.1405
KH.L108.20	KY21.Chr2.1406
KH.L108.27	KY21.Chr2.1407
KH.L108.38	KY21.Chr2.1407
KH.L108.47	KY21.Chr2.1407
KH.L108.15	KY21.Chr2.1408
KH.L108.25	KY21.Chr2.1409
KH.L60.8	KY21.Chr2.1410
KH.L108.56	KY21.Chr2.1411
KH.L108.54	KY21.Chr2.1412
KH.L108.13	KY21.Chr2.1413
KH.L108.7	KY21.Chr2.1414
KH.L108.16	KY21.Chr2.1415
KH.L108.24	KY21.Chr2.1416
KH.L108.2	KY21.Chr2.1417
KH.L108.14	KY21.Chr2.1418
KH.L108.60	KY21.Chr2.1419
KH.L108.42	KY21.Chr2.1420
KH.L108.44	KY21.Chr2.1421
KH.L108.58	KY21.Chr2.1422
KH.L108.39	KY21.Chr2.1423
KH.L108.45	KY21.Chr2.1424
KH.S2106.1	KY21.Chr2.1424
KH.L108.59	KY21.Chr2.1425
KH.L108.57	KY21.Chr2.1426
KH.L125.2	KY21.Chr2.1427
KH.L125.5	KY21.Chr2.1428
KH.L125.1	KY21.Chr2.1429
KH.L125.4	KY21.Chr2.1430
KH.L94.1	KY21.Chr2.1433
KH.L94.3	KY21.Chr2.1434
KH.L94.2	KY21.Chr2.1435
KH.S928.2	KY21.Chr2.1435
KH.S928.1	KY21.Chr2.1436
KH.L31.1	KY21.Chr2.1437
KH.L31.5	KY21.Chr2.1440
KH.L31.6	KY21.Chr2.1441
KH.L31.3	KY21.Chr2.1442
KH.S744.2	KY21.Chr2.1443
KH.S744.3	KY21.Chr2.1443
KH.S744.1	KY21.Chr2.1444
KH.L114.5	KY21.Chr2.1446
KH.L114.4	KY21.Chr2.1448
KH.L114.1	KY21.Chr2.1449
KH.L114.10	KY21.Chr2.1449
KH.L114.7	KY21.Chr2.1451
KH.L114.3	KY21.Chr2.1452
KH.L114.13	KY21.Chr2.1453
KH.L114.9	KY21.Chr2.1454
KH.L114.2	KY21.Chr2.1455
KH.S694.1	KY21.Chr2.1457
KH.S1717.1	KY21.Chr2.1457
KH.S694.2	KY21.Chr2.1458
KH.S1717.2	KY21.Chr2.1458
KH.L9.17	KY21.Chr2.1459
KH.L139.21	KY21.Chr2.1460
KH.L9.8	KY21.Chr2.1461
KH.L9.36	KY21.Chr2.1462
KH.L9.20	KY21.Chr2.1463
KH.L9.22	KY21.Chr2.1464
KH.S1887.1	KY21.Chr2.1464
KH.L9.9	KY21.Chr2.1465
KH.L9.5	KY21.Chr2.1467
KH.L9.1	KY21.Chr2.1468
KH.L9.40	KY21.Chr2.1469
KH.L9.19	KY21.Chr2.1470
KH.L9.27	KY21.Chr2.1471
KH.L9.3	KY21.Chr2.1472
KH.L9.33	KY21.Chr2.1473
KH.L9.41	KY21.Chr2.1474
KH.L9.38	KY21.Chr2.1475
KH.L9.32	KY21.Chr2.1476
KH.L9.31	KY21.Chr2.1477
KH.L9.15	KY21.Chr2.1478
KH.L9.11	KY21.Chr2.1479
KH.L9.30	KY21.Chr2.1480
KH.L9.24	KY21.Chr2.1481
KH.L9.12	KY21.Chr2.1482
KH.L9.43	KY21.Chr2.1483
KH.L9.7	KY21.Chr2.1484
KH.L9.35	KY21.Chr2.1485
KH.L9.34	KY21.Chr2.1486
KH.L9.23	KY21.Chr2.1487
KH.L9.39	KY21.Chr2.1488
KH.L9.6	KY21.Chr2.1489
KH.L9.26	KY21.Chr2.1490
KH.L9.16	KY21.Chr2.1491
KH.L9.4	KY21.Chr2.1492
KH.L9.2	KY21.Chr2.1493
KH.L9.10	KY21.Chr2.1494
KH.L9.18	KY21.Chr2.1495
KH.L9.14	KY21.Chr2.1496
KH.L9.25	KY21.Chr2.1498
KH.L9.13	KY21.Chr2.1499
KH.L9.21	KY21.Chr2.1500
KH.S2337.1	KY21.Chr2.1502
KH.S2337.2	KY21.Chr2.1503
KH.S1735.3	KY21.Chr2.1504
KH.S1735.4	KY21.Chr2.1505
KH.S1735.1	KY21.Chr2.1507
KH.S988.5	KY21.Chr2.1508
KH.S988.1	KY21.Chr2.1509
KH.S988.2	KY21.Chr2.1510
KH.S988.3	KY21.Chr2.1511
KH.L118.3	KY21.Chr2.1512
KH.S988.4	KY21.Chr2.1512
KH.L118.4	KY21.Chr2.1513
KH.L37.36	KY21.Chr3.1
KH.L37.9	KY21.Chr3.2
KH.L37.42	KY21.Chr3.3
KH.L37.48	KY21.Chr3.4
KH.L164.13	KY21.Chr3.5
KH.L164.19	KY21.Chr3.6
KH.L164.9	KY21.Chr3.7
KH.L164.1	KY21.Chr3.8
KH.L164.21	KY21.Chr3.9
KH.L164.10	KY21.Chr3.10
KH.L37.70	KY21.Chr3.12
KH.L164.11	KY21.Chr3.12
KH.L37.1	KY21.Chr3.14
KH.L37.41	KY21.Chr3.15
KH.L37.66	KY21.Chr3.16
KH.L37.5	KY21.Chr3.18
KH.L37.60	KY21.Chr3.19
KH.L37.40	KY21.Chr3.20
KH.L37.28	KY21.Chr3.21
KH.L37.4	KY21.Chr3.22
KH.L37.31	KY21.Chr3.23
KH.L37.76	KY21.Chr3.24
KH.L37.8	KY21.Chr3.25
KH.L37.43	KY21.Chr3.26
KH.L37.27	KY21.Chr3.27
KH.L37.75	KY21.Chr3.28
KH.C1.1113	KY21.Chr3.29
KH.L37.12	KY21.Chr3.30
KH.L37.29	KY21.Chr3.32
KH.L37.34	KY21.Chr3.33
KH.L37.62	KY21.Chr3.34
KH.L37.21	KY21.Chr3.35
KH.L37.25	KY21.Chr3.37
KH.L37.2	KY21.Chr3.38
KH.L37.52	KY21.Chr3.39
KH.L37.39	KY21.Chr3.40
KH.L37.44	KY21.Chr3.41
KH.L37.63	KY21.Chr3.43
KH.L37.53	KY21.Chr3.45
KH.L37.50	KY21.Chr3.46
KH.L37.7	KY21.Chr3.47
KH.L37.35	KY21.Chr3.48
KH.L37.67	KY21.Chr3.49
KH.S1593.2	KY21.Chr3.50
KH.L37.68	KY21.Chr3.51
KH.S1593.1	KY21.Chr3.51
KH.L19.13	KY21.Chr3.52
KH.L37.6	KY21.Chr3.52
KH.L37.23	KY21.Chr3.53
KH.S1072.1	KY21.Chr3.55
KH.L37.38	KY21.Chr3.58
KH.L37.13	KY21.Chr3.59
KH.L37.32	KY21.Chr3.60
KH.L37.57	KY21.Chr3.61
KH.L37.47	KY21.Chr3.62
KH.L37.65	KY21.Chr3.63
KH.L37.20	KY21.Chr3.64
KH.L37.78	KY21.Chr3.65
KH.L37.18	KY21.Chr3.66
KH.L37.3	KY21.Chr3.68
KH.L37.19	KY21.Chr3.69
KH.L37.15	KY21.Chr3.70
KH.L37.80	KY21.Chr3.71
KH.C4.705	KY21.Chr3.72
KH.L37.33	KY21.Chr3.73
KH.C8.132	KY21.Chr3.74
KH.L37.24	KY21.Chr3.74
KH.L152.56	KY21.Chr3.74
KH.L37.73	KY21.Chr3.75
KH.L37.64	KY21.Chr3.76
KH.L37.51	KY21.Chr3.79
KH.L37.55	KY21.Chr3.80
KH.L37.26	KY21.Chr3.81
KH.L37.54	KY21.Chr3.82
KH.S2664.1	KY21.Chr3.82
KH.L37.10	KY21.Chr3.84
KH.L37.74	KY21.Chr3.85
KH.L37.72	KY21.Chr3.87
KH.L37.22	KY21.Chr3.88
KH.L37.58	KY21.Chr3.89
KH.L37.11	KY21.Chr3.90
KH.L37.37	KY21.Chr3.92
KH.L37.16	KY21.Chr3.93
KH.L37.83	KY21.Chr3.94
KH.L37.79	KY21.Chr3.95
KH.L37.61	KY21.Chr3.96
KH.L37.17	KY21.Chr3.97
KH.L37.56	KY21.Chr3.98
KH.S489.2	KY21.Chr3.99
KH.S489.5	KY21.Chr3.100
KH.S489.7	KY21.Chr3.101
KH.S489.6	KY21.Chr3.102
KH.S489.3	KY21.Chr3.103
KH.S489.1	KY21.Chr3.105
KH.S489.4	KY21.Chr3.108
KH.L14.2	KY21.Chr3.109
KH.L14.3	KY21.Chr3.111
KH.L14.1	KY21.Chr3.112
KH.S776.2	KY21.Chr3.113
KH.S776.1	KY21.Chr3.114
KH.S900.2	KY21.Chr3.114
KH.S403.6	KY21.Chr3.115
KH.S900.1	KY21.Chr3.115
KH.S403.5	KY21.Chr3.116
KH.S403.4	KY21.Chr3.117
KH.S403.2	KY21.Chr3.118
KH.S403.1	KY21.Chr3.120
KH.S403.9	KY21.Chr3.121
KH.S403.3	KY21.Chr3.122
KH.S403.8	KY21.Chr3.123
KH.L90.3	KY21.Chr3.124
KH.L90.6	KY21.Chr3.125
KH.L90.2	KY21.Chr3.126
KH.L90.5	KY21.Chr3.127
KH.L90.11	KY21.Chr3.128
KH.L90.1	KY21.Chr3.129
KH.S1961.1	KY21.Chr3.132
KH.S821.2	KY21.Chr3.135
KH.S821.3	KY21.Chr3.137
KH.S821.1	KY21.Chr3.138
KH.S514.6	KY21.Chr3.140
KH.S514.7	KY21.Chr3.141
KH.S514.3	KY21.Chr3.142
KH.S514.2	KY21.Chr3.143
KH.S514.4	KY21.Chr3.144
KH.S514.8	KY21.Chr3.145
KH.S514.1	KY21.Chr3.146
KH.S514.5	KY21.Chr3.148
KH.L90.10	KY21.Chr3.149
KH.L90.7	KY21.Chr3.151
KH.L90.4	KY21.Chr3.152
KH.L90.8	KY21.Chr3.153
KH.C3.827	KY21.Chr3.154
KH.C3.279	KY21.Chr3.155
KH.C3.502	KY21.Chr3.156
KH.C3.564	KY21.Chr3.156
KH.C3.191	KY21.Chr3.157
KH.C3.753	KY21.Chr3.158
KH.C3.665	KY21.Chr3.159
KH.C3.319	KY21.Chr3.160
KH.C3.844	KY21.Chr3.161
KH.C3.250	KY21.Chr3.162
KH.C3.278	KY21.Chr3.164
KH.C3.206	KY21.Chr3.166
KH.C3.218	KY21.Chr3.167
KH.C3.254	KY21.Chr3.168
KH.C3.730	KY21.Chr3.169
KH.C3.914	KY21.Chr3.170
KH.C3.488	KY21.Chr3.173
KH.C3.333	KY21.Chr3.176
KH.C3.413	KY21.Chr3.177
KH.C3.406	KY21.Chr3.178
KH.C3.262	KY21.Chr3.179
KH.C3.376	KY21.Chr3.180
KH.C3.114	KY21.Chr3.181
KH.C3.403	KY21.Chr3.182
KH.C3.20	KY21.Chr3.183
KH.C3.314	KY21.Chr3.184
KH.C3.443	KY21.Chr3.187
KH.C3.513	KY21.Chr3.188
KH.C3.431	KY21.Chr3.189
KH.C3.422	KY21.Chr3.190
KH.C3.3	KY21.Chr3.191
KH.C3.732	KY21.Chr3.193
KH.C3.604	KY21.Chr3.194
KH.C3.385	KY21.Chr3.197
KH.C3.821	KY21.Chr3.198
KH.C3.72	KY21.Chr3.199
KH.C3.549	KY21.Chr3.200
KH.C3.702	KY21.Chr3.201
KH.C3.17	KY21.Chr3.203
KH.C3.216	KY21.Chr3.206
KH.C3.559	KY21.Chr3.208
KH.C3.400	KY21.Chr3.209
KH.C3.9	KY21.Chr3.210
KH.C3.802	KY21.Chr3.212
KH.C3.728	KY21.Chr3.213
KH.C3.521	KY21.Chr3.214
KH.C3.347	KY21.Chr3.216
KH.C3.363	KY21.Chr3.218
KH.C3.280	KY21.Chr3.219
KH.C3.482	KY21.Chr3.219
KH.C3.807	KY21.Chr3.221
KH.C3.296	KY21.Chr3.222
KH.C3.788	KY21.Chr3.223
KH.C3.713	KY21.Chr3.225
KH.C3.498	KY21.Chr3.227
KH.C3.823	KY21.Chr3.228
KH.C3.698	KY21.Chr3.229
KH.C3.658	KY21.Chr3.230
KH.C3.703	KY21.Chr3.231
KH.C3.544	KY21.Chr3.232
KH.C3.694	KY21.Chr3.235
KH.C3.143	KY21.Chr3.236
KH.C3.882	KY21.Chr3.238
KH.C3.916	KY21.Chr3.240
KH.C3.770	KY21.Chr3.242
KH.C3.660	KY21.Chr3.244
KH.C3.656	KY21.Chr3.245
KH.C3.13	KY21.Chr3.246
KH.C3.712	KY21.Chr3.248
KH.C3.343	KY21.Chr3.249
KH.C3.247	KY21.Chr3.250
KH.C3.293	KY21.Chr3.251
KH.C3.740	KY21.Chr3.252
KH.C3.23	KY21.Chr3.253
KH.C3.793	KY21.Chr3.254
KH.C3.648	KY21.Chr3.255
KH.C3.88	KY21.Chr3.256
KH.C3.174	KY21.Chr3.257
KH.C3.232	KY21.Chr3.258
KH.C3.134	KY21.Chr3.259
KH.C3.223	KY21.Chr3.260
KH.C3.190	KY21.Chr3.261
KH.C3.765	KY21.Chr3.262
KH.C3.868	KY21.Chr3.263
KH.C3.438	KY21.Chr3.264
KH.C3.137	KY21.Chr3.266
KH.C3.459	KY21.Chr3.267
KH.C3.433	KY21.Chr3.269
KH.C3.871	KY21.Chr3.270
KH.C3.588	KY21.Chr3.271
KH.C3.358	KY21.Chr3.272
KH.C3.489	KY21.Chr3.273
KH.C3.76	KY21.Chr3.274
KH.C3.766	KY21.Chr3.275
KH.C3.186	KY21.Chr3.276
KH.C3.530	KY21.Chr3.276
KH.C3.771	KY21.Chr3.277
KH.C12.405	KY21.Chr3.277
KH.C3.82	KY21.Chr3.278
KH.C3.590	KY21.Chr3.279
KH.C3.26	KY21.Chr3.280
KH.C3.686	KY21.Chr3.281
KH.C3.129	KY21.Chr3.282
KH.C3.179	KY21.Chr3.283
KH.C3.237	KY21.Chr3.284
KH.C3.897	KY21.Chr3.285
KH.C3.679	KY21.Chr3.286
KH.C3.607	KY21.Chr3.287
KH.C3.354	KY21.Chr3.290
KH.C3.926	KY21.Chr3.292
KH.C3.6	KY21.Chr3.293
KH.C3.911	KY21.Chr3.295
KH.C3.427	KY21.Chr3.296
KH.C3.704	KY21.Chr3.297
KH.C3.891	KY21.Chr3.298
KH.C3.357	KY21.Chr3.299
KH.C3.841	KY21.Chr3.300
KH.C3.810	KY21.Chr3.301
KH.C3.183	KY21.Chr3.303
KH.C3.200	KY21.Chr3.304
KH.C3.552	KY21.Chr3.305
KH.C3.737	KY21.Chr3.306
KH.C3.854	KY21.Chr3.307
KH.C3.663	KY21.Chr3.308
KH.C3.774	KY21.Chr3.309
KH.L44.14	KY21.Chr3.310
KH.L44.19	KY21.Chr3.311
KH.L44.25	KY21.Chr3.312
KH.L44.13	KY21.Chr3.313
KH.L44.22	KY21.Chr3.314
KH.L44.7	KY21.Chr3.315
KH.L44.24	KY21.Chr3.317
KH.L44.6	KY21.Chr3.318
KH.L44.8	KY21.Chr3.319
KH.L44.10	KY21.Chr3.322
KH.L44.12	KY21.Chr3.323
KH.L44.1	KY21.Chr3.324
KH.L44.17	KY21.Chr3.325
KH.L44.4	KY21.Chr3.326
KH.L44.5	KY21.Chr3.330
KH.L44.11	KY21.Chr3.331
KH.L44.9	KY21.Chr3.332
KH.L44.2	KY21.Chr3.333
KH.L44.15	KY21.Chr3.334
KH.L44.20	KY21.Chr3.334
KH.L44.23	KY21.Chr3.334
KH.L44.21	KY21.Chr3.335
KH.L13.34	KY21.Chr3.336
KH.L44.18	KY21.Chr3.336
KH.L13.1	KY21.Chr3.337
KH.L13.32	KY21.Chr3.338
KH.L13.16	KY21.Chr3.339
KH.L13.26	KY21.Chr3.340
KH.L13.27	KY21.Chr3.341
KH.L13.9	KY21.Chr3.342
KH.L13.8	KY21.Chr3.343
KH.L13.7	KY21.Chr3.344
KH.L13.4	KY21.Chr3.345
KH.L13.14	KY21.Chr3.346
KH.L13.23	KY21.Chr3.347
KH.L13.10	KY21.Chr3.348
KH.L13.22	KY21.Chr3.350
KH.L13.25	KY21.Chr3.350
KH.L13.6	KY21.Chr3.351
KH.L13.13	KY21.Chr3.352
KH.L13.12	KY21.Chr3.353
KH.L13.36	KY21.Chr3.354
KH.L13.24	KY21.Chr3.356
KH.L13.35	KY21.Chr3.357
KH.L13.3	KY21.Chr3.358
KH.L13.17	KY21.Chr3.359
KH.L13.31	KY21.Chr3.360
KH.L13.11	KY21.Chr3.361
KH.L13.21	KY21.Chr3.362
KH.L13.28	KY21.Chr3.363
KH.L13.33	KY21.Chr3.364
KH.L13.19	KY21.Chr3.365
KH.L13.18	KY21.Chr3.367
KH.L13.5	KY21.Chr3.370
KH.L13.20	KY21.Chr3.371
KH.L13.15	KY21.Chr3.372
KH.L13.2	KY21.Chr3.373
KH.L13.29	KY21.Chr3.374
KH.S1451.1	KY21.Chr3.374
KH.L32.1	KY21.Chr3.376
KH.L32.2	KY21.Chr3.377
KH.L32.3	KY21.Chr3.379
KH.L53.22	KY21.Chr3.385
KH.L53.12	KY21.Chr3.386
KH.L53.2	KY21.Chr3.387
KH.L53.1	KY21.Chr3.388
KH.L53.17	KY21.Chr3.389
KH.L53.21	KY21.Chr3.390
KH.L53.4	KY21.Chr3.391
KH.L53.14	KY21.Chr3.392
KH.L53.19	KY21.Chr3.394
KH.L53.11	KY21.Chr3.395
KH.L53.15	KY21.Chr3.397
KH.L53.3	KY21.Chr3.398
KH.L53.7	KY21.Chr3.399
KH.L53.20	KY21.Chr3.400
KH.L53.16	KY21.Chr3.401
KH.L53.6	KY21.Chr3.402
KH.L53.9	KY21.Chr3.402
KH.L53.8	KY21.Chr3.404
KH.L53.13	KY21.Chr3.406
KH.L53.18	KY21.Chr3.407
KH.L46.11	KY21.Chr3.408
KH.L46.1	KY21.Chr3.409
KH.L46.2	KY21.Chr3.410
KH.L46.4	KY21.Chr3.411
KH.L46.14	KY21.Chr3.413
KH.L46.9	KY21.Chr3.415
KH.S1028.2	KY21.Chr3.416
KH.S1028.1	KY21.Chr3.417
KH.S1028.3	KY21.Chr3.419
KH.L46.5	KY21.Chr3.423
KH.L46.12	KY21.Chr3.424
KH.L46.15	KY21.Chr3.425
KH.L63.29	KY21.Chr3.425
KH.L46.16	KY21.Chr3.426
KH.L46.10	KY21.Chr3.427
KH.L46.3	KY21.Chr3.428
KH.L46.7	KY21.Chr3.429
KH.L46.13	KY21.Chr3.430
KH.L63.26	KY21.Chr3.432
KH.L63.2	KY21.Chr3.433
KH.L63.22	KY21.Chr3.434
KH.L63.16	KY21.Chr3.435
KH.L63.5	KY21.Chr3.436
KH.L63.9	KY21.Chr3.437
KH.L63.12	KY21.Chr3.438
KH.L63.15	KY21.Chr3.439
KH.L63.11	KY21.Chr3.440
KH.L63.23	KY21.Chr3.441
KH.S803.2	KY21.Chr3.442
KH.S803.1	KY21.Chr3.443
KH.S803.3	KY21.Chr3.444
KH.L63.1	KY21.Chr3.445
KH.L63.18	KY21.Chr3.446
KH.L63.3	KY21.Chr3.449
KH.L63.7	KY21.Chr3.450
KH.L63.13	KY21.Chr3.451
KH.L63.27	KY21.Chr3.452
KH.L63.17	KY21.Chr3.453
KH.S1081.2	KY21.Chr3.454
KH.S2231.1	KY21.Chr3.455
KH.L63.25	KY21.Chr3.456
KH.L63.8	KY21.Chr3.458
KH.L63.20	KY21.Chr3.459
KH.L63.10	KY21.Chr3.461
KH.L63.19	KY21.Chr3.462
KH.L54.1	KY21.Chr3.466
KH.L54.2	KY21.Chr3.468
KH.L54.3	KY21.Chr3.469
KH.S404.12	KY21.Chr3.470
KH.S404.8	KY21.Chr3.471
KH.S404.9	KY21.Chr3.472
KH.S404.3	KY21.Chr3.473
KH.S404.10	KY21.Chr3.474
KH.S404.1	KY21.Chr3.475
KH.S404.11	KY21.Chr3.476
KH.S404.4	KY21.Chr3.477
KH.S404.7	KY21.Chr3.478
KH.S404.5	KY21.Chr3.479
KH.S404.2	KY21.Chr3.480
KH.L42.8	KY21.Chr3.481
KH.C14.32	KY21.Chr3.482
KH.L42.7	KY21.Chr3.482
KH.L42.11	KY21.Chr3.482
KH.L42.6	KY21.Chr3.483
KH.L42.13	KY21.Chr3.484
KH.L42.3	KY21.Chr3.485
KH.L42.1	KY21.Chr3.487
KH.S1266.1	KY21.Chr3.490
KH.S811.3	KY21.Chr3.491
KH.S811.1	KY21.Chr3.492
KH.L42.2	KY21.Chr3.493
KH.S814.1	KY21.Chr3.493
KH.S814.2	KY21.Chr3.493
KH.L42.10	KY21.Chr3.494
KH.L42.14	KY21.Chr3.495
KH.L42.4	KY21.Chr3.496
KH.S2775.1	KY21.Chr3.500
KH.S1531.3	KY21.Chr3.501
KH.S1531.1	KY21.Chr3.503
KH.S1531.4	KY21.Chr3.504
KH.S1531.2	KY21.Chr3.505
KH.S1244.1	KY21.Chr3.506
KH.C3.674	KY21.Chr3.507
KH.C3.804	KY21.Chr3.508
KH.C3.165	KY21.Chr3.509
KH.C3.68	KY21.Chr3.510
KH.C3.967	KY21.Chr3.511
KH.C3.966	KY21.Chr3.512
KH.C3.773	KY21.Chr3.514
KH.C3.80	KY21.Chr3.516
KH.C3.556	KY21.Chr3.518
KH.C3.62	KY21.Chr3.519
KH.C3.813	KY21.Chr3.520
KH.C3.108	KY21.Chr3.521
KH.C3.298	KY21.Chr3.522
KH.C3.188	KY21.Chr3.523
KH.C3.198	KY21.Chr3.524
KH.S1392.1	KY21.Chr3.525
KH.S1582.1	KY21.Chr3.525
KH.C3.852	KY21.Chr3.526
KH.C3.90	KY21.Chr3.527
KH.C3.641	KY21.Chr3.528
KH.C3.571	KY21.Chr3.529
KH.C3.471	KY21.Chr3.530
KH.C3.630	KY21.Chr3.531
KH.C3.573	KY21.Chr3.532
KH.C3.743	KY21.Chr3.532
KH.C3.325	KY21.Chr3.533
KH.C3.858	KY21.Chr3.534
KH.C3.506	KY21.Chr3.537
KH.C3.806	KY21.Chr3.537
KH.C3.303	KY21.Chr3.538
KH.C3.567	KY21.Chr3.538
KH.C3.102	KY21.Chr3.539
KH.C3.553	KY21.Chr3.541
KH.C3.759	KY21.Chr3.542
KH.C3.527	KY21.Chr3.544
KH.C3.66	KY21.Chr3.545
KH.C3.650	KY21.Chr3.546
KH.C3.204	KY21.Chr3.547
KH.C3.685	KY21.Chr3.548
KH.C3.215	KY21.Chr3.550
KH.C3.526	KY21.Chr3.551
KH.C3.287	KY21.Chr3.553
KH.C3.801	KY21.Chr3.554
KH.S1870.1	KY21.Chr3.556
KH.S1870.2	KY21.Chr3.557
KH.C3.631	KY21.Chr3.558
KH.C3.426	KY21.Chr3.559
KH.C3.474	KY21.Chr3.561
KH.C3.592	KY21.Chr3.562
KH.C3.534	KY21.Chr3.563
KH.C3.312	KY21.Chr3.564
KH.C3.640	KY21.Chr3.565
KH.C3.125	KY21.Chr3.566
KH.C3.769	KY21.Chr3.567
KH.C3.750	KY21.Chr3.568
KH.C3.56	KY21.Chr3.569
KH.C3.780	KY21.Chr3.570
KH.C3.378	KY21.Chr3.571
KH.C3.798	KY21.Chr3.573
KH.C3.603	KY21.Chr3.574
KH.C3.628	KY21.Chr3.575
KH.C3.869	KY21.Chr3.576
KH.S1479.1	KY21.Chr3.578
KH.S1479.2	KY21.Chr3.579
KH.C3.273	KY21.Chr3.580
KH.C3.755	KY21.Chr3.581
KH.S612.1	KY21.Chr3.583
KH.S612.5	KY21.Chr3.583
KH.S612.2	KY21.Chr3.584
KH.S612.4	KY21.Chr3.584
KH.S612.3	KY21.Chr3.585
KH.S351.5	KY21.Chr3.586
KH.S351.4	KY21.Chr3.587
KH.S351.6	KY21.Chr3.588
KH.S351.1	KY21.Chr3.590
KH.S351.2	KY21.Chr3.591
KH.S351.3	KY21.Chr3.592
KH.S970.4	KY21.Chr3.602
KH.S970.1	KY21.Chr3.604
KH.L35.12	KY21.Chr3.606
KH.L35.5	KY21.Chr3.608
KH.L35.1	KY21.Chr3.609
KH.L35.7	KY21.Chr3.610
KH.S1495.1	KY21.Chr3.612
KH.L16.3	KY21.Chr3.624
KH.L16.2	KY21.Chr3.625
KH.L16.1	KY21.Chr3.627
KH.L159.1	KY21.Chr3.630
KH.L76.9	KY21.Chr3.635
KH.L76.12	KY21.Chr3.636
KH.L76.10	KY21.Chr3.637
KH.L76.11	KY21.Chr3.638
KH.L76.2	KY21.Chr3.646
KH.L76.13	KY21.Chr3.649
KH.L76.7	KY21.Chr3.650
KH.L76.6	KY21.Chr3.651
KH.L76.1	KY21.Chr3.655
KH.S630.1	KY21.Chr3.656
KH.S630.2	KY21.Chr3.657
KH.L76.3	KY21.Chr3.658
KH.L76.15	KY21.Chr3.660
KH.L76.4	KY21.Chr3.661
KH.C3.142	KY21.Chr3.662
KH.C3.387	KY21.Chr3.663
KH.C3.7	KY21.Chr3.664
KH.C3.22	KY21.Chr3.665
KH.C3.547	KY21.Chr3.666
KH.C3.93	KY21.Chr3.668
KH.C3.715	KY21.Chr3.669
KH.C3.315	KY21.Chr3.670
KH.C3.161	KY21.Chr3.671
KH.C3.118	KY21.Chr3.672
KH.C3.938	KY21.Chr3.672
KH.C3.349	KY21.Chr3.674
KH.C3.16	KY21.Chr3.675
KH.C3.612	KY21.Chr3.676
KH.C3.606	KY21.Chr3.678
KH.C3.135	KY21.Chr3.679
KH.C3.855	KY21.Chr3.680
KH.C3.162	KY21.Chr3.681
KH.C3.566	KY21.Chr3.685
KH.C3.421	KY21.Chr3.692
KH.C3.748	KY21.Chr3.693
KH.C3.140	KY21.Chr3.694
KH.C3.103	KY21.Chr3.696
KH.C3.328	KY21.Chr3.697
KH.C3.322	KY21.Chr3.698
KH.C3.932	KY21.Chr3.699
KH.C3.738	KY21.Chr3.700
KH.C3.723	KY21.Chr3.701
KH.C3.434	KY21.Chr3.702
KH.C3.681	KY21.Chr3.703
KH.C3.169	KY21.Chr3.704
KH.C3.463	KY21.Chr3.704
KH.C3.283	KY21.Chr3.705
KH.C3.359	KY21.Chr3.706
KH.C3.515	KY21.Chr3.707
KH.C3.261	KY21.Chr3.708
KH.C3.898	KY21.Chr3.709
KH.C3.408	KY21.Chr3.710
KH.C3.907	KY21.Chr3.711
KH.C3.4	KY21.Chr3.712
KH.C3.460	KY21.Chr3.713
KH.C3.323	KY21.Chr3.714
KH.C3.509	KY21.Chr3.715
KH.C3.734	KY21.Chr3.716
KH.C3.138	KY21.Chr3.717
KH.C3.158	KY21.Chr3.718
KH.C3.317	KY21.Chr3.719
KH.C3.77	KY21.Chr3.720
KH.C3.432	KY21.Chr3.721
KH.C3.131	KY21.Chr3.722
KH.C3.310	KY21.Chr3.723
KH.C3.642	KY21.Chr3.724
KH.C3.176	KY21.Chr3.725
KH.C3.644	KY21.Chr3.726
KH.C3.184	KY21.Chr3.728
KH.C3.625	KY21.Chr3.728
KH.C3.222	KY21.Chr3.729
KH.C3.925	KY21.Chr3.730
KH.C3.224	KY21.Chr3.731
KH.C3.591	KY21.Chr3.732
KH.C3.368	KY21.Chr3.733
KH.C3.754	KY21.Chr3.734
KH.C3.587	KY21.Chr3.735
KH.C3.313	KY21.Chr3.736
KH.C3.251	KY21.Chr3.737
KH.C3.151	KY21.Chr3.738
KH.C3.70	KY21.Chr3.739
KH.C3.905	KY21.Chr3.740
KH.C3.742	KY21.Chr3.741
KH.C3.721	KY21.Chr3.742
KH.C3.872	KY21.Chr3.743
KH.C3.437	KY21.Chr3.744
KH.C3.268	KY21.Chr3.745
KH.C3.153	KY21.Chr3.746
KH.C3.301	KY21.Chr3.747
KH.C3.330	KY21.Chr3.748
KH.C3.99	KY21.Chr3.749
KH.C3.39	KY21.Chr3.750
KH.C3.836	KY21.Chr3.751
KH.C3.265	KY21.Chr3.752
KH.C3.15	KY21.Chr3.753
KH.C3.58	KY21.Chr3.754
KH.C3.147	KY21.Chr3.755
KH.C3.470	KY21.Chr3.756
KH.C3.901	KY21.Chr3.758
KH.C3.610	KY21.Chr3.759
KH.C3.14	KY21.Chr3.762
KH.C3.271	KY21.Chr3.763
KH.C3.480	KY21.Chr3.764
KH.C3.348	KY21.Chr3.765
KH.C3.192	KY21.Chr3.766
KH.C3.764	KY21.Chr3.767
KH.C3.51	KY21.Chr3.768
KH.C3.838	KY21.Chr3.769
KH.C3.776	KY21.Chr3.770
KH.C3.533	KY21.Chr3.771
KH.C3.253	KY21.Chr3.772
KH.C3.159	KY21.Chr3.774
KH.C3.10	KY21.Chr3.775
KH.C3.163	KY21.Chr3.776
KH.C3.377	KY21.Chr3.777
KH.C3.892	KY21.Chr3.778
KH.C3.249	KY21.Chr3.780
KH.C3.540	KY21.Chr3.781
KH.C3.307	KY21.Chr3.782
KH.C3.850	KY21.Chr3.783
KH.C3.466	KY21.Chr3.784
KH.C3.286	KY21.Chr3.786
KH.C3.344	KY21.Chr3.787
KH.C3.655	KY21.Chr3.788
KH.C3.199	KY21.Chr3.789
KH.C3.913	KY21.Chr3.790
KH.C3.318	KY21.Chr3.791
KH.C3.809	KY21.Chr3.792
KH.C3.826	KY21.Chr3.795
KH.C3.182	KY21.Chr3.797
KH.C3.618	KY21.Chr3.798
KH.C3.245	KY21.Chr3.799
KH.C3.923	KY21.Chr3.800
KH.C3.676	KY21.Chr3.801
KH.C3.472	KY21.Chr3.802
KH.C3.595	KY21.Chr3.803
KH.C3.128	KY21.Chr3.804
KH.C3.589	KY21.Chr3.805
KH.C10.497	KY21.Chr3.806
KH.S424.6	KY21.Chr3.806
KH.C3.194	KY21.Chr3.807
KH.C3.519	KY21.Chr3.808
KH.C3.252	KY21.Chr3.809
KH.C3.649	KY21.Chr3.810
KH.C3.701	KY21.Chr3.810
KH.C3.91	KY21.Chr3.811
KH.C3.352	KY21.Chr3.813
KH.C3.236	KY21.Chr3.814
KH.C3.193	KY21.Chr3.815
KH.C3.568	KY21.Chr3.816
KH.C3.392	KY21.Chr3.817
KH.C3.797	KY21.Chr3.818
KH.C3.146	KY21.Chr3.819
KH.C3.141	KY21.Chr3.820
KH.C3.331	KY21.Chr3.821
KH.C3.457	KY21.Chr3.823
KH.S1835.1	KY21.Chr3.824
KH.C3.65	KY21.Chr3.825
KH.C3.522	KY21.Chr3.826
KH.C3.246	KY21.Chr3.827
KH.C3.197	KY21.Chr3.828
KH.C3.269	KY21.Chr3.829
KH.C3.497	KY21.Chr3.830
KH.S930.1	KY21.Chr3.830
KH.C3.231	KY21.Chr3.832
KH.C3.537	KY21.Chr3.833
KH.C3.572	KY21.Chr3.833
KH.C3.84	KY21.Chr3.834
KH.C3.63	KY21.Chr3.836
KH.C3.404	KY21.Chr3.837
KH.C3.711	KY21.Chr3.838
KH.C3.611	KY21.Chr3.839
KH.C3.449	KY21.Chr3.841
KH.C3.490	KY21.Chr3.842
KH.C3.468	KY21.Chr3.843
KH.C3.150	KY21.Chr3.844
KH.C3.784	KY21.Chr3.845
KH.C3.645	KY21.Chr3.846
KH.S1218.3	KY21.Chr3.848
KH.S2084.1	KY21.Chr3.856
KH.C3.416	KY21.Chr3.859
KH.C3.393	KY21.Chr3.860
KH.C3.334	KY21.Chr3.861
KH.C3.229	KY21.Chr3.862
KH.C3.332	KY21.Chr3.863
KH.C3.391	KY21.Chr3.864
KH.C3.425	KY21.Chr3.866
KH.C3.211	KY21.Chr3.867
KH.C3.384	KY21.Chr3.868
KH.C3.536	KY21.Chr3.869
KH.C3.201	KY21.Chr3.870
KH.C3.481	KY21.Chr3.871
KH.C3.762	KY21.Chr3.874
KH.C3.202	KY21.Chr3.875
KH.C3.52	KY21.Chr3.879
KH.C3.529	KY21.Chr3.880
KH.C3.716	KY21.Chr3.881
KH.C3.187	KY21.Chr3.882
KH.C3.123	KY21.Chr3.883
KH.C3.639	KY21.Chr3.884
KH.C3.862	KY21.Chr3.884
KH.C3.361	KY21.Chr3.885
KH.C3.178	KY21.Chr3.886
KH.C3.121	KY21.Chr3.887
KH.C3.597	KY21.Chr3.888
KH.C3.707	KY21.Chr3.889
KH.C3.388	KY21.Chr3.890
KH.C3.541	KY21.Chr3.891
KH.C3.329	KY21.Chr3.894
KH.C3.664	KY21.Chr3.895
KH.C3.622	KY21.Chr3.896
KH.C3.122	KY21.Chr3.897
KH.C3.657	KY21.Chr3.898
KH.C3.133	KY21.Chr3.904
KH.C3.525	KY21.Chr3.905
KH.C3.819	KY21.Chr3.906
KH.C3.297	KY21.Chr3.907
KH.C3.659	KY21.Chr3.909
KH.C3.285	KY21.Chr3.910
KH.C3.842	KY21.Chr3.911
KH.C3.256	KY21.Chr3.912
KH.C3.775	KY21.Chr3.913
KH.C3.465	KY21.Chr3.914
KH.C3.582	KY21.Chr3.916
KH.C3.692	KY21.Chr3.917
KH.C3.164	KY21.Chr3.918
KH.C3.44	KY21.Chr3.919
KH.C3.209	KY21.Chr3.920
KH.C3.34	KY21.Chr3.921
KH.C3.447	KY21.Chr3.922
KH.C3.110	KY21.Chr3.924
KH.S1600.2	KY21.Chr3.924
KH.C3.581	KY21.Chr3.925
KH.C3.634	KY21.Chr3.925
KH.S1600.1	KY21.Chr3.925
KH.C3.172	KY21.Chr3.926
KH.C3.383	KY21.Chr3.930
KH.C3.60	KY21.Chr3.931
KH.C3.647	KY21.Chr3.931
KH.C3.602	KY21.Chr3.932
KH.C3.101	KY21.Chr3.933
KH.C3.903	KY21.Chr3.934
KH.C3.565	KY21.Chr3.935
KH.C3.160	KY21.Chr3.936
KH.C3.919	KY21.Chr3.937
KH.C3.365	KY21.Chr3.939
KH.C3.59	KY21.Chr3.940
KH.C3.175	KY21.Chr3.941
KH.C3.304	KY21.Chr3.942
KH.C3.866	KY21.Chr3.943
KH.C3.89	KY21.Chr3.947
KH.C3.274	KY21.Chr3.948
KH.C3.910	KY21.Chr3.949
KH.C3.145	KY21.Chr3.950
KH.C3.227	KY21.Chr3.951
KH.C3.475	KY21.Chr3.952
KH.C3.115	KY21.Chr3.953
KH.C3.401	KY21.Chr3.954
KH.C3.817	KY21.Chr3.955
KH.C3.5	KY21.Chr3.956
KH.C3.226	KY21.Chr3.958
KH.C3.863	KY21.Chr3.959
KH.C3.213	KY21.Chr3.960
KH.C3.791	KY21.Chr3.961
KH.C3.291	KY21.Chr3.962
KH.C3.669	KY21.Chr3.963
KH.S1011.2	KY21.Chr3.968
KH.S1011.3	KY21.Chr3.969
KH.C3.43	KY21.Chr3.970
KH.C3.355	KY21.Chr3.970
KH.C3.599	KY21.Chr3.971
KH.C3.633	KY21.Chr3.972
KH.C3.207	KY21.Chr3.973
KH.C3.275	KY21.Chr3.974
KH.C3.623	KY21.Chr3.975
KH.C3.708	KY21.Chr3.976
KH.C3.876	KY21.Chr3.977
KH.C3.100	KY21.Chr3.978
KH.C3.627	KY21.Chr3.979
KH.C3.28	KY21.Chr3.981
KH.C3.53	KY21.Chr3.982
KH.C3.47	KY21.Chr3.983
KH.C3.837	KY21.Chr3.987
KH.C3.170	KY21.Chr3.989
KH.C3.75	KY21.Chr3.990
KH.C3.233	KY21.Chr3.991
KH.C3.495	KY21.Chr3.992
KH.C3.683	KY21.Chr3.993
KH.C3.538	KY21.Chr3.994
KH.C3.651	KY21.Chr3.995
KH.C3.569	KY21.Chr3.996
KH.C3.374	KY21.Chr3.997
KH.C3.677	KY21.Chr3.998
KH.C3.351	KY21.Chr3.999
KH.C3.787	KY21.Chr3.1002
KH.C3.381	KY21.Chr3.1006
KH.C3.335	KY21.Chr3.1007
KH.C3.629	KY21.Chr3.1008
KH.C3.557	KY21.Chr3.1009
KH.C3.893	KY21.Chr3.1009
KH.C3.654	KY21.Chr3.1010
KH.C3.292	KY21.Chr3.1011
KH.C3.350	KY21.Chr3.1012
KH.C3.48	KY21.Chr3.1017
KH.C3.689	KY21.Chr3.1018
KH.C3.831	KY21.Chr3.1019
KH.C3.136	KY21.Chr3.1020
KH.C3.504	KY21.Chr3.1022
KH.C3.380	KY21.Chr3.1023
KH.C3.600	KY21.Chr3.1023
KH.S800.3	KY21.Chr3.1023
KH.S800.1	KY21.Chr3.1024
KH.C3.264	KY21.Chr3.1025
KH.C3.424	KY21.Chr3.1026
KH.C3.130	KY21.Chr3.1027
KH.C3.270	KY21.Chr3.1028
KH.C3.491	KY21.Chr3.1031
KH.C3.277	KY21.Chr3.1032
KH.C3.166	KY21.Chr3.1033
KH.C3.621	KY21.Chr3.1034
KH.C3.560	KY21.Chr3.1035
KH.C3.109	KY21.Chr3.1036
KH.C3.375	KY21.Chr3.1037
KH.C3.816	KY21.Chr3.1038
KH.C3.337	KY21.Chr3.1039
KH.C3.539	KY21.Chr3.1042
KH.C3.42	KY21.Chr3.1043
KH.C3.860	KY21.Chr3.1044
KH.C3.965	KY21.Chr3.1045
KH.C3.719	KY21.Chr3.1046
KH.C3.635	KY21.Chr3.1047
KH.C3.369	KY21.Chr3.1048
KH.C3.744	KY21.Chr3.1049
KH.C3.705	KY21.Chr3.1050
KH.C3.281	KY21.Chr3.1054
KH.C3.616	KY21.Chr3.1057
KH.C3.371	KY21.Chr3.1058
KH.C3.289	KY21.Chr3.1059
KH.C3.477	KY21.Chr3.1060
KH.C3.594	KY21.Chr3.1061
KH.C3.520	KY21.Chr3.1062
KH.C3.671	KY21.Chr3.1063
KH.C3.492	KY21.Chr3.1064
KH.C3.593	KY21.Chr3.1065
KH.C3.152	KY21.Chr3.1066
KH.C3.952	KY21.Chr3.1068
KH.C3.37	KY21.Chr3.1069
KH.C3.545	KY21.Chr3.1070
KH.C3.40	KY21.Chr3.1071
KH.C3.173	KY21.Chr3.1071
KH.C3.309	KY21.Chr3.1073
KH.C3.867	KY21.Chr3.1074
KH.C3.38	KY21.Chr3.1076
KH.C3.682	KY21.Chr3.1077
KH.C3.877	KY21.Chr3.1078
KH.C3.241	KY21.Chr3.1079
KH.C3.889	KY21.Chr3.1080
KH.C3.86	KY21.Chr3.1081
KH.C3.814	KY21.Chr3.1082
KH.C3.767	KY21.Chr3.1083
KH.C3.370	KY21.Chr3.1084
KH.C3.885	KY21.Chr3.1084
KH.C3.453	KY21.Chr3.1086
KH.C3.155	KY21.Chr3.1088
KH.C3.456	KY21.Chr3.1089
KH.C3.619	KY21.Chr3.1090
KH.C3.450	KY21.Chr3.1092
KH.C3.493	KY21.Chr3.1093
KH.C3.451	KY21.Chr3.1094
KH.C3.514	KY21.Chr3.1095
KH.C3.741	KY21.Chr3.1097
KH.C3.550	KY21.Chr3.1098
KH.C3.442	KY21.Chr3.1099
KH.C3.532	KY21.Chr3.1100
KH.C3.61	KY21.Chr3.1101
KH.C3.356	KY21.Chr3.1102
KH.C3.636	KY21.Chr3.1103
KH.C3.661	KY21.Chr3.1104
KH.C3.887	KY21.Chr3.1106
KH.C3.902	KY21.Chr3.1107
KH.C3.195	KY21.Chr3.1108
KH.C3.189	KY21.Chr3.1109
KH.C3.29	KY21.Chr3.1110
KH.C3.113	KY21.Chr3.1111
KH.C3.668	KY21.Chr3.1112
KH.C3.260	KY21.Chr3.1113
KH.C3.512	KY21.Chr3.1114
KH.C3.884	KY21.Chr3.1115
KH.C3.418	KY21.Chr3.1116
KH.C3.116	KY21.Chr3.1117
KH.C3.487	KY21.Chr3.1118
KH.C3.106	KY21.Chr3.1119
KH.C3.718	KY21.Chr3.1120
KH.C3.399	KY21.Chr3.1121
KH.C3.30	KY21.Chr3.1122
KH.C3.617	KY21.Chr3.1123
KH.C3.405	KY21.Chr3.1125
KH.C3.608	KY21.Chr3.1126
KH.C3.105	KY21.Chr3.1127
KH.C3.596	KY21.Chr3.1129
KH.C3.678	KY21.Chr3.1130
KH.C3.83	KY21.Chr3.1131
KH.C3.924	KY21.Chr3.1132
KH.C3.615	KY21.Chr3.1135
KH.C3.828	KY21.Chr3.1136
KH.C3.24	KY21.Chr3.1137
KH.C3.117	KY21.Chr3.1140
KH.C3.81	KY21.Chr3.1141
KH.C3.345	KY21.Chr3.1142
KH.C3.454	KY21.Chr3.1143
KH.C3.338	KY21.Chr3.1144
KH.C3.284	KY21.Chr3.1145
KH.C3.55	KY21.Chr3.1146
KH.C3.717	KY21.Chr3.1147
KH.C3.420	KY21.Chr3.1148
KH.C3.899	KY21.Chr3.1149
KH.C3.888	KY21.Chr3.1150
KH.C3.796	KY21.Chr3.1151
KH.C3.574	KY21.Chr3.1152
KH.C3.920	KY21.Chr3.1153
KH.C3.485	KY21.Chr3.1154
KH.C3.918	KY21.Chr3.1155
KH.C3.652	KY21.Chr3.1160
KH.C3.185	KY21.Chr3.1162
KH.C3.562	KY21.Chr3.1164
KH.C3.243	KY21.Chr3.1165
KH.C3.126	KY21.Chr3.1166
KH.C3.85	KY21.Chr3.1167
KH.C3.8	KY21.Chr3.1168
KH.C3.157	KY21.Chr3.1169
KH.C3.25	KY21.Chr3.1170
KH.C3.107	KY21.Chr3.1171
KH.C3.324	KY21.Chr3.1172
KH.C3.580	KY21.Chr3.1175
KH.C3.98	KY21.Chr3.1176
KH.C3.763	KY21.Chr3.1177
KH.C3.71	KY21.Chr3.1178
KH.C3.2	KY21.Chr3.1179
KH.C3.849	KY21.Chr3.1180
KH.C3.27	KY21.Chr3.1181
KH.C3.300	KY21.Chr3.1182
KH.C3.398	KY21.Chr3.1183
KH.S1614.1	KY21.Chr3.1185
KH.C3.790	KY21.Chr3.1186
KH.C3.373	KY21.Chr3.1187
KH.C3.473	KY21.Chr3.1188
KH.C3.795	KY21.Chr3.1189
KH.C3.561	KY21.Chr3.1191
KH.C3.879	KY21.Chr3.1192
KH.C3.35	KY21.Chr3.1193
KH.C3.415	KY21.Chr3.1194
KH.C3.786	KY21.Chr3.1195
KH.C3.746	KY21.Chr3.1196
KH.C3.500	KY21.Chr3.1197
KH.C3.230	KY21.Chr3.1198
KH.C3.815	KY21.Chr3.1199
KH.C3.469	KY21.Chr3.1200
KH.C3.673	KY21.Chr3.1201
KH.C3.928	KY21.Chr3.1202
KH.C3.518	KY21.Chr3.1203
KH.C3.927	KY21.Chr3.1204
KH.C3.181	KY21.Chr3.1205
KH.C3.412	KY21.Chr3.1207
KH.C3.583	KY21.Chr3.1208
KH.C3.444	KY21.Chr3.1209
KH.C3.104	KY21.Chr3.1211
KH.C3.638	KY21.Chr3.1212
KH.C3.428	KY21.Chr3.1213
KH.C3.861	KY21.Chr3.1214
KH.C3.670	KY21.Chr3.1216
KH.C3.768	KY21.Chr3.1219
KH.C3.803	KY21.Chr3.1220
KH.C3.248	KY21.Chr3.1221
KH.C3.800	KY21.Chr3.1222
KH.C3.119	KY21.Chr3.1223
KH.C3.366	KY21.Chr3.1224
KH.C3.139	KY21.Chr3.1225
KH.C3.389	KY21.Chr3.1226
KH.C3.727	KY21.Chr3.1227
KH.C3.327	KY21.Chr3.1229
KH.C3.792	KY21.Chr3.1231
KH.C3.517	KY21.Chr3.1234
KH.C3.820	KY21.Chr3.1235
KH.C3.575	KY21.Chr3.1237
KH.C3.700	KY21.Chr3.1239
KH.C3.439	KY21.Chr3.1240
KH.C3.693	KY21.Chr3.1241
KH.C3.756	KY21.Chr3.1241
KH.C3.722	KY21.Chr3.1242
KH.C3.875	KY21.Chr3.1243
KH.C3.276	KY21.Chr3.1244
KH.C3.238	KY21.Chr3.1245
KH.C3.272	KY21.Chr3.1247
KH.C3.725	KY21.Chr3.1249
KH.C3.570	KY21.Chr3.1250
KH.C3.505	KY21.Chr3.1251
KH.C3.848	KY21.Chr3.1252
KH.C3.257	KY21.Chr3.1254
KH.L129.9	KY21.Chr3.1255
KH.C3.675	KY21.Chr3.1257
KH.C3.886	KY21.Chr3.1258
KH.C3.379	KY21.Chr3.1260
KH.C3.462	KY21.Chr3.1261
KH.C3.585	KY21.Chr3.1262
KH.C3.149	KY21.Chr3.1263
KH.C3.524	KY21.Chr3.1265
KH.C3.11	KY21.Chr3.1266
KH.C3.167	KY21.Chr3.1268
KH.C3.228	KY21.Chr3.1269
KH.C3.132	KY21.Chr3.1270
KH.C3.781	KY21.Chr3.1271
KH.C3.214	KY21.Chr3.1272
KH.C3.906	KY21.Chr3.1273
KH.C3.436	KY21.Chr3.1275
KH.C3.407	KY21.Chr3.1276
KH.C3.883	KY21.Chr3.1277
KH.C3.210	KY21.Chr3.1278
KH.C3.749	KY21.Chr3.1279
KH.C3.196	KY21.Chr3.1280
KH.C3.448	KY21.Chr3.1281
KH.C3.417	KY21.Chr3.1282
KH.C3.208	KY21.Chr3.1285
KH.C3.666	KY21.Chr3.1286
KH.C3.308	KY21.Chr3.1287
KH.C3.112	KY21.Chr3.1288
KH.C3.818	KY21.Chr3.1293
KH.C3.598	KY21.Chr3.1294
KH.C3.212	KY21.Chr3.1295
KH.C3.909	KY21.Chr3.1296
KH.C3.912	KY21.Chr3.1297
KH.C3.340	KY21.Chr3.1298
KH.L129.4	KY21.Chr3.1299
KH.S1371.1	KY21.Chr3.1299
KH.C3.511	KY21.Chr3.1302
KH.C3.31	KY21.Chr3.1305
KH.C3.667	KY21.Chr3.1307
KH.C3.709	KY21.Chr3.1310
KH.C3.396	KY21.Chr3.1311
KH.C3.483	KY21.Chr3.1312
KH.C3.239	KY21.Chr3.1313
KH.C3.646	KY21.Chr3.1314
KH.C3.339	KY21.Chr3.1315
KH.C3.409	KY21.Chr3.1316
KH.C3.864	KY21.Chr3.1317
KH.C3.934	KY21.Chr3.1318
KH.C3.455	KY21.Chr3.1319
KH.C3.695	KY21.Chr3.1319
KH.C3.326	KY21.Chr3.1320
KH.C3.458	KY21.Chr3.1321
KH.C3.851	KY21.Chr3.1322
KH.C3.516	KY21.Chr3.1323
KH.C3.859	KY21.Chr3.1324
KH.C3.794	KY21.Chr3.1325
KH.C3.364	KY21.Chr3.1326
KH.C3.49	KY21.Chr3.1327
KH.C3.579	KY21.Chr3.1328
KH.C3.605	KY21.Chr3.1329
KH.C3.736	KY21.Chr3.1330
KH.C3.894	KY21.Chr3.1331
KH.C3.36	KY21.Chr3.1332
KH.C3.486	KY21.Chr3.1333
KH.C3.367	KY21.Chr3.1334
KH.C3.382	KY21.Chr3.1335
KH.C3.445	KY21.Chr3.1336
KH.C3.839	KY21.Chr3.1342
KH.C3.177	KY21.Chr3.1347
KH.C3.255	KY21.Chr3.1348
KH.C3.402	KY21.Chr3.1349
KH.C3.64	KY21.Chr3.1350
KH.C3.217	KY21.Chr3.1352
KH.C3.917	KY21.Chr3.1353
KH.C3.758	KY21.Chr3.1354
KH.C3.672	KY21.Chr3.1355
KH.C3.751	KY21.Chr3.1356
KH.C3.563	KY21.Chr3.1357
KH.C3.830	KY21.Chr3.1358
KH.C3.922	KY21.Chr3.1360
KH.C3.203	KY21.Chr3.1361
KH.C3.360	KY21.Chr3.1364
KH.C3.706	KY21.Chr3.1365
KH.C3.542	KY21.Chr3.1367
KH.C3.430	KY21.Chr3.1368
KH.C3.410	KY21.Chr3.1369
KH.C3.120	KY21.Chr3.1370
KH.C3.856	KY21.Chr3.1371
KH.C3.476	KY21.Chr3.1372
KH.C3.67	KY21.Chr3.1380
KH.C3.266	KY21.Chr3.1381
KH.C3.12	KY21.Chr3.1382
KH.C3.429	KY21.Chr3.1383
KH.C3.73	KY21.Chr3.1385
KH.C3.878	KY21.Chr3.1386
KH.C3.92	KY21.Chr3.1387
KH.C3.880	KY21.Chr3.1388
KH.C3.263	KY21.Chr3.1390
KH.C3.586	KY21.Chr3.1391
KH.C3.915	KY21.Chr3.1396
KH.C3.687	KY21.Chr3.1397
KH.C3.294	KY21.Chr3.1398
KH.C3.499	KY21.Chr3.1399
KH.C3.342	KY21.Chr3.1400
KH.C3.554	KY21.Chr3.1401
KH.C3.890	KY21.Chr3.1402
KH.C3.97	KY21.Chr3.1403
KH.C3.446	KY21.Chr3.1404
KH.C3.205	KY21.Chr3.1405
KH.C3.643	KY21.Chr3.1406
KH.C3.551	KY21.Chr3.1407
KH.C3.244	KY21.Chr3.1408
KH.C3.148	KY21.Chr3.1409
KH.C3.874	KY21.Chr3.1410
KH.C3.302	KY21.Chr3.1411
KH.C3.74	KY21.Chr3.1412
KH.C3.624	KY21.Chr3.1413
KH.C3.320	KY21.Chr3.1414
KH.C3.699	KY21.Chr3.1415
KH.S1303.2	KY21.Chr3.1417
KH.S1303.3	KY21.Chr3.1418
KH.S1303.1	KY21.Chr3.1419
KH.C3.779	KY21.Chr3.1421
KH.C3.288	KY21.Chr3.1422
KH.C3.33	KY21.Chr3.1423
KH.C3.747	KY21.Chr3.1426
KH.C3.501	KY21.Chr3.1427
KH.C3.637	KY21.Chr3.1428
KH.C3.311	KY21.Chr3.1429
KH.C3.626	KY21.Chr3.1431
KH.C3.124	KY21.Chr3.1432
KH.C3.548	KY21.Chr3.1433
KH.C3.321	KY21.Chr3.1434
KH.C3.601	KY21.Chr3.1435
KH.C3.156	KY21.Chr3.1436
KH.C3.697	KY21.Chr3.1437
KH.C3.720	KY21.Chr3.1438
KH.C3.824	KY21.Chr3.1439
KH.C3.832	KY21.Chr3.1440
KH.C3.259	KY21.Chr3.1441
KH.C3.494	KY21.Chr3.1442
KH.C3.710	KY21.Chr3.1443
KH.C3.900	KY21.Chr3.1444
KH.C3.535	KY21.Chr3.1446
KH.C3.835	KY21.Chr3.1447
KH.C3.684	KY21.Chr3.1448
KH.C3.154	KY21.Chr3.1450
KH.C3.783	KY21.Chr3.1451
KH.C3.414	KY21.Chr3.1457
KH.C3.921	KY21.Chr3.1458
KH.C3.1	KY21.Chr3.1459
KH.C3.523	KY21.Chr3.1460
KH.C3.441	KY21.Chr3.1461
KH.C3.96	KY21.Chr3.1462
KH.C3.94	KY21.Chr3.1463
KH.C3.908	KY21.Chr3.1464
KH.C3.19	KY21.Chr3.1465
KH.C3.45	KY21.Chr3.1467
KH.C3.411	KY21.Chr3.1468
KH.C3.32	KY21.Chr3.1469
KH.C3.895	KY21.Chr3.1470
KH.C3.21	KY21.Chr3.1471
KH.C3.528	KY21.Chr3.1472
KH.C3.724	KY21.Chr3.1474
KH.C3.171	KY21.Chr3.1475
KH.C3.760	KY21.Chr3.1476
KH.C3.930	KY21.Chr3.1478
KH.C3.225	KY21.Chr3.1480
KH.C3.576	KY21.Chr3.1481
KH.C3.846	KY21.Chr3.1484
KH.C3.394	KY21.Chr3.1485
KH.C3.690	KY21.Chr3.1486
KH.C3.386	KY21.Chr3.1487
KH.C3.840	KY21.Chr3.1487
KH.C3.395	KY21.Chr3.1488
KH.C3.282	KY21.Chr3.1489
KH.C3.305	KY21.Chr3.1490
KH.C3.745	KY21.Chr3.1491
KH.C3.57	KY21.Chr3.1492
KH.C3.777	KY21.Chr3.1493
KH.C3.691	KY21.Chr3.1495
KH.C3.127	KY21.Chr3.1496
KH.C3.234	KY21.Chr3.1497
KH.C3.219	KY21.Chr3.1498
KH.C3.87	KY21.Chr3.1499
KH.C3.295	KY21.Chr3.1500
KH.C3.662	KY21.Chr3.1501
KH.C3.578	KY21.Chr3.1502
KH.C3.461	KY21.Chr3.1504
KH.C3.508	KY21.Chr3.1505
KH.C3.896	KY21.Chr3.1506
KH.C3.390	KY21.Chr3.1507
KH.C3.316	KY21.Chr3.1509
KH.C3.435	KY21.Chr3.1510
KH.C3.696	KY21.Chr3.1512
KH.C3.267	KY21.Chr3.1514
KH.C3.258	KY21.Chr3.1515
KH.C3.69	KY21.Chr3.1516
KH.S555.7	KY21.Chr3.1517
KH.S555.4	KY21.Chr3.1518
KH.S555.1	KY21.Chr3.1519
KH.S555.3	KY21.Chr3.1520
KH.S555.6	KY21.Chr3.1521
KH.S555.2	KY21.Chr3.1522
KH.S555.5	KY21.Chr3.1524
KH.C3.79	KY21.Chr3.1525
KH.C3.969	KY21.Chr3.1525
KH.C3.968	KY21.Chr3.1526
KH.C3.50	KY21.Chr3.1528
KH.C3.620	KY21.Chr3.1529
KH.C3.577	KY21.Chr3.1530
KH.C3.452	KY21.Chr3.1531
KH.C3.467	KY21.Chr3.1532
KH.C3.336	KY21.Chr3.1533
KH.C3.845	KY21.Chr3.1534
KH.L134.29	KY21.Chr3.1537
KH.L134.19	KY21.Chr3.1538
KH.L134.5	KY21.Chr3.1539
KH.L134.2	KY21.Chr3.1541
KH.L134.13	KY21.Chr3.1543
KH.L134.10	KY21.Chr3.1544
KH.L134.3	KY21.Chr3.1545
KH.L134.15	KY21.Chr3.1546
KH.L134.30	KY21.Chr3.1549
KH.L134.6	KY21.Chr3.1550
KH.L134.8	KY21.Chr3.1551
KH.L134.18	KY21.Chr3.1552
KH.L134.24	KY21.Chr3.1552
KH.L134.9	KY21.Chr3.1553
KH.L134.26	KY21.Chr3.1553
KH.L134.27	KY21.Chr3.1554
KH.L134.1	KY21.Chr3.1555
KH.L134.4	KY21.Chr3.1556
KH.L134.11	KY21.Chr3.1557
KH.L134.7	KY21.Chr3.1558
KH.L134.20	KY21.Chr3.1559
KH.L134.16	KY21.Chr3.1560
KH.L134.23	KY21.Chr3.1561
KH.L134.31	KY21.Chr3.1562
KH.L134.21	KY21.Chr3.1563
KH.L110.1	KY21.Chr3.1564
KH.L110.3	KY21.Chr3.1566
KH.L110.2	KY21.Chr3.1568
KH.L134.25	KY21.Chr3.1568
KH.L134.28	KY21.Chr3.1570
KH.L134.17	KY21.Chr3.1571
KH.L134.14	KY21.Chr3.1572
KH.L164.3	KY21.Chr3.1573
KH.S1219.3	KY21.Chr3.1573
KH.C1.462	KY21.Chr3.1575
KH.C1.121	KY21.Chr3.1576
KH.C1.1099	KY21.Chr3.1579
KH.C1.320	KY21.Chr3.1581
KH.C1.806	KY21.Chr3.1582
KH.C1.1090	KY21.Chr3.1583
KH.C1.354	KY21.Chr3.1585
KH.C1.549	KY21.Chr3.1586
KH.C1.562	KY21.Chr3.1587
KH.C1.280	KY21.Chr3.1588
KH.C1.1194	KY21.Chr3.1589
KH.C1.690	KY21.Chr3.1590
KH.C1.1149	KY21.Chr3.1591
KH.C1.1029	KY21.Chr3.1592
KH.C1.322	KY21.Chr3.1593
KH.C1.69	KY21.Chr3.1595
KH.C1.1161	KY21.Chr3.1600
KH.C1.57	KY21.Chr3.1601
KH.C1.701	KY21.Chr3.1602
KH.C1.305	KY21.Chr3.1603
KH.S2810.1	KY21.Chr3.1603
KH.L117.3	KY21.Chr3.1604
KH.S1541.1	KY21.Chr3.1604
KH.C12.52	KY21.Chr3.1605
KH.L117.2	KY21.Chr3.1605
KH.L117.6	KY21.Chr3.1606
KH.L117.5	KY21.Chr3.1607
KH.L117.1	KY21.Chr3.1608
KH.L82.1	KY21.Chr3.1610
KH.S653.3	KY21.Chr3.1610
KH.S653.4	KY21.Chr3.1611
KH.S653.2	KY21.Chr3.1612
KH.S653.1	KY21.Chr3.1613
KH.S1448.1	KY21.Chr3.1615
KH.S1034.2	KY21.Chr3.1616
KH.S1034.1	KY21.Chr3.1620
KH.S2646.1	KY21.Chr3.1620
KH.L71.20	KY21.Chr3.1622
KH.L71.10	KY21.Chr3.1623
KH.L71.4	KY21.Chr3.1624
KH.L71.15	KY21.Chr3.1625
KH.L71.17	KY21.Chr3.1626
KH.L71.2	KY21.Chr3.1627
KH.L71.23	KY21.Chr3.1628
KH.L71.12	KY21.Chr3.1629
KH.S3319.1	KY21.Chr3.1629
KH.L71.14	KY21.Chr3.1630
KH.L71.1	KY21.Chr3.1631
KH.L71.8	KY21.Chr3.1632
KH.L71.19	KY21.Chr3.1633
KH.L71.27	KY21.Chr3.1634
KH.L71.21	KY21.Chr3.1635
KH.L71.5	KY21.Chr3.1636
KH.L71.18	KY21.Chr3.1637
KH.L71.24	KY21.Chr3.1639
KH.L71.7	KY21.Chr3.1640
KH.L71.26	KY21.Chr3.1641
KH.L71.30	KY21.Chr3.1643
KH.L71.16	KY21.Chr3.1644
KH.L71.29	KY21.Chr3.1645
KH.L71.6	KY21.Chr3.1646
KH.L71.28	KY21.Chr3.1647
KH.L71.13	KY21.Chr3.1648
KH.L71.9	KY21.Chr3.1649
KH.L131.16	KY21.Chr3.1650
KH.S1588.1	KY21.Chr3.1650
KH.L131.12	KY21.Chr3.1656
KH.L131.7	KY21.Chr3.1657
KH.L131.1	KY21.Chr3.1658
KH.L131.8	KY21.Chr3.1659
KH.L131.10	KY21.Chr3.1660
KH.L131.4	KY21.Chr3.1661
KH.L163.1	KY21.Chr3.1663
KH.L163.3	KY21.Chr3.1663
KH.S1449.1	KY21.Chr3.1663
KH.S1535.1	KY21.Chr3.1663
KH.S1924.1	KY21.Chr3.1663
KH.L163.2	KY21.Chr3.1664
KH.S1035.4	KY21.Chr3.1669
KH.S1035.3	KY21.Chr3.1671
KH.S1035.1	KY21.Chr3.1672
KH.S854.1	KY21.Chr3.1673
KH.S854.5	KY21.Chr3.1674
KH.S854.4	KY21.Chr3.1675
KH.S854.2	KY21.Chr3.1676
KH.S854.3	KY21.Chr3.1677
KH.S913.2	KY21.Chr3.1677
KH.L131.9	KY21.Chr3.1679
KH.L131.17	KY21.Chr3.1680
KH.L131.14	KY21.Chr3.1681
KH.S437.10	KY21.Chr3.1682
KH.S437.6	KY21.Chr3.1683
KH.S437.7	KY21.Chr3.1685
KH.S437.9	KY21.Chr3.1686
KH.S437.2	KY21.Chr3.1687
KH.S437.8	KY21.Chr3.1690
KH.S437.4	KY21.Chr3.1691
KH.S437.3	KY21.Chr3.1692
KH.S437.5	KY21.Chr3.1693
KH.S437.11	KY21.Chr3.1694
KH.S437.1	KY21.Chr3.1695
KH.S1346.2	KY21.Chr3.1696
KH.S1346.1	KY21.Chr3.1698
KH.S1251.4	KY21.Chr3.1699
KH.S1251.1	KY21.Chr3.1700
KH.S1251.5	KY21.Chr3.1701
KH.S1251.3	KY21.Chr3.1702
KH.L131.11	KY21.Chr3.1703
KH.S1251.2	KY21.Chr3.1703
KH.L131.5	KY21.Chr3.1704
KH.L131.2	KY21.Chr3.1705
KH.L131.13	KY21.Chr3.1706
KH.L153.12	KY21.Chr3.1707
KH.L153.53	KY21.Chr3.1709
KH.L131.3	KY21.Chr3.1711
KH.L131.15	KY21.Chr3.1712
KH.L131.6	KY21.Chr3.1713
KH.S1577.3	KY21.Chr4.1
KH.S1577.2	KY21.Chr4.2
KH.C4.146	KY21.Chr4.5
KH.C4.97	KY21.Chr4.8
KH.C4.650	KY21.Chr4.9
KH.C4.375	KY21.Chr4.11
KH.C4.159	KY21.Chr4.12
KH.C4.25	KY21.Chr4.13
KH.C4.383	KY21.Chr4.14
KH.S1908.1	KY21.Chr4.14
KH.C4.748	KY21.Chr4.17
KH.C4.182	KY21.Chr4.18
KH.C4.785	KY21.Chr4.19
KH.S2661.1	KY21.Chr4.19
KH.S1633.1	KY21.Chr4.20
KH.C4.308	KY21.Chr4.21
KH.C4.480	KY21.Chr4.22
KH.C4.47	KY21.Chr4.23
KH.C4.262	KY21.Chr4.25
KH.C4.477	KY21.Chr4.26
KH.C4.702	KY21.Chr4.27
KH.C4.14	KY21.Chr4.28
KH.C4.411	KY21.Chr4.32
KH.C4.257	KY21.Chr4.33
KH.C4.764	KY21.Chr4.34
KH.C4.224	KY21.Chr4.35
KH.C4.419	KY21.Chr4.36
KH.C4.408	KY21.Chr4.37
KH.C4.154	KY21.Chr4.38
KH.C4.200	KY21.Chr4.40
KH.C4.474	KY21.Chr4.41
KH.C4.112	KY21.Chr4.42
KH.C4.259	KY21.Chr4.43
KH.C4.648	KY21.Chr4.44
KH.C4.282	KY21.Chr4.45
KH.C4.505	KY21.Chr4.46
KH.C4.409	KY21.Chr4.47
KH.C4.335	KY21.Chr4.48
KH.C4.91	KY21.Chr4.49
KH.C4.76	KY21.Chr4.50
KH.C4.310	KY21.Chr4.51
KH.C4.499	KY21.Chr4.53
KH.C4.128	KY21.Chr4.54
KH.C4.614	KY21.Chr4.55
KH.C4.377	KY21.Chr4.56
KH.C4.49	KY21.Chr4.57
KH.C4.188	KY21.Chr4.58
KH.C4.116	KY21.Chr4.59
KH.C4.676	KY21.Chr4.60
KH.C4.130	KY21.Chr4.61
KH.C4.569	KY21.Chr4.62
KH.C4.500	KY21.Chr4.64
KH.C4.75	KY21.Chr4.65
KH.C4.430	KY21.Chr4.66
KH.C4.88	KY21.Chr4.67
KH.C4.307	KY21.Chr4.68
KH.C4.69	KY21.Chr4.69
KH.C4.427	KY21.Chr4.70
KH.C4.558	KY21.Chr4.72
KH.C4.40	KY21.Chr4.73
KH.C4.119	KY21.Chr4.74
KH.C4.261	KY21.Chr4.75
KH.C4.395	KY21.Chr4.76
KH.C4.776	KY21.Chr4.77
KH.C4.347	KY21.Chr4.78
KH.C4.306	KY21.Chr4.79
KH.C4.201	KY21.Chr4.80
KH.C4.556	KY21.Chr4.81
KH.C4.295	KY21.Chr4.82
KH.C4.131	KY21.Chr4.83
KH.C4.792	KY21.Chr4.84
KH.C4.806	KY21.Chr4.85
KH.C4.298	KY21.Chr4.86
KH.C4.543	KY21.Chr4.87
KH.C4.17	KY21.Chr4.88
KH.C4.447	KY21.Chr4.89
KH.C4.657	KY21.Chr4.90
KH.C4.589	KY21.Chr4.91
KH.C4.213	KY21.Chr4.92
KH.C4.174	KY21.Chr4.93
KH.C4.399	KY21.Chr4.94
KH.C4.164	KY21.Chr4.95
KH.C4.684	KY21.Chr4.96
KH.C4.484	KY21.Chr4.97
KH.C4.787	KY21.Chr4.98
KH.C4.738	KY21.Chr4.99
KH.C4.534	KY21.Chr4.100
KH.C4.750	KY21.Chr4.101
KH.C4.595	KY21.Chr4.102
KH.C4.152	KY21.Chr4.103
KH.C4.527	KY21.Chr4.104
KH.C4.407	KY21.Chr4.105
KH.C4.204	KY21.Chr4.106
KH.C4.102	KY21.Chr4.107
KH.C4.557	KY21.Chr4.108
KH.C4.351	KY21.Chr4.110
KH.C4.422	KY21.Chr4.110
KH.C4.439	KY21.Chr4.110
KH.C4.339	KY21.Chr4.111
KH.C4.591	KY21.Chr4.113
KH.C4.680	KY21.Chr4.114
KH.C4.425	KY21.Chr4.115
KH.S900.5	KY21.Chr4.116
KH.C4.613	KY21.Chr4.117
KH.C4.435	KY21.Chr4.118
KH.C4.239	KY21.Chr4.120
KH.C4.642	KY21.Chr4.121
KH.C4.596	KY21.Chr4.122
KH.C4.588	KY21.Chr4.123
KH.S683.3	KY21.Chr4.125
KH.S683.1	KY21.Chr4.126
KH.C4.158	KY21.Chr4.127
KH.C4.571	KY21.Chr4.128
KH.C4.7	KY21.Chr4.129
KH.C4.1	KY21.Chr4.132
KH.C4.332	KY21.Chr4.134
KH.C4.27	KY21.Chr4.135
KH.C4.288	KY21.Chr4.136
KH.C4.476	KY21.Chr4.137
KH.C4.749	KY21.Chr4.139
KH.C4.305	KY21.Chr4.140
KH.C4.723	KY21.Chr4.141
KH.C4.659	KY21.Chr4.142
KH.C4.378	KY21.Chr4.143
KH.C4.627	KY21.Chr4.145
KH.C4.30	KY21.Chr4.146
KH.C4.709	KY21.Chr4.147
KH.C4.539	KY21.Chr4.148
KH.C4.20	KY21.Chr4.149
KH.C4.381	KY21.Chr4.150
KH.C4.51	KY21.Chr4.152
KH.C4.502	KY21.Chr4.152
KH.C4.797	KY21.Chr4.153
KH.C4.139	KY21.Chr4.157
KH.C4.68	KY21.Chr4.158
KH.C4.54	KY21.Chr4.159
KH.C4.531	KY21.Chr4.160
KH.C4.758	KY21.Chr4.161
KH.C4.145	KY21.Chr4.162
KH.C4.434	KY21.Chr4.163
KH.C4.549	KY21.Chr4.164
KH.C4.441	KY21.Chr4.165
KH.C4.406	KY21.Chr4.166
KH.C4.184	KY21.Chr4.167
KH.C4.472	KY21.Chr4.168
KH.C4.45	KY21.Chr4.169
KH.C4.136	KY21.Chr4.170
KH.C4.414	KY21.Chr4.171
KH.C4.36	KY21.Chr4.172
KH.C4.129	KY21.Chr4.173
KH.C4.382	KY21.Chr4.174
KH.C4.606	KY21.Chr4.175
KH.C4.16	KY21.Chr4.176
KH.C4.800	KY21.Chr4.177
KH.C4.603	KY21.Chr4.178
KH.C4.317	KY21.Chr4.179
KH.C4.135	KY21.Chr4.180
KH.C4.48	KY21.Chr4.181
KH.C4.713	KY21.Chr4.183
KH.C4.775	KY21.Chr4.184
KH.C4.222	KY21.Chr4.185
KH.C4.697	KY21.Chr4.186
KH.C4.210	KY21.Chr4.187
KH.C4.562	KY21.Chr4.188
KH.C4.421	KY21.Chr4.189
KH.C4.639	KY21.Chr4.191
KH.C4.109	KY21.Chr4.192
KH.C4.243	KY21.Chr4.193
KH.C4.579	KY21.Chr4.194
KH.C4.660	KY21.Chr4.195
KH.C4.471	KY21.Chr4.196
KH.C4.314	KY21.Chr4.197
KH.C4.509	KY21.Chr4.198
KH.C4.61	KY21.Chr4.200
KH.C4.765	KY21.Chr4.201
KH.C4.690	KY21.Chr4.202
KH.C4.240	KY21.Chr4.204
KH.C4.233	KY21.Chr4.206
KH.C4.536	KY21.Chr4.207
KH.C4.620	KY21.Chr4.208
KH.C4.462	KY21.Chr4.209
KH.C4.326	KY21.Chr4.210
KH.C4.592	KY21.Chr4.211
KH.C4.685	KY21.Chr4.213
KH.C4.482	KY21.Chr4.215
KH.C4.493	KY21.Chr4.216
KH.C4.266	KY21.Chr4.217
KH.C4.370	KY21.Chr4.219
KH.C4.566	KY21.Chr4.220
KH.C4.404	KY21.Chr4.221
KH.C4.323	KY21.Chr4.222
KH.C4.530	KY21.Chr4.223
KH.C4.729	KY21.Chr4.225
KH.C4.394	KY21.Chr4.226
KH.C4.612	KY21.Chr4.227
KH.C4.353	KY21.Chr4.228
KH.C4.198	KY21.Chr4.229
KH.C4.398	KY21.Chr4.230
KH.C4.417	KY21.Chr4.231
KH.C4.44	KY21.Chr4.232
KH.C4.276	KY21.Chr4.233
KH.C4.528	KY21.Chr4.235
KH.C4.570	KY21.Chr4.236
KH.L100.2	KY21.Chr4.236
KH.C4.63	KY21.Chr4.239
KH.C4.522	KY21.Chr4.241
KH.C4.688	KY21.Chr4.242
KH.C4.328	KY21.Chr4.243
KH.C4.691	KY21.Chr4.243
KH.C4.352	KY21.Chr4.244
KH.C4.6	KY21.Chr4.245
KH.C4.594	KY21.Chr4.246
KH.C4.483	KY21.Chr4.247
KH.C4.581	KY21.Chr4.248
KH.C4.716	KY21.Chr4.250
KH.C4.460	KY21.Chr4.251
KH.C4.283	KY21.Chr4.252
KH.C4.85	KY21.Chr4.253
KH.C4.633	KY21.Chr4.254
KH.C4.420	KY21.Chr4.255
KH.C4.637	KY21.Chr4.256
KH.C4.246	KY21.Chr4.257
KH.C4.46	KY21.Chr4.258
KH.C4.303	KY21.Chr4.259
KH.C4.443	KY21.Chr4.260
KH.C4.142	KY21.Chr4.261
KH.C4.227	KY21.Chr4.262
KH.C4.268	KY21.Chr4.263
KH.C4.331	KY21.Chr4.264
KH.C4.392	KY21.Chr4.265
KH.C4.18	KY21.Chr4.266
KH.C4.78	KY21.Chr4.267
KH.C4.495	KY21.Chr4.268
KH.C4.290	KY21.Chr4.269
KH.C4.629	KY21.Chr4.270
KH.C4.459	KY21.Chr4.271
KH.C4.237	KY21.Chr4.273
KH.C4.86	KY21.Chr4.274
KH.C4.206	KY21.Chr4.275
KH.C4.647	KY21.Chr4.276
KH.C4.583	KY21.Chr4.277
KH.C4.762	KY21.Chr4.278
KH.C4.111	KY21.Chr4.279
KH.C4.703	KY21.Chr4.280
KH.C4.62	KY21.Chr4.281
KH.C4.93	KY21.Chr4.284
KH.C4.134	KY21.Chr4.285
KH.C4.636	KY21.Chr4.286
KH.C4.181	KY21.Chr4.287
KH.C4.433	KY21.Chr4.289
KH.C4.346	KY21.Chr4.291
KH.C4.561	KY21.Chr4.292
KH.C4.234	KY21.Chr4.293
KH.C4.429	KY21.Chr4.294
KH.C4.391	KY21.Chr4.295
KH.C4.568	KY21.Chr4.296
KH.C4.721	KY21.Chr4.297
KH.C4.199	KY21.Chr4.298
KH.C4.100	KY21.Chr4.299
KH.C4.718	KY21.Chr4.300
KH.C4.160	KY21.Chr4.301
KH.C4.53	KY21.Chr4.302
KH.C4.223	KY21.Chr4.303
KH.C4.741	KY21.Chr4.306
KH.C4.26	KY21.Chr4.307
KH.C4.287	KY21.Chr4.308
KH.C4.180	KY21.Chr4.310
KH.C4.10	KY21.Chr4.311
KH.C4.219	KY21.Chr4.312
KH.C4.746	KY21.Chr4.315
KH.C4.143	KY21.Chr4.316
KH.C4.567	KY21.Chr4.317
KH.C4.575	KY21.Chr4.318
KH.C4.166	KY21.Chr4.320
KH.C4.436	KY21.Chr4.321
KH.C4.756	KY21.Chr4.322
KH.C4.255	KY21.Chr4.324
KH.C4.278	KY21.Chr4.325
KH.C4.37	KY21.Chr4.326
KH.C4.795	KY21.Chr4.327
KH.C4.415	KY21.Chr4.328
KH.C4.380	KY21.Chr4.329
KH.S1750.1	KY21.Chr4.330
KH.C4.402	KY21.Chr4.331
KH.C4.736	KY21.Chr4.332
KH.C4.42	KY21.Chr4.333
KH.C4.663	KY21.Chr4.334
KH.C4.294	KY21.Chr4.335
KH.C4.742	KY21.Chr4.336
KH.C4.645	KY21.Chr4.337
KH.C4.428	KY21.Chr4.338
KH.C4.669	KY21.Chr4.339
KH.C4.450	KY21.Chr4.340
KH.C4.205	KY21.Chr4.341
KH.C4.195	KY21.Chr4.342
KH.C4.615	KY21.Chr4.343
KH.C4.106	KY21.Chr4.344
KH.C4.125	KY21.Chr4.346
KH.C4.547	KY21.Chr4.347
KH.C4.372	KY21.Chr4.349
KH.C4.555	KY21.Chr4.351
KH.C4.147	KY21.Chr4.354
KH.C4.137	KY21.Chr4.355
KH.C4.231	KY21.Chr4.356
KH.C4.163	KY21.Chr4.357
KH.C4.94	KY21.Chr4.358
KH.C4.358	KY21.Chr4.359
KH.C4.397	KY21.Chr4.360
KH.C4.132	KY21.Chr4.361
KH.C4.464	KY21.Chr4.362
KH.C4.515	KY21.Chr4.363
KH.C4.686	KY21.Chr4.364
KH.C4.104	KY21.Chr4.365
KH.C4.410	KY21.Chr4.366
KH.C4.292	KY21.Chr4.367
KH.C4.683	KY21.Chr4.368
KH.C4.511	KY21.Chr4.369
KH.C4.739	KY21.Chr4.370
KH.C4.251	KY21.Chr4.371
KH.C4.608	KY21.Chr4.372
KH.C4.670	KY21.Chr4.373
KH.C4.379	KY21.Chr4.374
KH.C4.524	KY21.Chr4.375
KH.C4.263	KY21.Chr4.376
KH.C4.124	KY21.Chr4.377
KH.C4.658	KY21.Chr4.377
KH.C4.74	KY21.Chr4.379
KH.C4.33	KY21.Chr4.384
KH.C4.694	KY21.Chr4.385
KH.C4.753	KY21.Chr4.386
KH.C4.356	KY21.Chr4.387
KH.C4.218	KY21.Chr4.389
KH.C4.175	KY21.Chr4.390
KH.C4.386	KY21.Chr4.391
KH.C4.19	KY21.Chr4.392
KH.C4.169	KY21.Chr4.393
KH.C4.220	KY21.Chr4.395
KH.C4.572	KY21.Chr4.397
KH.C4.780	KY21.Chr4.398
KH.C4.554	KY21.Chr4.399
KH.C4.241	KY21.Chr4.400
KH.C4.185	KY21.Chr4.402
KH.C4.66	KY21.Chr4.404
KH.C4.796	KY21.Chr4.405
KH.C4.517	KY21.Chr4.406
KH.C4.754	KY21.Chr4.408
KH.C4.584	KY21.Chr4.410
KH.C4.456	KY21.Chr4.411
KH.C4.371	KY21.Chr4.412
KH.C4.760	KY21.Chr4.413
KH.C4.553	KY21.Chr4.414
KH.C4.448	KY21.Chr4.415
KH.C4.707	KY21.Chr4.416
KH.C4.271	KY21.Chr4.417
KH.C4.281	KY21.Chr4.418
KH.C4.179	KY21.Chr4.420
KH.C4.364	KY21.Chr4.421
KH.C4.329	KY21.Chr4.422
KH.C4.745	KY21.Chr4.423
KH.C4.270	KY21.Chr4.424
KH.C4.79	KY21.Chr4.425
KH.C4.624	KY21.Chr4.426
KH.C4.656	KY21.Chr4.427
KH.C4.675	KY21.Chr4.428
KH.C4.744	KY21.Chr4.429
KH.C4.297	KY21.Chr4.430
KH.C4.463	KY21.Chr4.431
KH.C4.793	KY21.Chr4.431
KH.C4.520	KY21.Chr4.432
KH.C4.153	KY21.Chr4.435
KH.C4.5	KY21.Chr4.436
KH.C4.601	KY21.Chr4.438
KH.C4.552	KY21.Chr4.441
KH.C4.149	KY21.Chr4.442
KH.C4.677	KY21.Chr4.443
KH.C4.105	KY21.Chr4.444
KH.C4.83	KY21.Chr4.445
KH.C4.715	KY21.Chr4.446
KH.C4.728	KY21.Chr4.447
KH.C4.498	KY21.Chr4.448
KH.C4.187	KY21.Chr4.449
KH.C4.641	KY21.Chr4.450
KH.C4.99	KY21.Chr4.451
KH.C4.360	KY21.Chr4.452
KH.C4.446	KY21.Chr4.452
KH.S1574.1	KY21.Chr4.453
KH.C4.550	KY21.Chr4.454
KH.C4.673	KY21.Chr4.458
KH.C4.50	KY21.Chr4.459
KH.C4.413	KY21.Chr4.460
KH.C4.576	KY21.Chr4.461
KH.C4.809	KY21.Chr4.462
KH.C4.479	KY21.Chr4.463
KH.C4.652	KY21.Chr4.464
KH.C4.734	KY21.Chr4.465
KH.C4.194	KY21.Chr4.466
KH.C4.674	KY21.Chr4.467
KH.C4.236	KY21.Chr4.468
KH.C4.469	KY21.Chr4.469
KH.C4.665	KY21.Chr4.470
KH.C4.247	KY21.Chr4.471
KH.C4.35	KY21.Chr4.472
KH.C4.55	KY21.Chr4.473
KH.C4.732	KY21.Chr4.474
KH.C4.337	KY21.Chr4.475
KH.C4.192	KY21.Chr4.476
KH.C4.622	KY21.Chr4.477
KH.C4.548	KY21.Chr4.478
KH.C4.496	KY21.Chr4.479
KH.C4.791	KY21.Chr4.481
KH.C4.202	KY21.Chr4.482
KH.C4.312	KY21.Chr4.483
KH.C4.597	KY21.Chr4.484
KH.C4.733	KY21.Chr4.485
KH.C4.56	KY21.Chr4.489
KH.C4.654	KY21.Chr4.490
KH.C4.628	KY21.Chr4.491
KH.C4.666	KY21.Chr4.493
KH.C4.167	KY21.Chr4.494
KH.C4.13	KY21.Chr4.495
KH.C4.122	KY21.Chr4.498
KH.C4.89	KY21.Chr4.499
KH.C4.300	KY21.Chr4.500
KH.C4.39	KY21.Chr4.501
KH.C4.781	KY21.Chr4.502
KH.C4.623	KY21.Chr4.503
KH.C4.455	KY21.Chr4.504
KH.C4.759	KY21.Chr4.505
KH.C4.602	KY21.Chr4.506
KH.C4.173	KY21.Chr4.508
KH.C4.799	KY21.Chr4.509
KH.C4.802	KY21.Chr4.511
KH.C4.794	KY21.Chr4.512
KH.C4.280	KY21.Chr4.513
KH.C4.29	KY21.Chr4.514
KH.C4.664	KY21.Chr4.515
KH.C4.540	KY21.Chr4.516
KH.C4.43	KY21.Chr4.518
KH.C4.214	KY21.Chr4.520
KH.C4.373	KY21.Chr4.522
KH.C4.250	KY21.Chr4.523
KH.C4.196	KY21.Chr4.524
KH.C4.711	KY21.Chr4.525
KH.C4.301	KY21.Chr4.526
KH.C4.157	KY21.Chr4.527
KH.C4.405	KY21.Chr4.528
KH.C4.526	KY21.Chr4.529
KH.C4.161	KY21.Chr4.530
KH.C4.242	KY21.Chr4.532
KH.C4.244	KY21.Chr4.533
KH.C4.330	KY21.Chr4.534
KH.C4.494	KY21.Chr4.535
KH.C4.226	KY21.Chr4.536
KH.C4.737	KY21.Chr4.537
KH.C4.722	KY21.Chr4.538
KH.C4.327	KY21.Chr4.539
KH.C4.258	KY21.Chr4.540
KH.C4.487	KY21.Chr4.541
KH.C4.254	KY21.Chr4.542
KH.C4.617	KY21.Chr4.543
KH.C4.667	KY21.Chr4.544
KH.C4.342	KY21.Chr4.545
KH.C4.668	KY21.Chr4.546
KH.C4.695	KY21.Chr4.548
KH.C4.437	KY21.Chr4.553
KH.C4.108	KY21.Chr4.555
KH.C4.319	KY21.Chr4.556
KH.C4.207	KY21.Chr4.557
KH.C4.31	KY21.Chr4.558
KH.C4.336	KY21.Chr4.559
KH.C4.466	KY21.Chr4.560
KH.C4.110	KY21.Chr4.561
KH.C4.355	KY21.Chr4.562
KH.C4.367	KY21.Chr4.562
KH.S2130.1	KY21.Chr4.562
KH.C4.123	KY21.Chr4.563
KH.C4.275	KY21.Chr4.564
KH.C4.461	KY21.Chr4.565
KH.C4.735	KY21.Chr4.566
KH.C4.621	KY21.Chr4.567
KH.C4.717	KY21.Chr4.568
KH.C4.720	KY21.Chr4.570
KH.C4.256	KY21.Chr4.571
KH.C4.514	KY21.Chr4.572
KH.C4.538	KY21.Chr4.574
KH.C4.490	KY21.Chr4.575
KH.C4.442	KY21.Chr4.576
KH.C4.235	KY21.Chr4.577
KH.C4.452	KY21.Chr4.579
KH.C4.189	KY21.Chr4.581
KH.C4.506	KY21.Chr4.582
KH.C4.38	KY21.Chr4.583
KH.C4.478	KY21.Chr4.584
KH.C4.302	KY21.Chr4.585
KH.C4.60	KY21.Chr4.586
KH.C4.376	KY21.Chr4.587
KH.C4.457	KY21.Chr4.588
KH.C4.171	KY21.Chr4.589
KH.C4.172	KY21.Chr4.590
KH.C4.706	KY21.Chr4.591
KH.C4.401	KY21.Chr4.593
KH.C4.470	KY21.Chr4.594
KH.C4.65	KY21.Chr4.595
KH.C4.563	KY21.Chr4.596
KH.C4.95	KY21.Chr4.597
KH.C4.416	KY21.Chr4.598
KH.C4.140	KY21.Chr4.599
KH.C4.345	KY21.Chr4.600
KH.C4.451	KY21.Chr4.601
KH.C4.325	KY21.Chr4.603
KH.C4.445	KY21.Chr4.604
KH.C4.73	KY21.Chr4.605
KH.C4.516	KY21.Chr4.606
KH.C4.21	KY21.Chr4.608
KH.C4.366	KY21.Chr4.609
KH.C4.115	KY21.Chr4.611
KH.C4.107	KY21.Chr4.612
KH.C4.11	KY21.Chr4.613
KH.C4.114	KY21.Chr4.614
KH.C4.473	KY21.Chr4.615
KH.C4.537	KY21.Chr4.616
KH.C4.277	KY21.Chr4.617
KH.C4.431	KY21.Chr4.618
KH.C4.9	KY21.Chr4.624
KH.C4.103	KY21.Chr4.627
KH.C4.585	KY21.Chr4.628
KH.C4.582	KY21.Chr4.629
KH.C4.279	KY21.Chr4.630
KH.C4.618	KY21.Chr4.631
KH.C4.120	KY21.Chr4.632
KH.C4.293	KY21.Chr4.633
KH.C4.801	KY21.Chr4.634
KH.C4.162	KY21.Chr4.640
KH.C4.264	KY21.Chr4.641
KH.C4.768	KY21.Chr4.642
KH.C4.777	KY21.Chr4.643
KH.C4.151	KY21.Chr4.645
KH.C4.72	KY21.Chr4.646
KH.C4.533	KY21.Chr4.647
KH.C4.309	KY21.Chr4.648
KH.C4.209	KY21.Chr4.649
KH.C4.23	KY21.Chr4.651
KH.C4.661	KY21.Chr4.653
KH.C4.467	KY21.Chr4.654
KH.S1159.1	KY21.Chr4.655
KH.C4.546	KY21.Chr4.656
KH.C4.710	KY21.Chr4.657
KH.C4.774	KY21.Chr4.658
KH.C4.593	KY21.Chr4.659
KH.C4.763	KY21.Chr4.660
KH.C4.418	KY21.Chr4.661
KH.C4.70	KY21.Chr4.663
KH.C4.403	KY21.Chr4.664
KH.C4.225	KY21.Chr4.665
KH.C4.609	KY21.Chr4.666
KH.C4.368	KY21.Chr4.667
KH.C4.810	KY21.Chr4.668
KH.C4.354	KY21.Chr4.669
KH.C4.203	KY21.Chr4.671
KH.C4.217	KY21.Chr4.673
KH.C4.64	KY21.Chr4.674
KH.C4.696	KY21.Chr4.675
KH.C4.150	KY21.Chr4.676
KH.C4.316	KY21.Chr4.677
KH.C4.177	KY21.Chr4.678
KH.C4.545	KY21.Chr4.679
KH.C4.770	KY21.Chr4.680
KH.C4.197	KY21.Chr4.681
KH.C4.604	KY21.Chr4.682
KH.C4.324	KY21.Chr4.683
KH.C4.191	KY21.Chr4.684
KH.C4.773	KY21.Chr4.685
KH.C4.183	KY21.Chr4.686
KH.C4.778	KY21.Chr4.687
KH.C4.438	KY21.Chr4.688
KH.C4.444	KY21.Chr4.689
KH.C4.726	KY21.Chr4.690
KH.C4.740	KY21.Chr4.691
KH.C4.767	KY21.Chr4.691
KH.C4.432	KY21.Chr4.692
KH.C4.755	KY21.Chr4.693
KH.C4.655	KY21.Chr4.694
KH.C4.24	KY21.Chr4.695
KH.C4.304	KY21.Chr4.696
KH.C4.632	KY21.Chr4.698
KH.C4.15	KY21.Chr4.699
KH.C4.311	KY21.Chr4.700
KH.C4.808	KY21.Chr4.701
KH.C4.698	KY21.Chr4.702
KH.C4.190	KY21.Chr4.703
KH.C4.32	KY21.Chr4.704
KH.C4.216	KY21.Chr4.705
KH.C4.389	KY21.Chr4.706
KH.C4.52	KY21.Chr4.707
KH.C4.453	KY21.Chr4.708
KH.C4.208	KY21.Chr4.710
KH.C4.512	KY21.Chr4.711
KH.C4.90	KY21.Chr4.712
KH.C4.248	KY21.Chr4.713
KH.C4.769	KY21.Chr4.714
KH.C4.269	KY21.Chr4.715
KH.C4.766	KY21.Chr4.716
KH.C4.577	KY21.Chr4.717
KH.C4.121	KY21.Chr4.718
KH.C4.519	KY21.Chr4.719
KH.C4.84	KY21.Chr4.720
KH.C4.551	KY21.Chr4.722
KH.C4.679	KY21.Chr4.723
KH.C4.126	KY21.Chr4.724
KH.C4.318	KY21.Chr4.725
KH.C4.529	KY21.Chr4.727
KH.C4.338	KY21.Chr4.728
KH.C4.3	KY21.Chr4.730
KH.C4.544	KY21.Chr4.731
KH.C4.77	KY21.Chr4.732
KH.C4.168	KY21.Chr4.733
KH.C4.193	KY21.Chr4.734
KH.C4.390	KY21.Chr4.735
KH.C4.771	KY21.Chr4.736
KH.C4.2	KY21.Chr4.737
KH.C4.646	KY21.Chr4.738
KH.C4.599	KY21.Chr4.739
KH.C4.424	KY21.Chr4.740
KH.C4.148	KY21.Chr4.741
KH.C4.662	KY21.Chr4.742
KH.C4.714	KY21.Chr4.743
KH.C4.619	KY21.Chr4.744
KH.C4.782	KY21.Chr4.745
KH.C4.574	KY21.Chr4.746
KH.C4.113	KY21.Chr4.747
KH.C4.133	KY21.Chr4.748
KH.C4.296	KY21.Chr4.749
KH.C4.532	KY21.Chr4.751
KH.C4.693	KY21.Chr4.754
KH.C4.285	KY21.Chr4.755
KH.C4.488	KY21.Chr4.756
KH.C4.87	KY21.Chr4.757
KH.C4.369	KY21.Chr4.758
KH.C4.322	KY21.Chr4.759
KH.C4.578	KY21.Chr4.760
KH.C4.497	KY21.Chr4.761
KH.C4.701	KY21.Chr4.762
KH.C4.344	KY21.Chr4.763
KH.C4.350	KY21.Chr4.764
KH.C4.458	KY21.Chr4.765
KH.C4.80	KY21.Chr4.766
KH.C4.4	KY21.Chr4.767
KH.C4.341	KY21.Chr4.768
KH.C4.491	KY21.Chr4.769
KH.C4.523	KY21.Chr4.771
KH.C4.393	KY21.Chr4.772
KH.C4.286	KY21.Chr4.773
KH.C4.725	KY21.Chr4.774
KH.C4.321	KY21.Chr4.775
KH.C4.468	KY21.Chr4.776
KH.C4.598	KY21.Chr4.777
KH.C4.616	KY21.Chr4.779
KH.C4.772	KY21.Chr4.780
KH.C4.41	KY21.Chr4.781
KH.C4.689	KY21.Chr4.782
KH.C4.454	KY21.Chr4.783
KH.C4.681	KY21.Chr4.784
KH.C4.82	KY21.Chr4.785
KH.C4.580	KY21.Chr4.786
KH.C4.28	KY21.Chr4.787
KH.C4.757	KY21.Chr4.788
KH.C4.790	KY21.Chr4.789
KH.C4.186	KY21.Chr4.790
KH.C4.359	KY21.Chr4.791
KH.C4.299	KY21.Chr4.792
KH.C4.475	KY21.Chr4.793
KH.C4.761	KY21.Chr4.794
KH.S1945.1	KY21.Chr4.794
KH.C4.807	KY21.Chr4.795
KH.C4.388	KY21.Chr4.796
KH.C4.8	KY21.Chr4.797
KH.C4.253	KY21.Chr4.799
KH.C4.724	KY21.Chr4.800
KH.C4.489	KY21.Chr4.801
KH.C4.387	KY21.Chr4.802
KH.C4.784	KY21.Chr4.803
KH.C4.22	KY21.Chr4.804
KH.C4.81	KY21.Chr4.805
KH.C4.127	KY21.Chr4.806
KH.C4.811	KY21.Chr4.807
KH.C4.630	KY21.Chr4.808
KH.C4.513	KY21.Chr4.811
KH.C4.485	KY21.Chr4.812
KH.C4.284	KY21.Chr4.813
KH.C4.731	KY21.Chr4.814
KH.C4.315	KY21.Chr4.815
KH.C4.384	KY21.Chr4.816
KH.C4.265	KY21.Chr4.817
KH.C4.789	KY21.Chr4.818
KH.C4.730	KY21.Chr4.819
KH.C4.605	KY21.Chr4.821
KH.C4.672	KY21.Chr4.822
KH.C4.273	KY21.Chr4.823
KH.C4.396	KY21.Chr4.824
KH.C4.363	KY21.Chr4.825
KH.C4.805	KY21.Chr4.826
KH.C4.362	KY21.Chr4.827
KH.C4.510	KY21.Chr4.829
KH.C4.682	KY21.Chr4.830
KH.C4.712	KY21.Chr4.831
KH.C4.232	KY21.Chr4.832
KH.C4.651	KY21.Chr4.833
KH.C4.752	KY21.Chr4.835
KH.C4.504	KY21.Chr4.836
KH.C4.610	KY21.Chr4.837
KH.C4.440	KY21.Chr4.838
KH.C4.625	KY21.Chr4.839
KH.C4.357	KY21.Chr4.840
KH.C4.481	KY21.Chr4.841
KH.C4.426	KY21.Chr4.842
KH.C4.699	KY21.Chr4.843
KH.C4.783	KY21.Chr4.844
KH.C4.71	KY21.Chr4.845
KH.C4.385	KY21.Chr4.846
KH.C4.165	KY21.Chr4.847
KH.C4.535	KY21.Chr4.849
KH.C4.176	KY21.Chr4.850
KH.C4.230	KY21.Chr4.851
KH.C4.521	KY21.Chr4.852
KH.C4.631	KY21.Chr4.853
KH.C4.559	KY21.Chr4.854
KH.C4.170	KY21.Chr4.855
KH.C4.798	KY21.Chr4.856
KH.C4.249	KY21.Chr4.858
KH.C4.260	KY21.Chr4.859
KH.C4.638	KY21.Chr4.860
KH.C4.635	KY21.Chr4.861
KH.C4.727	KY21.Chr4.862
KH.C4.178	KY21.Chr4.863
KH.C4.804	KY21.Chr4.864
KH.C4.649	KY21.Chr4.865
KH.C4.492	KY21.Chr4.867
KH.C4.634	KY21.Chr4.868
KH.C4.779	KY21.Chr4.869
KH.C4.573	KY21.Chr4.870
KH.L96.79	KY21.Chr4.870
KH.L96.53	KY21.Chr4.871
KH.L96.30	KY21.Chr4.872
KH.L96.107	KY21.Chr4.873
KH.L96.13	KY21.Chr4.874
KH.L96.73	KY21.Chr4.876
KH.L96.57	KY21.Chr4.877
KH.L96.4	KY21.Chr4.878
KH.L96.98	KY21.Chr4.879
KH.L96.3	KY21.Chr4.880
KH.L96.88	KY21.Chr4.881
KH.L96.22	KY21.Chr4.882
KH.L96.77	KY21.Chr4.884
KH.L96.74	KY21.Chr4.885
KH.L96.21	KY21.Chr4.886
KH.L96.64	KY21.Chr4.887
KH.L96.45	KY21.Chr4.888
KH.L96.100	KY21.Chr4.889
KH.L96.37	KY21.Chr4.895
KH.L96.35	KY21.Chr4.896
KH.L96.15	KY21.Chr4.897
KH.L96.32	KY21.Chr4.898
KH.L96.65	KY21.Chr4.899
KH.L96.11	KY21.Chr4.901
KH.L96.105	KY21.Chr4.902
KH.L96.66	KY21.Chr4.903
KH.L96.50	KY21.Chr4.907
KH.L96.71	KY21.Chr4.908
KH.L96.113	KY21.Chr4.911
KH.L96.28	KY21.Chr4.912
KH.L96.20	KY21.Chr4.913
KH.L96.84	KY21.Chr4.914
KH.S618.6	KY21.Chr4.916
KH.S618.5	KY21.Chr4.917
KH.S618.2	KY21.Chr4.918
KH.S618.1	KY21.Chr4.919
KH.S618.4	KY21.Chr4.920
KH.S618.3	KY21.Chr4.921
KH.L96.86	KY21.Chr4.922
KH.L96.14	KY21.Chr4.923
KH.L96.10	KY21.Chr4.924
KH.L96.92	KY21.Chr4.925
KH.L96.70	KY21.Chr4.926
KH.L96.18	KY21.Chr4.927
KH.L96.83	KY21.Chr4.928
KH.L96.2	KY21.Chr4.930
KH.L96.7	KY21.Chr4.931
KH.L96.1	KY21.Chr4.933
KH.L96.38	KY21.Chr4.939
KH.L96.39	KY21.Chr4.940
KH.L96.40	KY21.Chr4.942
KH.L96.27	KY21.Chr4.943
KH.L96.12	KY21.Chr4.946
KH.L96.87	KY21.Chr4.947
KH.L96.55	KY21.Chr4.948
KH.L96.108	KY21.Chr4.949
KH.L96.89	KY21.Chr4.950
KH.L96.24	KY21.Chr4.951
KH.L96.63	KY21.Chr4.952
KH.L96.44	KY21.Chr4.953
KH.L96.47	KY21.Chr4.954
KH.L96.76	KY21.Chr4.955
KH.L96.99	KY21.Chr4.956
KH.L96.19	KY21.Chr4.957
KH.L96.78	KY21.Chr4.958
KH.L96.46	KY21.Chr4.959
KH.L96.94	KY21.Chr4.960
KH.L96.72	KY21.Chr4.961
KH.L96.85	KY21.Chr4.962
KH.L96.16	KY21.Chr4.963
KH.L96.58	KY21.Chr4.964
KH.L96.36	KY21.Chr4.965
KH.L96.112	KY21.Chr4.966
KH.L96.6	KY21.Chr4.967
KH.L96.80	KY21.Chr4.968
KH.L96.26	KY21.Chr4.969
KH.L96.41	KY21.Chr4.971
KH.L96.61	KY21.Chr4.972
KH.L96.115	KY21.Chr4.973
KH.L96.31	KY21.Chr4.975
KH.L96.60	KY21.Chr4.977
KH.L96.69	KY21.Chr4.977
KH.L96.102	KY21.Chr4.977
KH.L96.56	KY21.Chr4.978
KH.L96.34	KY21.Chr4.979
KH.L96.23	KY21.Chr4.980
KH.L96.75	KY21.Chr4.981
KH.L96.59	KY21.Chr4.982
KH.L96.29	KY21.Chr4.983
KH.L96.49	KY21.Chr4.985
KH.L96.97	KY21.Chr4.987
KH.L96.25	KY21.Chr4.988
KH.L96.62	KY21.Chr4.989
KH.L96.82	KY21.Chr4.992
KH.S1964.2	KY21.Chr4.994
KH.L96.54	KY21.Chr4.996
KH.L96.106	KY21.Chr4.997
KH.L96.114	KY21.Chr4.998
KH.L96.43	KY21.Chr4.999
KH.L96.5	KY21.Chr4.1000
KH.L96.81	KY21.Chr4.1001
KH.L96.103	KY21.Chr4.1002
KH.L96.48	KY21.Chr4.1003
KH.L96.91	KY21.Chr4.1004
KH.L96.52	KY21.Chr4.1005
KH.L96.104	KY21.Chr4.1006
KH.L96.93	KY21.Chr4.1007
KH.L96.68	KY21.Chr4.1008
KH.L96.17	KY21.Chr4.1009
KH.L96.42	KY21.Chr4.1010
KH.L96.51	KY21.Chr4.1011
KH.C4.57	KY21.Chr4.1012
KH.C4.12	KY21.Chr4.1013
KH.C4.96	KY21.Chr4.1014
KH.C4.565	KY21.Chr4.1015
KH.C4.671	KY21.Chr4.1016
KH.C4.267	KY21.Chr4.1018
KH.C4.626	KY21.Chr4.1019
KH.C4.423	KY21.Chr4.1020
KH.C4.692	KY21.Chr4.1023
KH.C4.640	KY21.Chr4.1024
KH.C4.600	KY21.Chr4.1025
KH.C4.138	KY21.Chr4.1026
KH.C4.228	KY21.Chr4.1027
KH.C4.586	KY21.Chr4.1028
KH.C4.221	KY21.Chr4.1029
KH.C4.333	KY21.Chr4.1030
KH.C4.412	KY21.Chr4.1031
KH.C4.101	KY21.Chr4.1032
KH.C4.34	KY21.Chr4.1033
KH.C4.215	KY21.Chr4.1034
KH.C4.687	KY21.Chr4.1035
KH.C4.144	KY21.Chr4.1036
KH.C4.607	KY21.Chr4.1037
KH.C4.700	KY21.Chr4.1038
KH.C4.719	KY21.Chr4.1039
KH.C4.449	KY21.Chr4.1040
KH.L41.77	KY21.Chr4.1042
KH.L41.14	KY21.Chr4.1043
KH.L41.7	KY21.Chr4.1044
KH.L41.20	KY21.Chr4.1045
KH.L41.22	KY21.Chr4.1045
KH.L41.41	KY21.Chr4.1045
KH.L41.4	KY21.Chr4.1046
KH.L41.50	KY21.Chr4.1047
KH.L41.38	KY21.Chr4.1048
KH.L41.23	KY21.Chr4.1049
KH.L41.58	KY21.Chr4.1050
KH.L41.9	KY21.Chr4.1051
KH.L41.18	KY21.Chr4.1051
KH.L41.31	KY21.Chr4.1051
KH.L41.64	KY21.Chr4.1052
KH.L41.39	KY21.Chr4.1054
KH.L41.79	KY21.Chr4.1054
KH.L41.24	KY21.Chr4.1056
KH.L41.47	KY21.Chr4.1057
KH.L41.53	KY21.Chr4.1058
KH.L41.15	KY21.Chr4.1059
KH.L41.44	KY21.Chr4.1061
KH.L41.13	KY21.Chr4.1062
KH.L41.49	KY21.Chr4.1063
KH.L41.16	KY21.Chr4.1064
KH.L41.42	KY21.Chr4.1065
KH.L41.2	KY21.Chr4.1066
KH.L41.34	KY21.Chr4.1067
KH.L41.29	KY21.Chr4.1068
KH.L41.1	KY21.Chr4.1069
KH.L41.12	KY21.Chr4.1069
KH.L41.30	KY21.Chr4.1069
KH.L41.8	KY21.Chr4.1070
KH.L41.10	KY21.Chr4.1071
KH.L41.40	KY21.Chr4.1072
KH.L41.61	KY21.Chr4.1073
KH.L41.55	KY21.Chr4.1075
KH.L41.37	KY21.Chr4.1076
KH.L41.5	KY21.Chr4.1077
KH.L41.67	KY21.Chr4.1078
KH.L41.25	KY21.Chr4.1080
KH.L41.21	KY21.Chr4.1082
KH.S812.3	KY21.Chr4.1084
KH.S812.2	KY21.Chr4.1085
KH.S812.1	KY21.Chr4.1086
KH.L41.33	KY21.Chr4.1087
KH.L41.46	KY21.Chr4.1088
KH.L41.54	KY21.Chr4.1089
KH.L41.35	KY21.Chr4.1090
KH.L41.3	KY21.Chr4.1091
KH.L41.78	KY21.Chr4.1092
KH.L41.26	KY21.Chr4.1093
KH.S1818.1	KY21.Chr4.1093
KH.L41.69	KY21.Chr4.1094
KH.S1818.2	KY21.Chr4.1094
KH.L41.62	KY21.Chr4.1096
KH.L41.43	KY21.Chr4.1098
KH.L41.71	KY21.Chr4.1099
KH.L41.6	KY21.Chr4.1100
KH.L41.27	KY21.Chr4.1102
KH.L41.28	KY21.Chr4.1103
KH.L41.11	KY21.Chr4.1104
KH.L41.48	KY21.Chr4.1105
KH.L41.32	KY21.Chr4.1106
KH.L41.66	KY21.Chr4.1107
KH.L41.57	KY21.Chr4.1108
KH.L41.19	KY21.Chr4.1109
KH.L41.52	KY21.Chr4.1111
KH.L41.56	KY21.Chr4.1112
KH.L41.65	KY21.Chr4.1113
KH.L41.36	KY21.Chr4.1117
KH.L41.51	KY21.Chr4.1117
KH.L41.60	KY21.Chr4.1118
KH.S742.1	KY21.Chr4.1120
KH.S742.2	KY21.Chr4.1121
KH.L152.5	KY21.Chr4.1123
KH.L152.39	KY21.Chr4.1124
KH.L152.43	KY21.Chr4.1125
KH.L152.6	KY21.Chr4.1126
KH.L152.37	KY21.Chr4.1127
KH.L152.24	KY21.Chr4.1128
KH.S2114.1	KY21.Chr4.1128
KH.L152.32	KY21.Chr4.1129
KH.L152.33	KY21.Chr4.1130
KH.L152.47	KY21.Chr4.1131
KH.L152.30	KY21.Chr4.1132
KH.L152.26	KY21.Chr4.1133
KH.L152.51	KY21.Chr4.1134
KH.L152.25	KY21.Chr4.1135
KH.L152.38	KY21.Chr4.1136
KH.L152.16	KY21.Chr4.1137
KH.L152.46	KY21.Chr4.1138
KH.L109.6	KY21.Chr4.1139
KH.L152.4	KY21.Chr4.1139
KH.L109.4	KY21.Chr4.1140
KH.L109.1	KY21.Chr4.1141
KH.L109.3	KY21.Chr4.1143
KH.L109.5	KY21.Chr4.1144
KH.L109.2	KY21.Chr4.1145
KH.L109.7	KY21.Chr4.1146
KH.L109.9	KY21.Chr4.1146
KH.L152.1	KY21.Chr4.1147
KH.L152.11	KY21.Chr4.1149
KH.L152.18	KY21.Chr4.1150
KH.L152.41	KY21.Chr4.1151
KH.L152.23	KY21.Chr4.1153
KH.L152.22	KY21.Chr4.1154
KH.L152.13	KY21.Chr4.1155
KH.L152.42	KY21.Chr4.1157
KH.L152.3	KY21.Chr4.1158
KH.L152.17	KY21.Chr4.1159
KH.L152.8	KY21.Chr4.1160
KH.L152.36	KY21.Chr4.1161
KH.L152.49	KY21.Chr4.1162
KH.L152.2	KY21.Chr4.1164
KH.L152.12	KY21.Chr4.1166
KH.L152.28	KY21.Chr4.1167
KH.L152.29	KY21.Chr4.1168
KH.L152.19	KY21.Chr4.1169
KH.L152.54	KY21.Chr4.1170
KH.L152.50	KY21.Chr4.1171
KH.L152.21	KY21.Chr4.1172
KH.L152.48	KY21.Chr4.1173
KH.L152.45	KY21.Chr4.1174
KH.L152.31	KY21.Chr4.1175
KH.L152.44	KY21.Chr4.1176
KH.L152.20	KY21.Chr4.1177
KH.L152.14	KY21.Chr4.1178
KH.L152.52	KY21.Chr4.1179
KH.L152.10	KY21.Chr4.1180
KH.L152.40	KY21.Chr4.1181
KH.L152.34	KY21.Chr4.1182
KH.L152.7	KY21.Chr4.1183
KH.L152.9	KY21.Chr4.1184
KH.L152.55	KY21.Chr4.1186
KH.S696.8	KY21.Chr4.1188
KH.S696.4	KY21.Chr4.1189
KH.S696.6	KY21.Chr4.1190
KH.S696.2	KY21.Chr4.1191
KH.S696.1	KY21.Chr4.1192
KH.S696.5	KY21.Chr4.1193
KH.S696.9	KY21.Chr4.1194
KH.S696.7	KY21.Chr4.1195
KH.S696.3	KY21.Chr4.1196
KH.S852.7	KY21.Chr4.1196
KH.S852.1	KY21.Chr4.1197
KH.S852.4	KY21.Chr4.1198
KH.S852.5	KY21.Chr4.1199
KH.S852.2	KY21.Chr4.1200
KH.S852.3	KY21.Chr4.1201
KH.S852.8	KY21.Chr4.1203
KH.S852.6	KY21.Chr4.1204
KH.S1158.1	KY21.Chr5.3
KH.L137.5	KY21.Chr5.8
KH.L137.1	KY21.Chr5.12
KH.L137.3	KY21.Chr5.13
KH.L137.6	KY21.Chr5.18
KH.L137.7	KY21.Chr5.18
KH.L137.2	KY21.Chr5.19
KH.S991.2	KY21.Chr5.22
KH.S2618.1	KY21.Chr5.24
KH.S1399.1	KY21.Chr5.25
KH.C5.196	KY21.Chr5.26
KH.C5.423	KY21.Chr5.26
KH.S2049.2	KY21.Chr5.27
KH.C5.602	KY21.Chr5.28
KH.C5.502	KY21.Chr5.29
KH.C5.630	KY21.Chr5.33
KH.C5.531	KY21.Chr5.34
KH.C5.98	KY21.Chr5.35
KH.C5.199	KY21.Chr5.36
KH.C5.559	KY21.Chr5.37
KH.C5.187	KY21.Chr5.38
KH.C5.431	KY21.Chr5.39
KH.C5.279	KY21.Chr5.40
KH.C5.419	KY21.Chr5.42
KH.C5.58	KY21.Chr5.45
KH.C5.118	KY21.Chr5.46
KH.C5.55	KY21.Chr5.47
KH.C5.30	KY21.Chr5.48
KH.C5.193	KY21.Chr5.50
KH.C5.31	KY21.Chr5.51
KH.C5.613	KY21.Chr5.52
KH.C5.135	KY21.Chr5.53
KH.C5.456	KY21.Chr5.54
KH.C5.56	KY21.Chr5.55
KH.C5.121	KY21.Chr5.56
KH.C5.381	KY21.Chr5.57
KH.C5.210	KY21.Chr5.58
KH.C5.430	KY21.Chr5.59
KH.C5.663	KY21.Chr5.60
KH.C5.94	KY21.Chr5.61
KH.C8.896	KY21.Chr5.62
KH.C5.150	KY21.Chr5.63
KH.C5.14	KY21.Chr5.64
KH.C5.305	KY21.Chr5.65
KH.S1206.1	KY21.Chr5.66
KH.S1206.3	KY21.Chr5.67
KH.S1206.2	KY21.Chr5.69
KH.C5.370	KY21.Chr5.71
KH.C5.183	KY21.Chr5.72
KH.C5.337	KY21.Chr5.73
KH.C5.128	KY21.Chr5.74
KH.C5.607	KY21.Chr5.75
KH.C5.105	KY21.Chr5.76
KH.C5.425	KY21.Chr5.77
KH.C5.339	KY21.Chr5.78
KH.C5.247	KY21.Chr5.79
KH.C5.444	KY21.Chr5.80
KH.C5.481	KY21.Chr5.81
KH.C5.524	KY21.Chr5.82
KH.C5.382	KY21.Chr5.83
KH.C5.209	KY21.Chr5.84
KH.C5.647	KY21.Chr5.85
KH.C5.506	KY21.Chr5.86
KH.C5.635	KY21.Chr5.88
KH.C5.570	KY21.Chr5.89
KH.C5.345	KY21.Chr5.90
KH.L137.4	KY21.Chr5.90
KH.C5.421	KY21.Chr5.91
KH.C5.239	KY21.Chr5.92
KH.C5.552	KY21.Chr5.93
KH.C5.483	KY21.Chr5.95
KH.C5.514	KY21.Chr5.96
KH.C5.549	KY21.Chr5.97
KH.C5.63	KY21.Chr5.98
KH.C5.564	KY21.Chr5.99
KH.C5.441	KY21.Chr5.101
KH.C5.45	KY21.Chr5.102
KH.C5.34	KY21.Chr5.104
KH.C5.563	KY21.Chr5.107
KH.C5.465	KY21.Chr5.108
KH.C5.115	KY21.Chr5.110
KH.C5.160	KY21.Chr5.112
KH.C5.659	KY21.Chr5.113
KH.C5.136	KY21.Chr5.114
KH.C5.2	KY21.Chr5.115
KH.C5.550	KY21.Chr5.116
KH.C5.517	KY21.Chr5.117
KH.C5.373	KY21.Chr5.118
KH.C5.346	KY21.Chr5.119
KH.C5.225	KY21.Chr5.120
KH.C5.575	KY21.Chr5.121
KH.C5.164	KY21.Chr5.122
KH.C5.86	KY21.Chr5.123
KH.C5.351	KY21.Chr5.124
KH.C5.67	KY21.Chr5.125
KH.C5.649	KY21.Chr5.126
KH.C5.634	KY21.Chr5.128
KH.C5.168	KY21.Chr5.129
KH.C5.394	KY21.Chr5.130
KH.C5.328	KY21.Chr5.131
KH.C5.245	KY21.Chr5.132
KH.C5.39	KY21.Chr5.135
KH.C5.618	KY21.Chr5.137
KH.C5.309	KY21.Chr5.138
KH.C5.616	KY21.Chr5.139
KH.C5.181	KY21.Chr5.142
KH.C5.52	KY21.Chr5.144
KH.C5.475	KY21.Chr5.145
KH.C5.204	KY21.Chr5.146
KH.C5.525	KY21.Chr5.150
KH.C5.667	KY21.Chr5.151
KH.C5.1	KY21.Chr5.152
KH.C5.203	KY21.Chr5.153
KH.C5.331	KY21.Chr5.154
KH.C5.666	KY21.Chr5.155
KH.C5.216	KY21.Chr5.158
KH.C5.177	KY21.Chr5.159
KH.C5.639	KY21.Chr5.161
KH.C5.631	KY21.Chr5.162
KH.C5.315	KY21.Chr5.163
KH.C5.388	KY21.Chr5.164
KH.C5.112	KY21.Chr5.165
KH.C5.615	KY21.Chr5.166
KH.C5.387	KY21.Chr5.167
KH.C5.18	KY21.Chr5.168
KH.C5.273	KY21.Chr5.169
KH.C5.605	KY21.Chr5.171
KH.C5.123	KY21.Chr5.172
KH.C5.390	KY21.Chr5.173
KH.C5.134	KY21.Chr5.174
KH.C5.9	KY21.Chr5.176
KH.C5.206	KY21.Chr5.177
KH.C5.622	KY21.Chr5.178
KH.C5.333	KY21.Chr5.179
KH.C5.62	KY21.Chr5.180
KH.C5.532	KY21.Chr5.181
KH.C5.447	KY21.Chr5.183
KH.C5.365	KY21.Chr5.184
KH.C5.409	KY21.Chr5.185
KH.C5.629	KY21.Chr5.186
KH.C5.249	KY21.Chr5.187
KH.C5.573	KY21.Chr5.188
KH.C5.28	KY21.Chr5.190
KH.C5.652	KY21.Chr5.191
KH.C5.50	KY21.Chr5.196
KH.C5.408	KY21.Chr5.197
KH.C5.261	KY21.Chr5.198
KH.C5.220	KY21.Chr5.199
KH.C5.507	KY21.Chr5.200
KH.C5.396	KY21.Chr5.201
KH.C5.304	KY21.Chr5.203
KH.C5.534	KY21.Chr5.204
KH.C5.218	KY21.Chr5.206
KH.C5.189	KY21.Chr5.207
KH.C5.4	KY21.Chr5.208
KH.C5.167	KY21.Chr5.209
KH.C5.326	KY21.Chr5.210
KH.C5.580	KY21.Chr5.211
KH.C5.427	KY21.Chr5.213
KH.C5.71	KY21.Chr5.214
KH.C5.664	KY21.Chr5.215
KH.C5.23	KY21.Chr5.216
KH.C5.117	KY21.Chr5.217
KH.C5.258	KY21.Chr5.218
KH.C5.320	KY21.Chr5.219
KH.C5.130	KY21.Chr5.220
KH.C5.42	KY21.Chr5.221
KH.C5.95	KY21.Chr5.222
KH.C5.413	KY21.Chr5.223
KH.C5.453	KY21.Chr5.224
KH.C5.77	KY21.Chr5.225
KH.C5.26	KY21.Chr5.226
KH.C5.527	KY21.Chr5.227
KH.C5.482	KY21.Chr5.228
KH.C5.540	KY21.Chr5.231
KH.C5.361	KY21.Chr5.232
KH.C5.33	KY21.Chr5.233
KH.C5.64	KY21.Chr5.237
KH.C5.142	KY21.Chr5.238
KH.C5.491	KY21.Chr5.239
KH.C5.451	KY21.Chr5.240
KH.C5.392	KY21.Chr5.241
KH.C5.174	KY21.Chr5.243
KH.C5.410	KY21.Chr5.251
KH.S2031.1	KY21.Chr5.251
KH.C5.321	KY21.Chr5.252
KH.C5.100	KY21.Chr5.253
KH.C5.75	KY21.Chr5.254
KH.C5.176	KY21.Chr5.256
KH.C5.478	KY21.Chr5.260
KH.C5.313	KY21.Chr5.261
KH.C5.366	KY21.Chr5.262
KH.C5.545	KY21.Chr5.263
KH.C5.650	KY21.Chr5.264
KH.C5.446	KY21.Chr5.265
KH.C5.194	KY21.Chr5.266
KH.C5.262	KY21.Chr5.267
KH.C5.11	KY21.Chr5.268
KH.L3.9	KY21.Chr5.269
KH.L3.17	KY21.Chr5.270
KH.L3.19	KY21.Chr5.271
KH.L3.14	KY21.Chr5.273
KH.L3.12	KY21.Chr5.274
KH.L3.1	KY21.Chr5.275
KH.L3.3	KY21.Chr5.276
KH.L3.8	KY21.Chr5.277
KH.L3.11	KY21.Chr5.278
KH.L3.6	KY21.Chr5.279
KH.L3.2	KY21.Chr5.282
KH.L3.18	KY21.Chr5.282
KH.L3.22	KY21.Chr5.282
KH.L3.20	KY21.Chr5.286
KH.L3.7	KY21.Chr5.287
KH.L3.10	KY21.Chr5.288
KH.L3.13	KY21.Chr5.289
KH.L3.5	KY21.Chr5.290
KH.L3.15	KY21.Chr5.291
KH.S695.4	KY21.Chr5.297
KH.S695.6	KY21.Chr5.300
KH.S695.3	KY21.Chr5.302
KH.S695.5	KY21.Chr5.303
KH.C5.530	KY21.Chr5.305
KH.C5.521	KY21.Chr5.306
KH.C5.133	KY21.Chr5.307
KH.C5.83	KY21.Chr5.308
KH.C5.66	KY21.Chr5.309
KH.C5.632	KY21.Chr5.310
KH.C5.572	KY21.Chr5.311
KH.C5.180	KY21.Chr5.312
KH.C5.88	KY21.Chr5.313
KH.C5.640	KY21.Chr5.314
KH.C5.474	KY21.Chr5.315
KH.C5.357	KY21.Chr5.316
KH.C5.625	KY21.Chr5.317
KH.C5.624	KY21.Chr5.318
KH.C5.471	KY21.Chr5.319
KH.C5.551	KY21.Chr5.320
KH.C5.538	KY21.Chr5.321
KH.C5.571	KY21.Chr5.322
KH.C5.434	KY21.Chr5.323
KH.C5.599	KY21.Chr5.324
KH.C5.299	KY21.Chr5.325
KH.C5.608	KY21.Chr5.326
KH.C5.641	KY21.Chr5.329
KH.C5.547	KY21.Chr5.330
KH.C5.362	KY21.Chr5.331
KH.C5.584	KY21.Chr5.332
KH.C5.437	KY21.Chr5.333
KH.C5.61	KY21.Chr5.334
KH.C5.561	KY21.Chr5.335
KH.C5.460	KY21.Chr5.336
KH.C5.463	KY21.Chr5.337
KH.C5.541	KY21.Chr5.338
KH.C5.411	KY21.Chr5.339
KH.C5.583	KY21.Chr5.340
KH.C5.155	KY21.Chr5.341
KH.C5.114	KY21.Chr5.342
KH.C5.543	KY21.Chr5.343
KH.C5.81	KY21.Chr5.344
KH.C5.336	KY21.Chr5.345
KH.C5.131	KY21.Chr5.346
KH.C5.143	KY21.Chr5.347
KH.C5.191	KY21.Chr5.348
KH.C5.503	KY21.Chr5.349
KH.C5.422	KY21.Chr5.350
KH.C5.637	KY21.Chr5.351
KH.C5.212	KY21.Chr5.352
KH.C5.342	KY21.Chr5.353
KH.C5.461	KY21.Chr5.354
KH.C5.638	KY21.Chr5.355
KH.C5.489	KY21.Chr5.356
KH.C5.554	KY21.Chr5.360
KH.C5.416	KY21.Chr5.361
KH.C5.202	KY21.Chr5.362
KH.C5.515	KY21.Chr5.363
KH.C5.278	KY21.Chr5.365
KH.C5.148	KY21.Chr5.366
KH.C5.562	KY21.Chr5.367
KH.C5.92	KY21.Chr5.368
KH.C5.325	KY21.Chr5.368
KH.C5.289	KY21.Chr5.369
KH.C5.574	KY21.Chr5.373
KH.C5.295	KY21.Chr5.374
KH.C5.201	KY21.Chr5.375
KH.C5.335	KY21.Chr5.376
KH.C5.466	KY21.Chr5.377
KH.C5.596	KY21.Chr5.378
KH.C5.109	KY21.Chr5.379
KH.C5.658	KY21.Chr5.380
KH.C5.522	KY21.Chr5.381
KH.C5.254	KY21.Chr5.382
KH.C5.184	KY21.Chr5.383
KH.C5.74	KY21.Chr5.385
KH.C5.523	KY21.Chr5.388
KH.C5.485	KY21.Chr5.389
KH.C5.221	KY21.Chr5.390
KH.C5.611	KY21.Chr5.391
KH.L36.3	KY21.Chr5.392
KH.L36.2	KY21.Chr5.393
KH.L36.7	KY21.Chr5.394
KH.L36.6	KY21.Chr5.395
KH.L36.8	KY21.Chr5.396
KH.L36.1	KY21.Chr5.397
KH.C5.322	KY21.Chr5.398
KH.C5.355	KY21.Chr5.400
KH.C5.378	KY21.Chr5.401
KH.C5.291	KY21.Chr5.402
KH.C5.87	KY21.Chr5.403
KH.C5.108	KY21.Chr5.404
KH.C5.513	KY21.Chr5.405
KH.C5.364	KY21.Chr5.406
KH.C5.374	KY21.Chr5.407
KH.C5.314	KY21.Chr5.408
KH.C5.479	KY21.Chr5.409
KH.C5.163	KY21.Chr5.410
KH.C5.324	KY21.Chr5.411
KH.C5.448	KY21.Chr5.413
KH.C5.565	KY21.Chr5.414
KH.C5.467	KY21.Chr5.415
KH.C5.93	KY21.Chr5.416
KH.C5.352	KY21.Chr5.419
KH.C5.578	KY21.Chr5.419
KH.C5.657	KY21.Chr5.420
KH.C5.257	KY21.Chr5.421
KH.C5.626	KY21.Chr5.422
KH.C3.546	KY21.Chr5.423
KH.C5.72	KY21.Chr5.424
KH.C5.428	KY21.Chr5.425
KH.C5.226	KY21.Chr5.426
KH.C5.24	KY21.Chr5.427
KH.C5.231	KY21.Chr5.428
KH.C5.84	KY21.Chr5.429
KH.C5.487	KY21.Chr5.430
KH.C5.510	KY21.Chr5.431
KH.C5.80	KY21.Chr5.432
KH.C5.144	KY21.Chr5.433
KH.C5.274	KY21.Chr5.434
KH.C5.585	KY21.Chr5.435
KH.C5.619	KY21.Chr5.436
KH.C5.107	KY21.Chr5.437
KH.C5.260	KY21.Chr5.438
KH.C5.284	KY21.Chr5.440
KH.C5.124	KY21.Chr5.441
KH.C5.303	KY21.Chr5.442
KH.C5.347	KY21.Chr5.443
KH.C5.263	KY21.Chr5.444
KH.C5.234	KY21.Chr5.445
KH.C5.454	KY21.Chr5.446
KH.C5.435	KY21.Chr5.448
KH.C5.188	KY21.Chr5.449
KH.C5.436	KY21.Chr5.450
KH.C5.569	KY21.Chr5.451
KH.C5.555	KY21.Chr5.454
KH.C5.282	KY21.Chr5.455
KH.C5.170	KY21.Chr5.456
KH.C5.577	KY21.Chr5.457
KH.C5.277	KY21.Chr5.458
KH.C5.132	KY21.Chr5.459
KH.C5.498	KY21.Chr5.460
KH.C5.604	KY21.Chr5.461
KH.C5.495	KY21.Chr5.462
KH.C5.49	KY21.Chr5.465
KH.C5.533	KY21.Chr5.467
KH.C5.606	KY21.Chr5.475
KH.C5.145	KY21.Chr5.476
KH.C5.601	KY21.Chr5.480
KH.C5.661	KY21.Chr5.481
KH.C5.449	KY21.Chr5.483
KH.C5.70	KY21.Chr5.484
KH.C5.424	KY21.Chr5.485
KH.C5.643	KY21.Chr5.486
KH.C5.186	KY21.Chr5.487
KH.C5.589	KY21.Chr5.488
KH.C5.458	KY21.Chr5.490
KH.C5.323	KY21.Chr5.491
KH.C5.356	KY21.Chr5.492
KH.C5.316	KY21.Chr5.494
KH.C5.138	KY21.Chr5.496
KH.C5.476	KY21.Chr5.499
KH.C5.340	KY21.Chr5.500
KH.C5.5	KY21.Chr5.501
KH.C5.298	KY21.Chr5.504
KH.C5.17	KY21.Chr5.505
KH.C5.617	KY21.Chr5.507
KH.C5.46	KY21.Chr5.509
KH.C5.653	KY21.Chr5.510
KH.C5.190	KY21.Chr5.511
KH.C5.149	KY21.Chr5.512
KH.C5.215	KY21.Chr5.513
KH.C5.76	KY21.Chr5.514
KH.C5.359	KY21.Chr5.515
KH.C5.311	KY21.Chr5.516
KH.C5.329	KY21.Chr5.517
KH.C5.317	KY21.Chr5.518
KH.C5.470	KY21.Chr5.519
KH.C5.230	KY21.Chr5.520
KH.C5.633	KY21.Chr5.521
KH.C5.275	KY21.Chr5.522
KH.C5.267	KY21.Chr5.524
KH.C5.15	KY21.Chr5.525
KH.C5.379	KY21.Chr5.526
KH.C5.251	KY21.Chr5.528
KH.C5.330	KY21.Chr5.529
KH.C5.493	KY21.Chr5.530
KH.C5.486	KY21.Chr5.531
KH.C5.54	KY21.Chr5.532
KH.C5.586	KY21.Chr5.533
KH.C5.227	KY21.Chr5.534
KH.C5.102	KY21.Chr5.537
KH.C5.211	KY21.Chr5.538
KH.C5.610	KY21.Chr5.540
KH.C5.237	KY21.Chr5.541
KH.C5.281	KY21.Chr5.542
KH.C5.519	KY21.Chr5.543
KH.C5.348	KY21.Chr5.545
KH.C5.511	KY21.Chr5.546
KH.C5.567	KY21.Chr5.547
KH.C5.73	KY21.Chr5.548
KH.C5.406	KY21.Chr5.549
KH.C5.490	KY21.Chr5.550
KH.C5.294	KY21.Chr5.551
KH.C5.595	KY21.Chr5.554
KH.C5.6	KY21.Chr5.555
KH.C5.175	KY21.Chr5.556
KH.C5.224	KY21.Chr5.557
KH.C5.89	KY21.Chr5.561
KH.C5.192	KY21.Chr5.566
KH.C5.660	KY21.Chr5.567
KH.C5.79	KY21.Chr5.568
KH.C5.182	KY21.Chr5.569
KH.C5.290	KY21.Chr5.570
KH.C5.97	KY21.Chr5.571
KH.S1540.2	KY21.Chr5.573
KH.S1540.1	KY21.Chr5.574
KH.C5.484	KY21.Chr5.575
KH.C5.165	KY21.Chr5.576
KH.C5.415	KY21.Chr5.577
KH.C5.358	KY21.Chr5.578
KH.C5.499	KY21.Chr5.579
KH.C5.455	KY21.Chr5.580
KH.C5.464	KY21.Chr5.582
KH.C5.243	KY21.Chr5.583
KH.C5.469	KY21.Chr5.584
KH.C5.269	KY21.Chr5.585
KH.C5.587	KY21.Chr5.586
KH.C5.3	KY21.Chr5.588
KH.C5.47	KY21.Chr5.589
KH.C5.44	KY21.Chr5.590
KH.C5.229	KY21.Chr5.591
KH.C5.60	KY21.Chr5.592
KH.C5.560	KY21.Chr5.592
KH.C5.432	KY21.Chr5.593
KH.C5.501	KY21.Chr5.594
KH.C5.287	KY21.Chr5.596
KH.C5.104	KY21.Chr5.598
KH.C5.375	KY21.Chr5.600
KH.C5.40	KY21.Chr5.601
KH.C5.172	KY21.Chr5.602
KH.C5.8	KY21.Chr5.603
KH.C5.581	KY21.Chr5.604
KH.C5.232	KY21.Chr5.605
KH.C5.526	KY21.Chr5.606
KH.C5.252	KY21.Chr5.607
KH.C5.166	KY21.Chr5.608
KH.C5.10	KY21.Chr5.609
KH.C5.537	KY21.Chr5.610
KH.C5.286	KY21.Chr5.611
KH.C5.173	KY21.Chr5.612
KH.C5.82	KY21.Chr5.613
KH.C5.500	KY21.Chr5.614
KH.C5.450	KY21.Chr5.615
KH.C5.371	KY21.Chr5.616
KH.C5.539	KY21.Chr5.617
KH.C5.397	KY21.Chr5.618
KH.C5.161	KY21.Chr5.619
KH.C5.609	KY21.Chr5.620
KH.C5.417	KY21.Chr5.621
KH.C5.222	KY21.Chr5.622
KH.C5.213	KY21.Chr5.623
KH.C5.614	KY21.Chr5.624
KH.C5.535	KY21.Chr5.626
KH.C5.590	KY21.Chr5.628
KH.C5.255	KY21.Chr5.629
KH.C5.557	KY21.Chr5.630
KH.C5.106	KY21.Chr5.631
KH.C5.19	KY21.Chr5.632
KH.C5.386	KY21.Chr5.633
KH.C5.389	KY21.Chr5.634
KH.C5.376	KY21.Chr5.635
KH.C5.272	KY21.Chr5.636
KH.C5.250	KY21.Chr5.637
KH.C5.556	KY21.Chr5.638
KH.C5.472	KY21.Chr5.639
KH.C5.200	KY21.Chr5.640
KH.C5.544	KY21.Chr5.641
KH.C5.480	KY21.Chr5.642
KH.C5.442	KY21.Chr5.644
KH.C5.236	KY21.Chr5.645
KH.C5.603	KY21.Chr5.647
KH.C5.593	KY21.Chr5.648
KH.C5.307	KY21.Chr5.649
KH.C5.393	KY21.Chr5.650
KH.C5.57	KY21.Chr5.652
KH.C5.492	KY21.Chr5.653
KH.C5.546	KY21.Chr5.654
KH.C5.473	KY21.Chr5.655
KH.C5.518	KY21.Chr5.656
KH.C5.391	KY21.Chr5.657
KH.C5.126	KY21.Chr5.658
KH.C5.592	KY21.Chr5.659
KH.C5.350	KY21.Chr5.660
KH.C5.233	KY21.Chr5.661
KH.C5.612	KY21.Chr5.661
KH.C5.68	KY21.Chr5.662
KH.C5.116	KY21.Chr5.663
KH.C5.152	KY21.Chr5.664
KH.C5.403	KY21.Chr5.665
KH.C5.377	KY21.Chr5.666
KH.C5.223	KY21.Chr5.667
KH.L56.6	KY21.Chr5.669
KH.C5.496	KY21.Chr5.670
KH.C5.459	KY21.Chr5.671
KH.C5.297	KY21.Chr5.672
KH.C5.404	KY21.Chr5.673
KH.C5.623	KY21.Chr5.675
KH.C5.244	KY21.Chr5.676
KH.C5.367	KY21.Chr5.680
KH.C5.53	KY21.Chr5.681
KH.C5.494	KY21.Chr5.682
KH.C5.628	KY21.Chr5.683
KH.C5.195	KY21.Chr5.684
KH.C5.265	KY21.Chr5.685
KH.C5.259	KY21.Chr5.686
KH.C5.276	KY21.Chr5.687
KH.C5.162	KY21.Chr5.688
KH.C5.122	KY21.Chr5.691
KH.C5.141	KY21.Chr5.692
KH.C5.426	KY21.Chr5.693
KH.C5.598	KY21.Chr5.694
KH.C5.154	KY21.Chr5.695
KH.C5.292	KY21.Chr5.698
KH.C5.665	KY21.Chr5.699
KH.C5.29	KY21.Chr5.700
KH.C5.185	KY21.Chr5.701
KH.C5.548	KY21.Chr5.702
KH.S544.2	KY21.Chr5.703
KH.S2529.1	KY21.Chr5.703
KH.S544.4	KY21.Chr5.704
KH.S544.1	KY21.Chr5.705
KH.S544.3	KY21.Chr5.707
KH.C5.306	KY21.Chr5.710
KH.C5.504	KY21.Chr5.711
KH.C5.137	KY21.Chr5.712
KH.C5.91	KY21.Chr5.713
KH.C5.646	KY21.Chr5.714
KH.C5.153	KY21.Chr5.715
KH.C5.520	KY21.Chr5.715
KH.C5.228	KY21.Chr5.716
KH.C5.16	KY21.Chr5.717
KH.C5.22	KY21.Chr5.718
KH.C5.43	KY21.Chr5.719
KH.C5.99	KY21.Chr5.720
KH.C5.353	KY21.Chr5.721
KH.C5.140	KY21.Chr5.722
KH.C5.205	KY21.Chr5.725
KH.C5.457	KY21.Chr5.726
KH.C5.591	KY21.Chr5.727
KH.C5.420	KY21.Chr5.728
KH.C5.505	KY21.Chr5.729
KH.C5.12	KY21.Chr5.730
KH.C5.158	KY21.Chr5.731
KH.C10.587	KY21.Chr5.732
KH.C5.662	KY21.Chr5.733
KH.C5.651	KY21.Chr5.735
KH.C5.508	KY21.Chr5.737
KH.C5.398	KY21.Chr5.738
KH.C5.32	KY21.Chr5.739
KH.C5.620	KY21.Chr5.739
KH.C5.383	KY21.Chr5.740
KH.C5.48	KY21.Chr5.741
KH.C5.433	KY21.Chr5.742
KH.C5.440	KY21.Chr5.743
KH.C5.360	KY21.Chr5.744
KH.C5.380	KY21.Chr5.745
KH.C5.65	KY21.Chr5.746
KH.C5.178	KY21.Chr5.747
KH.C5.452	KY21.Chr5.748
KH.C5.293	KY21.Chr5.749
KH.C5.488	KY21.Chr5.750
KH.C5.253	KY21.Chr5.751
KH.C5.594	KY21.Chr5.752
KH.C5.308	KY21.Chr5.753
KH.C5.214	KY21.Chr5.755
KH.C5.429	KY21.Chr5.756
KH.C5.198	KY21.Chr5.757
KH.C5.399	KY21.Chr5.758
KH.C5.288	KY21.Chr5.759
KH.C5.157	KY21.Chr5.760
KH.C5.600	KY21.Chr5.760
KH.C5.648	KY21.Chr5.760
KH.C5.445	KY21.Chr5.762
KH.C5.127	KY21.Chr5.763
KH.C5.553	KY21.Chr5.764
KH.C5.96	KY21.Chr5.765
KH.C5.271	KY21.Chr5.766
KH.C5.296	KY21.Chr5.767
KH.S621.3	KY21.Chr5.768
KH.S621.8	KY21.Chr5.770
KH.S621.1	KY21.Chr5.771
KH.S621.7	KY21.Chr5.772
KH.S621.2	KY21.Chr5.773
KH.S621.5	KY21.Chr5.774
KH.S621.4	KY21.Chr5.776
KH.S1176.2	KY21.Chr5.777
KH.C5.171	KY21.Chr5.778
KH.C5.568	KY21.Chr5.779
KH.C5.349	KY21.Chr5.780
KH.C5.51	KY21.Chr5.781
KH.C5.302	KY21.Chr5.782
KH.C5.621	KY21.Chr5.784
KH.C5.402	KY21.Chr5.785
KH.C5.395	KY21.Chr5.786
KH.C5.35	KY21.Chr5.787
KH.C5.240	KY21.Chr5.788
KH.C5.264	KY21.Chr5.790
KH.C5.405	KY21.Chr5.791
KH.C5.338	KY21.Chr5.792
KH.C5.208	KY21.Chr5.793
KH.C5.13	KY21.Chr5.794
KH.C5.414	KY21.Chr5.796
KH.C5.21	KY21.Chr5.797
KH.C5.235	KY21.Chr5.798
KH.C5.576	KY21.Chr5.800
KH.C5.147	KY21.Chr5.801
KH.C5.438	KY21.Chr5.802
KH.C5.372	KY21.Chr5.804
KH.C5.509	KY21.Chr5.805
KH.C5.385	KY21.Chr5.806
KH.C5.268	KY21.Chr5.807
KH.C5.558	KY21.Chr5.808
KH.C5.344	KY21.Chr5.809
KH.C5.101	KY21.Chr5.810
KH.C5.78	KY21.Chr5.811
KH.C5.90	KY21.Chr5.812
KH.C5.536	KY21.Chr5.813
KH.C5.516	KY21.Chr5.814
KH.C5.418	KY21.Chr5.815
KH.C5.207	KY21.Chr5.816
KH.C5.59	KY21.Chr5.817
KH.C5.25	KY21.Chr5.818
KH.C5.343	KY21.Chr5.819
KH.C5.27	KY21.Chr5.820
KH.C5.579	KY21.Chr5.821
KH.C5.654	KY21.Chr5.822
KH.C5.369	KY21.Chr5.823
KH.L6.5	KY21.Chr5.824
KH.L6.2	KY21.Chr5.825
KH.L6.4	KY21.Chr5.826
KH.L6.6	KY21.Chr5.827
KH.L6.3	KY21.Chr5.828
KH.L6.1	KY21.Chr5.830
KH.C5.477	KY21.Chr5.831
KH.C5.642	KY21.Chr5.833
KH.C5.462	KY21.Chr5.835
KH.C5.566	KY21.Chr5.836
KH.C5.312	KY21.Chr5.837
KH.C5.197	KY21.Chr5.838
KH.C5.401	KY21.Chr5.839
KH.C5.407	KY21.Chr5.840
KH.C5.103	KY21.Chr5.841
KH.C5.110	KY21.Chr5.842
KH.C5.341	KY21.Chr5.845
KH.C5.151	KY21.Chr5.846
KH.C5.363	KY21.Chr5.847
KH.C5.645	KY21.Chr5.848
KH.C5.41	KY21.Chr5.850
KH.C5.69	KY21.Chr5.851
KH.C5.644	KY21.Chr5.852
KH.C5.656	KY21.Chr5.853
KH.C5.217	KY21.Chr5.854
KH.C5.627	KY21.Chr5.855
KH.S1741.1	KY21.Chr5.855
KH.C5.542	KY21.Chr5.856
KH.C5.7	KY21.Chr5.857
KH.C5.146	KY21.Chr5.858
KH.C5.327	KY21.Chr5.859
KH.C5.597	KY21.Chr5.860
KH.C5.38	KY21.Chr5.862
KH.C5.37	KY21.Chr5.863
KH.C5.332	KY21.Chr5.865
KH.C5.242	KY21.Chr5.866
KH.L170.57	KY21.Chr5.867
KH.L170.98	KY21.Chr5.868
KH.L170.80	KY21.Chr5.869
KH.L170.27	KY21.Chr5.870
KH.L170.78	KY21.Chr5.871
KH.L170.40	KY21.Chr5.873
KH.L170.75	KY21.Chr5.874
KH.L170.42	KY21.Chr5.875
KH.L170.96	KY21.Chr5.876
KH.L170.48	KY21.Chr5.877
KH.L170.51	KY21.Chr5.879
KH.L170.46	KY21.Chr5.880
KH.L170.28	KY21.Chr5.882
KH.L170.82	KY21.Chr5.883
KH.L170.74	KY21.Chr5.884
KH.L170.13	KY21.Chr5.885
KH.L170.45	KY21.Chr5.886
KH.L170.23	KY21.Chr5.887
KH.L170.37	KY21.Chr5.888
KH.L170.68	KY21.Chr5.889
KH.L170.61	KY21.Chr5.890
KH.L170.18	KY21.Chr5.891
KH.L170.41	KY21.Chr5.892
KH.L170.84	KY21.Chr5.893
KH.L170.5	KY21.Chr5.894
KH.L170.10	KY21.Chr5.895
KH.L170.77	KY21.Chr5.896
KH.L170.2	KY21.Chr5.897
KH.L170.52	KY21.Chr5.898
KH.L170.97	KY21.Chr5.899
KH.L170.43	KY21.Chr5.900
KH.L170.59	KY21.Chr5.901
KH.L170.71	KY21.Chr5.902
KH.L170.53	KY21.Chr5.903
KH.L170.16	KY21.Chr5.904
KH.L170.87	KY21.Chr5.905
KH.L170.66	KY21.Chr5.906
KH.L170.8	KY21.Chr5.907
KH.L170.15	KY21.Chr5.908
KH.L170.67	KY21.Chr5.909
KH.L170.65	KY21.Chr5.910
KH.L170.73	KY21.Chr5.911
KH.L170.54	KY21.Chr5.913
KH.L170.50	KY21.Chr5.914
KH.L170.81	KY21.Chr5.914
KH.L170.44	KY21.Chr5.915
KH.L170.11	KY21.Chr5.916
KH.L170.93	KY21.Chr5.917
KH.L170.24	KY21.Chr5.918
KH.L170.35	KY21.Chr5.919
KH.L170.39	KY21.Chr5.920
KH.L170.49	KY21.Chr5.921
KH.L170.32	KY21.Chr5.922
KH.L170.7	KY21.Chr5.923
KH.L170.19	KY21.Chr5.925
KH.L170.85	KY21.Chr5.926
KH.L170.63	KY21.Chr5.927
KH.L170.58	KY21.Chr5.928
KH.L170.1	KY21.Chr5.929
KH.L170.60	KY21.Chr5.932
KH.L170.88	KY21.Chr5.933
KH.L170.72	KY21.Chr5.934
KH.L170.56	KY21.Chr5.935
KH.L170.89	KY21.Chr5.936
KH.L170.26	KY21.Chr5.937
KH.L170.30	KY21.Chr5.938
KH.L170.62	KY21.Chr5.939
KH.L170.36	KY21.Chr5.940
KH.L170.64	KY21.Chr5.941
KH.L170.4	KY21.Chr5.942
KH.L170.100	KY21.Chr5.943
KH.L170.20	KY21.Chr5.944
KH.L170.76	KY21.Chr5.945
KH.L170.38	KY21.Chr5.946
KH.L170.29	KY21.Chr5.949
KH.L170.25	KY21.Chr5.950
KH.L170.55	KY21.Chr5.951
KH.L170.22	KY21.Chr5.952
KH.S907.1	KY21.Chr5.953
KH.S497.10	KY21.Chr5.956
KH.S1104.3	KY21.Chr5.959
KH.S1104.4	KY21.Chr5.960
KH.S1104.1	KY21.Chr5.961
KH.S1104.2	KY21.Chr5.962
KH.S1001.1	KY21.Chr5.963
KH.S1104.5	KY21.Chr5.963
KH.L170.83	KY21.Chr5.964
KH.S1001.2	KY21.Chr5.964
KH.L170.31	KY21.Chr5.965
KH.L170.69	KY21.Chr5.966
KH.S1247.2	KY21.Chr5.967
KH.S1247.1	KY21.Chr5.968
KH.L20.44	KY21.Chr5.970
KH.L20.46	KY21.Chr5.971
KH.L170.14	KY21.Chr5.972
KH.L170.34	KY21.Chr5.973
KH.S1022.1	KY21.Chr5.975
KH.L170.9	KY21.Chr5.976
KH.L170.86	KY21.Chr5.977
KH.L170.91	KY21.Chr5.979
KH.L170.12	KY21.Chr5.980
KH.L170.33	KY21.Chr5.981
KH.L170.47	KY21.Chr5.984
KH.L170.21	KY21.Chr5.986
KH.L70.8	KY21.Chr5.987
KH.L70.3	KY21.Chr5.988
KH.L70.6	KY21.Chr5.989
KH.L70.2	KY21.Chr5.990
KH.L70.4	KY21.Chr5.991
KH.L70.7	KY21.Chr5.992
KH.L70.1	KY21.Chr5.993
KH.L70.5	KY21.Chr5.994
KH.S497.3	KY21.Chr5.995
KH.S497.9	KY21.Chr5.997
KH.S497.6	KY21.Chr5.999
KH.S497.8	KY21.Chr5.1000
KH.S497.2	KY21.Chr5.1001
KH.S497.5	KY21.Chr5.1006
KH.L88.1	KY21.Chr5.1007
KH.S1987.1	KY21.Chr5.1007
KH.L88.3	KY21.Chr5.1009
KH.L62.1	KY21.Chr5.1010
KH.L88.2	KY21.Chr5.1010
KH.L162.5	KY21.Chr5.1010
KH.S2177.1	KY21.Chr5.1010
KH.S2602.1	KY21.Chr5.1010
KH.L62.2	KY21.Chr5.1013
KH.S1065.3	KY21.Chr5.1013
KH.S1065.1	KY21.Chr5.1014
KH.S1065.2	KY21.Chr5.1015
KH.S982.5	KY21.Chr5.1017
KH.S982.2	KY21.Chr5.1018
KH.S982.4	KY21.Chr5.1019
KH.L4.25	KY21.Chr5.1020
KH.L4.20	KY21.Chr5.1021
KH.L4.18	KY21.Chr5.1022
KH.L4.19	KY21.Chr5.1023
KH.L4.12	KY21.Chr5.1024
KH.L4.37	KY21.Chr5.1025
KH.L4.59	KY21.Chr5.1026
KH.L4.6	KY21.Chr5.1027
KH.L4.49	KY21.Chr5.1028
KH.L4.2	KY21.Chr5.1029
KH.L4.54	KY21.Chr5.1030
KH.L4.35	KY21.Chr5.1031
KH.L4.39	KY21.Chr5.1031
KH.L4.46	KY21.Chr5.1031
KH.L4.57	KY21.Chr5.1031
KH.L4.55	KY21.Chr5.1032
KH.L4.31	KY21.Chr5.1033
KH.L4.43	KY21.Chr5.1034
KH.L4.23	KY21.Chr5.1035
KH.L4.15	KY21.Chr5.1036
KH.L4.28	KY21.Chr5.1038
KH.L4.27	KY21.Chr5.1040
KH.L4.26	KY21.Chr5.1041
KH.L4.62	KY21.Chr5.1042
KH.L4.38	KY21.Chr5.1043
KH.L4.56	KY21.Chr5.1044
KH.L4.29	KY21.Chr5.1045
KH.L4.8	KY21.Chr5.1046
KH.L4.21	KY21.Chr5.1047
KH.L4.41	KY21.Chr5.1049
KH.L4.47	KY21.Chr5.1049
KH.L4.16	KY21.Chr5.1050
KH.L4.17	KY21.Chr5.1052
KH.L4.44	KY21.Chr5.1053
KH.L4.61	KY21.Chr5.1054
KH.L4.5	KY21.Chr5.1055
KH.L4.48	KY21.Chr5.1055
KH.L4.10	KY21.Chr5.1057
KH.L4.40	KY21.Chr5.1058
KH.L4.52	KY21.Chr5.1059
KH.L4.53	KY21.Chr5.1060
KH.L4.32	KY21.Chr5.1061
KH.L4.13	KY21.Chr5.1062
KH.L4.36	KY21.Chr5.1063
KH.L4.45	KY21.Chr5.1064
KH.L4.4	KY21.Chr5.1065
KH.L4.24	KY21.Chr5.1066
KH.L4.33	KY21.Chr5.1067
KH.L4.60	KY21.Chr5.1068
KH.L4.30	KY21.Chr5.1069
KH.S2763.1	KY21.Chr5.1069
KH.L4.11	KY21.Chr5.1070
KH.L4.22	KY21.Chr5.1070
KH.L4.9	KY21.Chr5.1071
KH.L4.3	KY21.Chr5.1073
KH.L124.14	KY21.Chr5.1074
KH.L124.20	KY21.Chr5.1075
KH.L124.8	KY21.Chr5.1076
KH.L124.16	KY21.Chr5.1077
KH.L124.5	KY21.Chr5.1078
KH.L124.13	KY21.Chr5.1079
KH.L124.2	KY21.Chr5.1080
KH.L124.3	KY21.Chr5.1081
KH.L124.6	KY21.Chr5.1082
KH.L124.15	KY21.Chr5.1083
KH.L124.17	KY21.Chr5.1084
KH.L124.9	KY21.Chr5.1085
KH.L124.11	KY21.Chr5.1087
KH.L124.21	KY21.Chr5.1088
KH.L124.18	KY21.Chr5.1089
KH.L124.12	KY21.Chr5.1090
KH.L124.7	KY21.Chr5.1092
KH.L124.1	KY21.Chr5.1093
KH.L172.21	KY21.Chr5.1096
KH.L172.10	KY21.Chr5.1097
KH.L172.25	KY21.Chr5.1099
KH.L172.29	KY21.Chr5.1100
KH.L172.3	KY21.Chr5.1101
KH.L172.13	KY21.Chr5.1102
KH.L172.32	KY21.Chr5.1103
KH.L172.23	KY21.Chr5.1104
KH.L172.27	KY21.Chr5.1105
KH.L172.33	KY21.Chr5.1108
KH.L172.8	KY21.Chr5.1109
KH.L172.2	KY21.Chr5.1111
KH.L172.11	KY21.Chr5.1112
KH.L172.28	KY21.Chr5.1113
KH.L172.26	KY21.Chr5.1114
KH.L172.14	KY21.Chr5.1115
KH.L172.22	KY21.Chr5.1116
KH.L172.15	KY21.Chr5.1117
KH.L172.1	KY21.Chr5.1118
KH.L172.31	KY21.Chr5.1119
KH.L172.17	KY21.Chr5.1121
KH.L172.12	KY21.Chr5.1122
KH.L172.34	KY21.Chr5.1123
KH.L172.19	KY21.Chr5.1124
KH.L172.6	KY21.Chr5.1125
KH.L172.5	KY21.Chr5.1129
KH.L172.7	KY21.Chr5.1131
KH.L172.30	KY21.Chr5.1132
KH.L172.16	KY21.Chr5.1133
KH.L59.5	KY21.Chr6.6
KH.L156.6	KY21.Chr6.6
KH.L156.1	KY21.Chr6.9
KH.L156.3	KY21.Chr6.11
KH.L156.2	KY21.Chr6.13
KH.L156.5	KY21.Chr6.14
KH.L156.7	KY21.Chr6.15
KH.L59.6	KY21.Chr6.16
KH.L59.2	KY21.Chr6.17
KH.L59.9	KY21.Chr6.18
KH.L59.11	KY21.Chr6.20
KH.L59.7	KY21.Chr6.21
KH.L59.3	KY21.Chr6.22
KH.L59.10	KY21.Chr6.23
KH.L59.8	KY21.Chr6.24
KH.L59.4	KY21.Chr6.25
KH.L59.12	KY21.Chr6.26
KH.S816.2	KY21.Chr6.29
KH.S816.4	KY21.Chr6.30
KH.S816.1	KY21.Chr6.31
KH.S816.3	KY21.Chr6.32
KH.C6.96	KY21.Chr6.33
KH.C6.244	KY21.Chr6.34
KH.C6.47	KY21.Chr6.35
KH.C6.37	KY21.Chr6.36
KH.C6.132	KY21.Chr6.37
KH.C6.108	KY21.Chr6.38
KH.C6.239	KY21.Chr6.39
KH.C6.283	KY21.Chr6.40
KH.C6.87	KY21.Chr6.41
KH.C6.49	KY21.Chr6.42
KH.C6.63	KY21.Chr6.43
KH.C6.207	KY21.Chr6.44
KH.C6.93	KY21.Chr6.45
KH.C6.252	KY21.Chr6.46
KH.C6.203	KY21.Chr6.47
KH.C6.202	KY21.Chr6.48
KH.C6.68	KY21.Chr6.49
KH.C6.144	KY21.Chr6.50
KH.C6.182	KY21.Chr6.51
KH.C6.59	KY21.Chr6.52
KH.C6.262	KY21.Chr6.53
KH.C6.51	KY21.Chr6.54
KH.L101.2	KY21.Chr6.55
KH.L101.7	KY21.Chr6.56
KH.C6.16	KY21.Chr6.57
KH.C6.128	KY21.Chr6.58
KH.C6.71	KY21.Chr6.59
KH.C6.172	KY21.Chr6.61
KH.C6.292	KY21.Chr6.64
KH.S1155.2	KY21.Chr6.65
KH.S1155.1	KY21.Chr6.66
KH.C6.105	KY21.Chr6.68
KH.C6.130	KY21.Chr6.69
KH.C6.57	KY21.Chr6.70
KH.C6.15	KY21.Chr6.72
KH.C6.78	KY21.Chr6.74
KH.C6.50	KY21.Chr6.75
KH.C6.197	KY21.Chr6.80
KH.C6.19	KY21.Chr6.81
KH.C6.265	KY21.Chr6.83
KH.C6.168	KY21.Chr6.84
KH.S1017.1	KY21.Chr6.86
KH.L153.86	KY21.Chr6.88
KH.L153.1	KY21.Chr6.89
KH.L153.64	KY21.Chr6.90
KH.L153.39	KY21.Chr6.91
KH.L153.37	KY21.Chr6.92
KH.L153.27	KY21.Chr6.94
KH.L153.71	KY21.Chr6.95
KH.L153.19	KY21.Chr6.96
KH.L153.30	KY21.Chr6.97
KH.L153.50	KY21.Chr6.98
KH.S2209.1	KY21.Chr6.99
KH.S1522.1	KY21.Chr6.100
KH.L153.4	KY21.Chr6.102
KH.L153.95	KY21.Chr6.103
KH.L153.76	KY21.Chr6.104
KH.L153.36	KY21.Chr6.105
KH.L153.60	KY21.Chr6.106
KH.L153.18	KY21.Chr6.107
KH.L153.40	KY21.Chr6.108
KH.L153.8	KY21.Chr6.109
KH.C4.518	KY21.Chr6.110
KH.L153.24	KY21.Chr6.112
KH.L153.90	KY21.Chr6.113
KH.L153.13	KY21.Chr6.114
KH.L153.17	KY21.Chr6.115
KH.L153.48	KY21.Chr6.117
KH.L153.14	KY21.Chr6.118
KH.L153.69	KY21.Chr6.119
KH.S1107.2	KY21.Chr6.121
KH.S1107.1	KY21.Chr6.122
KH.L153.114	KY21.Chr6.123
KH.L153.7	KY21.Chr6.124
KH.L153.42	KY21.Chr6.125
KH.L153.6	KY21.Chr6.126
KH.L153.107	KY21.Chr6.127
KH.L153.88	KY21.Chr6.128
KH.L153.9	KY21.Chr6.130
KH.L153.75	KY21.Chr6.131
KH.L153.21	KY21.Chr6.135
KH.L153.59	KY21.Chr6.138
KH.L153.104	KY21.Chr6.139
KH.L153.62	KY21.Chr6.140
KH.L153.20	KY21.Chr6.141
KH.L153.65	KY21.Chr6.145
KH.L153.5	KY21.Chr6.149
KH.L153.29	KY21.Chr6.150
KH.L153.23	KY21.Chr6.151
KH.L153.57	KY21.Chr6.151
KH.S2255.1	KY21.Chr6.151
KH.L153.56	KY21.Chr6.153
KH.L153.67	KY21.Chr6.154
KH.L153.72	KY21.Chr6.155
KH.L153.61	KY21.Chr6.156
KH.L153.70	KY21.Chr6.157
KH.L153.106	KY21.Chr6.158
KH.L153.45	KY21.Chr6.159
KH.S2292.1	KY21.Chr6.159
KH.L153.93	KY21.Chr6.160
KH.L153.10	KY21.Chr6.161
KH.L153.109	KY21.Chr6.164
KH.L153.32	KY21.Chr6.165
KH.L153.100	KY21.Chr6.166
KH.L153.78	KY21.Chr6.167
KH.S1284.2	KY21.Chr6.168
KH.S1284.1	KY21.Chr6.169
KH.L153.41	KY21.Chr6.176
KH.L153.33	KY21.Chr6.177
KH.L153.15	KY21.Chr6.178
KH.L153.79	KY21.Chr6.180
KH.L153.47	KY21.Chr6.181
KH.L153.35	KY21.Chr6.182
KH.L153.96	KY21.Chr6.183
KH.L153.102	KY21.Chr6.186
KH.S1438.1	KY21.Chr6.186
KH.S1438.2	KY21.Chr6.187
KH.L153.98	KY21.Chr6.188
KH.L153.73	KY21.Chr6.189
KH.L153.34	KY21.Chr6.191
KH.L153.58	KY21.Chr6.191
KH.L153.83	KY21.Chr6.192
KH.L153.84	KY21.Chr6.193
KH.L153.94	KY21.Chr6.194
KH.L153.111	KY21.Chr6.195
KH.L153.89	KY21.Chr6.197
KH.L153.28	KY21.Chr6.199
KH.L153.81	KY21.Chr6.200
KH.L153.46	KY21.Chr6.201
KH.L153.22	KY21.Chr6.202
KH.L153.16	KY21.Chr6.203
KH.L153.99	KY21.Chr6.204
KH.L153.63	KY21.Chr6.205
KH.L153.85	KY21.Chr6.206
KH.L153.110	KY21.Chr6.207
KH.L153.115	KY21.Chr6.208
KH.L153.117	KY21.Chr6.209
KH.L153.116	KY21.Chr6.210
KH.L153.118	KY21.Chr6.211
KH.L153.26	KY21.Chr6.212
KH.L153.66	KY21.Chr6.213
KH.L153.101	KY21.Chr6.214
KH.L153.91	KY21.Chr6.215
KH.L153.77	KY21.Chr6.216
KH.L153.38	KY21.Chr6.217
KH.L153.92	KY21.Chr6.218
KH.L153.3	KY21.Chr6.219
KH.L153.11	KY21.Chr6.220
KH.L153.87	KY21.Chr6.221
KH.L153.31	KY21.Chr6.222
KH.L153.103	KY21.Chr6.224
KH.S891.2	KY21.Chr6.225
KH.S891.3	KY21.Chr6.227
KH.S891.1	KY21.Chr6.228
KH.C6.189	KY21.Chr6.229
KH.C6.216	KY21.Chr6.230
KH.C6.185	KY21.Chr6.231
KH.C6.10	KY21.Chr6.232
KH.C6.257	KY21.Chr6.234
KH.C6.119	KY21.Chr6.235
KH.C6.300	KY21.Chr6.237
KH.C6.52	KY21.Chr6.238
KH.C6.48	KY21.Chr6.239
KH.C6.146	KY21.Chr6.240
KH.C6.62	KY21.Chr6.241
KH.C6.285	KY21.Chr6.242
KH.C6.221	KY21.Chr6.243
KH.C6.259	KY21.Chr6.244
KH.C6.118	KY21.Chr6.245
KH.C6.21	KY21.Chr6.246
KH.C6.280	KY21.Chr6.247
KH.C6.44	KY21.Chr6.248
KH.C6.73	KY21.Chr6.249
KH.C6.224	KY21.Chr6.250
KH.C6.85	KY21.Chr6.251
KH.C6.46	KY21.Chr6.252
KH.C6.273	KY21.Chr6.253
KH.C6.290	KY21.Chr6.253
KH.C6.193	KY21.Chr6.254
KH.C6.287	KY21.Chr6.255
KH.C6.91	KY21.Chr6.257
KH.C6.135	KY21.Chr6.258
KH.C6.191	KY21.Chr6.259
KH.C6.233	KY21.Chr6.260
KH.C6.175	KY21.Chr6.261
KH.C6.184	KY21.Chr6.262
KH.C6.113	KY21.Chr6.263
KH.C6.131	KY21.Chr6.264
KH.C6.148	KY21.Chr6.265
KH.C6.165	KY21.Chr6.266
KH.C6.255	KY21.Chr6.267
KH.C6.159	KY21.Chr6.268
KH.C6.195	KY21.Chr6.270
KH.C6.26	KY21.Chr6.271
KH.C6.199	KY21.Chr6.272
KH.C6.17	KY21.Chr6.273
KH.C6.306	KY21.Chr6.274
KH.C6.101	KY21.Chr6.275
KH.C6.92	KY21.Chr6.276
KH.C6.74	KY21.Chr6.277
KH.C6.215	KY21.Chr6.281
KH.C6.82	KY21.Chr6.282
KH.C6.83	KY21.Chr6.283
KH.C6.177	KY21.Chr6.284
KH.C6.171	KY21.Chr6.286
KH.C6.179	KY21.Chr6.287
KH.C6.226	KY21.Chr6.288
KH.C6.241	KY21.Chr6.289
KH.C6.167	KY21.Chr6.290
KH.C6.28	KY21.Chr6.291
KH.L149.3	KY21.Chr6.292
KH.L149.28	KY21.Chr6.293
KH.L149.27	KY21.Chr6.294
KH.L149.9	KY21.Chr6.295
KH.L149.26	KY21.Chr6.296
KH.L149.4	KY21.Chr6.297
KH.L149.15	KY21.Chr6.298
KH.L149.12	KY21.Chr6.299
KH.L149.17	KY21.Chr6.300
KH.L149.39	KY21.Chr6.301
KH.L149.34	KY21.Chr6.302
KH.L149.22	KY21.Chr6.303
KH.L149.29	KY21.Chr6.305
KH.L149.8	KY21.Chr6.306
KH.L149.6	KY21.Chr6.307
KH.L149.16	KY21.Chr6.308
KH.L149.41	KY21.Chr6.310
KH.L149.5	KY21.Chr6.311
KH.L149.25	KY21.Chr6.312
KH.L149.10	KY21.Chr6.314
KH.S1170.1	KY21.Chr6.316
KH.L149.21	KY21.Chr6.317
KH.L149.38	KY21.Chr6.318
KH.L149.13	KY21.Chr6.319
KH.L149.18	KY21.Chr6.320
KH.L149.37	KY21.Chr6.321
KH.L149.14	KY21.Chr6.322
KH.L149.2	KY21.Chr6.323
KH.L149.31	KY21.Chr6.324
KH.L149.35	KY21.Chr6.325
KH.L149.19	KY21.Chr6.326
KH.L149.32	KY21.Chr6.327
KH.L149.1	KY21.Chr6.328
KH.L149.20	KY21.Chr6.329
KH.L149.33	KY21.Chr6.330
KH.L149.11	KY21.Chr6.331
KH.L149.7	KY21.Chr6.332
KH.L149.40	KY21.Chr6.333
KH.C6.286	KY21.Chr6.335
KH.C6.12	KY21.Chr6.336
KH.C6.227	KY21.Chr6.337
KH.C6.136	KY21.Chr6.339
KH.C6.11	KY21.Chr6.340
KH.C6.55	KY21.Chr6.341
KH.C6.242	KY21.Chr6.341
KH.C6.153	KY21.Chr6.343
KH.C6.13	KY21.Chr6.344
KH.C6.122	KY21.Chr6.345
KH.C6.112	KY21.Chr6.346
KH.C6.279	KY21.Chr6.348
KH.C6.238	KY21.Chr6.349
KH.C6.205	KY21.Chr6.350
KH.C6.117	KY21.Chr6.351
KH.C6.1	KY21.Chr6.352
KH.C6.174	KY21.Chr6.353
KH.C6.276	KY21.Chr6.354
KH.C6.298	KY21.Chr6.355
KH.C6.20	KY21.Chr6.356
KH.C6.75	KY21.Chr6.357
KH.C6.64	KY21.Chr6.360
KH.C6.3	KY21.Chr6.362
KH.C6.201	KY21.Chr6.366
KH.C6.141	KY21.Chr6.368
KH.C6.198	KY21.Chr6.369
KH.C6.183	KY21.Chr6.370
KH.C6.161	KY21.Chr6.371
KH.C6.289	KY21.Chr6.372
KH.C6.66	KY21.Chr6.373
KH.C6.192	KY21.Chr6.374
KH.C6.81	KY21.Chr6.375
KH.C6.230	KY21.Chr6.376
KH.C6.53	KY21.Chr6.377
KH.C6.180	KY21.Chr6.378
KH.C6.7	KY21.Chr6.380
KH.C6.151	KY21.Chr6.381
KH.C6.145	KY21.Chr6.382
KH.C6.303	KY21.Chr6.383
KH.C6.206	KY21.Chr6.384
KH.C6.120	KY21.Chr6.385
KH.C6.200	KY21.Chr6.386
KH.C6.115	KY21.Chr6.387
KH.C6.58	KY21.Chr6.388
KH.C6.264	KY21.Chr6.393
KH.C6.88	KY21.Chr6.394
KH.C6.268	KY21.Chr6.395
KH.C6.41	KY21.Chr6.397
KH.C6.278	KY21.Chr6.398
KH.C6.232	KY21.Chr6.399
KH.C6.267	KY21.Chr6.400
KH.C6.256	KY21.Chr6.404
KH.C6.302	KY21.Chr6.405
KH.C6.282	KY21.Chr6.406
KH.C6.139	KY21.Chr6.408
KH.C6.243	KY21.Chr6.409
KH.C6.5	KY21.Chr6.410
KH.C6.97	KY21.Chr6.411
KH.C6.220	KY21.Chr6.412
KH.C6.106	KY21.Chr6.413
KH.C6.188	KY21.Chr6.414
KH.C6.40	KY21.Chr6.415
KH.C6.142	KY21.Chr6.416
KH.C6.247	KY21.Chr6.417
KH.C6.80	KY21.Chr6.418
KH.C6.31	KY21.Chr6.420
KH.C6.305	KY21.Chr6.421
KH.C6.293	KY21.Chr6.422
KH.C6.194	KY21.Chr6.423
KH.C6.102	KY21.Chr6.425
KH.C6.218	KY21.Chr6.426
KH.C6.213	KY21.Chr6.427
KH.C6.65	KY21.Chr6.429
KH.C6.284	KY21.Chr6.430
KH.C6.104	KY21.Chr6.432
KH.C6.129	KY21.Chr6.434
KH.C6.43	KY21.Chr6.435
KH.C6.237	KY21.Chr6.436
KH.C6.14	KY21.Chr6.437
KH.C6.29	KY21.Chr6.438
KH.C6.18	KY21.Chr6.439
KH.C6.214	KY21.Chr6.441
KH.C6.288	KY21.Chr6.443
KH.C6.229	KY21.Chr6.446
KH.C6.271	KY21.Chr6.447
KH.C6.295	KY21.Chr6.448
KH.C6.245	KY21.Chr6.449
KH.C6.261	KY21.Chr6.450
KH.C6.6	KY21.Chr6.451
KH.C6.260	KY21.Chr6.452
KH.C6.234	KY21.Chr6.453
KH.C6.152	KY21.Chr6.454
KH.C6.301	KY21.Chr6.455
KH.C6.33	KY21.Chr6.456
KH.C6.30	KY21.Chr6.457
KH.C6.110	KY21.Chr6.458
KH.C6.8	KY21.Chr6.461
KH.C6.211	KY21.Chr6.462
KH.C6.38	KY21.Chr6.463
KH.C6.296	KY21.Chr6.464
KH.C6.186	KY21.Chr6.465
KH.C6.208	KY21.Chr6.466
KH.C6.246	KY21.Chr6.467
KH.C6.190	KY21.Chr6.468
KH.C6.269	KY21.Chr6.469
KH.C6.164	KY21.Chr6.470
KH.C6.304	KY21.Chr6.471
KH.C6.258	KY21.Chr6.472
KH.C6.236	KY21.Chr6.473
KH.C6.209	KY21.Chr6.474
KH.C6.275	KY21.Chr6.475
KH.C6.125	KY21.Chr6.477
KH.C6.72	KY21.Chr6.478
KH.C6.98	KY21.Chr6.479
KH.C6.95	KY21.Chr6.480
KH.C6.36	KY21.Chr6.483
KH.C6.291	KY21.Chr6.484
KH.C6.138	KY21.Chr6.485
KH.C6.94	KY21.Chr6.486
KH.C6.27	KY21.Chr6.487
KH.C6.277	KY21.Chr6.487
KH.C6.223	KY21.Chr6.488
KH.C6.39	KY21.Chr6.489
KH.C6.231	KY21.Chr6.490
KH.C6.225	KY21.Chr6.491
KH.C6.133	KY21.Chr6.492
KH.C6.69	KY21.Chr6.493
KH.C6.249	KY21.Chr6.494
KH.C6.254	KY21.Chr6.495
KH.C6.162	KY21.Chr6.496
KH.C6.137	KY21.Chr6.497
KH.C6.109	KY21.Chr6.498
KH.C6.23	KY21.Chr6.499
KH.C6.24	KY21.Chr6.503
KH.C6.210	KY21.Chr6.504
KH.C6.107	KY21.Chr6.505
KH.C6.212	KY21.Chr6.506
KH.C6.158	KY21.Chr6.507
KH.C6.143	KY21.Chr6.508
KH.C6.86	KY21.Chr6.509
KH.C6.156	KY21.Chr6.510
KH.C6.121	KY21.Chr6.514
KH.C6.61	KY21.Chr6.515
KH.C6.173	KY21.Chr6.517
KH.C6.155	KY21.Chr6.518
KH.C6.178	KY21.Chr6.519
KH.C6.219	KY21.Chr6.520
KH.C6.163	KY21.Chr6.521
KH.C6.56	KY21.Chr6.522
KH.C6.253	KY21.Chr6.523
KH.C6.22	KY21.Chr6.524
KH.C6.2	KY21.Chr6.525
KH.C6.217	KY21.Chr6.526
KH.C6.126	KY21.Chr6.527
KH.C6.4	KY21.Chr6.528
KH.C6.270	KY21.Chr6.529
KH.C6.169	KY21.Chr6.530
KH.S728.2	KY21.Chr6.535
KH.S728.3	KY21.Chr6.536
KH.C6.281	KY21.Chr6.537
KH.S728.1	KY21.Chr6.537
KH.C6.299	KY21.Chr6.538
KH.C6.116	KY21.Chr6.539
KH.C6.103	KY21.Chr6.541
KH.C6.228	KY21.Chr6.542
KH.C6.181	KY21.Chr6.543
KH.C6.154	KY21.Chr6.545
KH.C6.76	KY21.Chr6.548
KH.C6.123	KY21.Chr6.549
KH.C6.147	KY21.Chr6.550
KH.C6.170	KY21.Chr6.551
KH.C6.70	KY21.Chr6.553
KH.C6.124	KY21.Chr6.555
KH.S1314.1	KY21.Chr6.555
KH.C14.174	KY21.Chr6.556
KH.S783.1	KY21.Chr6.557
KH.C6.134	KY21.Chr6.560
KH.C6.25	KY21.Chr6.562
KH.C6.157	KY21.Chr6.563
KH.C6.79	KY21.Chr6.564
KH.C6.114	KY21.Chr6.565
KH.C6.250	KY21.Chr6.566
KH.C6.263	KY21.Chr6.567
KH.C6.9	KY21.Chr6.568
KH.C6.176	KY21.Chr6.569
KH.C6.149	KY21.Chr6.570
KH.C6.204	KY21.Chr6.571
KH.C6.84	KY21.Chr6.572
KH.C6.67	KY21.Chr6.573
KH.C6.266	KY21.Chr6.574
KH.C6.100	KY21.Chr6.575
KH.C6.45	KY21.Chr6.576
KH.C6.311	KY21.Chr6.577
KH.C6.32	KY21.Chr6.578
KH.C6.307	KY21.Chr6.578
KH.C6.160	KY21.Chr6.579
KH.S982.1	KY21.Chr6.579
KH.C6.274	KY21.Chr6.580
KH.C6.222	KY21.Chr6.581
KH.C6.140	KY21.Chr6.582
KH.C6.272	KY21.Chr6.583
KH.C6.34	KY21.Chr6.584
KH.C6.127	KY21.Chr6.585
KH.C11.76	KY21.Chr6.586
KH.C11.727	KY21.Chr6.587
KH.C11.176	KY21.Chr6.588
KH.C11.52	KY21.Chr6.589
KH.C11.478	KY21.Chr6.589
KH.C11.515	KY21.Chr6.590
KH.C11.17	KY21.Chr6.591
KH.C11.658	KY21.Chr6.591
KH.S423.3	KY21.Chr6.592
KH.S423.2	KY21.Chr6.593
KH.S423.8	KY21.Chr6.594
KH.S423.1	KY21.Chr6.595
KH.S2649.1	KY21.Chr6.595
KH.S423.5	KY21.Chr6.596
KH.S423.6	KY21.Chr6.597
KH.L28.7	KY21.Chr6.600
KH.L28.3	KY21.Chr6.601
KH.L28.9	KY21.Chr6.602
KH.L28.4	KY21.Chr6.603
KH.L28.10	KY21.Chr6.604
KH.S1969.1	KY21.Chr6.604
KH.C11.317	KY21.Chr6.605
KH.C11.694	KY21.Chr6.607
KH.C11.547	KY21.Chr6.608
KH.L20.3	KY21.Chr6.609
KH.C2.1083	KY21.Chr6.610
KH.L20.18	KY21.Chr6.610
KH.L20.36	KY21.Chr6.612
KH.L20.34	KY21.Chr6.613
KH.L20.38	KY21.Chr6.614
KH.L20.58	KY21.Chr6.615
KH.L20.35	KY21.Chr6.616
KH.L20.27	KY21.Chr6.617
KH.L20.21	KY21.Chr6.618
KH.L20.12	KY21.Chr6.619
KH.L20.42	KY21.Chr6.620
KH.L20.6	KY21.Chr6.621
KH.L20.10	KY21.Chr6.622
KH.L20.56	KY21.Chr6.623
KH.L20.24	KY21.Chr6.625
KH.L20.61	KY21.Chr6.626
KH.L20.17	KY21.Chr6.627
KH.L20.7	KY21.Chr6.628
KH.L20.1	KY21.Chr6.630
KH.L20.26	KY21.Chr6.632
KH.L20.22	KY21.Chr6.633
KH.L20.45	KY21.Chr6.634
KH.S2579.1	KY21.Chr6.634
KH.L20.5	KY21.Chr6.636
KH.L20.15	KY21.Chr6.637
KH.L20.14	KY21.Chr6.638
KH.L64.4	KY21.Chr6.639
KH.L64.1	KY21.Chr6.640
KH.L20.13	KY21.Chr6.641
KH.L64.2	KY21.Chr6.641
KH.L64.3	KY21.Chr6.642
KH.L20.57	KY21.Chr6.643
KH.L20.23	KY21.Chr6.644
KH.L20.8	KY21.Chr6.645
KH.L20.29	KY21.Chr6.647
KH.L20.49	KY21.Chr6.649
KH.L20.4	KY21.Chr6.652
KH.L20.30	KY21.Chr6.652
KH.L20.40	KY21.Chr6.653
KH.L20.48	KY21.Chr6.654
KH.L20.25	KY21.Chr6.655
KH.L20.43	KY21.Chr6.656
KH.L20.32	KY21.Chr6.658
KH.L20.28	KY21.Chr6.659
KH.L20.20	KY21.Chr6.660
KH.L20.16	KY21.Chr6.661
KH.L20.19	KY21.Chr6.662
KH.L20.53	KY21.Chr6.663
KH.L20.2	KY21.Chr6.664
KH.L20.11	KY21.Chr6.665
KH.L20.33	KY21.Chr6.666
KH.L20.31	KY21.Chr6.667
KH.L20.60	KY21.Chr6.670
KH.L20.47	KY21.Chr6.671
KH.L20.50	KY21.Chr6.672
KH.L20.54	KY21.Chr6.673
KH.S938.3	KY21.Chr6.674
KH.S938.1	KY21.Chr6.675
KH.S938.2	KY21.Chr6.676
KH.S2003.2	KY21.Chr6.677
KH.S545.2	KY21.Chr6.678
KH.S2003.1	KY21.Chr6.678
KH.S545.5	KY21.Chr6.679
KH.S545.6	KY21.Chr6.680
KH.S545.8	KY21.Chr6.681
KH.S545.4	KY21.Chr6.682
KH.S545.7	KY21.Chr6.684
KH.S545.9	KY21.Chr6.685
KH.S545.3	KY21.Chr6.686
KH.S1660.1	KY21.Chr6.689
KH.S1363.2	KY21.Chr6.690
KH.S1363.1	KY21.Chr6.691
KH.S1003.1	KY21.Chr6.692
KH.S1003.3	KY21.Chr6.693
KH.S1003.2	KY21.Chr6.695
KH.S1436.1	KY21.Chr6.696
KH.S1391.1	KY21.Chr6.697
KH.S1391.3	KY21.Chr6.698
KH.S1391.2	KY21.Chr6.699
KH.S1272.2	KY21.Chr6.700
KH.S1272.1	KY21.Chr6.702
KH.S1272.3	KY21.Chr6.703
KH.S2820.3	KY21.Chr6.704
KH.S2820.1	KY21.Chr6.705
KH.S2820.2	KY21.Chr6.706
KH.S1539.1	KY21.Chr6.708
KH.S2789.1	KY21.Chr7.4
KH.S1579.1	KY21.Chr7.15
KH.S768.5	KY21.Chr7.17
KH.S768.1	KY21.Chr7.21
KH.S1432.1	KY21.Chr7.23
KH.L78.10	KY21.Chr7.25
KH.S941.2	KY21.Chr7.25
KH.S566.2	KY21.Chr7.26
KH.L91.1	KY21.Chr7.51
KH.S1015.1	KY21.Chr7.53
KH.S363.4	KY21.Chr7.68
KH.S363.1	KY21.Chr7.69
KH.L100.1	KY21.Chr7.70
KH.S363.7	KY21.Chr7.71
KH.S363.6	KY21.Chr7.72
KH.S363.2	KY21.Chr7.73
KH.S363.3	KY21.Chr7.74
KH.S1515.1	KY21.Chr7.77
KH.L21.2	KY21.Chr7.89
KH.S926.2	KY21.Chr7.89
KH.S904.4	KY21.Chr7.102
KH.L141.5	KY21.Chr7.106
KH.L141.60	KY21.Chr7.107
KH.L141.19	KY21.Chr7.110
KH.L141.71	KY21.Chr7.111
KH.L141.48	KY21.Chr7.112
KH.L141.16	KY21.Chr7.113
KH.L141.70	KY21.Chr7.114
KH.L141.66	KY21.Chr7.115
KH.L141.77	KY21.Chr7.116
KH.L141.49	KY21.Chr7.117
KH.L141.74	KY21.Chr7.118
KH.L141.58	KY21.Chr7.119
KH.L141.3	KY21.Chr7.120
KH.C2.904	KY21.Chr7.122
KH.C2.608	KY21.Chr7.123
KH.L141.43	KY21.Chr7.124
KH.L141.39	KY21.Chr7.125
KH.L141.50	KY21.Chr7.126
KH.L141.72	KY21.Chr7.127
KH.L141.10	KY21.Chr7.128
KH.L141.59	KY21.Chr7.129
KH.L141.36	KY21.Chr7.130
KH.L141.13	KY21.Chr7.131
KH.L141.52	KY21.Chr7.132
KH.L141.67	KY21.Chr7.134
KH.L141.30	KY21.Chr7.135
KH.L141.45	KY21.Chr7.136
KH.L141.32	KY21.Chr7.137
KH.L141.33	KY21.Chr7.138
KH.L141.7	KY21.Chr7.139
KH.L141.2	KY21.Chr7.141
KH.L141.18	KY21.Chr7.143
KH.L141.11	KY21.Chr7.144
KH.L141.20	KY21.Chr7.145
KH.L141.8	KY21.Chr7.146
KH.L141.6	KY21.Chr7.147
KH.L141.42	KY21.Chr7.148
KH.L141.63	KY21.Chr7.149
KH.L141.22	KY21.Chr7.150
KH.L141.31	KY21.Chr7.151
KH.L141.35	KY21.Chr7.153
KH.L141.44	KY21.Chr7.154
KH.L141.37	KY21.Chr7.155
KH.L141.14	KY21.Chr7.156
KH.L141.9	KY21.Chr7.157
KH.L141.38	KY21.Chr7.158
KH.L141.29	KY21.Chr7.159
KH.L141.46	KY21.Chr7.160
KH.L141.12	KY21.Chr7.161
KH.L141.41	KY21.Chr7.162
KH.L141.68	KY21.Chr7.163
KH.L141.24	KY21.Chr7.164
KH.L141.69	KY21.Chr7.165
KH.L141.28	KY21.Chr7.166
KH.L141.1	KY21.Chr7.167
KH.L141.40	KY21.Chr7.168
KH.L141.64	KY21.Chr7.169
KH.L141.73	KY21.Chr7.170
KH.L141.21	KY21.Chr7.171
KH.L141.55	KY21.Chr7.173
KH.L141.47	KY21.Chr7.174
KH.L141.27	KY21.Chr7.175
KH.L141.25	KY21.Chr7.177
KH.L141.53	KY21.Chr7.178
KH.L141.34	KY21.Chr7.179
KH.L141.65	KY21.Chr7.180
KH.L141.56	KY21.Chr7.181
KH.L158.6	KY21.Chr7.184
KH.L158.3	KY21.Chr7.185
KH.L158.2	KY21.Chr7.186
KH.L158.1	KY21.Chr7.187
KH.L111.2	KY21.Chr7.188
KH.L111.1	KY21.Chr7.189
KH.S1940.1	KY21.Chr7.199
KH.S1384.1	KY21.Chr7.200
KH.L85.1	KY21.Chr7.204
KH.C7.297	KY21.Chr7.211
KH.S1225.1	KY21.Chr7.211
KH.C7.542	KY21.Chr7.212
KH.C7.223	KY21.Chr7.213
KH.C7.9	KY21.Chr7.214
KH.C7.500	KY21.Chr7.215
KH.C7.485	KY21.Chr7.216
KH.C7.137	KY21.Chr7.217
KH.C7.88	KY21.Chr7.218
KH.C7.255	KY21.Chr7.219
KH.C7.506	KY21.Chr7.220
KH.C7.730	KY21.Chr7.221
KH.C7.541	KY21.Chr7.222
KH.C7.457	KY21.Chr7.223
KH.C7.581	KY21.Chr7.224
KH.C7.27	KY21.Chr7.225
KH.S1375.1	KY21.Chr7.226
KH.C7.432	KY21.Chr7.227
KH.C7.425	KY21.Chr7.228
KH.C7.217	KY21.Chr7.229
KH.C7.18	KY21.Chr7.232
KH.C7.725	KY21.Chr7.233
KH.C7.733	KY21.Chr7.234
KH.C7.552	KY21.Chr7.236
KH.C7.659	KY21.Chr7.237
KH.C7.208	KY21.Chr7.238
KH.C7.583	KY21.Chr7.240
KH.C7.187	KY21.Chr7.245
KH.C7.55	KY21.Chr7.246
KH.C7.93	KY21.Chr7.247
KH.C7.437	KY21.Chr7.248
KH.C7.660	KY21.Chr7.249
KH.C7.699	KY21.Chr7.250
KH.C7.131	KY21.Chr7.252
KH.C7.589	KY21.Chr7.253
KH.C7.612	KY21.Chr7.254
KH.C7.421	KY21.Chr7.255
KH.C7.433	KY21.Chr7.256
KH.C7.416	KY21.Chr7.257
KH.C7.456	KY21.Chr7.258
KH.C7.166	KY21.Chr7.259
KH.C7.193	KY21.Chr7.260
KH.C7.97	KY21.Chr7.263
KH.C7.248	KY21.Chr7.264
KH.C7.629	KY21.Chr7.265
KH.C7.426	KY21.Chr7.266
KH.C7.605	KY21.Chr7.267
KH.C7.52	KY21.Chr7.268
KH.C7.11	KY21.Chr7.269
KH.C7.404	KY21.Chr7.270
KH.C7.751	KY21.Chr7.271
KH.C7.258	KY21.Chr7.272
KH.C7.483	KY21.Chr7.273
KH.C7.682	KY21.Chr7.274
KH.C7.108	KY21.Chr7.275
KH.C7.155	KY21.Chr7.276
KH.C7.627	KY21.Chr7.277
KH.C7.512	KY21.Chr7.278
KH.C7.146	KY21.Chr7.279
KH.C7.117	KY21.Chr7.280
KH.C7.760	KY21.Chr7.282
KH.S1783.1	KY21.Chr7.283
KH.C7.550	KY21.Chr7.285
KH.C7.737	KY21.Chr7.286
KH.C7.413	KY21.Chr7.287
KH.C7.387	KY21.Chr7.288
KH.C7.491	KY21.Chr7.289
KH.C7.452	KY21.Chr7.290
KH.C7.772	KY21.Chr7.293
KH.C7.680	KY21.Chr7.296
KH.S1336.3	KY21.Chr7.297
KH.S1336.2	KY21.Chr7.298
KH.S1336.1	KY21.Chr7.299
KH.C7.566	KY21.Chr7.301
KH.C7.238	KY21.Chr7.302
KH.C7.206	KY21.Chr7.303
KH.C7.177	KY21.Chr7.304
KH.C7.295	KY21.Chr7.306
KH.C7.70	KY21.Chr7.307
KH.C7.46	KY21.Chr7.308
KH.C7.417	KY21.Chr7.309
KH.C7.280	KY21.Chr7.310
KH.C7.120	KY21.Chr7.311
KH.L10.24	KY21.Chr7.314
KH.L10.5	KY21.Chr7.315
KH.L10.17	KY21.Chr7.317
KH.L10.9	KY21.Chr7.318
KH.L10.31	KY21.Chr7.319
KH.L10.30	KY21.Chr7.321
KH.L10.36	KY21.Chr7.322
KH.L10.33	KY21.Chr7.323
KH.L10.16	KY21.Chr7.324
KH.L10.27	KY21.Chr7.326
KH.L10.15	KY21.Chr7.327
KH.L10.34	KY21.Chr7.328
KH.L10.29	KY21.Chr7.329
KH.L10.14	KY21.Chr7.330
KH.L10.25	KY21.Chr7.331
KH.L10.11	KY21.Chr7.332
KH.L10.4	KY21.Chr7.334
KH.L10.3	KY21.Chr7.335
KH.L10.21	KY21.Chr7.336
KH.L10.22	KY21.Chr7.339
KH.L10.2	KY21.Chr7.345
KH.L10.35	KY21.Chr7.346
KH.L10.20	KY21.Chr7.347
KH.L10.26	KY21.Chr7.348
KH.L10.12	KY21.Chr7.349
KH.L10.1	KY21.Chr7.350
KH.L10.8	KY21.Chr7.351
KH.L10.32	KY21.Chr7.352
KH.S1090.1	KY21.Chr7.354
KH.S1090.4	KY21.Chr7.355
KH.S1090.3	KY21.Chr7.357
KH.S1090.2	KY21.Chr7.358
KH.C7.346	KY21.Chr7.360
KH.C7.274	KY21.Chr7.364
KH.C7.578	KY21.Chr7.365
KH.C7.13	KY21.Chr7.366
KH.C7.548	KY21.Chr7.367
KH.C7.749	KY21.Chr7.368
KH.C7.679	KY21.Chr7.372
KH.C7.640	KY21.Chr7.373
KH.C7.95	KY21.Chr7.374
KH.C7.319	KY21.Chr7.375
KH.C7.713	KY21.Chr7.376
KH.C7.68	KY21.Chr7.377
KH.C7.735	KY21.Chr7.378
KH.C7.86	KY21.Chr7.379
KH.C7.242	KY21.Chr7.380
KH.C7.84	KY21.Chr7.381
KH.C7.598	KY21.Chr7.382
KH.C7.326	KY21.Chr7.384
KH.C7.511	KY21.Chr7.385
KH.C7.411	KY21.Chr7.386
KH.C7.690	KY21.Chr7.390
KH.C7.613	KY21.Chr7.392
KH.C7.365	KY21.Chr7.393
KH.S2218.2	KY21.Chr7.394
KH.C7.558	KY21.Chr7.396
KH.C7.261	KY21.Chr7.397
KH.C7.486	KY21.Chr7.398
KH.C7.141	KY21.Chr7.399
KH.C7.489	KY21.Chr7.400
KH.C7.322	KY21.Chr7.401
KH.C7.575	KY21.Chr7.402
KH.C7.718	KY21.Chr7.403
KH.C7.149	KY21.Chr7.404
KH.C7.469	KY21.Chr7.405
KH.C7.320	KY21.Chr7.406
KH.C7.654	KY21.Chr7.407
KH.C7.332	KY21.Chr7.408
KH.C7.786	KY21.Chr7.409
KH.C7.410	KY21.Chr7.410
KH.C7.480	KY21.Chr7.411
KH.C7.268	KY21.Chr7.412
KH.C7.159	KY21.Chr7.414
KH.C7.412	KY21.Chr7.415
KH.C7.717	KY21.Chr7.416
KH.C7.21	KY21.Chr7.417
KH.C7.215	KY21.Chr7.418
KH.C7.288	KY21.Chr7.419
KH.C7.501	KY21.Chr7.420
KH.C7.794	KY21.Chr7.421
KH.C7.687	KY21.Chr7.422
KH.C7.586	KY21.Chr7.424
KH.C7.767	KY21.Chr7.426
KH.C7.284	KY21.Chr7.427
KH.C7.633	KY21.Chr7.428
KH.C7.739	KY21.Chr7.429
KH.C7.121	KY21.Chr7.430
KH.C7.75	KY21.Chr7.432
KH.C7.430	KY21.Chr7.433
KH.C7.293	KY21.Chr7.434
KH.C7.251	KY21.Chr7.435
KH.C7.573	KY21.Chr7.435
KH.C7.701	KY21.Chr7.437
KH.C7.356	KY21.Chr7.438
KH.C7.762	KY21.Chr7.439
KH.C7.209	KY21.Chr7.440
KH.C7.778	KY21.Chr7.441
KH.C7.369	KY21.Chr7.442
KH.C7.244	KY21.Chr7.443
KH.C7.334	KY21.Chr7.445
KH.C7.706	KY21.Chr7.446
KH.C7.539	KY21.Chr7.447
KH.C7.42	KY21.Chr7.448
KH.S1764.1	KY21.Chr7.450
KH.S1764.2	KY21.Chr7.451
KH.S1764.3	KY21.Chr7.451
KH.C7.211	KY21.Chr7.453
KH.C4.678	KY21.Chr7.454
KH.C7.487	KY21.Chr7.454
KH.C4.704	KY21.Chr7.455
KH.C7.538	KY21.Chr7.457
KH.C7.383	KY21.Chr7.459
KH.C7.609	KY21.Chr7.460
KH.C7.22	KY21.Chr7.461
KH.C7.308	KY21.Chr7.462
KH.C7.136	KY21.Chr7.463
KH.C7.287	KY21.Chr7.464
KH.C7.461	KY21.Chr7.465
KH.C7.765	KY21.Chr7.466
KH.C7.604	KY21.Chr7.467
KH.C7.373	KY21.Chr7.468
KH.C7.265	KY21.Chr7.469
KH.C7.764	KY21.Chr7.471
KH.C7.381	KY21.Chr7.472
KH.C7.463	KY21.Chr7.474
KH.C7.321	KY21.Chr7.476
KH.C7.145	KY21.Chr7.477
KH.C7.342	KY21.Chr7.478
KH.C7.127	KY21.Chr7.479
KH.C7.207	KY21.Chr7.480
KH.C7.111	KY21.Chr7.482
KH.C7.528	KY21.Chr7.485
KH.C7.47	KY21.Chr7.486
KH.C7.300	KY21.Chr7.488
KH.C7.385	KY21.Chr7.489
KH.C7.196	KY21.Chr7.490
KH.C7.309	KY21.Chr7.491
KH.C7.119	KY21.Chr7.492
KH.C7.556	KY21.Chr7.493
KH.S1815.1	KY21.Chr7.493
KH.C7.782	KY21.Chr7.494
KH.C7.635	KY21.Chr7.495
KH.C7.202	KY21.Chr7.496
KH.C7.65	KY21.Chr7.497
KH.C7.278	KY21.Chr7.498
KH.C7.768	KY21.Chr7.499
KH.C7.30	KY21.Chr7.500
KH.C7.289	KY21.Chr7.501
KH.C7.458	KY21.Chr7.502
KH.C7.759	KY21.Chr7.503
KH.C7.246	KY21.Chr7.505
KH.C7.281	KY21.Chr7.506
KH.C7.626	KY21.Chr7.508
KH.C7.116	KY21.Chr7.509
KH.C7.359	KY21.Chr7.510
KH.C7.502	KY21.Chr7.511
KH.C7.378	KY21.Chr7.512
KH.C7.91	KY21.Chr7.513
KH.C7.364	KY21.Chr7.514
KH.C7.468	KY21.Chr7.515
KH.C7.259	KY21.Chr7.516
KH.C7.329	KY21.Chr7.517
KH.C7.771	KY21.Chr7.518
KH.C7.630	KY21.Chr7.519
KH.C7.488	KY21.Chr7.521
KH.C7.555	KY21.Chr7.522
KH.C7.643	KY21.Chr7.523
KH.C7.53	KY21.Chr7.524
KH.C7.773	KY21.Chr7.525
KH.C7.606	KY21.Chr7.526
KH.C7.96	KY21.Chr7.527
KH.C7.492	KY21.Chr7.528
KH.C7.170	KY21.Chr7.529
KH.C7.63	KY21.Chr7.530
KH.S2892.1	KY21.Chr7.530
KH.S2892.2	KY21.Chr7.530
KH.C7.494	KY21.Chr7.532
KH.C7.785	KY21.Chr7.534
KH.C7.521	KY21.Chr7.535
KH.C7.473	KY21.Chr7.536
KH.C7.427	KY21.Chr7.537
KH.C7.64	KY21.Chr7.538
KH.C7.200	KY21.Chr7.538
KH.C7.742	KY21.Chr7.539
KH.C7.66	KY21.Chr7.540
KH.C7.431	KY21.Chr7.541
KH.C7.354	KY21.Chr7.542
KH.C7.241	KY21.Chr7.543
KH.C7.35	KY21.Chr7.544
KH.C7.499	KY21.Chr7.545
KH.C7.534	KY21.Chr7.546
KH.C7.358	KY21.Chr7.547
KH.C7.478	KY21.Chr7.548
KH.C7.219	KY21.Chr7.549
KH.C7.798	KY21.Chr7.550
KH.C7.71	KY21.Chr7.552
KH.C7.709	KY21.Chr7.554
KH.C7.666	KY21.Chr7.556
KH.C7.100	KY21.Chr7.559
KH.C7.374	KY21.Chr7.560
KH.C7.662	KY21.Chr7.561
KH.C7.655	KY21.Chr7.562
KH.C7.6	KY21.Chr7.563
KH.C7.788	KY21.Chr7.564
KH.S1888.1	KY21.Chr7.564
KH.C7.418	KY21.Chr7.567
KH.C7.545	KY21.Chr7.574
KH.C7.77	KY21.Chr7.575
KH.C7.126	KY21.Chr7.577
KH.C7.256	KY21.Chr7.578
KH.C7.490	KY21.Chr7.578
KH.S739.3	KY21.Chr7.579
KH.S739.1	KY21.Chr7.580
KH.L128.13	KY21.Chr7.584
KH.S1054.1	KY21.Chr7.588
KH.L128.3	KY21.Chr7.592
KH.L128.7	KY21.Chr7.596
KH.S546.9	KY21.Chr7.599
KH.S546.4	KY21.Chr7.600
KH.S546.1	KY21.Chr7.601
KH.S546.6	KY21.Chr7.602
KH.S546.2	KY21.Chr7.603
KH.S546.5	KY21.Chr7.604
KH.S546.3	KY21.Chr7.605
KH.S546.7	KY21.Chr7.606
KH.S546.10	KY21.Chr7.607
KH.C7.62	KY21.Chr7.608
KH.S546.8	KY21.Chr7.608
KH.C7.69	KY21.Chr7.609
KH.C7.722	KY21.Chr7.609
KH.C7.447	KY21.Chr7.610
KH.C7.345	KY21.Chr7.611
KH.C7.614	KY21.Chr7.612
KH.C7.49	KY21.Chr7.613
KH.C7.621	KY21.Chr7.614
KH.C7.147	KY21.Chr7.615
KH.C7.179	KY21.Chr7.616
KH.C7.335	KY21.Chr7.617
KH.C7.197	KY21.Chr7.618
KH.C7.493	KY21.Chr7.619
KH.C7.174	KY21.Chr7.620
KH.C7.747	KY21.Chr7.621
KH.C7.547	KY21.Chr7.622
KH.C7.194	KY21.Chr7.623
KH.C7.92	KY21.Chr7.624
KH.C7.698	KY21.Chr7.625
KH.C7.51	KY21.Chr7.626
KH.C7.524	KY21.Chr7.628
KH.C7.533	KY21.Chr7.629
KH.C7.450	KY21.Chr7.630
KH.C7.507	KY21.Chr7.631
KH.C7.691	KY21.Chr7.632
KH.C7.402	KY21.Chr7.633
KH.C7.564	KY21.Chr7.634
KH.C7.323	KY21.Chr7.635
KH.C7.54	KY21.Chr7.636
KH.C7.107	KY21.Chr7.637
KH.C7.168	KY21.Chr7.639
KH.C7.496	KY21.Chr7.640
KH.C7.158	KY21.Chr7.641
KH.C7.397	KY21.Chr7.642
KH.C7.618	KY21.Chr7.643
KH.C7.504	KY21.Chr7.644
KH.C7.503	KY21.Chr7.645
KH.C7.622	KY21.Chr7.646
KH.C7.409	KY21.Chr7.647
KH.C7.199	KY21.Chr7.648
KH.C7.743	KY21.Chr7.649
KH.C7.105	KY21.Chr7.650
KH.C7.115	KY21.Chr7.651
KH.C7.214	KY21.Chr7.652
KH.C7.79	KY21.Chr7.653
KH.C7.448	KY21.Chr7.655
KH.C7.315	KY21.Chr7.656
KH.C7.560	KY21.Chr7.657
KH.C7.125	KY21.Chr7.660
KH.C7.81	KY21.Chr7.661
KH.C7.25	KY21.Chr7.662
KH.C7.446	KY21.Chr7.663
KH.C7.523	KY21.Chr7.664
KH.C7.253	KY21.Chr7.665
KH.C7.104	KY21.Chr7.666
KH.C7.505	KY21.Chr7.668
KH.C7.264	KY21.Chr7.670
KH.C7.392	KY21.Chr7.671
KH.C7.663	KY21.Chr7.672
KH.C7.673	KY21.Chr7.673
KH.C7.470	KY21.Chr7.674
KH.C7.349	KY21.Chr7.675
KH.C7.497	KY21.Chr7.676
KH.C7.224	KY21.Chr7.677
KH.C7.454	KY21.Chr7.678
KH.C7.339	KY21.Chr7.680
KH.C7.344	KY21.Chr7.681
KH.C7.371	KY21.Chr7.682
KH.C7.616	KY21.Chr7.683
KH.C7.664	KY21.Chr7.684
KH.C7.667	KY21.Chr7.685
KH.C7.676	KY21.Chr7.685
KH.C7.631	KY21.Chr7.686
KH.C7.649	KY21.Chr7.687
KH.C7.716	KY21.Chr7.688
KH.C7.645	KY21.Chr7.689
KH.C7.87	KY21.Chr7.690
KH.C7.391	KY21.Chr7.691
KH.C7.429	KY21.Chr7.692
KH.C7.17	KY21.Chr7.693
KH.C7.515	KY21.Chr7.693
KH.C7.769	KY21.Chr7.693
KH.C7.94	KY21.Chr7.694
KH.C7.460	KY21.Chr7.695
KH.C7.602	KY21.Chr7.696
KH.C7.444	KY21.Chr7.697
KH.C7.15	KY21.Chr7.698
KH.C7.672	KY21.Chr7.699
KH.C7.434	KY21.Chr7.700
KH.C7.20	KY21.Chr7.701
KH.C7.685	KY21.Chr7.702
KH.C7.85	KY21.Chr7.703
KH.C7.579	KY21.Chr7.704
KH.C7.39	KY21.Chr7.705
KH.C7.101	KY21.Chr7.706
KH.C7.150	KY21.Chr7.707
KH.C7.99	KY21.Chr7.708
KH.C7.472	KY21.Chr7.709
KH.C7.98	KY21.Chr7.711
KH.C7.379	KY21.Chr7.712
KH.C7.249	KY21.Chr7.714
KH.C7.607	KY21.Chr7.715
KH.C7.113	KY21.Chr7.716
KH.C7.285	KY21.Chr7.717
KH.C7.58	KY21.Chr7.718
KH.C7.307	KY21.Chr7.720
KH.C7.360	KY21.Chr7.722
KH.C7.229	KY21.Chr7.723
KH.C7.482	KY21.Chr7.726
KH.C7.279	KY21.Chr7.727
KH.C7.191	KY21.Chr7.728
KH.C7.366	KY21.Chr7.730
KH.C7.185	KY21.Chr7.731
KH.C7.520	KY21.Chr7.732
KH.C7.546	KY21.Chr7.733
KH.C7.304	KY21.Chr7.734
KH.C7.462	KY21.Chr7.735
KH.C7.675	KY21.Chr7.736
KH.C7.693	KY21.Chr7.737
KH.C7.232	KY21.Chr7.738
KH.C7.38	KY21.Chr7.739
KH.C7.705	KY21.Chr7.740
KH.C7.661	KY21.Chr7.743
KH.C7.770	KY21.Chr7.745
KH.C7.123	KY21.Chr7.747
KH.C7.677	KY21.Chr7.749
KH.C7.732	KY21.Chr7.750
KH.C7.227	KY21.Chr7.751
KH.C7.372	KY21.Chr7.752
KH.C7.453	KY21.Chr7.753
KH.C7.138	KY21.Chr7.756
KH.C7.740	KY21.Chr7.757
KH.C7.176	KY21.Chr7.758
KH.C7.45	KY21.Chr7.759
KH.C7.526	KY21.Chr7.760
KH.C7.670	KY21.Chr7.761
KH.C7.514	KY21.Chr7.762
KH.C7.221	KY21.Chr7.763
KH.C7.471	KY21.Chr7.765
KH.C7.218	KY21.Chr7.767
KH.C7.746	KY21.Chr7.768
KH.C7.593	KY21.Chr7.770
KH.C7.144	KY21.Chr7.771
KH.C7.474	KY21.Chr7.772
KH.C7.128	KY21.Chr7.773
KH.C7.720	KY21.Chr7.774
KH.C7.130	KY21.Chr7.776
KH.C7.133	KY21.Chr7.777
KH.C7.129	KY21.Chr7.778
KH.C7.375	KY21.Chr7.779
KH.C7.10	KY21.Chr7.781
KH.C7.124	KY21.Chr7.782
KH.C7.234	KY21.Chr7.783
KH.C7.294	KY21.Chr7.784
KH.C7.277	KY21.Chr7.785
KH.C7.355	KY21.Chr7.786
KH.C7.188	KY21.Chr7.787
KH.C7.106	KY21.Chr7.788
KH.C7.731	KY21.Chr7.789
KH.C7.216	KY21.Chr7.790
KH.C7.377	KY21.Chr7.790
KH.C7.563	KY21.Chr7.791
KH.C7.311	KY21.Chr7.792
KH.C7.306	KY21.Chr7.793
KH.C7.668	KY21.Chr7.794
KH.C7.56	KY21.Chr7.795
KH.C7.518	KY21.Chr7.796
KH.C7.537	KY21.Chr7.797
KH.C7.653	KY21.Chr7.798
KH.C7.270	KY21.Chr7.799
KH.C7.403	KY21.Chr7.800
KH.C7.475	KY21.Chr7.801
KH.C7.367	KY21.Chr7.804
KH.C7.109	KY21.Chr7.806
KH.C7.210	KY21.Chr7.807
KH.C7.531	KY21.Chr7.808
KH.C7.694	KY21.Chr7.809
KH.C7.561	KY21.Chr7.810
KH.C7.736	KY21.Chr7.811
KH.C7.632	KY21.Chr7.812
KH.C7.172	KY21.Chr7.813
KH.C7.330	KY21.Chr7.814
KH.C7.257	KY21.Chr7.816
KH.C7.252	KY21.Chr7.817
KH.C7.7	KY21.Chr7.818
KH.C7.510	KY21.Chr7.819
KH.C7.464	KY21.Chr7.820
KH.C7.625	KY21.Chr7.821
KH.C7.611	KY21.Chr7.825
KH.C7.167	KY21.Chr7.826
KH.C7.729	KY21.Chr7.827
KH.C7.72	KY21.Chr7.828
KH.C7.451	KY21.Chr7.829
KH.S1681.1	KY21.Chr7.829
KH.C7.407	KY21.Chr7.830
KH.C7.774	KY21.Chr7.831
KH.C7.83	KY21.Chr7.832
KH.C7.608	KY21.Chr7.832
KH.C7.273	KY21.Chr7.833
KH.C7.350	KY21.Chr7.834
KH.C7.513	KY21.Chr7.835
KH.C7.50	KY21.Chr7.836
KH.C7.198	KY21.Chr7.839
KH.C7.247	KY21.Chr7.839
KH.C7.728	KY21.Chr7.840
KH.C7.19	KY21.Chr7.841
KH.C7.180	KY21.Chr7.842
KH.C7.380	KY21.Chr7.843
KH.C7.568	KY21.Chr7.844
KH.C7.414	KY21.Chr7.845
KH.C7.24	KY21.Chr7.846
KH.C7.588	KY21.Chr7.847
KH.C7.312	KY21.Chr7.849
KH.C7.14	KY21.Chr7.850
KH.C7.752	KY21.Chr7.851
KH.C7.114	KY21.Chr7.853
KH.C7.756	KY21.Chr7.854
KH.C7.152	KY21.Chr7.855
KH.C7.726	KY21.Chr7.855
KH.C7.184	KY21.Chr7.856
KH.C7.1	KY21.Chr7.857
KH.C7.266	KY21.Chr7.857
KH.C7.689	KY21.Chr7.858
KH.C7.559	KY21.Chr7.859
KH.C7.459	KY21.Chr7.860
KH.C7.283	KY21.Chr7.861
KH.C7.745	KY21.Chr7.862
KH.C7.570	KY21.Chr7.863
KH.C7.298	KY21.Chr7.864
KH.C7.28	KY21.Chr7.866
KH.C7.683	KY21.Chr7.867
KH.C7.67	KY21.Chr7.868
KH.C7.351	KY21.Chr7.869
KH.C7.230	KY21.Chr7.870
KH.C7.789	KY21.Chr7.871
KH.C7.154	KY21.Chr7.872
KH.C7.422	KY21.Chr7.873
KH.C7.333	KY21.Chr7.874
KH.C7.571	KY21.Chr7.875
KH.C7.624	KY21.Chr7.876
KH.C7.600	KY21.Chr7.877
KH.C7.536	KY21.Chr7.878
KH.C7.135	KY21.Chr7.879
KH.C7.296	KY21.Chr7.880
KH.C7.352	KY21.Chr7.881
KH.C7.102	KY21.Chr7.882
KH.C7.648	KY21.Chr7.886
KH.C7.784	KY21.Chr7.887
KH.C7.26	KY21.Chr7.888
KH.C7.163	KY21.Chr7.889
KH.C7.554	KY21.Chr7.890
KH.C7.76	KY21.Chr7.891
KH.C7.544	KY21.Chr7.893
KH.C7.599	KY21.Chr7.894
KH.C7.644	KY21.Chr7.895
KH.C7.33	KY21.Chr7.896
KH.C7.753	KY21.Chr7.899
KH.C7.363	KY21.Chr7.900
KH.C7.262	KY21.Chr7.901
KH.C7.3	KY21.Chr7.902
KH.C7.271	KY21.Chr7.903
KH.C7.758	KY21.Chr7.904
KH.C7.389	KY21.Chr7.905
KH.C7.438	KY21.Chr7.906
KH.C7.231	KY21.Chr7.908
KH.C7.587	KY21.Chr7.908
KH.C7.727	KY21.Chr7.910
KH.C7.225	KY21.Chr7.911
KH.C7.59	KY21.Chr7.912
KH.C7.484	KY21.Chr7.913
KH.C7.291	KY21.Chr7.914
KH.C7.804	KY21.Chr7.915
KH.C7.811	KY21.Chr7.916
KH.C7.440	KY21.Chr7.918
KH.C7.755	KY21.Chr7.919
KH.C7.399	KY21.Chr7.920
KH.C7.671	KY21.Chr7.921
KH.C7.636	KY21.Chr7.922
KH.C7.220	KY21.Chr7.923
KH.C7.543	KY21.Chr7.924
KH.C7.343	KY21.Chr7.926
KH.C7.272	KY21.Chr7.927
KH.C7.702	KY21.Chr7.929
KH.C13.172	KY21.Chr7.931
KH.C7.260	KY21.Chr7.935
KH.C7.569	KY21.Chr7.936
KH.C7.132	KY21.Chr7.937
KH.C7.562	KY21.Chr7.938
KH.C7.263	KY21.Chr7.939
KH.C7.195	KY21.Chr7.940
KH.C7.551	KY21.Chr7.941
KH.C7.695	KY21.Chr7.942
KH.C7.36	KY21.Chr7.943
KH.C7.275	KY21.Chr7.944
KH.C7.395	KY21.Chr7.945
KH.C7.386	KY21.Chr7.946
KH.C7.368	KY21.Chr7.947
KH.C7.165	KY21.Chr7.948
KH.C7.233	KY21.Chr7.950
KH.C7.639	KY21.Chr7.951
KH.C7.235	KY21.Chr7.952
KH.C7.370	KY21.Chr7.953
KH.C7.401	KY21.Chr7.955
KH.C7.646	KY21.Chr7.957
KH.C7.331	KY21.Chr7.958
KH.C7.388	KY21.Chr7.959
KH.C7.74	KY21.Chr7.960
KH.C7.476	KY21.Chr7.961
KH.C7.590	KY21.Chr7.963
KH.C7.696	KY21.Chr7.964
KH.C7.89	KY21.Chr7.965
KH.S1189.1	KY21.Chr7.966
KH.C7.439	KY21.Chr7.967
KH.C7.12	KY21.Chr7.968
KH.C7.161	KY21.Chr7.970
KH.C7.744	KY21.Chr7.971
KH.C7.338	KY21.Chr7.972
KH.C7.192	KY21.Chr7.973
KH.C7.684	KY21.Chr7.974
KH.C7.328	KY21.Chr7.975
KH.C7.466	KY21.Chr7.976
KH.C7.164	KY21.Chr7.977
KH.S1998.1	KY21.Chr7.979
KH.C7.723	KY21.Chr7.983
KH.C7.540	KY21.Chr7.985
KH.C7.239	KY21.Chr7.986
KH.C7.80	KY21.Chr7.992
KH.C7.318	KY21.Chr7.993
KH.C7.708	KY21.Chr7.994
KH.C7.336	KY21.Chr7.995
KH.C7.393	KY21.Chr7.996
KH.C7.781	KY21.Chr7.996
KH.C7.160	KY21.Chr7.997
KH.C7.532	KY21.Chr7.998
KH.C7.715	KY21.Chr7.999
KH.C7.436	KY21.Chr7.1000
KH.C7.584	KY21.Chr7.1001
KH.C7.140	KY21.Chr7.1003
KH.C7.724	KY21.Chr7.1004
KH.C7.110	KY21.Chr7.1005
KH.C7.61	KY21.Chr7.1009
KH.C7.572	KY21.Chr7.1010
KH.C7.619	KY21.Chr7.1011
KH.C7.228	KY21.Chr7.1012
KH.C7.60	KY21.Chr7.1013
KH.C7.29	KY21.Chr7.1014
KH.C7.204	KY21.Chr7.1015
KH.C7.236	KY21.Chr7.1016
KH.C7.750	KY21.Chr7.1017
KH.C7.240	KY21.Chr7.1018
KH.C7.787	KY21.Chr7.1019
KH.C7.303	KY21.Chr7.1020
KH.C7.226	KY21.Chr7.1021
KH.C7.151	KY21.Chr7.1024
KH.C7.203	KY21.Chr7.1027
KH.C7.814	KY21.Chr7.1028
KH.C7.173	KY21.Chr7.1029
KH.C7.175	KY21.Chr7.1030
KH.C7.148	KY21.Chr7.1031
KH.C7.390	KY21.Chr7.1031
KH.C7.428	KY21.Chr7.1032
KH.C7.748	KY21.Chr7.1033
KH.C7.290	KY21.Chr7.1034
KH.C7.254	KY21.Chr7.1035
KH.C7.576	KY21.Chr7.1036
KH.C7.712	KY21.Chr7.1038
KH.C7.357	KY21.Chr7.1039
KH.C7.553	KY21.Chr7.1040
KH.C7.738	KY21.Chr7.1041
KH.C7.143	KY21.Chr7.1042
KH.C7.424	KY21.Chr7.1043
KH.C7.361	KY21.Chr7.1044
KH.C7.761	KY21.Chr7.1045
KH.C7.341	KY21.Chr7.1046
KH.C7.585	KY21.Chr7.1047
KH.C7.324	KY21.Chr7.1048
KH.C7.406	KY21.Chr7.1049
KH.C7.652	KY21.Chr7.1050
KH.C7.656	KY21.Chr7.1050
KH.C7.16	KY21.Chr7.1052
KH.C7.442	KY21.Chr7.1054
KH.C7.142	KY21.Chr7.1055
KH.S2462.2	KY21.Chr7.1055
KH.C7.582	KY21.Chr7.1056
KH.S2462.1	KY21.Chr7.1056
KH.C7.495	KY21.Chr7.1057
KH.C7.522	KY21.Chr7.1058
KH.C7.638	KY21.Chr7.1059
KH.C7.595	KY21.Chr7.1060
KH.C7.276	KY21.Chr7.1061
KH.C7.169	KY21.Chr7.1062
KH.C7.423	KY21.Chr7.1063
KH.C7.741	KY21.Chr7.1064
KH.C7.688	KY21.Chr7.1065
KH.C7.766	KY21.Chr7.1066
KH.L166.1	KY21.Chr7.1067
KH.S2168.1	KY21.Chr7.1067
KH.L166.4	KY21.Chr7.1068
KH.L166.6	KY21.Chr7.1068
KH.L166.3	KY21.Chr7.1069
KH.C7.674	KY21.Chr7.1070
KH.C7.719	KY21.Chr7.1071
KH.C7.57	KY21.Chr7.1072
KH.C7.302	KY21.Chr7.1073
KH.C7.601	KY21.Chr7.1074
KH.C7.657	KY21.Chr7.1075
KH.C7.529	KY21.Chr7.1076
KH.C7.479	KY21.Chr7.1077
KH.C7.519	KY21.Chr7.1078
KH.C7.40	KY21.Chr7.1080
KH.C7.353	KY21.Chr7.1081
KH.C7.681	KY21.Chr7.1082
KH.C7.594	KY21.Chr7.1083
KH.C7.48	KY21.Chr7.1084
KH.C7.754	KY21.Chr7.1085
KH.C7.73	KY21.Chr7.1086
KH.C7.305	KY21.Chr7.1087
KH.C7.190	KY21.Chr7.1089
KH.C7.665	KY21.Chr7.1090
KH.C7.441	KY21.Chr7.1091
KH.C7.637	KY21.Chr7.1092
KH.C7.8	KY21.Chr7.1093
KH.C7.32	KY21.Chr7.1094
KH.C7.118	KY21.Chr7.1095
KH.C7.314	KY21.Chr7.1096
KH.C7.580	KY21.Chr7.1097
KH.C7.597	KY21.Chr7.1098
KH.C7.213	KY21.Chr7.1099
KH.C7.156	KY21.Chr7.1100
KH.C7.549	KY21.Chr7.1102
KH.C7.527	KY21.Chr7.1103
KH.C7.178	KY21.Chr7.1104
KH.C7.139	KY21.Chr7.1105
KH.C7.467	KY21.Chr7.1106
KH.C7.535	KY21.Chr7.1107
KH.C7.516	KY21.Chr7.1108
KH.C7.775	KY21.Chr7.1109
KH.C7.642	KY21.Chr7.1112
KH.C7.31	KY21.Chr7.1113
KH.C7.337	KY21.Chr7.1114
KH.C7.776	KY21.Chr7.1115
KH.C7.641	KY21.Chr7.1116
KH.C7.313	KY21.Chr7.1117
KH.C7.181	KY21.Chr7.1118
KH.C7.90	KY21.Chr7.1120
KH.C7.525	KY21.Chr7.1121
KH.C7.212	KY21.Chr7.1122
KH.C7.4	KY21.Chr7.1123
KH.C7.37	KY21.Chr7.1124
KH.C7.498	KY21.Chr7.1124
KH.C7.122	KY21.Chr7.1127
KH.C7.465	KY21.Chr7.1128
KH.C7.157	KY21.Chr7.1129
KH.C7.692	KY21.Chr7.1129
KH.C7.269	KY21.Chr7.1130
KH.C7.805	KY21.Chr7.1132
KH.C7.443	KY21.Chr7.1133
KH.C7.610	KY21.Chr7.1134
KH.C7.376	KY21.Chr7.1135
KH.C7.400	KY21.Chr7.1138
KH.C7.763	KY21.Chr7.1139
KH.C7.408	KY21.Chr7.1140
KH.C7.530	KY21.Chr7.1141
KH.C7.82	KY21.Chr7.1142
KH.C7.250	KY21.Chr7.1143
KH.C7.299	KY21.Chr7.1144
KH.C7.43	KY21.Chr7.1145
KH.C7.477	KY21.Chr7.1146
KH.C7.574	KY21.Chr7.1147
KH.C7.419	KY21.Chr7.1148
KH.C7.317	KY21.Chr7.1149
KH.C7.286	KY21.Chr7.1150
KH.C7.455	KY21.Chr7.1151
KH.C7.153	KY21.Chr7.1152
KH.C7.565	KY21.Chr7.1153
KH.C7.394	KY21.Chr7.1155
KH.C7.669	KY21.Chr7.1156
KH.C7.435	KY21.Chr7.1157
KH.C7.678	KY21.Chr7.1158
KH.S2102.2	KY21.Chr7.1161
KH.C7.201	KY21.Chr7.1162
KH.C7.704	KY21.Chr7.1163
KH.C7.325	KY21.Chr7.1164
KH.C7.348	KY21.Chr7.1165
KH.C7.267	KY21.Chr7.1171
KH.C7.703	KY21.Chr7.1172
KH.C7.5	KY21.Chr7.1173
KH.C7.779	KY21.Chr7.1174
KH.C7.508	KY21.Chr7.1175
KH.C7.591	KY21.Chr7.1175
KH.C7.301	KY21.Chr7.1176
KH.C7.183	KY21.Chr7.1177
KH.C7.222	KY21.Chr7.1178
KH.C7.205	KY21.Chr7.1179
KH.S2435.1	KY21.Chr7.1179
KH.C7.711	KY21.Chr7.1181
KH.S675.7	KY21.Chr7.1181
KH.S675.1	KY21.Chr7.1182
KH.S675.6	KY21.Chr7.1183
KH.S675.5	KY21.Chr7.1184
KH.S675.3	KY21.Chr7.1185
KH.S675.8	KY21.Chr7.1186
KH.S675.2	KY21.Chr7.1188
KH.S675.4	KY21.Chr7.1189
KH.S534.9	KY21.Chr7.1191
KH.S534.7	KY21.Chr7.1192
KH.S534.2	KY21.Chr7.1193
KH.S534.6	KY21.Chr7.1194
KH.S534.4	KY21.Chr7.1195
KH.S534.10	KY21.Chr7.1196
KH.S534.8	KY21.Chr7.1197
KH.S534.1	KY21.Chr7.1198
KH.S534.3	KY21.Chr7.1199
KH.S534.5	KY21.Chr7.1200
KH.L51.10	KY21.Chr7.1201
KH.L51.3	KY21.Chr7.1202
KH.L51.1	KY21.Chr7.1203
KH.L51.7	KY21.Chr7.1204
KH.L51.9	KY21.Chr7.1205
KH.L51.5	KY21.Chr7.1206
KH.L51.8	KY21.Chr7.1207
KH.L51.6	KY21.Chr7.1208
KH.L51.2	KY21.Chr7.1209
KH.L51.4	KY21.Chr7.1210
KH.S1446.1	KY21.Chr7.1211
KH.S1446.2	KY21.Chr7.1212
KH.S761.2	KY21.Chr7.1214
KH.S1446.3	KY21.Chr7.1214
KH.S761.4	KY21.Chr7.1215
KH.S761.8	KY21.Chr7.1216
KH.S761.1	KY21.Chr7.1217
KH.S761.9	KY21.Chr7.1218
KH.S761.7	KY21.Chr7.1219
KH.S761.5	KY21.Chr7.1220
KH.S761.6	KY21.Chr7.1221
KH.S761.3	KY21.Chr7.1222
KH.L101.6	KY21.Chr8.57
KH.L101.11	KY21.Chr8.64
KH.S435.10	KY21.Chr8.78
KH.S1985.1	KY21.Chr8.82
KH.S1083.2	KY21.Chr8.86
KH.S1083.1	KY21.Chr8.87
KH.C12.567	KY21.Chr8.136
KH.S1377.1	KY21.Chr8.137
KH.S2624.1	KY21.Chr8.137
KH.S473.1	KY21.Chr8.139
KH.S811.2	KY21.Chr8.143
KH.L78.5	KY21.Chr8.148
KH.L78.7	KY21.Chr8.151
KH.L161.1	KY21.Chr8.171
KH.S1937.1	KY21.Chr8.173
KH.L161.3	KY21.Chr8.174
KH.L161.5	KY21.Chr8.175
KH.S584.2	KY21.Chr8.178
KH.S584.5	KY21.Chr8.179
KH.S584.7	KY21.Chr8.180
KH.S584.8	KY21.Chr8.181
KH.S584.6	KY21.Chr8.182
KH.S584.4	KY21.Chr8.183
KH.S584.3	KY21.Chr8.184
KH.S698.1	KY21.Chr8.186
KH.S698.2	KY21.Chr8.186
KH.S698.3	KY21.Chr8.187
KH.L76.16	KY21.Chr8.189
KH.S1180.1	KY21.Chr8.190
KH.S1957.1	KY21.Chr8.190
KH.S1180.2	KY21.Chr8.191
KH.S1497.1	KY21.Chr8.192
KH.C8.627	KY21.Chr8.193
KH.C8.401	KY21.Chr8.195
KH.C8.503	KY21.Chr8.196
KH.C8.355	KY21.Chr8.197
KH.C8.620	KY21.Chr8.198
KH.C8.168	KY21.Chr8.199
KH.C8.178	KY21.Chr8.200
KH.C8.915	KY21.Chr8.201
KH.C8.345	KY21.Chr8.202
KH.L80.3	KY21.Chr8.219
KH.L80.2	KY21.Chr8.220
KH.L80.1	KY21.Chr8.221
KH.S435.1	KY21.Chr8.221
KH.S435.7	KY21.Chr8.222
KH.S435.2	KY21.Chr8.223
KH.S435.11	KY21.Chr8.226
KH.S435.4	KY21.Chr8.227
KH.S435.3	KY21.Chr8.228
KH.S435.8	KY21.Chr8.229
KH.C8.381	KY21.Chr8.230
KH.C8.491	KY21.Chr8.231
KH.C8.712	KY21.Chr8.232
KH.C8.532	KY21.Chr8.233
KH.C8.633	KY21.Chr8.234
KH.C8.701	KY21.Chr8.235
KH.C8.277	KY21.Chr8.236
KH.C8.20	KY21.Chr8.238
KH.C8.310	KY21.Chr8.239
KH.C8.175	KY21.Chr8.242
KH.C8.27	KY21.Chr8.244
KH.C8.583	KY21.Chr8.245
KH.C8.505	KY21.Chr8.246
KH.C8.648	KY21.Chr8.247
KH.C8.14	KY21.Chr8.249
KH.C8.856	KY21.Chr8.250
KH.C8.751	KY21.Chr8.251
KH.C8.599	KY21.Chr8.253
KH.C8.164	KY21.Chr8.255
KH.C8.221	KY21.Chr8.256
KH.C8.50	KY21.Chr8.257
KH.C8.264	KY21.Chr8.258
KH.C8.325	KY21.Chr8.259
KH.C8.537	KY21.Chr8.260
KH.C8.333	KY21.Chr8.261
KH.C8.393	KY21.Chr8.262
KH.C8.414	KY21.Chr8.263
KH.C8.174	KY21.Chr8.264
KH.C8.444	KY21.Chr8.265
KH.C8.749	KY21.Chr8.266
KH.C8.284	KY21.Chr8.267
KH.C8.795	KY21.Chr8.268
KH.C8.860	KY21.Chr8.269
KH.C8.493	KY21.Chr8.270
KH.C8.1	KY21.Chr8.271
KH.C8.391	KY21.Chr8.272
KH.C8.803	KY21.Chr8.273
KH.C8.759	KY21.Chr8.274
KH.C8.785	KY21.Chr8.275
KH.C8.402	KY21.Chr8.276
KH.C8.586	KY21.Chr8.277
KH.C8.425	KY21.Chr8.278
KH.C8.558	KY21.Chr8.279
KH.C8.664	KY21.Chr8.280
KH.C8.139	KY21.Chr8.281
KH.C8.498	KY21.Chr8.282
KH.C8.500	KY21.Chr8.283
KH.C8.149	KY21.Chr8.284
KH.C8.738	KY21.Chr8.285
KH.C8.551	KY21.Chr8.286
KH.C8.854	KY21.Chr8.287
KH.C8.306	KY21.Chr8.289
KH.C8.910	KY21.Chr8.290
KH.C8.362	KY21.Chr8.291
KH.C8.921	KY21.Chr8.292
KH.C8.283	KY21.Chr8.294
KH.C8.794	KY21.Chr8.295
KH.C8.302	KY21.Chr8.296
KH.C8.246	KY21.Chr8.297
KH.C8.416	KY21.Chr8.298
KH.C8.383	KY21.Chr8.299
KH.C8.509	KY21.Chr8.301
KH.C8.433	KY21.Chr8.302
KH.C8.510	KY21.Chr8.302
KH.C8.487	KY21.Chr8.303
KH.C8.61	KY21.Chr8.304
KH.C8.270	KY21.Chr8.305
KH.C8.119	KY21.Chr8.306
KH.C8.829	KY21.Chr8.311
KH.C8.337	KY21.Chr8.312
KH.C8.553	KY21.Chr8.313
KH.C8.720	KY21.Chr8.314
KH.C8.121	KY21.Chr8.316
KH.C8.357	KY21.Chr8.317
KH.C8.567	KY21.Chr8.319
KH.C8.398	KY21.Chr8.320
KH.C8.278	KY21.Chr8.321
KH.C8.660	KY21.Chr8.322
KH.C8.251	KY21.Chr8.323
KH.C8.18	KY21.Chr8.324
KH.C8.400	KY21.Chr8.326
KH.C8.903	KY21.Chr8.327
KH.C8.439	KY21.Chr8.328
KH.S2060.1	KY21.Chr8.328
KH.C8.44	KY21.Chr8.331
KH.C8.171	KY21.Chr8.332
KH.C8.323	KY21.Chr8.333
KH.C8.790	KY21.Chr8.333
KH.L171.9	KY21.Chr8.333
KH.C8.194	KY21.Chr8.335
KH.C8.241	KY21.Chr8.338
KH.C8.474	KY21.Chr8.339
KH.C8.46	KY21.Chr8.340
KH.C8.580	KY21.Chr8.341
KH.C8.650	KY21.Chr8.342
KH.C8.390	KY21.Chr8.344
KH.C8.810	KY21.Chr8.345
KH.C8.69	KY21.Chr8.346
KH.C8.224	KY21.Chr8.347
KH.S1691.1	KY21.Chr8.348
KH.C8.448	KY21.Chr8.349
KH.C8.214	KY21.Chr8.352
KH.C8.22	KY21.Chr8.353
KH.C8.91	KY21.Chr8.354
KH.C8.781	KY21.Chr8.355
KH.C8.230	KY21.Chr8.357
KH.C8.192	KY21.Chr8.358
KH.C8.392	KY21.Chr8.361
KH.C8.631	KY21.Chr8.363
KH.C8.211	KY21.Chr8.364
KH.C8.677	KY21.Chr8.365
KH.C8.453	KY21.Chr8.366
KH.C8.713	KY21.Chr8.367
KH.C8.170	KY21.Chr8.368
KH.C12.536	KY21.Chr8.369
KH.C8.63	KY21.Chr8.370
KH.C8.893	KY21.Chr8.371
KH.C8.318	KY21.Chr8.372
KH.C8.367	KY21.Chr8.373
KH.C8.515	KY21.Chr8.374
KH.C8.97	KY21.Chr8.375
KH.C8.213	KY21.Chr8.376
KH.C8.43	KY21.Chr8.377
KH.C8.181	KY21.Chr8.378
KH.C8.233	KY21.Chr8.379
KH.C8.820	KY21.Chr8.384
KH.C8.763	KY21.Chr8.385
KH.C8.142	KY21.Chr8.387
KH.C8.659	KY21.Chr8.390
KH.C8.667	KY21.Chr8.391
KH.C8.245	KY21.Chr8.392
KH.C8.651	KY21.Chr8.393
KH.C8.767	KY21.Chr8.394
KH.C8.267	KY21.Chr8.395
KH.C8.249	KY21.Chr8.397
KH.C8.341	KY21.Chr8.398
KH.C8.908	KY21.Chr8.399
KH.C8.675	KY21.Chr8.400
KH.C8.252	KY21.Chr8.401
KH.C8.301	KY21.Chr8.403
KH.C8.254	KY21.Chr8.404
KH.C8.610	KY21.Chr8.405
KH.C8.887	KY21.Chr8.406
KH.C8.484	KY21.Chr8.410
KH.C8.528	KY21.Chr8.411
KH.C8.863	KY21.Chr8.412
KH.C8.779	KY21.Chr8.416
KH.C8.469	KY21.Chr8.417
KH.C8.84	KY21.Chr8.418
KH.C8.714	KY21.Chr8.419
KH.C8.742	KY21.Chr8.421
KH.C8.806	KY21.Chr8.422
KH.C8.238	KY21.Chr8.423
KH.C8.735	KY21.Chr8.424
KH.C8.776	KY21.Chr8.425
KH.C8.556	KY21.Chr8.426
KH.C8.336	KY21.Chr8.427
KH.C8.105	KY21.Chr8.428
KH.C8.147	KY21.Chr8.429
KH.C8.822	KY21.Chr8.430
KH.C8.552	KY21.Chr8.431
KH.C8.540	KY21.Chr8.432
KH.C8.86	KY21.Chr8.433
KH.C8.488	KY21.Chr8.435
KH.C8.231	KY21.Chr8.436
KH.C8.229	KY21.Chr8.440
KH.C8.208	KY21.Chr8.441
KH.C8.847	KY21.Chr8.442
KH.C8.334	KY21.Chr8.443
KH.C8.560	KY21.Chr8.444
KH.C8.592	KY21.Chr8.445
KH.C8.316	KY21.Chr8.446
KH.C8.258	KY21.Chr8.448
KH.C8.796	KY21.Chr8.449
KH.C8.307	KY21.Chr8.450
KH.C8.190	KY21.Chr8.451
KH.C8.257	KY21.Chr8.453
KH.C8.729	KY21.Chr8.454
KH.C8.76	KY21.Chr8.456
KH.C8.814	KY21.Chr8.457
KH.C8.768	KY21.Chr8.458
KH.C8.12	KY21.Chr8.459
KH.C8.271	KY21.Chr8.460
KH.C8.889	KY21.Chr8.461
KH.C8.353	KY21.Chr8.462
KH.C8.635	KY21.Chr8.467
KH.C8.717	KY21.Chr8.468
KH.C8.314	KY21.Chr8.469
KH.C8.798	KY21.Chr8.471
KH.C8.530	KY21.Chr8.472
KH.C8.199	KY21.Chr8.473
KH.C8.565	KY21.Chr8.474
KH.C8.89	KY21.Chr8.475
KH.C8.370	KY21.Chr8.476
KH.C8.169	KY21.Chr8.477
KH.C8.90	KY21.Chr8.478
KH.C8.94	KY21.Chr8.479
KH.C8.898	KY21.Chr8.482
KH.C8.895	KY21.Chr8.483
KH.C8.72	KY21.Chr8.488
KH.C8.821	KY21.Chr8.489
KH.C8.359	KY21.Chr8.491
KH.C8.683	KY21.Chr8.492
KH.C8.451	KY21.Chr8.494
KH.C8.465	KY21.Chr8.495
KH.C8.113	KY21.Chr8.497
KH.C8.878	KY21.Chr8.498
KH.C8.550	KY21.Chr8.499
KH.C8.442	KY21.Chr8.500
KH.C8.838	KY21.Chr8.501
KH.C8.728	KY21.Chr8.503
KH.C8.733	KY21.Chr8.506
KH.C8.842	KY21.Chr8.507
KH.C8.745	KY21.Chr8.508
KH.C8.755	KY21.Chr8.510
KH.C8.478	KY21.Chr8.511
KH.C8.360	KY21.Chr8.512
KH.C8.138	KY21.Chr8.513
KH.C8.881	KY21.Chr8.514
KH.C8.150	KY21.Chr8.515
KH.C8.562	KY21.Chr8.516
KH.C8.618	KY21.Chr8.518
KH.C8.413	KY21.Chr8.519
KH.C8.480	KY21.Chr8.520
KH.C8.294	KY21.Chr8.521
KH.C8.417	KY21.Chr8.522
KH.C8.130	KY21.Chr8.523
KH.C8.639	KY21.Chr8.524
KH.C8.554	KY21.Chr8.525
KH.C8.792	KY21.Chr8.526
KH.C8.602	KY21.Chr8.527
KH.C8.146	KY21.Chr8.528
KH.C8.5	KY21.Chr8.529
KH.C8.865	KY21.Chr8.530
KH.C8.177	KY21.Chr8.531
KH.C8.920	KY21.Chr8.532
KH.C8.289	KY21.Chr8.534
KH.C8.787	KY21.Chr8.535
KH.C8.187	KY21.Chr8.536
KH.C8.571	KY21.Chr8.537
KH.S1393.1	KY21.Chr8.538
KH.C8.649	KY21.Chr8.539
KH.C8.31	KY21.Chr8.540
KH.C8.852	KY21.Chr8.541
KH.C8.512	KY21.Chr8.542
KH.C8.183	KY21.Chr8.543
KH.C8.788	KY21.Chr8.544
KH.C8.725	KY21.Chr8.545
KH.C8.900	KY21.Chr8.546
KH.C8.656	KY21.Chr8.547
KH.C8.136	KY21.Chr8.548
KH.C8.536	KY21.Chr8.549
KH.C8.621	KY21.Chr8.549
KH.C8.368	KY21.Chr8.550
KH.C8.879	KY21.Chr8.551
KH.C8.502	KY21.Chr8.552
KH.C8.534	KY21.Chr8.553
KH.C8.15	KY21.Chr8.554
KH.C8.652	KY21.Chr8.555
KH.C8.809	KY21.Chr8.557
KH.C8.782	KY21.Chr8.558
KH.C8.379	KY21.Chr8.559
KH.C8.642	KY21.Chr8.561
KH.C8.812	KY21.Chr8.562
KH.C8.825	KY21.Chr8.563
KH.C8.193	KY21.Chr8.564
KH.C8.744	KY21.Chr8.565
KH.C8.179	KY21.Chr8.566
KH.C8.670	KY21.Chr8.567
KH.C8.60	KY21.Chr8.568
KH.C8.657	KY21.Chr8.569
KH.C8.626	KY21.Chr8.570
KH.C8.83	KY21.Chr8.571
KH.C8.805	KY21.Chr8.571
KH.C8.260	KY21.Chr8.572
KH.C8.268	KY21.Chr8.575
KH.C8.874	KY21.Chr8.576
KH.C8.577	KY21.Chr8.577
KH.C8.296	KY21.Chr8.578
KH.C8.35	KY21.Chr8.579
KH.C8.762	KY21.Chr8.581
KH.C8.429	KY21.Chr8.582
KH.C8.527	KY21.Chr8.583
KH.C8.19	KY21.Chr8.584
KH.C8.184	KY21.Chr8.585
KH.C8.775	KY21.Chr8.586
KH.C8.411	KY21.Chr8.587
KH.C8.855	KY21.Chr8.588
KH.C8.32	KY21.Chr8.589
KH.C8.513	KY21.Chr8.590
KH.C8.312	KY21.Chr8.591
KH.C8.833	KY21.Chr8.592
KH.C8.584	KY21.Chr8.593
KH.C8.419	KY21.Chr8.594
KH.C8.7	KY21.Chr8.595
KH.C8.791	KY21.Chr8.596
KH.C8.263	KY21.Chr8.599
KH.C8.424	KY21.Chr8.601
KH.C8.866	KY21.Chr8.602
KH.C8.209	KY21.Chr8.603
KH.C8.901	KY21.Chr8.604
KH.C8.163	KY21.Chr8.605
KH.C8.538	KY21.Chr8.606
KH.C8.871	KY21.Chr8.607
KH.C8.884	KY21.Chr8.608
KH.C8.564	KY21.Chr8.609
KH.C8.280	KY21.Chr8.610
KH.C8.247	KY21.Chr8.611
KH.C8.349	KY21.Chr8.613
KH.C8.331	KY21.Chr8.615
KH.C8.422	KY21.Chr8.616
KH.C8.544	KY21.Chr8.617
KH.C8.481	KY21.Chr8.618
KH.C8.501	KY21.Chr8.619
KH.C8.563	KY21.Chr8.620
KH.S910.5	KY21.Chr8.620
KH.S910.3	KY21.Chr8.621
KH.S910.4	KY21.Chr8.622
KH.S910.1	KY21.Chr8.623
KH.S910.2	KY21.Chr8.624
KH.S910.6	KY21.Chr8.625
KH.C8.909	KY21.Chr8.626
KH.C8.470	KY21.Chr8.628
KH.C8.156	KY21.Chr8.629
KH.C8.846	KY21.Chr8.630
KH.S1053.1	KY21.Chr8.631
KH.C8.807	KY21.Chr8.633
KH.C8.236	KY21.Chr8.635
KH.C8.804	KY21.Chr8.638
KH.C8.191	KY21.Chr8.639
KH.C8.39	KY21.Chr8.640
KH.C8.412	KY21.Chr8.641
KH.C8.645	KY21.Chr8.642
KH.C8.56	KY21.Chr8.643
KH.C8.279	KY21.Chr8.644
KH.C8.363	KY21.Chr8.645
KH.C8.826	KY21.Chr8.646
KH.C8.324	KY21.Chr8.647
KH.C8.456	KY21.Chr8.648
KH.C8.743	KY21.Chr8.650
KH.C8.770	KY21.Chr8.651
KH.C8.396	KY21.Chr8.654
KH.C8.890	KY21.Chr8.655
KH.C8.140	KY21.Chr8.656
KH.C8.409	KY21.Chr8.657
KH.L4.50	KY21.Chr8.658
KH.C8.772	KY21.Chr8.659
KH.C8.882	KY21.Chr8.660
KH.C8.518	KY21.Chr8.661
KH.C8.737	KY21.Chr8.664
KH.C8.101	KY21.Chr8.665
KH.C8.570	KY21.Chr8.666
KH.C8.288	KY21.Chr8.667
KH.C8.630	KY21.Chr8.668
KH.C8.339	KY21.Chr8.669
KH.C8.912	KY21.Chr8.670
KH.C8.79	KY21.Chr8.671
KH.C8.681	KY21.Chr8.672
KH.C8.102	KY21.Chr8.673
KH.C8.144	KY21.Chr8.674
KH.C8.718	KY21.Chr8.675
KH.C8.134	KY21.Chr8.676
KH.C8.243	KY21.Chr8.677
KH.C8.867	KY21.Chr8.678
KH.C8.800	KY21.Chr8.679
KH.C8.830	KY21.Chr8.680
KH.C8.828	KY21.Chr8.681
KH.C8.28	KY21.Chr8.682
KH.C8.369	KY21.Chr8.683
KH.C8.52	KY21.Chr8.684
KH.C8.125	KY21.Chr8.685
KH.C8.655	KY21.Chr8.686
KH.C8.48	KY21.Chr8.687
KH.C8.216	KY21.Chr8.688
KH.C8.764	KY21.Chr8.689
KH.C8.581	KY21.Chr8.690
KH.C8.497	KY21.Chr8.691
KH.C8.161	KY21.Chr8.692
KH.C8.774	KY21.Chr8.693
KH.C8.374	KY21.Chr8.694
KH.C8.455	KY21.Chr8.695
KH.C8.708	KY21.Chr8.696
KH.C8.386	KY21.Chr8.697
KH.C8.10	KY21.Chr8.699
KH.C8.721	KY21.Chr8.699
KH.C8.653	KY21.Chr8.704
KH.C8.373	KY21.Chr8.705
KH.C8.726	KY21.Chr8.706
KH.C8.638	KY21.Chr8.707
KH.C8.740	KY21.Chr8.708
KH.C8.8	KY21.Chr8.709
KH.C8.531	KY21.Chr8.710
KH.C8.548	KY21.Chr8.711
KH.C8.734	KY21.Chr8.712
KH.C8.372	KY21.Chr8.713
KH.C8.180	KY21.Chr8.714
KH.C8.34	KY21.Chr8.715
KH.C8.769	KY21.Chr8.716
KH.C8.643	KY21.Chr8.717
KH.C8.438	KY21.Chr8.718
KH.C8.322	KY21.Chr8.719
KH.C8.823	KY21.Chr8.720
KH.C8.837	KY21.Chr8.721
KH.C8.290	KY21.Chr8.722
KH.C8.771	KY21.Chr8.723
KH.C8.200	KY21.Chr8.724
KH.C8.778	KY21.Chr8.725
KH.C8.722	KY21.Chr8.726
KH.C8.158	KY21.Chr8.727
KH.C8.445	KY21.Chr8.728
KH.C8.305	KY21.Chr8.729
KH.C8.799	KY21.Chr8.730
KH.C8.886	KY21.Chr8.731
KH.C8.145	KY21.Chr8.732
KH.C8.376	KY21.Chr8.733
KH.C8.377	KY21.Chr8.734
KH.C8.519	KY21.Chr8.735
KH.C8.423	KY21.Chr8.736
KH.C8.476	KY21.Chr8.737
KH.C8.786	KY21.Chr8.738
KH.C8.13	KY21.Chr8.739
KH.C8.876	KY21.Chr8.740
KH.C8.160	KY21.Chr8.741
KH.C8.702	KY21.Chr8.742
KH.C8.623	KY21.Chr8.743
KH.C8.746	KY21.Chr8.744
KH.C8.836	KY21.Chr8.745
KH.C8.93	KY21.Chr8.746
KH.C8.120	KY21.Chr8.747
KH.C8.816	KY21.Chr8.748
KH.C8.603	KY21.Chr8.749
KH.C8.872	KY21.Chr8.752
KH.C8.624	KY21.Chr8.753
KH.C8.436	KY21.Chr8.754
KH.C8.736	KY21.Chr8.755
KH.C8.499	KY21.Chr8.756
KH.C8.839	KY21.Chr8.757
KH.C8.832	KY21.Chr8.758
KH.C8.731	KY21.Chr8.759
KH.C8.724	KY21.Chr8.760
KH.C8.446	KY21.Chr8.761
KH.C8.461	KY21.Chr8.762
KH.C8.703	KY21.Chr8.763
KH.C8.576	KY21.Chr8.764
KH.C8.850	KY21.Chr8.765
KH.C8.902	KY21.Chr8.766
KH.C8.352	KY21.Chr8.767
KH.C8.561	KY21.Chr8.768
KH.C8.141	KY21.Chr8.769
KH.C8.459	KY21.Chr8.770
KH.C8.99	KY21.Chr8.771
KH.C8.654	KY21.Chr8.773
KH.C8.827	KY21.Chr8.774
KH.C8.432	KY21.Chr8.775
KH.C8.817	KY21.Chr8.779
KH.C8.426	KY21.Chr8.781
KH.C8.235	KY21.Chr8.782
KH.C8.366	KY21.Chr8.783
KH.C8.335	KY21.Chr8.784
KH.C8.801	KY21.Chr8.785
KH.C8.849	KY21.Chr8.786
KH.C8.615	KY21.Chr8.787
KH.C8.116	KY21.Chr8.788
KH.C8.272	KY21.Chr8.789
KH.C8.475	KY21.Chr8.790
KH.C8.640	KY21.Chr8.791
KH.C8.394	KY21.Chr8.792
KH.C8.471	KY21.Chr8.794
KH.C8.663	KY21.Chr8.795
KH.C8.54	KY21.Chr8.800
KH.C8.605	KY21.Chr8.801
KH.C8.883	KY21.Chr8.802
KH.C8.38	KY21.Chr8.803
KH.C8.51	KY21.Chr8.805
KH.C8.748	KY21.Chr8.806
KH.C8.546	KY21.Chr8.807
KH.C8.204	KY21.Chr8.808
KH.C8.189	KY21.Chr8.811
KH.C8.41	KY21.Chr8.814
KH.C8.380	KY21.Chr8.815
KH.C8.699	KY21.Chr8.816
KH.C8.754	KY21.Chr8.817
KH.C8.45	KY21.Chr8.818
KH.C8.126	KY21.Chr8.819
KH.C8.539	KY21.Chr8.822
KH.C8.752	KY21.Chr8.823
KH.C8.135	KY21.Chr8.824
KH.C8.811	KY21.Chr8.825
KH.C8.397	KY21.Chr8.826
KH.C8.98	KY21.Chr8.828
KH.C8.182	KY21.Chr8.829
KH.C8.17	KY21.Chr8.830
KH.C8.24	KY21.Chr8.832
KH.C8.242	KY21.Chr8.833
KH.C8.520	KY21.Chr8.834
KH.C8.922	KY21.Chr8.835
KH.C8.42	KY21.Chr8.836
KH.C8.601	KY21.Chr8.838
KH.C8.700	KY21.Chr8.839
KH.C8.730	KY21.Chr8.840
KH.C8.117	KY21.Chr8.842
KH.C8.450	KY21.Chr8.843
KH.C8.188	KY21.Chr8.844
KH.C8.202	KY21.Chr8.845
KH.C8.732	KY21.Chr8.846
KH.C8.347	KY21.Chr8.848
KH.C8.371	KY21.Chr8.849
KH.C8.237	KY21.Chr8.850
KH.C8.588	KY21.Chr8.851
KH.C8.225	KY21.Chr8.852
KH.C8.3	KY21.Chr8.853
KH.C8.885	KY21.Chr8.854
KH.C8.68	KY21.Chr8.855
KH.S964.1	KY21.Chr8.859
KH.C8.176	KY21.Chr8.860
KH.C8.114	KY21.Chr8.861
KH.C8.765	KY21.Chr8.862
KH.C8.897	KY21.Chr8.863
KH.C8.449	KY21.Chr8.864
KH.C8.673	KY21.Chr8.865
KH.C8.783	KY21.Chr8.866
KH.C8.698	KY21.Chr8.867
KH.C8.547	KY21.Chr8.868
KH.C8.690	KY21.Chr8.869
KH.C8.634	KY21.Chr8.870
KH.C8.215	KY21.Chr8.871
KH.C8.16	KY21.Chr8.872
KH.C8.665	KY21.Chr8.873
KH.C8.253	KY21.Chr8.875
KH.C8.596	KY21.Chr8.876
KH.C8.222	KY21.Chr8.877
KH.C8.407	KY21.Chr8.878
KH.C8.543	KY21.Chr8.879
KH.C8.87	KY21.Chr8.880
KH.C8.464	KY21.Chr8.881
KH.C8.644	KY21.Chr8.882
KH.C8.269	KY21.Chr8.883
KH.C8.526	KY21.Chr8.884
KH.C8.747	KY21.Chr8.885
KH.C8.628	KY21.Chr8.886
KH.C8.49	KY21.Chr8.889
KH.C8.662	KY21.Chr8.890
KH.C8.239	KY21.Chr8.891
KH.C8.859	KY21.Chr8.892
KH.C8.477	KY21.Chr8.895
KH.C8.309	KY21.Chr8.896
KH.C8.482	KY21.Chr8.898
KH.C8.780	KY21.Chr8.900
KH.C8.669	KY21.Chr8.901
KH.C8.420	KY21.Chr8.902
KH.C8.320	KY21.Chr8.903
KH.C8.395	KY21.Chr8.904
KH.C8.614	KY21.Chr8.905
KH.C8.118	KY21.Chr8.906
KH.S1843.1	KY21.Chr8.909
KH.C8.212	KY21.Chr8.910
KH.C8.6	KY21.Chr8.911
KH.C8.428	KY21.Chr8.912
KH.C8.291	KY21.Chr8.914
KH.C8.152	KY21.Chr8.915
KH.C8.727	KY21.Chr8.916
KH.C8.173	KY21.Chr8.917
KH.S1029.2	KY21.Chr8.918
KH.S1029.1	KY21.Chr8.919
KH.S1542.1	KY21.Chr8.919
KH.S1269.1	KY21.Chr8.920
KH.S1269.3	KY21.Chr8.921
KH.S1269.2	KY21.Chr8.922
KH.C8.205	KY21.Chr8.924
KH.C8.70	KY21.Chr8.925
KH.C8.529	KY21.Chr8.926
KH.C8.741	KY21.Chr8.928
KH.C8.155	KY21.Chr8.929
KH.C8.303	KY21.Chr8.932
KH.C8.343	KY21.Chr8.933
KH.C8.57	KY21.Chr8.935
KH.C8.64	KY21.Chr8.936
KH.C8.361	KY21.Chr8.937
KH.C8.661	KY21.Chr8.938
KH.C8.894	KY21.Chr8.939
KH.C8.600	KY21.Chr8.940
KH.C8.311	KY21.Chr8.941
KH.C8.473	KY21.Chr8.942
KH.C8.516	KY21.Chr8.943
KH.C8.338	KY21.Chr8.945
KH.C8.427	KY21.Chr8.946
KH.C8.443	KY21.Chr8.947
KH.C8.59	KY21.Chr8.948
KH.C8.587	KY21.Chr8.949
KH.C8.479	KY21.Chr8.951
KH.C8.858	KY21.Chr8.952
KH.C8.418	KY21.Chr8.953
KH.C8.375	KY21.Chr8.954
KH.C8.466	KY21.Chr8.955
KH.C8.891	KY21.Chr8.956
KH.C8.904	KY21.Chr8.957
KH.C8.572	KY21.Chr8.958
KH.C8.709	KY21.Chr8.959
KH.C8.285	KY21.Chr8.960
KH.C8.440	KY21.Chr8.961
KH.C8.647	KY21.Chr8.964
KH.C8.384	KY21.Chr8.965
KH.C8.281	KY21.Chr8.966
KH.C8.165	KY21.Chr8.967
KH.C8.33	KY21.Chr8.968
KH.C8.658	KY21.Chr8.969
KH.C8.637	KY21.Chr8.970
KH.C8.467	KY21.Chr8.971
KH.C8.508	KY21.Chr8.973
KH.C8.848	KY21.Chr8.974
KH.C8.797	KY21.Chr8.975
KH.C8.317	KY21.Chr8.976
KH.C8.95	KY21.Chr8.977
KH.C8.590	KY21.Chr8.980
KH.C8.354	KY21.Chr8.981
KH.L100.3	KY21.Chr8.981
KH.C8.143	KY21.Chr8.983
KH.C8.840	KY21.Chr8.984
KH.C8.870	KY21.Chr8.985
KH.C8.710	KY21.Chr8.986
KH.C8.364	KY21.Chr8.987
KH.C8.573	KY21.Chr8.988
KH.C8.88	KY21.Chr8.989
KH.C8.862	KY21.Chr8.990
KH.C8.327	KY21.Chr8.992
KH.C8.545	KY21.Chr8.993
KH.C8.684	KY21.Chr8.994
KH.C8.198	KY21.Chr8.995
KH.C8.818	KY21.Chr8.996
KH.C8.758	KY21.Chr8.997
KH.C8.350	KY21.Chr8.998
KH.C8.607	KY21.Chr8.999
KH.C8.227	KY21.Chr8.1001
KH.C8.907	KY21.Chr8.1002
KH.C8.162	KY21.Chr8.1003
KH.C8.877	KY21.Chr8.1004
KH.C8.715	KY21.Chr8.1005
KH.C8.504	KY21.Chr8.1006
KH.C8.511	KY21.Chr8.1007
KH.C8.415	KY21.Chr8.1008
KH.C8.706	KY21.Chr8.1011
KH.C8.195	KY21.Chr8.1012
KH.C8.21	KY21.Chr8.1013
KH.C8.404	KY21.Chr8.1017
KH.C8.671	KY21.Chr8.1018
KH.C8.824	KY21.Chr8.1019
KH.C8.304	KY21.Chr8.1020
KH.C8.454	KY21.Chr8.1021
KH.C8.695	KY21.Chr8.1022
KH.C8.793	KY21.Chr8.1023
KH.C8.332	KY21.Chr8.1024
KH.C8.674	KY21.Chr8.1025
KH.C8.154	KY21.Chr8.1028
KH.C8.760	KY21.Chr8.1029
KH.C8.593	KY21.Chr8.1030
KH.C8.273	KY21.Chr8.1031
KH.C8.219	KY21.Chr8.1032
KH.C8.693	KY21.Chr8.1035
KH.C8.133	KY21.Chr8.1036
KH.C8.452	KY21.Chr8.1037
KH.C8.666	KY21.Chr8.1041
KH.C8.579	KY21.Chr8.1042
KH.C8.678	KY21.Chr8.1045
KH.C8.185	KY21.Chr8.1046
KH.C8.841	KY21.Chr8.1047
KH.C8.489	KY21.Chr8.1048
KH.C8.80	KY21.Chr8.1049
KH.C8.262	KY21.Chr8.1051
KH.C8.110	KY21.Chr8.1052
KH.C8.686	KY21.Chr8.1053
KH.C8.166	KY21.Chr8.1054
KH.C8.55	KY21.Chr8.1055
KH.C8.668	KY21.Chr8.1056
KH.C8.30	KY21.Chr8.1057
KH.C8.533	KY21.Chr8.1058
KH.C8.831	KY21.Chr8.1059
KH.C8.382	KY21.Chr8.1060
KH.C8.905	KY21.Chr8.1061
KH.C8.356	KY21.Chr8.1062
KH.C8.201	KY21.Chr8.1063
KH.C8.815	KY21.Chr8.1064
KH.C8.766	KY21.Chr8.1065
KH.C8.298	KY21.Chr8.1066
KH.C8.85	KY21.Chr8.1067
KH.C8.569	KY21.Chr8.1068
KH.C8.431	KY21.Chr8.1069
KH.C8.157	KY21.Chr8.1071
KH.C8.226	KY21.Chr8.1075
KH.C8.378	KY21.Chr8.1076
KH.C8.917	KY21.Chr8.1077
KH.C8.234	KY21.Chr8.1078
KH.C8.388	KY21.Chr8.1079
KH.C8.435	KY21.Chr8.1080
KH.C8.613	KY21.Chr8.1081
KH.C8.111	KY21.Chr8.1085
KH.C8.457	KY21.Chr8.1086
KH.C8.468	KY21.Chr8.1087
KH.C8.892	KY21.Chr8.1088
KH.C8.585	KY21.Chr8.1090
KH.C8.535	KY21.Chr8.1091
KH.C8.137	KY21.Chr8.1092
KH.C8.2	KY21.Chr8.1093
KH.C8.104	KY21.Chr8.1094
KH.C8.308	KY21.Chr8.1095
KH.C8.619	KY21.Chr8.1096
KH.C8.108	KY21.Chr8.1097
KH.C8.617	KY21.Chr8.1098
KH.C8.636	KY21.Chr8.1099
KH.C8.244	KY21.Chr8.1100
KH.C8.410	KY21.Chr8.1101
KH.C8.608	KY21.Chr8.1102
KH.C8.711	KY21.Chr8.1103
KH.C8.223	KY21.Chr8.1104
KH.C8.197	KY21.Chr8.1105
KH.C8.723	KY21.Chr8.1106
KH.C8.869	KY21.Chr8.1107
KH.C8.203	KY21.Chr8.1108
KH.C8.914	KY21.Chr8.1109
KH.C8.696	KY21.Chr8.1110
KH.C8.406	KY21.Chr8.1111
KH.C8.389	KY21.Chr8.1112
KH.C8.851	KY21.Chr8.1113
KH.C8.67	KY21.Chr8.1114
KH.C8.159	KY21.Chr8.1115
KH.C8.37	KY21.Chr8.1116
KH.C8.716	KY21.Chr8.1117
KH.C8.115	KY21.Chr8.1118
KH.C8.328	KY21.Chr8.1119
KH.C8.606	KY21.Chr8.1120
KH.C8.207	KY21.Chr8.1121
KH.C8.646	KY21.Chr8.1123
KH.C8.899	KY21.Chr8.1124
KH.C8.911	KY21.Chr8.1125
KH.C8.919	KY21.Chr8.1126
KH.C8.421	KY21.Chr8.1127
KH.C8.11	KY21.Chr8.1128
KH.C8.739	KY21.Chr8.1129
KH.C8.23	KY21.Chr8.1130
KH.C8.330	KY21.Chr8.1132
KH.C8.287	KY21.Chr8.1133
KH.C8.109	KY21.Chr8.1134
KH.C8.403	KY21.Chr8.1135
KH.C8.705	KY21.Chr8.1136
KH.C8.217	KY21.Chr8.1137
KH.C8.525	KY21.Chr8.1138
KH.C8.74	KY21.Chr8.1139
KH.C8.641	KY21.Chr8.1140
KH.C8.122	KY21.Chr8.1142
KH.C8.441	KY21.Chr8.1144
KH.C8.483	KY21.Chr8.1145
KH.C8.757	KY21.Chr8.1146
KH.C8.506	KY21.Chr8.1147
KH.C8.186	KY21.Chr8.1148
KH.C8.106	KY21.Chr8.1149
KH.C8.228	KY21.Chr8.1150
KH.C8.408	KY21.Chr8.1151
KH.C8.128	KY21.Chr8.1152
KH.C8.112	KY21.Chr8.1153
KH.C8.542	KY21.Chr8.1154
KH.C8.578	KY21.Chr8.1155
KH.C8.58	KY21.Chr8.1156
KH.C8.616	KY21.Chr8.1157
KH.C8.255	KY21.Chr8.1158
KH.C8.385	KY21.Chr8.1159
KH.C8.124	KY21.Chr8.1160
KH.C8.632	KY21.Chr8.1161
KH.C8.549	KY21.Chr8.1162
KH.C8.557	KY21.Chr8.1164
KH.C8.707	KY21.Chr8.1165
KH.C8.676	KY21.Chr8.1166
KH.C8.625	KY21.Chr8.1167
KH.C8.220	KY21.Chr8.1168
KH.C8.843	KY21.Chr8.1169
KH.C8.266	KY21.Chr8.1172
KH.S934.2	KY21.Chr8.1173
KH.S1721.1	KY21.Chr8.1173
KH.S934.1	KY21.Chr8.1175
KH.S934.3	KY21.Chr8.1176
KH.C8.348	KY21.Chr8.1177
KH.C8.773	KY21.Chr8.1178
KH.C8.405	KY21.Chr8.1179
KH.C8.472	KY21.Chr8.1180
KH.S3005.1	KY21.Chr8.1181
KH.C8.875	KY21.Chr8.1183
KH.C8.71	KY21.Chr8.1184
KH.C8.434	KY21.Chr8.1185
KH.C8.313	KY21.Chr8.1186
KH.C8.387	KY21.Chr8.1187
KH.C8.582	KY21.Chr8.1188
KH.S873.2	KY21.Chr8.1192
KH.S873.1	KY21.Chr8.1193
KH.S1411.1	KY21.Chr8.1194
KH.S1411.2	KY21.Chr8.1196
KH.C8.326	KY21.Chr8.1197
KH.C8.507	KY21.Chr8.1198
KH.C8.265	KY21.Chr8.1199
KH.C8.682	KY21.Chr8.1200
KH.C8.750	KY21.Chr8.1201
KH.C8.9	KY21.Chr8.1202
KH.C8.399	KY21.Chr8.1203
KH.C8.47	KY21.Chr8.1204
KH.C8.351	KY21.Chr8.1205
KH.C8.73	KY21.Chr8.1206
KH.C8.282	KY21.Chr8.1207
KH.C8.523	KY21.Chr8.1208
KH.C8.275	KY21.Chr8.1209
KH.C8.784	KY21.Chr8.1210
KH.C8.834	KY21.Chr8.1211
KH.C8.261	KY21.Chr8.1212
KH.C8.697	KY21.Chr8.1213
KH.C8.250	KY21.Chr8.1214
KH.C8.485	KY21.Chr8.1215
KH.C8.293	KY21.Chr8.1217
KH.C8.575	KY21.Chr8.1219
KH.C8.873	KY21.Chr8.1220
KH.C8.123	KY21.Chr8.1221
KH.C8.210	KY21.Chr8.1222
KH.C8.494	KY21.Chr8.1223
KH.C8.719	KY21.Chr8.1224
KH.C8.25	KY21.Chr8.1225
KH.C8.172	KY21.Chr8.1226
KH.C8.107	KY21.Chr8.1227
KH.C8.75	KY21.Chr8.1228
KH.C8.845	KY21.Chr8.1229
KH.C8.906	KY21.Chr8.1231
KH.C8.256	KY21.Chr8.1232
KH.C8.4	KY21.Chr8.1233
KH.C8.844	KY21.Chr8.1234
KH.C8.329	KY21.Chr8.1235
KH.C8.297	KY21.Chr8.1236
KH.C8.492	KY21.Chr8.1238
KH.C8.92	KY21.Chr8.1239
KH.C8.82	KY21.Chr8.1240
KH.C8.65	KY21.Chr8.1241
KH.C8.300	KY21.Chr8.1242
KH.C8.679	KY21.Chr8.1243
KH.C8.868	KY21.Chr8.1244
KH.C8.100	KY21.Chr8.1245
KH.C8.595	KY21.Chr8.1246
KH.C8.430	KY21.Chr8.1247
KH.C8.808	KY21.Chr8.1248
KH.C8.604	KY21.Chr8.1249
KH.C8.517	KY21.Chr8.1250
KH.C8.753	KY21.Chr8.1251
KH.C8.40	KY21.Chr8.1252
KH.C8.274	KY21.Chr8.1253
KH.C8.691	KY21.Chr8.1254
KH.C8.566	KY21.Chr8.1255
KH.C8.96	KY21.Chr8.1256
KH.C8.913	KY21.Chr8.1257
KH.C8.813	KY21.Chr8.1258
KH.C8.611	KY21.Chr8.1259
KH.C8.685	KY21.Chr8.1261
KH.C8.522	KY21.Chr8.1262
KH.C8.688	KY21.Chr8.1264
KH.C8.131	KY21.Chr8.1265
KH.C8.486	KY21.Chr8.1266
KH.C8.365	KY21.Chr8.1268
KH.C8.53	KY21.Chr8.1269
KH.C8.129	KY21.Chr8.1270
KH.C8.923	KY21.Chr8.1271
KH.C8.589	KY21.Chr8.1272
KH.C8.460	KY21.Chr8.1273
KH.C8.286	KY21.Chr8.1275
KH.C8.36	KY21.Chr8.1276
KH.C8.462	KY21.Chr8.1277
KH.C8.259	KY21.Chr8.1278
KH.C8.555	KY21.Chr8.1279
KH.S2824.1	KY21.Chr8.1280
KH.C8.609	KY21.Chr8.1281
KH.C8.206	KY21.Chr8.1282
KH.C8.458	KY21.Chr8.1283
KH.C8.346	KY21.Chr8.1285
KH.C8.704	KY21.Chr8.1286
KH.C8.447	KY21.Chr8.1288
KH.C8.344	KY21.Chr8.1289
KH.L129.3	KY21.Chr8.1290
KH.L129.8	KY21.Chr8.1291
KH.L129.5	KY21.Chr8.1292
KH.L129.2	KY21.Chr8.1293
KH.L129.6	KY21.Chr8.1294
KH.L129.7	KY21.Chr8.1295
KH.L129.1	KY21.Chr8.1296
KH.C8.521	KY21.Chr8.1298
KH.C8.857	KY21.Chr8.1299
KH.C8.103	KY21.Chr8.1300
KH.C8.514	KY21.Chr8.1301
KH.C8.232	KY21.Chr8.1302
KH.C8.490	KY21.Chr8.1304
KH.C8.321	KY21.Chr8.1305
KH.C8.687	KY21.Chr8.1306
KH.C8.148	KY21.Chr8.1307
KH.S1361.1	KY21.Chr8.1308
KH.S1454.2	KY21.Chr8.1308
KH.S1361.2	KY21.Chr8.1309
KH.S424.11	KY21.Chr8.1312
KH.S1454.1	KY21.Chr8.1314
KH.S563.1	KY21.Chr8.1315
KH.S563.3	KY21.Chr8.1316
KH.S563.2	KY21.Chr8.1317
KH.S1813.1	KY21.Chr8.1317
KH.S563.4	KY21.Chr8.1318
KH.L142.14	KY21.Chr8.1320
KH.L142.3	KY21.Chr8.1321
KH.L142.15	KY21.Chr8.1322
KH.L142.16	KY21.Chr8.1323
KH.L142.13	KY21.Chr8.1324
KH.L142.10	KY21.Chr8.1325
KH.L142.18	KY21.Chr8.1326
KH.L142.1	KY21.Chr8.1327
KH.L142.4	KY21.Chr8.1328
KH.L142.7	KY21.Chr8.1329
KH.L142.6	KY21.Chr8.1330
KH.L142.19	KY21.Chr8.1331
KH.L142.9	KY21.Chr8.1332
KH.L142.8	KY21.Chr8.1333
KH.L142.2	KY21.Chr8.1334
KH.L142.12	KY21.Chr8.1335
KH.L142.17	KY21.Chr8.1336
KH.L142.11	KY21.Chr8.1337
KH.L17.8	KY21.Chr8.1338
KH.L17.9	KY21.Chr8.1338
KH.L11.5	KY21.Chr8.1339
KH.L11.2	KY21.Chr8.1341
KH.L11.3	KY21.Chr8.1344
KH.L11.1	KY21.Chr8.1345
KH.L11.4	KY21.Chr8.1346
KH.L11.6	KY21.Chr8.1347
KH.L11.7	KY21.Chr8.1348
KH.S779.4	KY21.Chr8.1349
KH.S779.7	KY21.Chr8.1350
KH.S779.1	KY21.Chr8.1354
KH.S779.2	KY21.Chr8.1355
KH.S779.6	KY21.Chr8.1356
KH.S779.3	KY21.Chr8.1357
KH.S2295.1	KY21.Chr8.1358
KH.S899.5	KY21.Chr8.1359
KH.S899.3	KY21.Chr8.1360
KH.S899.4	KY21.Chr8.1361
KH.L17.6	KY21.Chr8.1362
KH.L17.4	KY21.Chr8.1363
KH.L17.5	KY21.Chr8.1364
KH.L17.11	KY21.Chr8.1365
KH.L17.12	KY21.Chr8.1366
KH.L17.13	KY21.Chr8.1367
KH.L17.2	KY21.Chr8.1368
KH.L17.15	KY21.Chr8.1369
KH.L17.16	KY21.Chr8.1370
KH.L17.3	KY21.Chr8.1372
KH.S2300.2	KY21.Chr9.1
KH.S2300.1	KY21.Chr9.2
KH.L99.4	KY21.Chr9.3
KH.L99.3	KY21.Chr9.4
KH.L99.7	KY21.Chr9.5
KH.L99.5	KY21.Chr9.6
KH.L99.12	KY21.Chr9.7
KH.L99.6	KY21.Chr9.8
KH.L99.11	KY21.Chr9.9
KH.L99.2	KY21.Chr9.10
KH.L99.9	KY21.Chr9.11
KH.L99.1	KY21.Chr9.12
KH.L99.8	KY21.Chr9.14
KH.L99.10	KY21.Chr9.15
KH.L93.5	KY21.Chr9.16
KH.S1383.1	KY21.Chr9.16
KH.L93.2	KY21.Chr9.17
KH.L93.3	KY21.Chr9.18
KH.L93.4	KY21.Chr9.19
KH.L93.6	KY21.Chr9.20
KH.L93.1	KY21.Chr9.21
KH.L173.5	KY21.Chr9.22
KH.L173.2	KY21.Chr9.23
KH.L173.3	KY21.Chr9.24
KH.L173.6	KY21.Chr9.24
KH.L173.7	KY21.Chr9.34
KH.L173.8	KY21.Chr9.34
KH.L173.1	KY21.Chr9.35
KH.L173.9	KY21.Chr9.36
KH.L173.4	KY21.Chr9.37
KH.S936.2	KY21.Chr9.38
KH.S936.1	KY21.Chr9.39
KH.S936.3	KY21.Chr9.40
KH.S1039.4	KY21.Chr9.40
KH.S1039.3	KY21.Chr9.41
KH.S1039.5	KY21.Chr9.43
KH.S1039.2	KY21.Chr9.44
KH.S1039.1	KY21.Chr9.45
KH.S1742.1	KY21.Chr9.45
KH.S1742.2	KY21.Chr9.46
KH.C9.565	KY21.Chr9.47
KH.C9.53	KY21.Chr9.48
KH.C9.222	KY21.Chr9.50
KH.C13.188	KY21.Chr9.50
KH.L108.26	KY21.Chr9.50
KH.C9.778	KY21.Chr9.51
KH.C9.751	KY21.Chr9.52
KH.C9.847	KY21.Chr9.52
KH.C9.384	KY21.Chr9.53
KH.C9.364	KY21.Chr9.54
KH.C9.390	KY21.Chr9.54
KH.C9.345	KY21.Chr9.55
KH.C9.494	KY21.Chr9.55
KH.C9.256	KY21.Chr9.56
KH.C9.346	KY21.Chr9.57
KH.C9.144	KY21.Chr9.58
KH.C9.107	KY21.Chr9.59
KH.S1562.1	KY21.Chr9.59
KH.C9.465	KY21.Chr9.60
KH.C9.589	KY21.Chr9.61
KH.C9.706	KY21.Chr9.62
KH.C9.636	KY21.Chr9.63
KH.C9.555	KY21.Chr9.64
KH.C9.480	KY21.Chr9.65
KH.C9.122	KY21.Chr9.66
KH.C9.225	KY21.Chr9.67
KH.C9.259	KY21.Chr9.68
KH.C9.542	KY21.Chr9.69
KH.S1512.1	KY21.Chr9.69
KH.C9.651	KY21.Chr9.70
KH.S484.4	KY21.Chr9.72
KH.S484.3	KY21.Chr9.73
KH.S484.1	KY21.Chr9.75
KH.S484.2	KY21.Chr9.77
KH.C9.329	KY21.Chr9.78
KH.C9.551	KY21.Chr9.79
KH.C9.563	KY21.Chr9.80
KH.C9.289	KY21.Chr9.86
KH.C9.450	KY21.Chr9.87
KH.C9.769	KY21.Chr9.89
KH.C9.140	KY21.Chr9.90
KH.C9.149	KY21.Chr9.91
KH.C9.109	KY21.Chr9.92
KH.C9.169	KY21.Chr9.93
KH.C9.691	KY21.Chr9.94
KH.C9.303	KY21.Chr9.95
KH.C9.118	KY21.Chr9.96
KH.C9.264	KY21.Chr9.97
KH.C9.797	KY21.Chr9.98
KH.C9.579	KY21.Chr9.99
KH.C9.326	KY21.Chr9.100
KH.C9.857	KY21.Chr9.101
KH.C9.719	KY21.Chr9.102
KH.C9.561	KY21.Chr9.103
KH.C9.644	KY21.Chr9.104
KH.C9.570	KY21.Chr9.105
KH.C9.768	KY21.Chr9.106
KH.C9.309	KY21.Chr9.107
KH.C9.785	KY21.Chr9.109
KH.C9.664	KY21.Chr9.110
KH.C9.674	KY21.Chr9.111
KH.C9.162	KY21.Chr9.112
KH.C9.672	KY21.Chr9.113
KH.C9.178	KY21.Chr9.114
KH.S589.3	KY21.Chr9.118
KH.S589.4	KY21.Chr9.119
KH.S589.1	KY21.Chr9.121
KH.C9.174	KY21.Chr9.122
KH.C9.484	KY21.Chr9.123
KH.C9.529	KY21.Chr9.124
KH.C9.47	KY21.Chr9.125
KH.C9.545	KY21.Chr9.126
KH.C9.282	KY21.Chr9.127
KH.C9.175	KY21.Chr9.128
KH.C9.441	KY21.Chr9.128
KH.C9.203	KY21.Chr9.130
KH.C9.311	KY21.Chr9.131
KH.C9.471	KY21.Chr9.134
KH.C9.577	KY21.Chr9.135
KH.C9.695	KY21.Chr9.136
KH.C9.846	KY21.Chr9.137
KH.C9.267	KY21.Chr9.138
KH.C9.31	KY21.Chr9.139
KH.C9.444	KY21.Chr9.141
KH.C9.121	KY21.Chr9.143
KH.C9.831	KY21.Chr9.144
KH.C9.436	KY21.Chr9.145
KH.C9.670	KY21.Chr9.146
KH.C9.641	KY21.Chr9.147
KH.C9.553	KY21.Chr9.148
KH.C9.550	KY21.Chr9.150
KH.C9.218	KY21.Chr9.152
KH.C9.873	KY21.Chr9.153
KH.C9.488	KY21.Chr9.154
KH.C9.890	KY21.Chr9.155
KH.C9.699	KY21.Chr9.156
KH.C9.428	KY21.Chr9.157
KH.C9.410	KY21.Chr9.158
KH.C9.78	KY21.Chr9.159
KH.C9.887	KY21.Chr9.160
KH.C9.67	KY21.Chr9.161
KH.C9.188	KY21.Chr9.162
KH.C9.430	KY21.Chr9.163
KH.C9.71	KY21.Chr9.165
KH.L151.1	KY21.Chr9.165
KH.C9.413	KY21.Chr9.166
KH.L151.6	KY21.Chr9.167
KH.L151.3	KY21.Chr9.168
KH.L151.5	KY21.Chr9.169
KH.L151.2	KY21.Chr9.170
KH.L151.4	KY21.Chr9.173
KH.C9.886	KY21.Chr9.174
KH.C9.515	KY21.Chr9.175
KH.C9.872	KY21.Chr9.178
KH.C9.389	KY21.Chr9.181
KH.C9.576	KY21.Chr9.182
KH.C9.269	KY21.Chr9.184
KH.C9.192	KY21.Chr9.185
KH.C9.753	KY21.Chr9.186
KH.C9.72	KY21.Chr9.187
KH.C9.537	KY21.Chr9.189
KH.C9.358	KY21.Chr9.191
KH.C9.425	KY21.Chr9.192
KH.C9.455	KY21.Chr9.193
KH.C9.571	KY21.Chr9.194
KH.C9.296	KY21.Chr9.195
KH.C9.855	KY21.Chr9.196
KH.C9.327	KY21.Chr9.197
KH.C9.772	KY21.Chr9.198
KH.C9.572	KY21.Chr9.199
KH.C9.504	KY21.Chr9.200
KH.C9.506	KY21.Chr9.201
KH.C9.837	KY21.Chr9.202
KH.C9.652	KY21.Chr9.203
KH.C9.132	KY21.Chr9.204
KH.C9.740	KY21.Chr9.205
KH.C9.361	KY21.Chr9.206
KH.C9.6	KY21.Chr9.207
KH.C9.787	KY21.Chr9.208
KH.C9.427	KY21.Chr9.209
KH.C9.694	KY21.Chr9.210
KH.C9.437	KY21.Chr9.211
KH.C9.136	KY21.Chr9.213
KH.C9.198	KY21.Chr9.214
KH.C9.263	KY21.Chr9.215
KH.C9.110	KY21.Chr9.216
KH.C9.649	KY21.Chr9.217
KH.C9.856	KY21.Chr9.218
KH.C9.705	KY21.Chr9.219
KH.C9.825	KY21.Chr9.220
KH.C9.244	KY21.Chr9.221
KH.C9.770	KY21.Chr9.222
KH.C9.129	KY21.Chr9.223
KH.C9.721	KY21.Chr9.225
KH.C9.749	KY21.Chr9.227
KH.C9.607	KY21.Chr9.230
KH.C9.290	KY21.Chr9.231
KH.L116.65	KY21.Chr9.231
KH.C9.270	KY21.Chr9.232
KH.C9.7	KY21.Chr9.233
KH.C9.201	KY21.Chr9.234
KH.C9.469	KY21.Chr9.235
KH.C9.822	KY21.Chr9.236
KH.C9.736	KY21.Chr9.237
KH.C9.23	KY21.Chr9.238
KH.C9.805	KY21.Chr9.241
KH.C9.354	KY21.Chr9.242
KH.C9.876	KY21.Chr9.243
KH.C9.675	KY21.Chr9.244
KH.C9.708	KY21.Chr9.245
KH.C9.16	KY21.Chr9.246
KH.C9.715	KY21.Chr9.247
KH.C9.610	KY21.Chr9.248
KH.C9.206	KY21.Chr9.249
KH.C9.819	KY21.Chr9.250
KH.C9.640	KY21.Chr9.251
KH.C9.317	KY21.Chr9.252
KH.C9.335	KY21.Chr9.253
KH.C9.391	KY21.Chr9.254
KH.C9.374	KY21.Chr9.255
KH.C9.540	KY21.Chr9.257
KH.C9.186	KY21.Chr9.258
KH.C9.685	KY21.Chr9.259
KH.C9.40	KY21.Chr9.260
KH.C9.360	KY21.Chr9.261
KH.C9.325	KY21.Chr9.262
KH.C9.280	KY21.Chr9.263
KH.C9.42	KY21.Chr9.264
KH.C9.99	KY21.Chr9.265
KH.C9.838	KY21.Chr9.266
KH.C9.888	KY21.Chr9.267
KH.C9.298	KY21.Chr9.269
KH.C9.587	KY21.Chr9.270
KH.C9.547	KY21.Chr9.271
KH.C9.339	KY21.Chr9.272
KH.C9.285	KY21.Chr9.273
KH.C9.105	KY21.Chr9.274
KH.C9.52	KY21.Chr9.275
KH.C2.882	KY21.Chr9.276
KH.C9.94	KY21.Chr9.276
KH.C9.151	KY21.Chr9.277
KH.C9.514	KY21.Chr9.278
KH.C9.161	KY21.Chr9.281
KH.C9.663	KY21.Chr9.282
KH.C9.416	KY21.Chr9.283
KH.C9.746	KY21.Chr9.284
KH.C9.790	KY21.Chr9.285
KH.C9.415	KY21.Chr9.287
KH.C9.525	KY21.Chr9.287
KH.C9.168	KY21.Chr9.288
KH.C9.604	KY21.Chr9.289
KH.C9.834	KY21.Chr9.290
KH.C9.496	KY21.Chr9.291
KH.C9.892	KY21.Chr9.292
KH.C9.321	KY21.Chr9.293
KH.C9.682	KY21.Chr9.294
KH.C9.603	KY21.Chr9.295
KH.S753.1	KY21.Chr9.297
KH.S753.3	KY21.Chr9.298
KH.S753.2	KY21.Chr9.299
KH.C9.882	KY21.Chr9.303
KH.C9.806	KY21.Chr9.304
KH.C9.601	KY21.Chr9.305
KH.C9.249	KY21.Chr9.306
KH.C9.730	KY21.Chr9.308
KH.C9.752	KY21.Chr9.309
KH.C9.720	KY21.Chr9.310
KH.C9.165	KY21.Chr9.311
KH.C9.893	KY21.Chr9.312
KH.C9.490	KY21.Chr9.313
KH.C9.497	KY21.Chr9.314
KH.C9.29	KY21.Chr9.315
KH.C9.337	KY21.Chr9.317
KH.C9.548	KY21.Chr9.318
KH.C9.612	KY21.Chr9.319
KH.C9.334	KY21.Chr9.320
KH.C9.562	KY21.Chr9.321
KH.C9.732	KY21.Chr9.322
KH.C9.26	KY21.Chr9.323
KH.C9.41	KY21.Chr9.324
KH.C9.533	KY21.Chr9.325
KH.C9.458	KY21.Chr9.326
KH.C9.617	KY21.Chr9.327
KH.C9.483	KY21.Chr9.328
KH.C9.30	KY21.Chr9.329
KH.C9.261	KY21.Chr9.330
KH.C9.83	KY21.Chr9.331
KH.C9.650	KY21.Chr9.332
KH.C9.714	KY21.Chr9.333
KH.C9.75	KY21.Chr9.334
KH.C9.98	KY21.Chr9.335
KH.C9.585	KY21.Chr9.336
KH.C9.538	KY21.Chr9.337
KH.C9.97	KY21.Chr9.339
KH.C9.372	KY21.Chr9.340
KH.C9.420	KY21.Chr9.341
KH.C9.592	KY21.Chr9.342
KH.C9.114	KY21.Chr9.344
KH.C9.463	KY21.Chr9.345
KH.C9.624	KY21.Chr9.346
KH.C9.798	KY21.Chr9.347
KH.C9.639	KY21.Chr9.350
KH.C9.368	KY21.Chr9.351
KH.C9.704	KY21.Chr9.352
KH.C9.868	KY21.Chr9.353
KH.C9.51	KY21.Chr9.354
KH.C9.557	KY21.Chr9.355
KH.C9.378	KY21.Chr9.356
KH.C9.507	KY21.Chr9.357
KH.C9.879	KY21.Chr9.357
KH.C9.141	KY21.Chr9.358
KH.C9.745	KY21.Chr9.359
KH.C9.380	KY21.Chr9.360
KH.C9.709	KY21.Chr9.361
KH.C9.502	KY21.Chr9.362
KH.C9.301	KY21.Chr9.363
KH.C9.660	KY21.Chr9.364
KH.C9.412	KY21.Chr9.365
KH.C9.766	KY21.Chr9.366
KH.C9.349	KY21.Chr9.367
KH.C9.512	KY21.Chr9.368
KH.C9.406	KY21.Chr9.369
KH.C9.299	KY21.Chr9.370
KH.C9.454	KY21.Chr9.371
KH.C9.167	KY21.Chr9.372
KH.C9.792	KY21.Chr9.373
KH.C9.521	KY21.Chr9.374
KH.C9.408	KY21.Chr9.375
KH.C9.851	KY21.Chr9.376
KH.C9.812	KY21.Chr9.377
KH.C9.365	KY21.Chr9.378
KH.C9.648	KY21.Chr9.379
KH.C9.862	KY21.Chr9.381
KH.C9.242	KY21.Chr9.382
KH.C9.595	KY21.Chr9.383
KH.C9.687	KY21.Chr9.384
KH.C9.741	KY21.Chr9.385
KH.L123.5	KY21.Chr9.386
KH.C9.217	KY21.Chr9.387
KH.C9.578	KY21.Chr9.388
KH.C9.803	KY21.Chr9.389
KH.C9.49	KY21.Chr9.390
KH.C9.19	KY21.Chr9.391
KH.C9.700	KY21.Chr9.392
KH.C9.541	KY21.Chr9.394
KH.C9.294	KY21.Chr9.395
KH.C9.119	KY21.Chr9.396
KH.C9.397	KY21.Chr9.397
KH.C9.277	KY21.Chr9.398
KH.C9.564	KY21.Chr9.399
KH.C9.379	KY21.Chr9.400
KH.C9.214	KY21.Chr9.401
KH.C9.701	KY21.Chr9.402
KH.C9.677	KY21.Chr9.404
KH.C9.247	KY21.Chr9.405
KH.C9.439	KY21.Chr9.406
KH.C9.332	KY21.Chr9.407
KH.C9.388	KY21.Chr9.408
KH.C9.863	KY21.Chr9.409
KH.C9.859	KY21.Chr9.410
KH.C9.460	KY21.Chr9.411
KH.C9.113	KY21.Chr9.413
KH.C9.274	KY21.Chr9.414
KH.C9.627	KY21.Chr9.415
KH.C9.511	KY21.Chr9.416
KH.C9.76	KY21.Chr9.418
KH.C9.252	KY21.Chr9.419
KH.C9.233	KY21.Chr9.420
KH.C9.532	KY21.Chr9.421
KH.C9.593	KY21.Chr9.422
KH.C9.153	KY21.Chr9.423
KH.C9.293	KY21.Chr9.425
KH.C9.86	KY21.Chr9.426
KH.C9.784	KY21.Chr9.427
KH.C9.849	KY21.Chr9.428
KH.C9.513	KY21.Chr9.429
KH.C9.108	KY21.Chr9.430
KH.C9.447	KY21.Chr9.431
KH.C9.338	KY21.Chr9.433
KH.C9.143	KY21.Chr9.434
KH.C9.286	KY21.Chr9.435
KH.C9.103	KY21.Chr9.437
KH.C9.878	KY21.Chr9.439
KH.C9.544	KY21.Chr9.440
KH.C9.505	KY21.Chr9.441
KH.C9.54	KY21.Chr9.442
KH.C9.126	KY21.Chr9.443
KH.C9.832	KY21.Chr9.445
KH.C9.347	KY21.Chr9.446
KH.C9.60	KY21.Chr9.447
KH.C9.370	KY21.Chr9.448
KH.C9.80	KY21.Chr9.450
KH.C9.258	KY21.Chr9.451
KH.C9.279	KY21.Chr9.452
KH.C9.667	KY21.Chr9.453
KH.C9.569	KY21.Chr9.454
KH.C9.789	KY21.Chr9.455
KH.C9.387	KY21.Chr9.456
KH.S584.1	KY21.Chr9.458
KH.C9.340	KY21.Chr9.459
KH.C9.297	KY21.Chr9.460
KH.C9.718	KY21.Chr9.461
KH.L22.68	KY21.Chr9.461
KH.C9.295	KY21.Chr9.462
KH.L22.19	KY21.Chr9.463
KH.L22.75	KY21.Chr9.464
KH.L22.70	KY21.Chr9.467
KH.L22.55	KY21.Chr9.468
KH.L22.71	KY21.Chr9.469
KH.L22.28	KY21.Chr9.470
KH.L22.27	KY21.Chr9.471
KH.L22.34	KY21.Chr9.471
KH.L22.57	KY21.Chr9.471
KH.L22.74	KY21.Chr9.472
KH.L22.38	KY21.Chr9.473
KH.L22.22	KY21.Chr9.474
KH.L22.65	KY21.Chr9.476
KH.L22.17	KY21.Chr9.477
KH.L22.20	KY21.Chr9.478
KH.L22.60	KY21.Chr9.479
KH.L22.9	KY21.Chr9.480
KH.L22.50	KY21.Chr9.481
KH.L22.56	KY21.Chr9.482
KH.L22.59	KY21.Chr9.483
KH.L22.58	KY21.Chr9.484
KH.L22.5	KY21.Chr9.485
KH.L22.48	KY21.Chr9.486
KH.L22.16	KY21.Chr9.487
KH.L22.32	KY21.Chr9.488
KH.L22.42	KY21.Chr9.489
KH.L22.72	KY21.Chr9.492
KH.L22.11	KY21.Chr9.493
KH.L22.66	KY21.Chr9.494
KH.L22.37	KY21.Chr9.495
KH.L22.45	KY21.Chr9.496
KH.L22.15	KY21.Chr9.497
KH.L22.47	KY21.Chr9.503
KH.L22.14	KY21.Chr9.504
KH.L22.31	KY21.Chr9.504
KH.L22.7	KY21.Chr9.505
KH.L22.25	KY21.Chr9.505
KH.L22.62	KY21.Chr9.506
KH.L22.63	KY21.Chr9.508
KH.L22.24	KY21.Chr9.509
KH.L22.26	KY21.Chr9.510
KH.L22.18	KY21.Chr9.511
KH.L22.2	KY21.Chr9.512
KH.L22.10	KY21.Chr9.513
KH.L22.8	KY21.Chr9.515
KH.L22.21	KY21.Chr9.516
KH.L20.63	KY21.Chr9.517
KH.L22.3	KY21.Chr9.518
KH.L22.33	KY21.Chr9.519
KH.S2039.1	KY21.Chr9.521
KH.L22.44	KY21.Chr9.522
KH.L22.64	KY21.Chr9.523
KH.L22.35	KY21.Chr9.524
KH.L22.36	KY21.Chr9.525
KH.L22.4	KY21.Chr9.526
KH.L22.13	KY21.Chr9.528
KH.L22.40	KY21.Chr9.529
KH.L22.61	KY21.Chr9.530
KH.L22.67	KY21.Chr9.530
KH.L22.43	KY21.Chr9.531
KH.L22.30	KY21.Chr9.532
KH.L22.53	KY21.Chr9.533
KH.L22.39	KY21.Chr9.534
KH.L22.52	KY21.Chr9.535
KH.L22.12	KY21.Chr9.536
KH.L22.51	KY21.Chr9.537
KH.L22.46	KY21.Chr9.539
KH.L22.54	KY21.Chr9.540
KH.L22.1	KY21.Chr9.541
KH.L45.2	KY21.Chr9.544
KH.L45.3	KY21.Chr9.545
KH.L45.1	KY21.Chr9.547
KH.L45.4	KY21.Chr9.548
KH.C2.228	KY21.Chr9.565
KH.C2.864	KY21.Chr9.566
KH.C9.333	KY21.Chr9.567
KH.C9.446	KY21.Chr9.568
KH.C9.312	KY21.Chr9.569
KH.C9.403	KY21.Chr9.570
KH.C9.284	KY21.Chr9.571
KH.C9.142	KY21.Chr9.572
KH.C9.723	KY21.Chr9.575
KH.C9.319	KY21.Chr9.576
KH.C9.366	KY21.Chr9.577
KH.C9.138	KY21.Chr9.580
KH.C9.470	KY21.Chr9.581
KH.C9.491	KY21.Chr9.582
KH.C2.929	KY21.Chr9.584
KH.C2.344	KY21.Chr9.585
KH.C2.131	KY21.Chr9.586
KH.C2.840	KY21.Chr9.587
KH.C2.1081	KY21.Chr9.588
KH.C2.112	KY21.Chr9.589
KH.C2.427	KY21.Chr9.591
KH.C9.830	KY21.Chr9.591
KH.C9.237	KY21.Chr9.592
KH.C9.207	KY21.Chr9.593
KH.C9.840	KY21.Chr9.594
KH.C9.357	KY21.Chr9.595
KH.C9.634	KY21.Chr9.596
KH.C9.756	KY21.Chr9.597
KH.C9.375	KY21.Chr9.598
KH.C9.456	KY21.Chr9.600
KH.C9.65	KY21.Chr9.601
KH.C9.246	KY21.Chr9.602
KH.C9.194	KY21.Chr9.603
KH.C9.452	KY21.Chr9.604
KH.C9.866	KY21.Chr9.605
KH.C9.616	KY21.Chr9.606
KH.C9.760	KY21.Chr9.607
KH.C9.499	KY21.Chr9.610
KH.C9.485	KY21.Chr9.611
KH.C9.70	KY21.Chr9.612
KH.C9.146	KY21.Chr9.613
KH.C9.193	KY21.Chr9.614
KH.C9.655	KY21.Chr9.615
KH.C9.424	KY21.Chr9.616
KH.C9.324	KY21.Chr9.617
KH.C9.316	KY21.Chr9.618
KH.C9.467	KY21.Chr9.619
KH.C9.884	KY21.Chr9.620
KH.C9.104	KY21.Chr9.621
KH.C9.43	KY21.Chr9.622
KH.C9.248	KY21.Chr9.624
KH.C9.829	KY21.Chr9.624
KH.C9.356	KY21.Chr9.625
KH.C9.773	KY21.Chr9.626
KH.C9.635	KY21.Chr9.627
KH.C9.392	KY21.Chr9.628
KH.C9.567	KY21.Chr9.629
KH.C9.750	KY21.Chr9.630
KH.C9.841	KY21.Chr9.631
KH.C9.229	KY21.Chr9.632
KH.C9.431	KY21.Chr9.633
KH.C9.763	KY21.Chr9.634
KH.C9.629	KY21.Chr9.635
KH.C9.348	KY21.Chr9.636
KH.C9.288	KY21.Chr9.638
KH.C9.602	KY21.Chr9.639
KH.C9.383	KY21.Chr9.640
KH.C9.574	KY21.Chr9.642
KH.C9.818	KY21.Chr9.643
KH.C9.236	KY21.Chr9.644
KH.C9.21	KY21.Chr9.645
KH.C9.614	KY21.Chr9.646
KH.C9.331	KY21.Chr9.647
KH.S417.3	KY21.Chr9.648
KH.S417.5	KY21.Chr9.652
KH.S417.6	KY21.Chr9.653
KH.C9.519	KY21.Chr9.657
KH.C9.18	KY21.Chr9.658
KH.C9.449	KY21.Chr9.658
KH.C9.731	KY21.Chr9.659
KH.C9.440	KY21.Chr9.660
KH.C9.265	KY21.Chr9.662
KH.C9.453	KY21.Chr9.663
KH.C9.472	KY21.Chr9.664
KH.C9.791	KY21.Chr9.666
KH.C9.96	KY21.Chr9.667
KH.C9.123	KY21.Chr9.668
KH.C9.429	KY21.Chr9.669
KH.C9.630	KY21.Chr9.669
KH.C9.684	KY21.Chr9.670
KH.C9.679	KY21.Chr9.671
KH.C9.238	KY21.Chr9.672
KH.C9.733	KY21.Chr9.672
KH.C9.744	KY21.Chr9.675
KH.S2024.1	KY21.Chr9.676
KH.C9.14	KY21.Chr9.677
KH.C9.631	KY21.Chr9.677
KH.C9.669	KY21.Chr9.678
KH.C9.22	KY21.Chr9.679
KH.C9.442	KY21.Chr9.681
KH.C9.474	KY21.Chr9.681
KH.C9.464	KY21.Chr9.682
KH.C9.13	KY21.Chr9.683
KH.C9.84	KY21.Chr9.684
KH.C9.716	KY21.Chr9.685
KH.C9.590	KY21.Chr9.686
KH.C9.717	KY21.Chr9.687
KH.C9.92	KY21.Chr9.688
KH.C9.154	KY21.Chr9.689
KH.C9.606	KY21.Chr9.690
KH.C9.219	KY21.Chr9.692
KH.C9.243	KY21.Chr9.693
KH.C9.517	KY21.Chr9.694
KH.C9.199	KY21.Chr9.695
KH.C9.683	KY21.Chr9.696
KH.C9.272	KY21.Chr9.697
KH.C9.377	KY21.Chr9.698
KH.C9.875	KY21.Chr9.699
KH.C9.88	KY21.Chr9.700
KH.C9.185	KY21.Chr9.701
KH.C9.315	KY21.Chr9.702
KH.C9.226	KY21.Chr9.703
KH.C9.421	KY21.Chr9.704
KH.C9.656	KY21.Chr9.705
KH.C9.292	KY21.Chr9.706
KH.C9.580	KY21.Chr9.707
KH.C9.369	KY21.Chr9.708
KH.C9.139	KY21.Chr9.710
KH.C9.642	KY21.Chr9.711
KH.C9.336	KY21.Chr9.712
KH.C9.148	KY21.Chr9.713
KH.C9.626	KY21.Chr9.714
KH.C9.355	KY21.Chr9.715
KH.C9.489	KY21.Chr9.720
KH.C9.401	KY21.Chr9.721
KH.C9.697	KY21.Chr9.722
KH.C9.645	KY21.Chr9.723
KH.C9.376	KY21.Chr9.724
KH.C9.835	KY21.Chr9.725
KH.C9.20	KY21.Chr9.726
KH.C9.637	KY21.Chr9.727
KH.C9.581	KY21.Chr9.728
KH.C9.633	KY21.Chr9.729
KH.C9.702	KY21.Chr9.730
KH.C9.657	KY21.Chr9.731
KH.C9.313	KY21.Chr9.732
KH.C9.74	KY21.Chr9.733
KH.C9.417	KY21.Chr9.734
KH.C9.255	KY21.Chr9.738
KH.C9.260	KY21.Chr9.739
KH.C9.783	KY21.Chr9.740
KH.C9.676	KY21.Chr9.741
KH.C9.742	KY21.Chr9.743
KH.C9.183	KY21.Chr9.745
KH.C9.278	KY21.Chr9.746
KH.C9.643	KY21.Chr9.747
KH.C9.342	KY21.Chr9.751
KH.C9.623	KY21.Chr9.753
KH.C9.619	KY21.Chr9.754
KH.C9.232	KY21.Chr9.755
KH.C9.307	KY21.Chr9.756
KH.C9.239	KY21.Chr9.757
KH.C9.111	KY21.Chr9.758
KH.C9.692	KY21.Chr9.759
KH.C9.810	KY21.Chr9.760
KH.C9.353	KY21.Chr9.761
KH.C9.828	KY21.Chr9.762
KH.C9.558	KY21.Chr9.763
KH.C9.24	KY21.Chr9.764
KH.C9.826	KY21.Chr9.765
KH.C9.211	KY21.Chr9.767
KH.C9.8	KY21.Chr9.768
KH.C9.725	KY21.Chr9.769
KH.C9.738	KY21.Chr9.770
KH.C9.462	KY21.Chr9.771
KH.C9.475	KY21.Chr9.772
KH.C9.473	KY21.Chr9.773
KH.C9.423	KY21.Chr9.774
KH.C9.839	KY21.Chr9.775
KH.C9.156	KY21.Chr9.776
KH.C9.124	KY21.Chr9.777
KH.C9.573	KY21.Chr9.778
KH.C9.15	KY21.Chr9.781
KH.C9.231	KY21.Chr9.781
KH.C9.771	KY21.Chr9.782
KH.C9.150	KY21.Chr9.783
KH.C9.362	KY21.Chr9.784
KH.C9.433	KY21.Chr9.785
KH.C9.90	KY21.Chr9.786
KH.C9.728	KY21.Chr9.787
KH.C9.539	KY21.Chr9.788
KH.C9.223	KY21.Chr9.789
KH.C9.95	KY21.Chr9.790
KH.C9.130	KY21.Chr9.791
KH.C9.432	KY21.Chr9.792
KH.C9.566	KY21.Chr9.794
KH.C9.367	KY21.Chr9.795
KH.C9.25	KY21.Chr9.796
KH.C9.306	KY21.Chr9.797
KH.C9.546	KY21.Chr9.798
KH.C9.543	KY21.Chr9.802
KH.C9.739	KY21.Chr9.803
KH.C9.396	KY21.Chr9.804
KH.C9.757	KY21.Chr9.805
KH.C9.628	KY21.Chr9.806
KH.C9.781	KY21.Chr9.807
KH.C9.688	KY21.Chr9.808
KH.C9.28	KY21.Chr9.809
KH.C9.101	KY21.Chr9.809
KH.C9.754	KY21.Chr9.810
KH.C9.582	KY21.Chr9.811
KH.C9.526	KY21.Chr9.812
KH.C9.814	KY21.Chr9.813
KH.C9.549	KY21.Chr9.814
KH.C9.102	KY21.Chr9.815
KH.C9.764	KY21.Chr9.816
KH.C9.776	KY21.Chr9.817
KH.C9.707	KY21.Chr9.818
KH.C9.854	KY21.Chr9.819
KH.C9.445	KY21.Chr9.820
KH.C9.91	KY21.Chr9.821
KH.C9.257	KY21.Chr9.822
KH.C9.802	KY21.Chr9.824
KH.C9.726	KY21.Chr9.825
KH.C9.535	KY21.Chr9.826
KH.C9.17	KY21.Chr9.827
KH.C9.678	KY21.Chr9.828
KH.C9.87	KY21.Chr9.830
KH.C9.163	KY21.Chr9.831
KH.C9.115	KY21.Chr9.832
KH.C9.457	KY21.Chr9.833
KH.C9.127	KY21.Chr9.834
KH.C9.775	KY21.Chr9.835
KH.C9.250	KY21.Chr9.836
KH.C9.530	KY21.Chr9.837
KH.C9.690	KY21.Chr9.838
KH.C9.343	KY21.Chr9.839
KH.C9.487	KY21.Chr9.840
KH.C9.737	KY21.Chr9.840
KH.C9.381	KY21.Chr9.841
KH.C9.523	KY21.Chr9.842
KH.C9.618	KY21.Chr9.843
KH.C9.386	KY21.Chr9.844
KH.C9.398	KY21.Chr9.845
KH.C9.262	KY21.Chr9.846
KH.C9.160	KY21.Chr9.847
KH.C9.159	KY21.Chr9.848
KH.C9.170	KY21.Chr9.850
KH.C9.516	KY21.Chr9.851
KH.C9.213	KY21.Chr9.852
KH.C9.394	KY21.Chr9.852
KH.C9.189	KY21.Chr9.853
KH.C9.646	KY21.Chr9.854
KH.C9.711	KY21.Chr9.855
KH.C9.782	KY21.Chr9.856
KH.C9.291	KY21.Chr9.857
KH.C9.786	KY21.Chr9.858
KH.C9.11	KY21.Chr9.859
KH.C9.734	KY21.Chr9.860
KH.C9.268	KY21.Chr9.861
KH.C9.659	KY21.Chr9.862
KH.C9.461	KY21.Chr9.864
KH.C9.157	KY21.Chr9.865
KH.C9.724	KY21.Chr9.866
KH.C9.848	KY21.Chr9.867
KH.C9.883	KY21.Chr9.868
KH.C9.881	KY21.Chr9.869
KH.C9.177	KY21.Chr9.870
KH.C9.253	KY21.Chr9.873
KH.C9.665	KY21.Chr9.874
KH.C9.197	KY21.Chr9.876
KH.C9.135	KY21.Chr9.878
KH.C9.131	KY21.Chr9.879
KH.C9.843	KY21.Chr9.881
KH.C9.501	KY21.Chr9.882
KH.C9.176	KY21.Chr9.883
KH.S918.2	KY21.Chr9.886
KH.S918.4	KY21.Chr9.887
KH.S918.1	KY21.Chr9.888
KH.S2406.1	KY21.Chr9.888
KH.S918.3	KY21.Chr9.889
KH.C9.836	KY21.Chr9.892
KH.C9.880	KY21.Chr9.893
KH.C7.603	KY21.Chr9.894
KH.C9.559	KY21.Chr9.895
KH.C9.747	KY21.Chr9.896
KH.C9.613	KY21.Chr9.897
KH.C9.891	KY21.Chr9.898
KH.C9.877	KY21.Chr9.899
KH.C9.758	KY21.Chr9.900
KH.C9.330	KY21.Chr9.901
KH.C9.112	KY21.Chr9.902
KH.C9.896	KY21.Chr9.903
KH.C9.894	KY21.Chr9.904
KH.C9.64	KY21.Chr9.905
KH.C9.85	KY21.Chr9.906
KH.C9.66	KY21.Chr9.907
KH.C9.254	KY21.Chr9.908
KH.C9.897	KY21.Chr9.908
KH.C9.654	KY21.Chr9.910
KH.C9.594	KY21.Chr9.911
KH.C9.804	KY21.Chr9.912
KH.C9.615	KY21.Chr9.913
KH.C9.210	KY21.Chr9.914
KH.C9.320	KY21.Chr9.915
KH.C9.39	KY21.Chr9.918
KH.C9.10	KY21.Chr9.919
KH.C9.287	KY21.Chr9.920
KH.C9.106	KY21.Chr9.921
KH.C9.536	KY21.Chr9.922
KH.C9.241	KY21.Chr9.923
KH.C9.509	KY21.Chr9.925
KH.C9.681	KY21.Chr9.926
KH.C9.133	KY21.Chr9.927
KH.C9.407	KY21.Chr9.928
KH.C9.273	KY21.Chr9.930
KH.C9.224	KY21.Chr9.932
KH.C9.155	KY21.Chr9.933
KH.C9.62	KY21.Chr9.934
KH.C9.438	KY21.Chr9.935
KH.C9.498	KY21.Chr9.936
KH.C9.680	KY21.Chr9.937
KH.C9.703	KY21.Chr9.939
KH.C9.598	KY21.Chr9.940
KH.C9.478	KY21.Chr9.941
KH.C9.402	KY21.Chr9.942
KH.C9.556	KY21.Chr9.943
KH.C9.404	KY21.Chr9.945
KH.C9.871	KY21.Chr9.946
KH.C9.220	KY21.Chr9.947
KH.C9.81	KY21.Chr9.948
KH.C9.73	KY21.Chr9.951
KH.C9.653	KY21.Chr9.952
KH.C9.12	KY21.Chr9.953
KH.C9.190	KY21.Chr9.954
KH.C9.815	KY21.Chr9.955
KH.C9.341	KY21.Chr9.956
KH.C9.134	KY21.Chr9.958
KH.C9.845	KY21.Chr9.959
KH.C9.788	KY21.Chr9.960
KH.C9.807	KY21.Chr9.961
KH.L31.2	KY21.Chr9.962
KH.C9.283	KY21.Chr9.963
KH.C9.809	KY21.Chr9.964
KH.C9.359	KY21.Chr9.965
KH.C9.209	KY21.Chr9.966
KH.C9.116	KY21.Chr9.968
KH.C9.352	KY21.Chr9.970
KH.C9.27	KY21.Chr9.971
KH.C9.195	KY21.Chr9.972
KH.C9.373	KY21.Chr9.973
KH.C9.4	KY21.Chr9.974
KH.C9.58	KY21.Chr9.975
KH.C9.552	KY21.Chr9.976
KH.C9.32	KY21.Chr9.977
KH.C9.518	KY21.Chr9.978
KH.C9.586	KY21.Chr9.978
KH.C9.605	KY21.Chr9.979
KH.C9.9	KY21.Chr9.980
KH.S1903.1	KY21.Chr9.981
KH.S1903.2	KY21.Chr9.982
KH.C9.722	KY21.Chr9.985
KH.C9.33	KY21.Chr9.986
KH.C9.235	KY21.Chr9.987
KH.C9.597	KY21.Chr9.989
KH.C9.230	KY21.Chr9.990
KH.C9.184	KY21.Chr9.991
KH.C9.399	KY21.Chr9.992
KH.C9.187	KY21.Chr9.993
KH.C9.858	KY21.Chr9.994
KH.C9.434	KY21.Chr9.997
KH.C9.414	KY21.Chr9.998
KH.C9.50	KY21.Chr9.999
KH.C9.45	KY21.Chr9.1000
KH.C9.419	KY21.Chr9.1001
KH.C9.181	KY21.Chr9.1002
KH.C9.584	KY21.Chr9.1003
KH.C9.234	KY21.Chr9.1004
KH.C9.748	KY21.Chr9.1005
KH.C9.735	KY21.Chr9.1006
KH.C9.534	KY21.Chr9.1007
KH.C9.622	KY21.Chr9.1008
KH.C9.227	KY21.Chr9.1009
KH.C9.527	KY21.Chr9.1011
KH.C9.400	KY21.Chr9.1012
KH.C9.180	KY21.Chr9.1013
KH.C9.844	KY21.Chr9.1014
KH.C9.145	KY21.Chr9.1015
KH.C9.77	KY21.Chr9.1016
KH.C9.82	KY21.Chr9.1017
KH.C9.727	KY21.Chr9.1019
KH.C9.451	KY21.Chr9.1020
KH.C9.811	KY21.Chr9.1021
KH.C9.228	KY21.Chr9.1022
KH.C9.759	KY21.Chr9.1023
KH.C9.38	KY21.Chr9.1025
KH.C9.69	KY21.Chr9.1026
KH.C9.647	KY21.Chr9.1027
KH.C9.658	KY21.Chr9.1028
KH.C9.869	KY21.Chr9.1029
KH.C9.799	KY21.Chr9.1031
KH.C9.486	KY21.Chr9.1032
KH.C9.671	KY21.Chr9.1033
KH.C9.698	KY21.Chr9.1035
KH.C9.710	KY21.Chr9.1037
KH.C9.867	KY21.Chr9.1037
KH.C9.302	KY21.Chr9.1038
KH.C9.371	KY21.Chr9.1039
KH.C9.479	KY21.Chr9.1040
KH.C9.44	KY21.Chr9.1041
KH.C9.171	KY21.Chr9.1042
KH.C9.816	KY21.Chr9.1043
KH.C9.137	KY21.Chr9.1044
KH.C9.459	KY21.Chr9.1045
KH.C9.166	KY21.Chr9.1046
KH.C9.68	KY21.Chr9.1050
KH.C9.395	KY21.Chr9.1051
KH.C9.596	KY21.Chr9.1052
KH.C9.63	KY21.Chr9.1053
KH.C9.314	KY21.Chr9.1054
KH.C9.426	KY21.Chr9.1055
KH.C9.575	KY21.Chr9.1056
KH.C9.281	KY21.Chr9.1057
KH.C9.409	KY21.Chr9.1059
KH.C9.2	KY21.Chr9.1060
KH.C9.323	KY21.Chr9.1062
KH.C9.35	KY21.Chr9.1064
KH.S1075.2	KY21.Chr9.1066
KH.S1075.1	KY21.Chr9.1067
KH.C9.554	KY21.Chr9.1068
KH.C9.385	KY21.Chr9.1069
KH.C9.495	KY21.Chr9.1070
KH.C9.3	KY21.Chr9.1071
KH.C9.625	KY21.Chr9.1072
KH.C9.468	KY21.Chr9.1073
KH.C9.476	KY21.Chr9.1075
KH.C9.874	KY21.Chr9.1076
KH.C9.779	KY21.Chr9.1077
KH.C9.172	KY21.Chr9.1078
KH.C9.481	KY21.Chr9.1080
KH.C9.48	KY21.Chr9.1081
KH.C9.796	KY21.Chr9.1084
KH.C9.817	KY21.Chr9.1085
KH.C9.492	KY21.Chr9.1086
KH.C9.777	KY21.Chr9.1087
KH.C9.212	KY21.Chr9.1089
KH.C9.275	KY21.Chr9.1090
KH.C9.531	KY21.Chr9.1091
KH.C9.182	KY21.Chr9.1093
KH.C9.842	KY21.Chr9.1094
KH.C9.608	KY21.Chr9.1095
KH.C9.310	KY21.Chr9.1096
KH.C9.850	KY21.Chr9.1097
KH.C9.500	KY21.Chr9.1098
KH.C9.713	KY21.Chr9.1099
KH.C9.852	KY21.Chr9.1100
KH.C9.147	KY21.Chr9.1101
KH.C9.780	KY21.Chr9.1102
KH.C9.662	KY21.Chr9.1103
KH.C9.1	KY21.Chr9.1104
KH.C9.774	KY21.Chr9.1105
KH.C9.56	KY21.Chr9.1106
KH.C9.422	KY21.Chr9.1107
KH.C9.885	KY21.Chr9.1108
KH.C9.251	KY21.Chr9.1109
KH.C9.158	KY21.Chr9.1110
KH.C9.609	KY21.Chr9.1111
KH.C9.117	KY21.Chr9.1112
KH.C9.591	KY21.Chr9.1113
KH.C9.34	KY21.Chr9.1114
KH.C9.318	KY21.Chr9.1115
KH.C9.466	KY21.Chr9.1118
KH.C9.191	KY21.Chr9.1119
KH.C9.864	KY21.Chr9.1120
KH.C9.79	KY21.Chr9.1121
KH.C9.448	KY21.Chr9.1122
KH.C9.673	KY21.Chr9.1123
KH.C9.5	KY21.Chr9.1124
KH.C9.55	KY21.Chr9.1127
KH.C9.57	KY21.Chr9.1129
KH.C9.245	KY21.Chr9.1130
KH.C9.808	KY21.Chr9.1131
KH.C9.689	KY21.Chr9.1132
KH.C9.853	KY21.Chr9.1133
KH.C9.215	KY21.Chr9.1134
KH.C9.204	KY21.Chr9.1135
KH.C9.36	KY21.Chr9.1136
KH.C9.208	KY21.Chr9.1136
KH.C9.328	KY21.Chr9.1136
KH.C9.668	KY21.Chr9.1138
KH.C9.59	KY21.Chr9.1139
KH.C9.638	KY21.Chr9.1140
KH.C9.583	KY21.Chr9.1141
KH.C9.560	KY21.Chr9.1142
KH.C9.821	KY21.Chr9.1143
KH.C9.833	KY21.Chr9.1144
KH.C9.477	KY21.Chr9.1145
KH.S2577.1	KY21.Chr9.1146
KH.C9.503	KY21.Chr9.1147
KH.C9.661	KY21.Chr9.1148
KH.C9.89	KY21.Chr9.1149
KH.C9.524	KY21.Chr9.1150
KH.C9.522	KY21.Chr9.1152
KH.C9.528	KY21.Chr9.1153
KH.C9.179	KY21.Chr9.1154
KH.C9.382	KY21.Chr9.1155
KH.C9.196	KY21.Chr9.1156
KH.C9.216	KY21.Chr9.1158
KH.C9.824	KY21.Chr9.1159
KH.C9.743	KY21.Chr9.1160
KH.C9.344	KY21.Chr9.1161
KH.S663.1	KY21.Chr9.1162
KH.S663.2	KY21.Chr9.1163
KH.S663.3	KY21.Chr9.1164
KH.S663.4	KY21.Chr9.1165
KH.C9.755	KY21.Chr9.1166
KH.C9.765	KY21.Chr9.1168
KH.C9.588	KY21.Chr9.1169
KH.C9.621	KY21.Chr9.1171
KH.C9.128	KY21.Chr9.1172
KH.C9.205	KY21.Chr9.1173
KH.C9.696	KY21.Chr9.1174
KH.C9.599	KY21.Chr9.1175
KH.S2020.1	KY21.Chr9.1176
KH.L58.2	KY21.Chr10.4
KH.S1354.1	KY21.Chr10.4
KH.S1354.2	KY21.Chr10.5
KH.S455.3	KY21.Chr10.11
KH.S455.2	KY21.Chr10.12
KH.S455.4	KY21.Chr10.13
KH.S455.6	KY21.Chr10.14
KH.S455.1	KY21.Chr10.15
KH.S455.7	KY21.Chr10.16
KH.L23.6	KY21.Chr10.17
KH.S455.8	KY21.Chr10.17
KH.S455.5	KY21.Chr10.18
KH.L23.4	KY21.Chr10.20
KH.L23.2	KY21.Chr10.21
KH.L23.10	KY21.Chr10.22
KH.L23.1	KY21.Chr10.23
KH.L23.11	KY21.Chr10.24
KH.L23.7	KY21.Chr10.25
KH.L23.9	KY21.Chr10.27
KH.L23.3	KY21.Chr10.28
KH.S583.4	KY21.Chr10.29
KH.S583.6	KY21.Chr10.30
KH.S583.2	KY21.Chr10.31
KH.S583.5	KY21.Chr10.32
KH.S583.3	KY21.Chr10.33
KH.S583.1	KY21.Chr10.34
KH.L79.1	KY21.Chr10.37
KH.L79.3	KY21.Chr10.40
KH.S1848.2	KY21.Chr10.42
KH.S806.1	KY21.Chr10.43
KH.L1.1	KY21.Chr10.48
KH.S1334.1	KY21.Chr10.49
KH.S3161.1	KY21.Chr10.49
KH.S425.5	KY21.Chr10.50
KH.S1334.2	KY21.Chr10.50
KH.S425.4	KY21.Chr10.51
KH.S425.10	KY21.Chr10.52
KH.S425.13	KY21.Chr10.53
KH.S425.3	KY21.Chr10.54
KH.S425.12	KY21.Chr10.55
KH.S425.7	KY21.Chr10.56
KH.S425.9	KY21.Chr10.57
KH.S425.11	KY21.Chr10.58
KH.S425.2	KY21.Chr10.59
KH.S425.1	KY21.Chr10.60
KH.S425.6	KY21.Chr10.61
KH.S425.8	KY21.Chr10.64
KH.S800.2	KY21.Chr10.65
KH.S1904.2	KY21.Chr10.65
KH.S1122.1	KY21.Chr10.67
KH.S1585.1	KY21.Chr10.70
KH.C10.355	KY21.Chr10.71
KH.C10.85	KY21.Chr10.72
KH.C10.603	KY21.Chr10.73
KH.C10.351	KY21.Chr10.74
KH.C10.36	KY21.Chr10.75
KH.C10.415	KY21.Chr10.76
KH.C10.557	KY21.Chr10.77
KH.C13.84	KY21.Chr10.77
KH.C10.405	KY21.Chr10.78
KH.C10.384	KY21.Chr10.79
KH.C10.26	KY21.Chr10.80
KH.C10.144	KY21.Chr10.81
KH.C10.161	KY21.Chr10.82
KH.C10.118	KY21.Chr10.83
KH.C10.570	KY21.Chr10.84
KH.C10.482	KY21.Chr10.86
KH.C10.181	KY21.Chr10.87
KH.C10.593	KY21.Chr10.88
KH.C10.180	KY21.Chr10.89
KH.C10.146	KY21.Chr10.90
KH.C10.300	KY21.Chr10.91
KH.C10.421	KY21.Chr10.93
KH.C10.348	KY21.Chr10.94
KH.L157.1	KY21.Chr10.96
KH.L157.6	KY21.Chr10.97
KH.L157.3	KY21.Chr10.98
KH.L157.2	KY21.Chr10.99
KH.L157.5	KY21.Chr10.100
KH.L157.9	KY21.Chr10.101
KH.L157.10	KY21.Chr10.102
KH.L157.4	KY21.Chr10.103
KH.L157.11	KY21.Chr10.104
KH.L157.8	KY21.Chr10.105
KH.L157.7	KY21.Chr10.106
KH.S1105.1	KY21.Chr10.107
KH.S1105.2	KY21.Chr10.107
KH.S770.1	KY21.Chr10.108
KH.S770.3	KY21.Chr10.109
KH.S1019.1	KY21.Chr10.122
KH.S948.1	KY21.Chr10.128
KH.S1312.1	KY21.Chr10.130
KH.S1312.2	KY21.Chr10.130
KH.S1329.1	KY21.Chr10.130
KH.S1386.1	KY21.Chr10.130
KH.L52.1	KY21.Chr10.131
KH.S1386.2	KY21.Chr10.131
KH.S1876.1	KY21.Chr10.131
KH.L52.2	KY21.Chr10.133
KH.L35.10	KY21.Chr10.134
KH.L35.11	KY21.Chr10.137
KH.L35.3	KY21.Chr10.138
KH.S1380.1	KY21.Chr10.141
KH.C10.265	KY21.Chr10.142
KH.C10.288	KY21.Chr10.143
KH.C10.57	KY21.Chr10.144
KH.C10.532	KY21.Chr10.145
KH.C10.441	KY21.Chr10.146
KH.C10.260	KY21.Chr10.147
KH.C10.528	KY21.Chr10.147
KH.C10.362	KY21.Chr10.150
KH.C10.575	KY21.Chr10.151
KH.C10.451	KY21.Chr10.153
KH.C10.145	KY21.Chr10.155
KH.C10.76	KY21.Chr10.156
KH.C10.269	KY21.Chr10.157
KH.C10.215	KY21.Chr10.158
KH.C10.379	KY21.Chr10.161
KH.C10.9	KY21.Chr10.162
KH.C10.305	KY21.Chr10.163
KH.C10.550	KY21.Chr10.164
KH.C10.449	KY21.Chr10.165
KH.C10.178	KY21.Chr10.166
KH.C10.37	KY21.Chr10.167
KH.C10.412	KY21.Chr10.169
KH.C10.285	KY21.Chr10.170
KH.C10.202	KY21.Chr10.171
KH.C10.256	KY21.Chr10.172
KH.C10.558	KY21.Chr10.173
KH.C10.347	KY21.Chr10.174
KH.S522.6	KY21.Chr10.175
KH.S522.5	KY21.Chr10.176
KH.S522.1	KY21.Chr10.177
KH.S522.8	KY21.Chr10.178
KH.S522.7	KY21.Chr10.180
KH.S522.3	KY21.Chr10.181
KH.S522.4	KY21.Chr10.182
KH.S522.2	KY21.Chr10.184
KH.C10.114	KY21.Chr10.191
KH.C10.173	KY21.Chr10.193
KH.C10.478	KY21.Chr10.194
KH.C10.591	KY21.Chr10.195
KH.C10.11	KY21.Chr10.197
KH.C10.505	KY21.Chr10.198
KH.C10.466	KY21.Chr10.199
KH.C10.602	KY21.Chr10.200
KH.C10.63	KY21.Chr10.201
KH.C10.619	KY21.Chr10.202
KH.C10.392	KY21.Chr10.203
KH.C10.458	KY21.Chr10.204
KH.C10.317	KY21.Chr10.205
KH.C10.163	KY21.Chr10.207
KH.S679.6	KY21.Chr10.207
KH.S679.4	KY21.Chr10.208
KH.S679.3	KY21.Chr10.209
KH.S679.2	KY21.Chr10.210
KH.S679.5	KY21.Chr10.211
KH.C10.93	KY21.Chr10.212
KH.S679.1	KY21.Chr10.212
KH.C10.394	KY21.Chr10.213
KH.C10.90	KY21.Chr10.215
KH.C10.608	KY21.Chr10.218
KH.C10.500	KY21.Chr10.219
KH.C10.232	KY21.Chr10.220
KH.C10.54	KY21.Chr10.221
KH.C10.337	KY21.Chr10.222
KH.C10.128	KY21.Chr10.223
KH.C10.139	KY21.Chr10.224
KH.C10.313	KY21.Chr10.226
KH.C10.312	KY21.Chr10.227
KH.C10.261	KY21.Chr10.229
KH.C10.210	KY21.Chr10.230
KH.C10.192	KY21.Chr10.231
KH.C10.53	KY21.Chr10.232
KH.S2032.1	KY21.Chr10.232
KH.C10.461	KY21.Chr10.233
KH.C10.14	KY21.Chr10.234
KH.C10.67	KY21.Chr10.235
KH.C10.217	KY21.Chr10.236
KH.C10.369	KY21.Chr10.239
KH.C10.218	KY21.Chr10.240
KH.C10.3	KY21.Chr10.241
KH.C10.508	KY21.Chr10.242
KH.C10.540	KY21.Chr10.243
KH.C10.17	KY21.Chr10.246
KH.C10.401	KY21.Chr10.246
KH.C10.247	KY21.Chr10.247
KH.C10.402	KY21.Chr10.248
KH.C10.132	KY21.Chr10.249
KH.C10.196	KY21.Chr10.252
KH.C10.396	KY21.Chr10.253
KH.C10.614	KY21.Chr10.254
KH.C10.615	KY21.Chr10.255
KH.C10.212	KY21.Chr10.256
KH.C10.597	KY21.Chr10.257
KH.C10.91	KY21.Chr10.258
KH.C10.74	KY21.Chr10.259
KH.C10.213	KY21.Chr10.260
KH.C10.372	KY21.Chr10.261
KH.C10.367	KY21.Chr10.262
KH.C10.99	KY21.Chr10.264
KH.C10.216	KY21.Chr10.265
KH.C10.600	KY21.Chr10.266
KH.C10.10	KY21.Chr10.267
KH.C10.239	KY21.Chr10.268
KH.C10.599	KY21.Chr10.270
KH.C10.376	KY21.Chr10.275
KH.C10.422	KY21.Chr10.282
KH.C10.84	KY21.Chr10.283
KH.C10.590	KY21.Chr10.284
KH.C10.150	KY21.Chr10.288
KH.C10.613	KY21.Chr10.289
KH.C10.131	KY21.Chr10.290
KH.C10.605	KY21.Chr10.292
KH.C10.130	KY21.Chr10.293
KH.C10.356	KY21.Chr10.294
KH.C10.162	KY21.Chr10.295
KH.C10.519	KY21.Chr10.296
KH.S1152.1	KY21.Chr10.296
KH.S1152.2	KY21.Chr10.297
KH.C10.193	KY21.Chr10.298
KH.C10.105	KY21.Chr10.300
KH.C10.319	KY21.Chr10.301
KH.C10.518	KY21.Chr10.301
KH.C10.581	KY21.Chr10.301
KH.C10.387	KY21.Chr10.302
KH.C10.345	KY21.Chr10.305
KH.C10.298	KY21.Chr10.306
KH.C10.309	KY21.Chr10.307
KH.C10.578	KY21.Chr10.308
KH.C10.556	KY21.Chr10.309
KH.C10.103	KY21.Chr10.310
KH.C10.252	KY21.Chr10.311
KH.C10.101	KY21.Chr10.312
KH.C10.566	KY21.Chr10.313
KH.C10.434	KY21.Chr10.315
KH.C10.86	KY21.Chr10.316
KH.C10.129	KY21.Chr10.317
KH.C10.423	KY21.Chr10.318
KH.C10.443	KY21.Chr10.319
KH.C10.207	KY21.Chr10.320
KH.C10.30	KY21.Chr10.321
KH.C10.353	KY21.Chr10.322
KH.C10.82	KY21.Chr10.323
KH.C10.445	KY21.Chr10.324
KH.C10.81	KY21.Chr10.325
KH.C10.284	KY21.Chr10.326
KH.C10.377	KY21.Chr10.327
KH.C10.271	KY21.Chr10.328
KH.C10.240	KY21.Chr10.329
KH.C10.97	KY21.Chr10.330
KH.C10.69	KY21.Chr10.331
KH.C10.176	KY21.Chr10.332
KH.C10.397	KY21.Chr10.333
KH.C10.45	KY21.Chr10.334
KH.C10.170	KY21.Chr10.335
KH.C10.457	KY21.Chr10.336
KH.C10.315	KY21.Chr10.337
KH.C10.596	KY21.Chr10.339
KH.C10.440	KY21.Chr10.340
KH.C10.411	KY21.Chr10.341
KH.C10.72	KY21.Chr10.342
KH.C10.512	KY21.Chr10.344
KH.C10.365	KY21.Chr10.345
KH.C10.113	KY21.Chr10.346
KH.C10.360	KY21.Chr10.347
KH.C10.16	KY21.Chr10.348
KH.C10.122	KY21.Chr10.349
KH.C10.251	KY21.Chr10.350
KH.C10.572	KY21.Chr10.351
KH.C10.361	KY21.Chr10.352
KH.C10.511	KY21.Chr10.353
KH.S1863.1	KY21.Chr10.355
KH.C10.46	KY21.Chr10.356
KH.C10.88	KY21.Chr10.358
KH.C10.604	KY21.Chr10.359
KH.C10.47	KY21.Chr10.360
KH.L128.11	KY21.Chr10.361
KH.L128.12	KY21.Chr10.362
KH.L128.5	KY21.Chr10.364
KH.L128.1	KY21.Chr10.366
KH.L128.2	KY21.Chr10.367
KH.L128.9	KY21.Chr10.369
KH.S511.3	KY21.Chr10.370
KH.L27.2	KY21.Chr10.371
KH.S345.1	KY21.Chr10.371
KH.S511.1	KY21.Chr10.371
KH.S511.2	KY21.Chr10.372
KH.S674.1	KY21.Chr10.380
KH.S573.2	KY21.Chr10.384
KH.S573.6	KY21.Chr10.386
KH.S573.1	KY21.Chr10.387
KH.S573.8	KY21.Chr10.388
KH.S573.3	KY21.Chr10.389
KH.S573.7	KY21.Chr10.392
KH.S1840.1	KY21.Chr10.396
KH.S590.1	KY21.Chr10.397
KH.S590.6	KY21.Chr10.398
KH.S590.7	KY21.Chr10.399
KH.S590.2	KY21.Chr10.400
KH.S590.5	KY21.Chr10.401
KH.S590.8	KY21.Chr10.402
KH.S590.3	KY21.Chr10.403
KH.C10.499	KY21.Chr10.404
KH.C10.191	KY21.Chr10.405
KH.C10.56	KY21.Chr10.406
KH.C10.263	KY21.Chr10.407
KH.C10.533	KY21.Chr10.408
KH.C10.598	KY21.Chr10.410
KH.C10.357	KY21.Chr10.411
KH.C10.77	KY21.Chr10.412
KH.C10.79	KY21.Chr10.413
KH.C10.268	KY21.Chr10.414
KH.C10.391	KY21.Chr10.415
KH.C10.620	KY21.Chr10.416
KH.C10.65	KY21.Chr10.417
KH.C10.152	KY21.Chr10.418
KH.C10.530	KY21.Chr10.419
KH.C10.480	KY21.Chr10.420
KH.C10.291	KY21.Chr10.421
KH.C10.514	KY21.Chr10.422
KH.C10.487	KY21.Chr10.423
KH.C10.187	KY21.Chr10.424
KH.C10.248	KY21.Chr10.425
KH.C10.102	KY21.Chr10.426
KH.C10.96	KY21.Chr10.427
KH.C10.404	KY21.Chr10.428
KH.C10.124	KY21.Chr10.429
KH.C10.549	KY21.Chr10.430
KH.C10.197	KY21.Chr10.431
KH.C10.44	KY21.Chr10.432
KH.C10.21	KY21.Chr10.433
KH.C10.444	KY21.Chr10.434
KH.C10.343	KY21.Chr10.435
KH.C10.249	KY21.Chr10.436
KH.C10.49	KY21.Chr10.438
KH.C10.87	KY21.Chr10.439
KH.S1120.2	KY21.Chr10.441
KH.C10.304	KY21.Chr10.442
KH.C10.78	KY21.Chr10.446
KH.C10.426	KY21.Chr10.447
KH.C10.490	KY21.Chr10.448
KH.C10.574	KY21.Chr10.450
KH.C10.71	KY21.Chr10.451
KH.C10.432	KY21.Chr10.453
KH.C10.108	KY21.Chr10.454
KH.S1141.1	KY21.Chr10.454
KH.C10.116	KY21.Chr10.455
KH.S1537.1	KY21.Chr10.458
KH.S1537.2	KY21.Chr10.459
KH.C10.140	KY21.Chr10.460
KH.C10.104	KY21.Chr10.462
KH.C10.182	KY21.Chr10.463
KH.C10.12	KY21.Chr10.464
KH.C10.569	KY21.Chr10.465
KH.C10.472	KY21.Chr10.468
KH.C10.429	KY21.Chr10.469
KH.C10.28	KY21.Chr10.470
KH.C10.568	KY21.Chr10.471
KH.C10.393	KY21.Chr10.472
KH.C10.123	KY21.Chr10.473
KH.C10.520	KY21.Chr10.474
KH.C10.177	KY21.Chr10.475
KH.C10.245	KY21.Chr10.476
KH.C10.563	KY21.Chr10.477
KH.C10.561	KY21.Chr10.478
KH.C10.286	KY21.Chr10.480
KH.C10.80	KY21.Chr10.482
KH.C10.134	KY21.Chr10.485
KH.C10.223	KY21.Chr10.486
KH.C10.456	KY21.Chr10.487
KH.C10.535	KY21.Chr10.488
KH.C10.560	KY21.Chr10.488
KH.C10.208	KY21.Chr10.489
KH.C10.601	KY21.Chr10.490
KH.C10.2	KY21.Chr10.491
KH.C10.311	KY21.Chr10.492
KH.C10.227	KY21.Chr10.494
KH.C10.410	KY21.Chr10.494
KH.S2353.1	KY21.Chr10.494
KH.S2590.1	KY21.Chr10.496
KH.S2590.2	KY21.Chr10.496
KH.C10.506	KY21.Chr10.502
KH.C10.225	KY21.Chr10.503
KH.C10.233	KY21.Chr10.504
KH.C10.368	KY21.Chr10.505
KH.C10.55	KY21.Chr10.506
KH.C10.618	KY21.Chr10.507
KH.C10.19	KY21.Chr10.508
KH.C10.6	KY21.Chr10.509
KH.C10.541	KY21.Chr10.510
KH.C10.382	KY21.Chr10.511
KH.C10.524	KY21.Chr10.513
KH.C10.454	KY21.Chr10.515
KH.C10.459	KY21.Chr10.516
KH.C10.403	KY21.Chr10.519
KH.C10.612	KY21.Chr10.520
KH.C10.259	KY21.Chr10.521
KH.C10.485	KY21.Chr10.522
KH.C10.318	KY21.Chr10.523
KH.C10.546	KY21.Chr10.524
KH.C10.270	KY21.Chr10.525
KH.C10.279	KY21.Chr10.526
KH.C10.294	KY21.Chr10.527
KH.C10.336	KY21.Chr10.528
KH.C10.431	KY21.Chr10.528
KH.C10.231	KY21.Chr10.529
KH.C10.416	KY21.Chr10.530
KH.C10.230	KY21.Chr10.533
KH.C10.89	KY21.Chr10.534
KH.C10.330	KY21.Chr10.535
KH.C10.59	KY21.Chr10.536
KH.C10.331	KY21.Chr10.537
KH.S1259.1	KY21.Chr10.541
KH.S1259.2	KY21.Chr10.542
KH.C10.22	KY21.Chr10.547
KH.C10.468	KY21.Chr10.548
KH.C10.186	KY21.Chr10.549
KH.C10.583	KY21.Chr10.550
KH.C10.100	KY21.Chr10.551
KH.C10.346	KY21.Chr10.552
KH.C10.349	KY21.Chr10.554
KH.C10.390	KY21.Chr10.555
KH.C10.147	KY21.Chr10.556
KH.C10.262	KY21.Chr10.557
KH.C10.479	KY21.Chr10.558
KH.C10.427	KY21.Chr10.559
KH.C10.539	KY21.Chr10.560
KH.C10.476	KY21.Chr10.561
KH.C10.58	KY21.Chr10.562
KH.C10.462	KY21.Chr10.563
KH.C10.166	KY21.Chr10.565
KH.C10.203	KY21.Chr10.566
KH.C10.515	KY21.Chr10.567
KH.C10.525	KY21.Chr10.568
KH.C10.433	KY21.Chr10.569
KH.C10.463	KY21.Chr10.570
KH.C10.164	KY21.Chr10.571
KH.C10.551	KY21.Chr10.572
KH.S1577.1	KY21.Chr10.573
KH.S1372.2	KY21.Chr10.574
KH.C10.517	KY21.Chr10.576
KH.C10.295	KY21.Chr10.577
KH.C10.106	KY21.Chr10.578
KH.C10.125	KY21.Chr10.579
KH.C10.358	KY21.Chr10.580
KH.C10.253	KY21.Chr10.581
KH.C10.576	KY21.Chr10.582
KH.C10.320	KY21.Chr10.583
KH.C10.607	KY21.Chr10.587
KH.C10.350	KY21.Chr10.588
KH.C10.241	KY21.Chr10.589
KH.C10.220	KY21.Chr10.590
KH.C10.537	KY21.Chr10.591
KH.C10.552	KY21.Chr10.592
KH.C10.626	KY21.Chr10.595
KH.C10.625	KY21.Chr10.596
KH.C10.344	KY21.Chr10.598
KH.S919.1	KY21.Chr10.600
KH.S1021.1	KY21.Chr10.600
KH.S1021.2	KY21.Chr10.601
KH.C10.255	KY21.Chr10.602
KH.C10.1	KY21.Chr10.603
KH.C10.418	KY21.Chr10.604
KH.C10.582	KY21.Chr10.605
KH.C10.188	KY21.Chr10.606
KH.C10.340	KY21.Chr10.607
KH.C10.52	KY21.Chr10.608
KH.C10.136	KY21.Chr10.609
KH.C10.562	KY21.Chr10.610
KH.C10.398	KY21.Chr10.611
KH.C10.222	KY21.Chr10.612
KH.C10.254	KY21.Chr10.613
KH.C10.378	KY21.Chr10.614
KH.C10.266	KY21.Chr10.615
KH.C10.507	KY21.Chr10.617
KH.C10.332	KY21.Chr10.618
KH.C10.141	KY21.Chr10.619
KH.C10.238	KY21.Chr10.620
KH.C10.322	KY21.Chr10.621
KH.C10.622	KY21.Chr10.622
KH.C10.5	KY21.Chr10.623
KH.C10.571	KY21.Chr10.627
KH.C10.308	KY21.Chr10.631
KH.C10.385	KY21.Chr10.633
KH.C10.609	KY21.Chr10.636
KH.C10.174	KY21.Chr10.644
KH.C10.439	KY21.Chr10.646
KH.C10.20	KY21.Chr10.647
KH.C10.24	KY21.Chr10.648
KH.C10.513	KY21.Chr10.649
KH.C10.157	KY21.Chr10.650
KH.C10.282	KY21.Chr10.651
KH.C10.589	KY21.Chr10.652
KH.C10.491	KY21.Chr10.653
KH.C10.158	KY21.Chr10.654
KH.C10.42	KY21.Chr10.655
KH.C10.281	KY21.Chr10.656
KH.C10.616	KY21.Chr10.657
KH.C10.389	KY21.Chr10.658
KH.C10.373	KY21.Chr10.659
KH.C10.307	KY21.Chr10.660
KH.C10.521	KY21.Chr10.661
KH.C10.111	KY21.Chr10.662
KH.C10.430	KY21.Chr10.663
KH.C10.341	KY21.Chr10.665
KH.C10.339	KY21.Chr10.667
KH.C10.464	KY21.Chr10.668
KH.C10.531	KY21.Chr10.670
KH.C10.334	KY21.Chr10.671
KH.C10.135	KY21.Chr10.673
KH.C10.13	KY21.Chr10.674
KH.C10.503	KY21.Chr10.675
KH.C10.413	KY21.Chr10.676
KH.C10.27	KY21.Chr10.677
KH.C10.465	KY21.Chr10.678
KH.C10.504	KY21.Chr10.679
KH.C10.41	KY21.Chr10.682
KH.C10.119	KY21.Chr10.683
KH.C10.205	KY21.Chr10.683
KH.S1552.2	KY21.Chr10.683
KH.S1552.1	KY21.Chr10.684
KH.C10.237	KY21.Chr10.685
KH.C10.117	KY21.Chr10.686
KH.C10.165	KY21.Chr10.688
KH.C10.594	KY21.Chr10.689
KH.C10.109	KY21.Chr10.693
KH.C10.588	KY21.Chr10.695
KH.C10.527	KY21.Chr10.696
KH.C10.297	KY21.Chr10.698
KH.C10.98	KY21.Chr10.699
KH.C10.250	KY21.Chr10.701
KH.C10.38	KY21.Chr10.702
KH.C10.338	KY21.Chr10.704
KH.C10.126	KY21.Chr10.705
KH.C10.154	KY21.Chr10.707
KH.C10.278	KY21.Chr10.708
KH.C10.143	KY21.Chr10.709
KH.C10.25	KY21.Chr10.710
KH.C10.424	KY21.Chr10.711
KH.C10.33	KY21.Chr10.712
KH.C10.302	KY21.Chr10.714
KH.C10.18	KY21.Chr10.715
KH.C10.371	KY21.Chr10.716
KH.C10.190	KY21.Chr10.717
KH.C10.273	KY21.Chr10.720
KH.C10.395	KY21.Chr10.721
KH.C10.310	KY21.Chr10.722
KH.C10.407	KY21.Chr10.723
KH.C10.199	KY21.Chr10.724
KH.C10.314	KY21.Chr10.725
KH.C10.183	KY21.Chr10.727
KH.C10.617	KY21.Chr10.728
KH.C10.326	KY21.Chr10.729
KH.C10.175	KY21.Chr10.730
KH.C10.246	KY21.Chr10.732
KH.C10.624	KY21.Chr10.734
KH.C10.169	KY21.Chr10.735
KH.C10.159	KY21.Chr10.736
KH.C10.400	KY21.Chr10.738
KH.C10.324	KY21.Chr10.739
KH.C10.584	KY21.Chr10.740
KH.C10.51	KY21.Chr10.741
KH.C10.235	KY21.Chr10.742
KH.C10.142	KY21.Chr10.743
KH.C10.374	KY21.Chr10.744
KH.C10.209	KY21.Chr10.745
KH.C10.555	KY21.Chr10.746
KH.C10.436	KY21.Chr10.747
KH.C10.244	KY21.Chr10.748
KH.C10.408	KY21.Chr10.749
KH.C10.236	KY21.Chr10.750
KH.C10.586	KY21.Chr10.751
KH.C10.228	KY21.Chr10.752
KH.C10.579	KY21.Chr10.753
KH.C10.498	KY21.Chr10.754
KH.C10.592	KY21.Chr10.755
KH.C10.64	KY21.Chr10.756
KH.C10.70	KY21.Chr10.757
KH.C10.66	KY21.Chr10.758
KH.C10.471	KY21.Chr10.759
KH.C10.414	KY21.Chr10.760
KH.C10.115	KY21.Chr10.761
KH.C10.299	KY21.Chr10.762
KH.C10.475	KY21.Chr10.763
KH.C10.467	KY21.Chr10.764
KH.C10.179	KY21.Chr10.765
KH.C10.133	KY21.Chr10.767
KH.C10.370	KY21.Chr10.768
KH.C10.534	KY21.Chr10.769
KH.C10.83	KY21.Chr10.770
KH.C10.8	KY21.Chr10.771
KH.C10.229	KY21.Chr10.772
KH.C10.73	KY21.Chr10.776
KH.C10.364	KY21.Chr10.777
KH.C10.303	KY21.Chr10.778
KH.C10.328	KY21.Chr10.779
KH.C10.121	KY21.Chr10.780
KH.C10.383	KY21.Chr10.781
KH.C10.447	KY21.Chr10.782
KH.C10.450	KY21.Chr10.783
KH.C10.60	KY21.Chr10.784
KH.C10.564	KY21.Chr10.785
KH.C10.538	KY21.Chr10.786
KH.C10.523	KY21.Chr10.787
KH.C10.510	KY21.Chr10.789
KH.C10.335	KY21.Chr10.790
KH.C10.168	KY21.Chr10.792
KH.C10.316	KY21.Chr10.793
KH.C10.242	KY21.Chr10.794
KH.C10.198	KY21.Chr10.795
KH.C10.15	KY21.Chr10.796
KH.C10.417	KY21.Chr10.797
KH.C10.211	KY21.Chr10.799
KH.C10.354	KY21.Chr10.799
KH.C10.559	KY21.Chr10.800
KH.C10.287	KY21.Chr10.801
KH.C10.577	KY21.Chr10.803
KH.C10.386	KY21.Chr10.805
KH.C10.321	KY21.Chr10.806
KH.C10.428	KY21.Chr10.808
KH.C10.149	KY21.Chr10.814
KH.C10.342	KY21.Chr10.815
KH.C10.172	KY21.Chr10.819
KH.C10.243	KY21.Chr10.820
KH.C10.352	KY21.Chr10.821
KH.C10.529	KY21.Chr10.825
KH.C10.68	KY21.Chr10.826
KH.C10.438	KY21.Chr10.827
KH.C10.151	KY21.Chr10.828
KH.C10.7	KY21.Chr10.829
KH.C10.195	KY21.Chr10.830
KH.C10.94	KY21.Chr10.831
KH.C10.502	KY21.Chr10.835
KH.C10.388	KY21.Chr10.837
KH.C10.380	KY21.Chr10.838
KH.C10.420	KY21.Chr10.839
KH.C10.148	KY21.Chr10.840
KH.C10.267	KY21.Chr10.843
KH.C10.107	KY21.Chr10.844
KH.C10.200	KY21.Chr10.845
KH.C10.611	KY21.Chr10.846
KH.C10.29	KY21.Chr10.847
KH.C10.545	KY21.Chr10.848
KH.C10.469	KY21.Chr10.849
KH.C10.264	KY21.Chr10.850
KH.C10.448	KY21.Chr10.851
KH.C10.406	KY21.Chr10.852
KH.C10.494	KY21.Chr10.854
KH.C10.43	KY21.Chr10.855
KH.C10.363	KY21.Chr10.856
KH.C10.329	KY21.Chr10.857
KH.C10.61	KY21.Chr10.858
KH.C10.425	KY21.Chr10.859
KH.C10.23	KY21.Chr10.861
KH.C10.155	KY21.Chr10.862
KH.C10.92	KY21.Chr10.863
KH.C10.274	KY21.Chr10.864
KH.C10.277	KY21.Chr10.865
KH.C10.206	KY21.Chr10.866
KH.C10.366	KY21.Chr10.867
KH.C10.553	KY21.Chr10.868
KH.C10.493	KY21.Chr10.869
KH.C10.127	KY21.Chr10.870
KH.C10.496	KY21.Chr10.871
KH.S1642.2	KY21.Chr10.872
KH.S1642.1	KY21.Chr10.873
KH.C10.606	KY21.Chr10.876
KH.C10.4	KY21.Chr10.877
KH.C10.554	KY21.Chr10.878
KH.C10.224	KY21.Chr10.879
KH.C10.201	KY21.Chr10.880
KH.C10.75	KY21.Chr10.881
KH.C10.221	KY21.Chr10.882
KH.C10.547	KY21.Chr10.883
KH.C10.272	KY21.Chr10.884
KH.C10.455	KY21.Chr10.885
KH.C10.325	KY21.Chr10.886
KH.C10.453	KY21.Chr10.887
KH.C10.40	KY21.Chr10.888
KH.C10.31	KY21.Chr10.890
KH.C10.446	KY21.Chr10.891
KH.C10.280	KY21.Chr10.892
KH.C10.488	KY21.Chr10.893
KH.C10.234	KY21.Chr10.894
KH.C10.275	KY21.Chr10.895
KH.C10.495	KY21.Chr10.896
KH.C10.34	KY21.Chr10.897
KH.C10.289	KY21.Chr10.899
KH.C10.283	KY21.Chr10.900
KH.C10.585	KY21.Chr10.901
KH.C10.486	KY21.Chr10.903
KH.C10.610	KY21.Chr10.905
KH.C10.153	KY21.Chr10.907
KH.C10.257	KY21.Chr10.908
KH.C10.138	KY21.Chr10.909
KH.C10.194	KY21.Chr10.910
KH.C10.522	KY21.Chr10.911
KH.C10.226	KY21.Chr10.912
KH.C10.120	KY21.Chr10.915
KH.L122.16	KY21.Chr10.917
KH.L122.10	KY21.Chr10.918
KH.L122.8	KY21.Chr10.919
KH.L122.13	KY21.Chr10.920
KH.L122.15	KY21.Chr10.921
KH.L122.2	KY21.Chr10.923
KH.L122.5	KY21.Chr10.924
KH.L122.11	KY21.Chr10.925
KH.L122.4	KY21.Chr10.926
KH.L122.7	KY21.Chr10.927
KH.L147.31	KY21.Chr10.928
KH.L147.2	KY21.Chr10.929
KH.L147.26	KY21.Chr10.930
KH.C10.35	KY21.Chr10.931
KH.L147.34	KY21.Chr10.931
KH.C10.474	KY21.Chr10.932
KH.C10.50	KY21.Chr10.933
KH.C10.214	KY21.Chr10.934
KH.C10.258	KY21.Chr10.935
KH.L122.12	KY21.Chr10.936
KH.L122.1	KY21.Chr10.937
KH.L122.14	KY21.Chr10.938
KH.L122.3	KY21.Chr10.939
KH.L122.9	KY21.Chr10.940
KH.L147.8	KY21.Chr10.941
KH.L147.41	KY21.Chr10.942
KH.L147.13	KY21.Chr10.943
KH.L147.36	KY21.Chr10.943
KH.L147.29	KY21.Chr10.944
KH.L147.1	KY21.Chr10.945
KH.L147.16	KY21.Chr10.946
KH.L147.7	KY21.Chr10.947
KH.L147.3	KY21.Chr10.948
KH.L147.19	KY21.Chr10.949
KH.L147.17	KY21.Chr10.950
KH.L147.28	KY21.Chr10.951
KH.L147.15	KY21.Chr10.952
KH.L147.33	KY21.Chr10.953
KH.L147.23	KY21.Chr10.954
KH.L147.9	KY21.Chr10.955
KH.L147.11	KY21.Chr10.956
KH.L147.32	KY21.Chr10.957
KH.L147.40	KY21.Chr10.959
KH.L147.5	KY21.Chr10.960
KH.L147.38	KY21.Chr10.961
KH.L147.27	KY21.Chr10.962
KH.L147.22	KY21.Chr10.963
KH.L147.39	KY21.Chr10.964
KH.L147.10	KY21.Chr10.965
KH.L147.30	KY21.Chr10.966
KH.L147.18	KY21.Chr10.967
KH.L147.6	KY21.Chr10.968
KH.L147.24	KY21.Chr10.971
KH.L147.20	KY21.Chr10.972
KH.L147.35	KY21.Chr10.975
KH.L147.4	KY21.Chr10.976
KH.L147.12	KY21.Chr10.977
KH.L147.14	KY21.Chr10.978
KH.L87.36	KY21.Chr10.981
KH.L87.28	KY21.Chr10.982
KH.L87.61	KY21.Chr10.983
KH.L87.57	KY21.Chr10.984
KH.L87.20	KY21.Chr10.985
KH.L87.32	KY21.Chr10.986
KH.L87.24	KY21.Chr10.987
KH.L87.62	KY21.Chr10.988
KH.L87.2	KY21.Chr10.989
KH.L87.51	KY21.Chr10.990
KH.L87.10	KY21.Chr10.991
KH.L87.55	KY21.Chr10.992
KH.L87.46	KY21.Chr10.993
KH.L87.54	KY21.Chr10.994
KH.L87.44	KY21.Chr10.996
KH.L87.33	KY21.Chr10.997
KH.L87.6	KY21.Chr10.998
KH.L87.47	KY21.Chr10.999
KH.L87.3	KY21.Chr10.1001
KH.L87.21	KY21.Chr10.1002
KH.L87.63	KY21.Chr10.1003
KH.L87.53	KY21.Chr10.1004
KH.L87.50	KY21.Chr10.1005
KH.L87.34	KY21.Chr10.1006
KH.L87.39	KY21.Chr10.1007
KH.L87.38	KY21.Chr10.1008
KH.L87.11	KY21.Chr10.1011
KH.L87.30	KY21.Chr10.1012
KH.L87.12	KY21.Chr10.1015
KH.L87.45	KY21.Chr10.1016
KH.L87.31	KY21.Chr10.1017
KH.L87.26	KY21.Chr10.1018
KH.L87.48	KY21.Chr10.1019
KH.L87.22	KY21.Chr10.1020
KH.L87.40	KY21.Chr10.1021
KH.L87.19	KY21.Chr10.1022
KH.L87.16	KY21.Chr10.1023
KH.L87.13	KY21.Chr10.1024
KH.L87.17	KY21.Chr10.1025
KH.L87.60	KY21.Chr10.1026
KH.L87.18	KY21.Chr10.1027
KH.L87.5	KY21.Chr10.1028
KH.L87.1	KY21.Chr10.1029
KH.L87.52	KY21.Chr10.1030
KH.L87.27	KY21.Chr10.1032
KH.L87.58	KY21.Chr10.1036
KH.L87.43	KY21.Chr10.1037
KH.L87.9	KY21.Chr10.1038
KH.L87.25	KY21.Chr10.1039
KH.L87.23	KY21.Chr10.1042
KH.L87.29	KY21.Chr10.1043
KH.L87.49	KY21.Chr10.1045
KH.L87.56	KY21.Chr10.1048
KH.L87.14	KY21.Chr10.1049
KH.L87.8	KY21.Chr10.1050
KH.L87.41	KY21.Chr10.1051
KH.C8.918	KY21.Chr10.1053
KH.L87.4	KY21.Chr10.1053
KH.L87.42	KY21.Chr10.1054
KH.S691.3	KY21.Chr10.1055
KH.S2570.1	KY21.Chr10.1055
KH.S2570.2	KY21.Chr10.1055
KH.S691.4	KY21.Chr10.1058
KH.S691.2	KY21.Chr10.1059
KH.S691.1	KY21.Chr10.1060
KH.S1583.1	KY21.Chr10.1060
KH.L127.2	KY21.Chr10.1062
KH.L127.1	KY21.Chr10.1063
KH.L127.3	KY21.Chr10.1064
KH.S391.3	KY21.Chr10.1065
KH.S391.5	KY21.Chr10.1070
KH.S391.13	KY21.Chr10.1071
KH.S391.6	KY21.Chr10.1073
KH.S391.2	KY21.Chr10.1074
KH.S391.7	KY21.Chr10.1075
KH.S391.11	KY21.Chr10.1076
KH.S391.4	KY21.Chr10.1077
KH.S391.12	KY21.Chr10.1078
KH.S391.1	KY21.Chr10.1079
KH.L5.22	KY21.Chr10.1081
KH.L5.6	KY21.Chr10.1082
KH.L5.5	KY21.Chr10.1083
KH.L5.1	KY21.Chr10.1084
KH.L5.10	KY21.Chr10.1085
KH.L5.13	KY21.Chr10.1086
KH.L5.16	KY21.Chr10.1087
KH.L5.11	KY21.Chr10.1089
KH.L5.21	KY21.Chr10.1090
KH.L5.2	KY21.Chr10.1091
KH.L5.23	KY21.Chr10.1092
KH.L5.15	KY21.Chr10.1093
KH.L5.3	KY21.Chr10.1095
KH.L5.18	KY21.Chr10.1096
KH.L5.12	KY21.Chr10.1097
KH.L5.20	KY21.Chr10.1098
KH.L5.9	KY21.Chr10.1099
KH.L5.19	KY21.Chr10.1100
KH.L5.14	KY21.Chr10.1101
KH.L5.8	KY21.Chr10.1102
KH.S396.8	KY21.Chr10.1103
KH.S396.4	KY21.Chr10.1104
KH.S396.7	KY21.Chr10.1105
KH.S396.9	KY21.Chr10.1106
KH.S396.6	KY21.Chr10.1107
KH.S396.2	KY21.Chr10.1108
KH.S396.3	KY21.Chr10.1109
KH.S396.1	KY21.Chr10.1110
KH.S396.5	KY21.Chr10.1111
KH.S298.1	KY21.Chr10.1112
KH.S298.2	KY21.Chr10.1112
KH.L47.4	KY21.Chr10.1113
KH.L47.3	KY21.Chr10.1114
KH.L47.9	KY21.Chr10.1119
KH.L47.5	KY21.Chr10.1120
KH.L47.10	KY21.Chr10.1121
KH.L47.1	KY21.Chr10.1122
KH.L47.8	KY21.Chr10.1123
KH.S424.8	KY21.Chr10.1124
KH.S1546.1	KY21.Chr10.1124
KH.S1546.2	KY21.Chr10.1125
KH.S424.5	KY21.Chr10.1128
KH.S424.2	KY21.Chr10.1129
KH.S424.3	KY21.Chr10.1135
KH.S424.1	KY21.Chr10.1136
KH.S424.7	KY21.Chr10.1138
KH.S424.10	KY21.Chr10.1138
KH.S424.4	KY21.Chr10.1139
KH.S1285.2	KY21.Chr10.1140
KH.S1285.1	KY21.Chr10.1142
KH.S756.2	KY21.Chr10.1143
KH.S756.1	KY21.Chr10.1144
KH.S1238.1	KY21.Chr10.1145
KH.L35.2	KY21.Chr10.1146
KH.C14.194	KY21.Chr10.1147
KH.S390.8	KY21.Chr10.1150
KH.S390.7	KY21.Chr10.1151
KH.S390.11	KY21.Chr10.1152
KH.S390.3	KY21.Chr10.1153
KH.S390.10	KY21.Chr10.1154
KH.S390.9	KY21.Chr10.1156
KH.S390.6	KY21.Chr10.1157
KH.S390.12	KY21.Chr10.1158
KH.S390.5	KY21.Chr10.1159
KH.S390.1	KY21.Chr10.1160
KH.S390.2	KY21.Chr10.1161
KH.S390.4	KY21.Chr10.1162
KH.L130.5	KY21.Chr10.1165
KH.L130.4	KY21.Chr10.1166
KH.L130.3	KY21.Chr10.1167
KH.L130.7	KY21.Chr10.1168
KH.L130.8	KY21.Chr10.1169
KH.L130.1	KY21.Chr10.1171
KH.L130.6	KY21.Chr10.1172
KH.L130.12	KY21.Chr10.1173
KH.L130.11	KY21.Chr10.1174
KH.L130.2	KY21.Chr10.1175
KH.L130.9	KY21.Chr10.1177
KH.L130.10	KY21.Chr10.1178
KH.L71.25	KY21.Chr11.1
KH.L126.8	KY21.Chr11.2
KH.L126.7	KY21.Chr11.3
KH.L126.12	KY21.Chr11.3
KH.L126.1	KY21.Chr11.4
KH.L126.10	KY21.Chr11.5
KH.L126.4	KY21.Chr11.6
KH.L126.11	KY21.Chr11.7
KH.L126.9	KY21.Chr11.8
KH.L126.6	KY21.Chr11.9
KH.L126.2	KY21.Chr11.10
KH.L126.3	KY21.Chr11.11
KH.L126.13	KY21.Chr11.12
KH.L126.5	KY21.Chr11.13
KH.S1337.2	KY21.Chr11.14
KH.S1337.3	KY21.Chr11.15
KH.S1337.4	KY21.Chr11.16
KH.S1337.1	KY21.Chr11.17
KH.S1136.1	KY21.Chr11.18
KH.S1136.6	KY21.Chr11.19
KH.S1136.3	KY21.Chr11.20
KH.S1136.2	KY21.Chr11.21
KH.S1136.4	KY21.Chr11.22
KH.S1136.7	KY21.Chr11.23
KH.L164.7	KY21.Chr11.29
KH.L164.14	KY21.Chr11.30
KH.L164.4	KY21.Chr11.31
KH.L164.12	KY21.Chr11.32
KH.L164.16	KY21.Chr11.33
KH.L164.15	KY21.Chr11.34
KH.L164.2	KY21.Chr11.35
KH.L164.20	KY21.Chr11.36
KH.L164.6	KY21.Chr11.37
KH.L164.5	KY21.Chr11.38
KH.L164.17	KY21.Chr11.39
KH.L164.8	KY21.Chr11.41
KH.S681.2	KY21.Chr11.42
KH.S681.5	KY21.Chr11.43
KH.S681.6	KY21.Chr11.44
KH.S681.1	KY21.Chr11.45
KH.S681.7	KY21.Chr11.46
KH.S681.8	KY21.Chr11.47
KH.S681.3	KY21.Chr11.48
KH.S681.4	KY21.Chr11.50
KH.S980.2	KY21.Chr11.56
KH.L18.112	KY21.Chr11.57
KH.S980.1	KY21.Chr11.57
KH.L18.28	KY21.Chr11.58
KH.L18.44	KY21.Chr11.59
KH.L18.98	KY21.Chr11.61
KH.L18.108	KY21.Chr11.62
KH.S781.10	KY21.Chr11.62
KH.S781.5	KY21.Chr11.63
KH.S781.1	KY21.Chr11.64
KH.S781.2	KY21.Chr11.65
KH.S781.7	KY21.Chr11.66
KH.S781.6	KY21.Chr11.67
KH.S781.8	KY21.Chr11.68
KH.S781.4	KY21.Chr11.69
KH.S781.3	KY21.Chr11.70
KH.S781.11	KY21.Chr11.71
KH.S781.9	KY21.Chr11.72
KH.L95.5	KY21.Chr11.78
KH.L95.10	KY21.Chr11.79
KH.L95.18	KY21.Chr11.80
KH.L95.4	KY21.Chr11.81
KH.L95.19	KY21.Chr11.82
KH.L95.17	KY21.Chr11.84
KH.L4.42	KY21.Chr11.85
KH.L95.16	KY21.Chr11.85
KH.L95.7	KY21.Chr11.86
KH.L95.12	KY21.Chr11.87
KH.L95.15	KY21.Chr11.88
KH.L95.6	KY21.Chr11.89
KH.L95.1	KY21.Chr11.91
KH.L95.8	KY21.Chr11.92
KH.L95.14	KY21.Chr11.93
KH.L95.11	KY21.Chr11.94
KH.L95.3	KY21.Chr11.95
KH.L97.11	KY21.Chr11.96
KH.L97.14	KY21.Chr11.97
KH.L97.5	KY21.Chr11.98
KH.L97.9	KY21.Chr11.99
KH.L97.4	KY21.Chr11.100
KH.L97.7	KY21.Chr11.101
KH.L97.1	KY21.Chr11.102
KH.L97.8	KY21.Chr11.103
KH.L97.13	KY21.Chr11.104
KH.L97.2	KY21.Chr11.105
KH.L97.3	KY21.Chr11.106
KH.L97.6	KY21.Chr11.108
KH.L97.10	KY21.Chr11.108
KH.S1458.2	KY21.Chr11.108
KH.S494.7	KY21.Chr11.109
KH.S1458.1	KY21.Chr11.109
KH.S494.5	KY21.Chr11.110
KH.S494.2	KY21.Chr11.111
KH.S494.1	KY21.Chr11.113
KH.S494.4	KY21.Chr11.115
KH.S494.8	KY21.Chr11.116
KH.S1909.1	KY21.Chr11.116
KH.S494.3	KY21.Chr11.117
KH.L50.18	KY21.Chr11.118
KH.S2237.1	KY21.Chr11.118
KH.L50.2	KY21.Chr11.119
KH.L50.16	KY21.Chr11.120
KH.L50.1	KY21.Chr11.122
KH.L50.5	KY21.Chr11.123
KH.L50.11	KY21.Chr11.124
KH.L50.19	KY21.Chr11.125
KH.L50.13	KY21.Chr11.126
KH.L50.23	KY21.Chr11.127
KH.L50.4	KY21.Chr11.128
KH.L50.3	KY21.Chr11.129
KH.L50.9	KY21.Chr11.130
KH.L50.15	KY21.Chr11.131
KH.L50.22	KY21.Chr11.132
KH.L50.20	KY21.Chr11.133
KH.L50.14	KY21.Chr11.134
KH.L50.6	KY21.Chr11.136
KH.L50.21	KY21.Chr11.137
KH.L50.7	KY21.Chr11.138
KH.L50.8	KY21.Chr11.139
KH.L50.10	KY21.Chr11.140
KH.L50.17	KY21.Chr11.141
KH.S735.1	KY21.Chr11.141
KH.S735.2	KY21.Chr11.142
KH.S735.6	KY21.Chr11.143
KH.S735.4	KY21.Chr11.145
KH.S735.3	KY21.Chr11.146
KH.C11.132	KY21.Chr11.147
KH.C11.627	KY21.Chr11.149
KH.C11.378	KY21.Chr11.150
KH.C11.367	KY21.Chr11.151
KH.C11.275	KY21.Chr11.152
KH.C11.127	KY21.Chr11.153
KH.C11.566	KY21.Chr11.154
KH.C11.333	KY21.Chr11.155
KH.C11.699	KY21.Chr11.156
KH.C11.512	KY21.Chr11.157
KH.C11.306	KY21.Chr11.158
KH.C11.513	KY21.Chr11.159
KH.C11.729	KY21.Chr11.160
KH.C11.71	KY21.Chr11.161
KH.C13.192	KY21.Chr11.161
KH.C11.486	KY21.Chr11.162
KH.C11.374	KY21.Chr11.163
KH.L68.2	KY21.Chr11.165
KH.L68.1	KY21.Chr11.166
KH.L68.3	KY21.Chr11.167
KH.C11.141	KY21.Chr11.168
KH.S899.2	KY21.Chr11.169
KH.C11.288	KY21.Chr11.170
KH.C11.382	KY21.Chr11.171
KH.C11.736	KY21.Chr11.171
KH.C11.664	KY21.Chr11.172
KH.C11.228	KY21.Chr11.174
KH.C11.518	KY21.Chr11.175
KH.C11.191	KY21.Chr11.177
KH.C11.173	KY21.Chr11.178
KH.C11.567	KY21.Chr11.179
KH.C11.344	KY21.Chr11.181
KH.C11.53	KY21.Chr11.182
KH.C11.399	KY21.Chr11.183
KH.C13.138	KY21.Chr11.184
KH.C11.98	KY21.Chr11.185
KH.C11.35	KY21.Chr11.186
KH.C11.341	KY21.Chr11.187
KH.C11.400	KY21.Chr11.188
KH.C11.505	KY21.Chr11.189
KH.C11.363	KY21.Chr11.191
KH.C11.305	KY21.Chr11.193
KH.C11.200	KY21.Chr11.194
KH.C11.391	KY21.Chr11.195
KH.S1116.3	KY21.Chr11.196
KH.S1116.1	KY21.Chr11.197
KH.S1116.2	KY21.Chr11.198
KH.C11.597	KY21.Chr11.199
KH.C11.271	KY21.Chr11.200
KH.C11.65	KY21.Chr11.201
KH.C11.103	KY21.Chr11.202
KH.C11.347	KY21.Chr11.203
KH.C11.30	KY21.Chr11.204
KH.C11.198	KY21.Chr11.204
KH.C11.323	KY21.Chr11.205
KH.C11.97	KY21.Chr11.206
KH.C11.624	KY21.Chr11.207
KH.C11.620	KY21.Chr11.208
KH.C11.716	KY21.Chr11.209
KH.C11.527	KY21.Chr11.210
KH.C11.189	KY21.Chr11.212
KH.C11.500	KY21.Chr11.213
KH.C11.62	KY21.Chr11.214
KH.C11.140	KY21.Chr11.215
KH.C11.197	KY21.Chr11.216
KH.C11.471	KY21.Chr11.217
KH.C11.274	KY21.Chr11.219
KH.C11.357	KY21.Chr11.220
KH.S2600.1	KY21.Chr11.221
KH.C11.38	KY21.Chr11.222
KH.C11.269	KY21.Chr11.222
KH.C11.291	KY21.Chr11.223
KH.C11.733	KY21.Chr11.224
KH.S2308.1	KY21.Chr11.224
KH.C11.161	KY21.Chr11.225
KH.C11.370	KY21.Chr11.228
KH.C11.170	KY21.Chr11.230
KH.C11.222	KY21.Chr11.232
KH.C11.652	KY21.Chr11.233
KH.C11.638	KY21.Chr11.234
KH.C11.538	KY21.Chr11.236
KH.C11.470	KY21.Chr11.237
KH.C11.653	KY21.Chr11.238
KH.C11.40	KY21.Chr11.240
KH.C11.491	KY21.Chr11.241
KH.C11.372	KY21.Chr11.243
KH.C11.63	KY21.Chr11.244
KH.C11.531	KY21.Chr11.245
KH.C11.266	KY21.Chr11.246
KH.C11.461	KY21.Chr11.248
KH.C11.489	KY21.Chr11.249
KH.C11.707	KY21.Chr11.252
KH.C11.64	KY21.Chr11.254
KH.C11.260	KY21.Chr11.255
KH.C11.690	KY21.Chr11.256
KH.C11.631	KY21.Chr11.257
KH.C11.545	KY21.Chr11.259
KH.C11.196	KY21.Chr11.260
KH.C11.582	KY21.Chr11.261
KH.C11.697	KY21.Chr11.262
KH.C11.435	KY21.Chr11.264
KH.C11.146	KY21.Chr11.265
KH.C11.351	KY21.Chr11.266
KH.C11.292	KY21.Chr11.267
KH.C11.616	KY21.Chr11.268
KH.C11.428	KY21.Chr11.269
KH.C11.715	KY21.Chr11.270
KH.C11.297	KY21.Chr11.271
KH.C11.6	KY21.Chr11.273
KH.C11.594	KY21.Chr11.274
KH.C11.530	KY21.Chr11.275
KH.C11.121	KY21.Chr11.276
KH.C11.177	KY21.Chr11.277
KH.C11.334	KY21.Chr11.278
KH.C11.484	KY21.Chr11.279
KH.C11.560	KY21.Chr11.280
KH.C11.555	KY21.Chr11.281
KH.C11.571	KY21.Chr11.282
KH.C11.248	KY21.Chr11.283
KH.C5.582	KY21.Chr11.284
KH.C11.596	KY21.Chr11.284
KH.C11.724	KY21.Chr11.285
KH.C11.446	KY21.Chr11.286
KH.C11.84	KY21.Chr11.289
KH.C11.625	KY21.Chr11.290
KH.C11.61	KY21.Chr11.291
KH.C11.355	KY21.Chr11.293
KH.C11.46	KY21.Chr11.294
KH.C11.418	KY21.Chr11.296
KH.C11.255	KY21.Chr11.297
KH.C11.599	KY21.Chr11.298
KH.C11.124	KY21.Chr11.300
KH.C11.342	KY21.Chr11.301
KH.C11.615	KY21.Chr11.302
KH.C11.647	KY21.Chr11.303
KH.C11.526	KY21.Chr11.304
KH.C11.617	KY21.Chr11.305
KH.C11.308	KY21.Chr11.306
KH.C11.96	KY21.Chr11.307
KH.C11.273	KY21.Chr11.308
KH.C11.268	KY21.Chr11.309
KH.C11.548	KY21.Chr11.310
KH.C11.433	KY21.Chr11.312
KH.C11.394	KY21.Chr11.313
KH.C11.234	KY21.Chr11.314
KH.C11.125	KY21.Chr11.315
KH.C11.383	KY21.Chr11.316
KH.C11.655	KY21.Chr11.317
KH.C11.371	KY21.Chr11.318
KH.S1798.2	KY21.Chr11.318
KH.S1798.3	KY21.Chr11.319
KH.C11.25	KY21.Chr11.320
KH.C11.102	KY21.Chr11.321
KH.C11.671	KY21.Chr11.322
KH.C11.230	KY21.Chr11.323
KH.C11.295	KY21.Chr11.325
KH.C11.442	KY21.Chr11.326
KH.C11.388	KY21.Chr11.327
KH.C11.477	KY21.Chr11.328
KH.C11.495	KY21.Chr11.329
KH.C11.722	KY21.Chr11.330
KH.C11.564	KY21.Chr11.331
KH.C11.243	KY21.Chr11.332
KH.C11.143	KY21.Chr11.333
KH.C11.456	KY21.Chr11.334
KH.C11.89	KY21.Chr11.335
KH.C11.469	KY21.Chr11.336
KH.C11.85	KY21.Chr11.337
KH.C11.605	KY21.Chr11.338
KH.C11.251	KY21.Chr11.339
KH.C11.115	KY21.Chr11.340
KH.C11.608	KY21.Chr11.341
KH.C11.133	KY21.Chr11.344
KH.C11.485	KY21.Chr11.345
KH.C11.45	KY21.Chr11.346
KH.C11.460	KY21.Chr11.347
KH.C11.483	KY21.Chr11.349
KH.C11.490	KY21.Chr11.351
KH.C11.72	KY21.Chr11.352
KH.C11.321	KY21.Chr11.353
KH.C11.368	KY21.Chr11.354
KH.C11.412	KY21.Chr11.355
KH.C11.700	KY21.Chr11.356
KH.C11.195	KY21.Chr11.357
KH.C11.454	KY21.Chr11.358
KH.C11.481	KY21.Chr11.359
KH.C11.299	KY21.Chr11.361
KH.C11.150	KY21.Chr11.362
KH.C11.568	KY21.Chr11.363
KH.C11.680	KY21.Chr11.364
KH.C11.144	KY21.Chr11.365
KH.C11.405	KY21.Chr11.366
KH.C11.280	KY21.Chr11.367
KH.C11.581	KY21.Chr11.368
KH.C11.639	KY21.Chr11.369
KH.C11.162	KY21.Chr11.370
KH.C11.284	KY21.Chr11.371
KH.C11.338	KY21.Chr11.372
KH.C11.41	KY21.Chr11.373
KH.C11.263	KY21.Chr11.374
KH.C11.249	KY21.Chr11.375
KH.C11.569	KY21.Chr11.376
KH.C11.508	KY21.Chr11.377
KH.C11.304	KY21.Chr11.379
KH.S2184.1	KY21.Chr11.379
KH.C11.677	KY21.Chr11.380
KH.C11.683	KY21.Chr11.381
KH.C11.588	KY21.Chr11.382
KH.C11.606	KY21.Chr11.382
KH.C11.685	KY21.Chr11.384
KH.C11.77	KY21.Chr11.386
KH.C11.192	KY21.Chr11.387
KH.C11.725	KY21.Chr11.388
KH.C11.362	KY21.Chr11.389
KH.C11.231	KY21.Chr11.390
KH.C11.223	KY21.Chr11.392
KH.C11.218	KY21.Chr11.394
KH.C11.293	KY21.Chr11.395
KH.C11.28	KY21.Chr11.396
KH.C11.434	KY21.Chr11.397
KH.C11.159	KY21.Chr11.398
KH.C11.95	KY21.Chr11.399
KH.C11.390	KY21.Chr11.401
KH.C11.496	KY21.Chr11.402
KH.C11.718	KY21.Chr11.403
KH.C11.574	KY21.Chr11.409
KH.C11.264	KY21.Chr11.410
KH.S2006.1	KY21.Chr11.410
KH.C11.570	KY21.Chr11.412
KH.C11.665	KY21.Chr11.413
KH.C11.737	KY21.Chr11.414
KH.C11.559	KY21.Chr11.415
KH.C11.190	KY21.Chr11.416
KH.C11.134	KY21.Chr11.417
KH.C11.337	KY21.Chr11.418
KH.C11.56	KY21.Chr11.419
KH.C11.88	KY21.Chr11.420
KH.C11.544	KY21.Chr11.421
KH.L105.3	KY21.Chr11.427
KH.L105.4	KY21.Chr11.428
KH.L105.1	KY21.Chr11.429
KH.L8.20	KY21.Chr11.430
KH.L8.18	KY21.Chr11.431
KH.L8.19	KY21.Chr11.433
KH.S1589.1	KY21.Chr11.433
KH.L8.2	KY21.Chr11.435
KH.L8.8	KY21.Chr11.436
KH.L8.1	KY21.Chr11.437
KH.L8.4	KY21.Chr11.438
KH.L8.21	KY21.Chr11.439
KH.L8.22	KY21.Chr11.440
KH.L8.24	KY21.Chr11.441
KH.L8.10	KY21.Chr11.442
KH.L8.14	KY21.Chr11.443
KH.S973.1	KY21.Chr11.444
KH.L8.17	KY21.Chr11.448
KH.L8.7	KY21.Chr11.449
KH.L8.12	KY21.Chr11.451
KH.L8.23	KY21.Chr11.451
KH.L8.13	KY21.Chr11.452
KH.L8.15	KY21.Chr11.453
KH.L8.9	KY21.Chr11.454
KH.L8.6	KY21.Chr11.455
KH.L8.5	KY21.Chr11.456
KH.L8.16	KY21.Chr11.457
KH.L8.11	KY21.Chr11.458
KH.S654.1	KY21.Chr11.465
KH.S654.2	KY21.Chr11.466
KH.S654.3	KY21.Chr11.467
KH.S654.4	KY21.Chr11.468
KH.S654.5	KY21.Chr11.469
KH.C11.202	KY21.Chr11.471
KH.C11.673	KY21.Chr11.473
KH.C11.706	KY21.Chr11.474
KH.C11.324	KY21.Chr11.476
KH.C11.506	KY21.Chr11.477
KH.C11.600	KY21.Chr11.478
KH.C11.603	KY21.Chr11.479
KH.C11.492	KY21.Chr11.480
KH.C11.332	KY21.Chr11.481
KH.C11.319	KY21.Chr11.482
KH.C11.201	KY21.Chr11.483
KH.C11.365	KY21.Chr11.484
KH.C11.346	KY21.Chr11.486
KH.C11.296	KY21.Chr11.487
KH.C11.521	KY21.Chr11.488
KH.C11.47	KY21.Chr11.489
KH.C11.298	KY21.Chr11.490
KH.C11.445	KY21.Chr11.491
KH.C11.100	KY21.Chr11.492
KH.C11.253	KY21.Chr11.498
KH.C11.316	KY21.Chr11.500
KH.C11.116	KY21.Chr11.501
KH.C11.721	KY21.Chr11.502
KH.S1873.1	KY21.Chr11.504
KH.C11.216	KY21.Chr11.505
KH.C11.112	KY21.Chr11.509
KH.C11.136	KY21.Chr11.510
KH.C11.182	KY21.Chr11.511
KH.S1203.1	KY21.Chr11.512
KH.S1203.2	KY21.Chr11.513
KH.S1111.1	KY21.Chr11.514
KH.S815.1	KY21.Chr11.516
KH.S815.2	KY21.Chr11.517
KH.L15.1	KY21.Chr11.520
KH.C14.246	KY21.Chr11.521
KH.S1050.1	KY21.Chr11.522
KH.C11.42	KY21.Chr11.524
KH.S1172.1	KY21.Chr11.527
KH.S1172.2	KY21.Chr11.529
KH.S606.2	KY21.Chr11.530
KH.S606.4	KY21.Chr11.531
KH.S606.1	KY21.Chr11.532
KH.S606.3	KY21.Chr11.533
KH.S837.2	KY21.Chr11.533
KH.S837.1	KY21.Chr11.534
KH.L116.23	KY21.Chr11.535
KH.L116.5	KY21.Chr11.536
KH.L116.72	KY21.Chr11.537
KH.L116.36	KY21.Chr11.538
KH.L116.43	KY21.Chr11.540
KH.L116.10	KY21.Chr11.542
KH.L116.46	KY21.Chr11.543
KH.L116.96	KY21.Chr11.545
KH.L116.27	KY21.Chr11.548
KH.L116.4	KY21.Chr11.551
KH.L116.81	KY21.Chr11.553
KH.S256.3	KY21.Chr11.554
KH.S256.4	KY21.Chr11.555
KH.S256.6	KY21.Chr11.557
KH.S256.9	KY21.Chr11.558
KH.S256.14	KY21.Chr11.559
KH.S256.12	KY21.Chr11.560
KH.S256.8	KY21.Chr11.561
KH.L69.9	KY21.Chr11.562
KH.S256.2	KY21.Chr11.562
KH.L116.95	KY21.Chr11.563
KH.L116.57	KY21.Chr11.564
KH.L116.14	KY21.Chr11.565
KH.L116.88	KY21.Chr11.566
KH.L116.17	KY21.Chr11.567
KH.L116.40	KY21.Chr11.568
KH.L116.3	KY21.Chr11.569
KH.L116.50	KY21.Chr11.572
KH.L116.38	KY21.Chr11.573
KH.L116.92	KY21.Chr11.573
KH.L116.101	KY21.Chr11.574
KH.L116.89	KY21.Chr11.578
KH.L116.73	KY21.Chr11.579
KH.L116.6	KY21.Chr11.580
KH.L116.51	KY21.Chr11.581
KH.L116.1	KY21.Chr11.582
KH.L116.2	KY21.Chr11.583
KH.L21.1	KY21.Chr11.584
KH.L116.22	KY21.Chr11.587
KH.L116.74	KY21.Chr11.588
KH.L116.30	KY21.Chr11.589
KH.L116.63	KY21.Chr11.590
KH.L116.68	KY21.Chr11.591
KH.L116.76	KY21.Chr11.592
KH.L116.42	KY21.Chr11.593
KH.L116.18	KY21.Chr11.594
KH.L116.61	KY21.Chr11.595
KH.L116.59	KY21.Chr11.596
KH.L116.37	KY21.Chr11.597
KH.L116.77	KY21.Chr11.598
KH.L116.60	KY21.Chr11.599
KH.L116.16	KY21.Chr11.600
KH.L116.58	KY21.Chr11.601
KH.L116.28	KY21.Chr11.602
KH.L116.70	KY21.Chr11.604
KH.L116.78	KY21.Chr11.605
KH.L116.54	KY21.Chr11.607
KH.L116.83	KY21.Chr11.608
KH.L116.19	KY21.Chr11.609
KH.L116.69	KY21.Chr11.610
KH.L116.20	KY21.Chr11.611
KH.L116.8	KY21.Chr11.612
KH.L116.31	KY21.Chr11.613
KH.L116.62	KY21.Chr11.614
KH.L116.52	KY21.Chr11.615
KH.L116.55	KY21.Chr11.616
KH.L116.64	KY21.Chr11.619
KH.L116.45	KY21.Chr11.621
KH.L116.15	KY21.Chr11.622
KH.L116.13	KY21.Chr11.623
KH.L116.56	KY21.Chr11.624
KH.L116.84	KY21.Chr11.625
KH.L116.94	KY21.Chr11.626
KH.L116.41	KY21.Chr11.627
KH.L116.100	KY21.Chr11.628
KH.L116.49	KY21.Chr11.629
KH.L116.66	KY21.Chr11.630
KH.L116.25	KY21.Chr11.631
KH.L116.80	KY21.Chr11.632
KH.L116.67	KY21.Chr11.633
KH.L116.87	KY21.Chr11.634
KH.L116.53	KY21.Chr11.635
KH.L116.90	KY21.Chr11.636
KH.L116.85	KY21.Chr11.637
KH.L116.47	KY21.Chr11.638
KH.L116.93	KY21.Chr11.639
KH.L116.98	KY21.Chr11.640
KH.L116.86	KY21.Chr11.642
KH.L116.24	KY21.Chr11.643
KH.L116.34	KY21.Chr11.647
KH.L116.91	KY21.Chr11.648
KH.L116.12	KY21.Chr11.649
KH.L116.71	KY21.Chr11.650
KH.L116.75	KY21.Chr11.651
KH.L116.79	KY21.Chr11.652
KH.L116.26	KY21.Chr11.653
KH.L116.82	KY21.Chr11.654
KH.L116.33	KY21.Chr11.655
KH.L116.9	KY21.Chr11.656
KH.L116.99	KY21.Chr11.657
KH.L116.29	KY21.Chr11.658
KH.L116.21	KY21.Chr11.659
KH.L116.7	KY21.Chr11.660
KH.L148.1	KY21.Chr11.661
KH.S793.1	KY21.Chr11.662
KH.S793.2	KY21.Chr11.664
KH.S793.5	KY21.Chr11.665
KH.S553.1	KY21.Chr11.666
KH.S553.4	KY21.Chr11.667
KH.S553.3	KY21.Chr11.668
KH.S553.2	KY21.Chr11.669
KH.S553.5	KY21.Chr11.670
KH.L154.22	KY21.Chr11.671
KH.L154.28	KY21.Chr11.672
KH.L154.21	KY21.Chr11.673
KH.L154.51	KY21.Chr11.674
KH.L154.23	KY21.Chr11.676
KH.L154.42	KY21.Chr11.678
KH.L154.32	KY21.Chr11.680
KH.L154.2	KY21.Chr11.681
KH.L154.38	KY21.Chr11.682
KH.L154.49	KY21.Chr11.683
KH.L154.54	KY21.Chr11.683
KH.L154.59	KY21.Chr11.684
KH.L154.4	KY21.Chr11.687
KH.L154.5	KY21.Chr11.688
KH.L154.31	KY21.Chr11.688
KH.L154.8	KY21.Chr11.690
KH.L154.17	KY21.Chr11.691
KH.L154.34	KY21.Chr11.692
KH.L154.43	KY21.Chr11.693
KH.L154.52	KY21.Chr11.694
KH.L154.36	KY21.Chr11.695
KH.L154.61	KY21.Chr11.696
KH.L154.37	KY21.Chr11.697
KH.L154.9	KY21.Chr11.698
KH.L154.47	KY21.Chr11.699
KH.L154.56	KY21.Chr11.700
KH.L154.7	KY21.Chr11.701
KH.L154.3	KY21.Chr11.702
KH.L154.60	KY21.Chr11.703
KH.L154.24	KY21.Chr11.704
KH.L154.29	KY21.Chr11.706
KH.L154.26	KY21.Chr11.707
KH.L154.48	KY21.Chr11.708
KH.L154.25	KY21.Chr11.709
KH.L154.39	KY21.Chr11.710
KH.L154.58	KY21.Chr11.711
KH.L154.44	KY21.Chr11.714
KH.L154.18	KY21.Chr11.715
KH.S529.1	KY21.Chr11.715
KH.L154.57	KY21.Chr11.716
KH.S529.4	KY21.Chr11.717
KH.S529.5	KY21.Chr11.718
KH.S529.6	KY21.Chr11.719
KH.S529.3	KY21.Chr11.720
KH.S460.1	KY21.Chr11.721
KH.S460.7	KY21.Chr11.722
KH.S460.2	KY21.Chr11.723
KH.S460.4	KY21.Chr11.724
KH.S460.8	KY21.Chr11.725
KH.S460.3	KY21.Chr11.726
KH.S460.5	KY21.Chr11.727
KH.S460.6	KY21.Chr11.728
KH.L154.55	KY21.Chr11.730
KH.L154.12	KY21.Chr11.731
KH.L154.1	KY21.Chr11.732
KH.L154.20	KY21.Chr11.733
KH.L154.35	KY21.Chr11.739
KH.L154.30	KY21.Chr11.740
KH.L154.11	KY21.Chr11.743
KH.L154.13	KY21.Chr11.744
KH.L154.14	KY21.Chr11.745
KH.L154.46	KY21.Chr11.746
KH.L154.10	KY21.Chr11.747
KH.L154.6	KY21.Chr11.749
KH.L154.16	KY21.Chr11.750
KH.L154.27	KY21.Chr11.750
KH.S1271.1	KY21.Chr11.752
KH.C11.1	KY21.Chr11.753
KH.C11.118	KY21.Chr11.754
KH.C11.619	KY21.Chr11.755
KH.C11.213	KY21.Chr11.756
KH.C11.628	KY21.Chr11.757
KH.S1749.2	KY21.Chr11.758
KH.S1749.1	KY21.Chr11.759
KH.C11.203	KY21.Chr11.761
KH.C11.327	KY21.Chr11.763
KH.C11.153	KY21.Chr11.766
KH.C11.105	KY21.Chr11.768
KH.C11.326	KY21.Chr11.769
KH.C11.542	KY21.Chr11.771
KH.C11.702	KY21.Chr11.772
KH.C11.4	KY21.Chr11.773
KH.C11.226	KY21.Chr11.775
KH.C11.335	KY21.Chr11.776
KH.C11.584	KY21.Chr11.777
KH.C11.179	KY21.Chr11.778
KH.C11.384	KY21.Chr11.779
KH.C11.730	KY21.Chr11.780
KH.C11.534	KY21.Chr11.781
KH.C11.550	KY21.Chr11.784
KH.C11.265	KY21.Chr11.786
KH.C11.633	KY21.Chr11.787
KH.C11.457	KY21.Chr11.788
KH.C11.719	KY21.Chr11.789
KH.C11.364	KY21.Chr11.790
KH.C11.86	KY21.Chr11.791
KH.C11.27	KY21.Chr11.792
KH.C11.245	KY21.Chr11.792
KH.C11.650	KY21.Chr11.792
KH.C11.429	KY21.Chr11.793
KH.C11.171	KY21.Chr11.794
KH.C11.397	KY21.Chr11.795
KH.C11.731	KY21.Chr11.796
KH.C11.480	KY21.Chr11.797
KH.C11.408	KY21.Chr11.798
KH.C11.142	KY21.Chr11.799
KH.C11.439	KY21.Chr11.800
KH.C11.479	KY21.Chr11.801
KH.C11.345	KY21.Chr11.802
KH.C11.386	KY21.Chr11.803
KH.C11.51	KY21.Chr11.805
KH.C11.39	KY21.Chr11.806
KH.C11.404	KY21.Chr11.807
KH.C11.126	KY21.Chr11.808
KH.C11.482	KY21.Chr11.809
KH.C11.207	KY21.Chr11.811
KH.C11.528	KY21.Chr11.816
KH.C11.262	KY21.Chr11.817
KH.C11.447	KY21.Chr11.818
KH.C11.587	KY21.Chr11.819
KH.C11.398	KY21.Chr11.820
KH.C11.169	KY21.Chr11.821
KH.C11.402	KY21.Chr11.822
KH.C11.417	KY21.Chr11.823
KH.C11.540	KY21.Chr11.823
KH.C11.289	KY21.Chr11.826
KH.C11.523	KY21.Chr11.827
KH.C11.551	KY21.Chr11.828
KH.C11.188	KY21.Chr11.829
KH.C11.8	KY21.Chr11.830
KH.C11.55	KY21.Chr11.831
KH.C11.205	KY21.Chr11.832
KH.C11.579	KY21.Chr11.833
KH.C11.602	KY21.Chr11.834
KH.C11.69	KY21.Chr11.835
KH.C11.235	KY21.Chr11.836
KH.C11.449	KY21.Chr11.837
KH.C11.75	KY21.Chr11.838
KH.C11.241	KY21.Chr11.839
KH.C11.641	KY21.Chr11.840
KH.C11.406	KY21.Chr11.841
KH.C11.104	KY21.Chr11.842
KH.C11.57	KY21.Chr11.844
KH.C11.589	KY21.Chr11.846
KH.C11.33	KY21.Chr11.847
KH.C11.236	KY21.Chr11.848
KH.C11.575	KY21.Chr11.848
KH.C11.149	KY21.Chr11.849
KH.C11.285	KY21.Chr11.850
KH.C11.640	KY21.Chr11.851
KH.C11.539	KY21.Chr11.852
KH.C11.250	KY21.Chr11.853
KH.C11.256	KY21.Chr11.854
KH.C11.246	KY21.Chr11.856
KH.C11.113	KY21.Chr11.857
KH.S943.2	KY21.Chr11.860
KH.S943.1	KY21.Chr11.861
KH.S927.1	KY21.Chr11.863
KH.S927.3	KY21.Chr11.865
KH.S927.2	KY21.Chr11.866
KH.C11.302	KY21.Chr11.868
KH.C11.436	KY21.Chr11.870
KH.C11.509	KY21.Chr11.871
KH.C11.451	KY21.Chr11.872
KH.C11.503	KY21.Chr11.874
KH.C11.166	KY21.Chr11.875
KH.C11.167	KY21.Chr11.876
KH.C11.59	KY21.Chr11.877
KH.C11.60	KY21.Chr11.878
KH.C11.701	KY21.Chr11.879
KH.C11.11	KY21.Chr11.880
KH.C11.135	KY21.Chr11.881
KH.C11.259	KY21.Chr11.882
KH.C11.590	KY21.Chr11.883
KH.C11.373	KY21.Chr11.884
KH.C11.541	KY21.Chr11.885
KH.C11.147	KY21.Chr11.886
KH.C11.507	KY21.Chr11.887
KH.S1220.2	KY21.Chr11.887
KH.C11.380	KY21.Chr11.888
KH.S1220.1	KY21.Chr11.888
KH.C11.15	KY21.Chr11.889
KH.C11.511	KY21.Chr11.890
KH.C11.272	KY21.Chr11.891
KH.C11.403	KY21.Chr11.892
KH.C11.36	KY21.Chr11.893
KH.C11.646	KY21.Chr11.894
KH.C11.212	KY21.Chr11.895
KH.C11.309	KY21.Chr11.900
KH.C11.300	KY21.Chr11.901
KH.C11.377	KY21.Chr11.903
KH.S1915.1	KY21.Chr11.903
KH.S1915.2	KY21.Chr11.904
KH.C11.107	KY21.Chr11.905
KH.C11.687	KY21.Chr11.906
KH.C11.320	KY21.Chr11.907
KH.C11.154	KY21.Chr11.908
KH.C11.164	KY21.Chr11.909
KH.C11.119	KY21.Chr11.911
KH.C11.504	KY21.Chr11.912
KH.C11.696	KY21.Chr11.913
KH.C11.93	KY21.Chr11.914
KH.C11.637	KY21.Chr11.915
KH.C11.287	KY21.Chr11.916
KH.C11.381	KY21.Chr11.917
KH.C11.389	KY21.Chr11.918
KH.C11.322	KY21.Chr11.919
KH.C11.217	KY21.Chr11.920
KH.C11.122	KY21.Chr11.921
KH.C11.34	KY21.Chr11.923
KH.C11.101	KY21.Chr11.925
KH.C11.354	KY21.Chr11.926
KH.C11.80	KY21.Chr11.927
KH.C11.691	KY21.Chr11.928
KH.C11.557	KY21.Chr11.929
KH.C11.117	KY21.Chr11.931
KH.C11.453	KY21.Chr11.932
KH.C11.726	KY21.Chr11.933
KH.C11.698	KY21.Chr11.934
KH.C11.438	KY21.Chr11.935
KH.C11.472	KY21.Chr11.937
KH.C11.215	KY21.Chr11.938
KH.C11.220	KY21.Chr11.941
KH.C11.510	KY21.Chr11.942
KH.C11.227	KY21.Chr11.944
KH.C11.43	KY21.Chr11.945
KH.C11.123	KY21.Chr11.947
KH.C11.225	KY21.Chr11.948
KH.C11.585	KY21.Chr11.950
KH.C11.114	KY21.Chr11.951
KH.C11.660	KY21.Chr11.952
KH.C11.26	KY21.Chr11.953
KH.S1594.1	KY21.Chr11.953
KH.S1594.2	KY21.Chr11.954
KH.C11.44	KY21.Chr11.955
KH.C11.499	KY21.Chr11.956
KH.C11.165	KY21.Chr11.957
KH.C11.684	KY21.Chr11.958
KH.C11.233	KY21.Chr11.960
KH.C11.94	KY21.Chr11.961
KH.C11.426	KY21.Chr11.962
KH.C11.7	KY21.Chr11.963
KH.C11.50	KY21.Chr11.964
KH.C11.636	KY21.Chr11.965
KH.C11.5	KY21.Chr11.966
KH.C11.592	KY21.Chr11.967
KH.C11.156	KY21.Chr11.968
KH.C11.187	KY21.Chr11.970
KH.C11.99	KY21.Chr11.971
KH.C11.184	KY21.Chr11.975
KH.C11.536	KY21.Chr11.976
KH.C11.723	KY21.Chr11.977
KH.C11.610	KY21.Chr11.978
KH.C11.66	KY21.Chr11.979
KH.C11.79	KY21.Chr11.981
KH.C11.708	KY21.Chr11.983
KH.C11.657	KY21.Chr11.984
KH.C11.310	KY21.Chr11.985
KH.C11.643	KY21.Chr11.986
KH.C11.714	KY21.Chr11.987
KH.C11.211	KY21.Chr11.988
KH.C11.219	KY21.Chr11.989
KH.C11.108	KY21.Chr11.990
KH.C11.609	KY21.Chr11.991
KH.C11.111	KY21.Chr11.992
KH.C11.450	KY21.Chr11.993
KH.C11.16	KY21.Chr11.994
KH.C11.443	KY21.Chr11.995
KH.C11.301	KY21.Chr11.996
KH.C11.2	KY21.Chr11.997
KH.C11.667	KY21.Chr11.998
KH.C11.315	KY21.Chr11.999
KH.C11.498	KY21.Chr11.1000
KH.C11.720	KY21.Chr11.1001
KH.C11.452	KY21.Chr11.1003
KH.C11.613	KY21.Chr11.1004
KH.C11.238	KY21.Chr11.1005
KH.C11.468	KY21.Chr11.1006
KH.C11.206	KY21.Chr11.1007
KH.C11.546	KY21.Chr11.1008
KH.C11.549	KY21.Chr11.1009
KH.C11.561	KY21.Chr11.1010
KH.C11.532	KY21.Chr11.1011
KH.C11.466	KY21.Chr11.1012
KH.C11.392	KY21.Chr11.1013
KH.C11.420	KY21.Chr11.1014
KH.C11.522	KY21.Chr11.1016
KH.C11.152	KY21.Chr11.1017
KH.C11.678	KY21.Chr11.1018
KH.C11.558	KY21.Chr11.1020
KH.C11.410	KY21.Chr11.1021
KH.C11.675	KY21.Chr11.1022
KH.C11.554	KY21.Chr11.1023
KH.C11.586	KY21.Chr11.1024
KH.C11.674	KY21.Chr11.1025
KH.C11.662	KY21.Chr11.1026
KH.C11.10	KY21.Chr11.1028
KH.C11.31	KY21.Chr11.1029
KH.C11.348	KY21.Chr11.1030
KH.C11.543	KY21.Chr11.1031
KH.C11.424	KY21.Chr11.1034
KH.C11.352	KY21.Chr11.1035
KH.C11.224	KY21.Chr11.1036
KH.C11.529	KY21.Chr11.1037
KH.C11.360	KY21.Chr11.1038
KH.C11.379	KY21.Chr11.1040
KH.C11.318	KY21.Chr11.1043
KH.C11.419	KY21.Chr11.1044
KH.C11.703	KY21.Chr11.1046
KH.C11.151	KY21.Chr11.1049
KH.C11.54	KY21.Chr11.1050
KH.C11.336	KY21.Chr11.1052
KH.C11.688	KY21.Chr11.1053
KH.C11.58	KY21.Chr11.1054
KH.C11.431	KY21.Chr11.1055
KH.C11.185	KY21.Chr11.1056
KH.C11.180	KY21.Chr11.1058
KH.C11.654	KY21.Chr11.1059
KH.C11.109	KY21.Chr11.1060
KH.C11.32	KY21.Chr11.1061
KH.C11.618	KY21.Chr11.1062
KH.C11.494	KY21.Chr11.1063
KH.C11.487	KY21.Chr11.1064
KH.C11.23	KY21.Chr11.1065
KH.C11.9	KY21.Chr11.1066
KH.C11.656	KY21.Chr11.1067
KH.C11.311	KY21.Chr11.1068
KH.C11.210	KY21.Chr11.1071
KH.C11.598	KY21.Chr11.1072
KH.C11.252	KY21.Chr11.1073
KH.C11.237	KY21.Chr11.1076
KH.C11.663	KY21.Chr11.1077
KH.C11.396	KY21.Chr11.1078
KH.C11.331	KY21.Chr11.1079
KH.C11.440	KY21.Chr11.1080
KH.C11.712	KY21.Chr11.1081
KH.C11.459	KY21.Chr11.1082
KH.C11.533	KY21.Chr11.1083
KH.C11.270	KY21.Chr11.1084
KH.C11.563	KY21.Chr11.1085
KH.C11.261	KY21.Chr11.1086
KH.C11.689	KY21.Chr11.1087
KH.C11.553	KY21.Chr11.1088
KH.C11.623	KY21.Chr11.1089
KH.C11.278	KY21.Chr11.1092
KH.C11.178	KY21.Chr11.1093
KH.C11.314	KY21.Chr11.1094
KH.C11.49	KY21.Chr11.1095
KH.C11.709	KY21.Chr11.1096
KH.C11.139	KY21.Chr11.1097
KH.C11.556	KY21.Chr11.1098
KH.C11.648	KY21.Chr11.1099
KH.C11.328	KY21.Chr11.1100
KH.C11.580	KY21.Chr11.1101
KH.C11.432	KY21.Chr11.1103
KH.C11.612	KY21.Chr11.1104
KH.C11.681	KY21.Chr11.1105
KH.C11.81	KY21.Chr11.1106
KH.C11.221	KY21.Chr11.1107
KH.C11.635	KY21.Chr11.1108
KH.C11.258	KY21.Chr11.1109
KH.C11.283	KY21.Chr11.1110
KH.C11.462	KY21.Chr11.1111
KH.C11.13	KY21.Chr11.1112
KH.C11.593	KY21.Chr11.1113
KH.C11.267	KY21.Chr11.1114
KH.C11.90	KY21.Chr11.1115
KH.C11.158	KY21.Chr11.1116
KH.C11.692	KY21.Chr11.1117
KH.C11.131	KY21.Chr11.1118
KH.C11.3	KY21.Chr11.1119
KH.C11.214	KY21.Chr11.1120
KH.C11.535	KY21.Chr11.1121
KH.C11.155	KY21.Chr11.1122
KH.C11.413	KY21.Chr11.1124
KH.C11.645	KY21.Chr11.1125
KH.C11.537	KY21.Chr11.1126
KH.C11.705	KY21.Chr11.1127
KH.C11.78	KY21.Chr11.1128
KH.C11.313	KY21.Chr11.1129
KH.C11.644	KY21.Chr11.1130
KH.C11.501	KY21.Chr11.1131
KH.C11.704	KY21.Chr11.1132
KH.C11.514	KY21.Chr11.1133
KH.C11.137	KY21.Chr11.1134
KH.C11.18	KY21.Chr11.1135
KH.C11.91	KY21.Chr11.1136
KH.C11.254	KY21.Chr11.1137
KH.C11.24	KY21.Chr11.1138
KH.C11.607	KY21.Chr11.1139
KH.C11.87	KY21.Chr11.1140
KH.C11.244	KY21.Chr11.1143
KH.C11.29	KY21.Chr11.1144
KH.S1745.1	KY21.Chr11.1144
KH.C11.672	KY21.Chr11.1145
KH.C11.350	KY21.Chr11.1147
KH.C11.175	KY21.Chr11.1148
KH.C11.12	KY21.Chr11.1149
KH.C11.20	KY21.Chr11.1150
KH.C11.614	KY21.Chr11.1151
KH.C11.130	KY21.Chr11.1152
KH.C11.82	KY21.Chr11.1153
KH.C11.502	KY21.Chr11.1154
KH.C11.163	KY21.Chr11.1155
KH.C11.713	KY21.Chr11.1156
KH.S1921.1	KY21.Chr11.1157
KH.C11.128	KY21.Chr11.1158
KH.C11.497	KY21.Chr11.1159
KH.C11.577	KY21.Chr11.1159
KH.C11.562	KY21.Chr11.1160
KH.C11.67	KY21.Chr11.1161
KH.C11.668	KY21.Chr11.1161
KH.C11.475	KY21.Chr11.1163
KH.C11.444	KY21.Chr11.1164
KH.C11.148	KY21.Chr11.1165
KH.C11.172	KY21.Chr11.1166
KH.C11.68	KY21.Chr11.1167
KH.C11.307	KY21.Chr11.1168
KH.C11.552	KY21.Chr11.1169
KH.C11.359	KY21.Chr11.1170
KH.C11.19	KY21.Chr11.1172
KH.C11.679	KY21.Chr11.1173
KH.C11.670	KY21.Chr11.1174
KH.C11.282	KY21.Chr11.1175
KH.C11.232	KY21.Chr11.1178
KH.C11.353	KY21.Chr11.1179
KH.C11.366	KY21.Chr11.1180
KH.C11.393	KY21.Chr11.1181
KH.C11.14	KY21.Chr11.1182
KH.C11.193	KY21.Chr11.1184
KH.C11.194	KY21.Chr11.1185
KH.C11.437	KY21.Chr11.1186
KH.C11.242	KY21.Chr11.1187
KH.C11.622	KY21.Chr11.1188
KH.C11.676	KY21.Chr11.1189
KH.C11.129	KY21.Chr11.1190
KH.C11.74	KY21.Chr11.1191
KH.C11.401	KY21.Chr11.1192
KH.C11.516	KY21.Chr11.1193
KH.C11.48	KY21.Chr11.1194
KH.C11.493	KY21.Chr11.1195
KH.C11.160	KY21.Chr11.1197
KH.C11.634	KY21.Chr11.1199
KH.C11.290	KY21.Chr11.1200
KH.C11.279	KY21.Chr11.1201
KH.C11.711	KY21.Chr11.1202
KH.C11.110	KY21.Chr11.1203
KH.C11.376	KY21.Chr11.1204
KH.C11.583	KY21.Chr11.1205
KH.C11.138	KY21.Chr11.1206
KH.C11.421	KY21.Chr11.1207
KH.C11.525	KY21.Chr11.1208
KH.S992.1	KY21.Chr11.1210
KH.S992.2	KY21.Chr11.1211
KH.C11.411	KY21.Chr11.1212
KH.C11.343	KY21.Chr11.1213
KH.C11.611	KY21.Chr11.1214
KH.C11.303	KY21.Chr11.1215
KH.C11.519	KY21.Chr11.1216
KH.C11.595	KY21.Chr11.1217
KH.C11.682	KY21.Chr11.1219
KH.C11.257	KY21.Chr11.1220
KH.C11.572	KY21.Chr11.1221
KH.C11.361	KY21.Chr11.1222
KH.C11.693	KY21.Chr11.1223
KH.C11.340	KY21.Chr11.1224
KH.C11.209	KY21.Chr11.1225
KH.C11.422	KY21.Chr11.1226
KH.C11.423	KY21.Chr11.1227
KH.C11.286	KY21.Chr11.1228
KH.C11.601	KY21.Chr11.1229
KH.C11.573	KY21.Chr11.1230
KH.C11.21	KY21.Chr11.1231
KH.C11.325	KY21.Chr11.1233
KH.C11.240	KY21.Chr11.1234
KH.C11.358	KY21.Chr11.1235
KH.C11.339	KY21.Chr11.1236
KH.C11.204	KY21.Chr11.1237
KH.C11.414	KY21.Chr11.1238
KH.C11.395	KY21.Chr11.1239
KH.C11.734	KY21.Chr11.1240
KH.C11.735	KY21.Chr11.1241
KH.C11.186	KY21.Chr11.1244
KH.C11.695	KY21.Chr11.1245
KH.C11.416	KY21.Chr11.1247
KH.C11.474	KY21.Chr11.1248
KH.S1094.2	KY21.Chr11.1250
KH.C11.385	KY21.Chr11.1251
KH.S1094.1	KY21.Chr11.1251
KH.C11.157	KY21.Chr11.1252
KH.C11.430	KY21.Chr11.1254
KH.C11.199	KY21.Chr11.1255
KH.C11.488	KY21.Chr11.1256
KH.C11.22	KY21.Chr11.1257
KH.C11.349	KY21.Chr11.1258
KH.L67.1	KY21.Chr11.1260
KH.L67.2	KY21.Chr11.1261
KH.L67.4	KY21.Chr11.1263
KH.L107.12	KY21.Chr11.1263
KH.L107.4	KY21.Chr11.1264
KH.L107.2	KY21.Chr11.1265
KH.L107.11	KY21.Chr11.1266
KH.L107.6	KY21.Chr11.1268
KH.L107.1	KY21.Chr11.1269
KH.L107.10	KY21.Chr11.1271
KH.L107.5	KY21.Chr11.1272
KH.L107.3	KY21.Chr11.1273
KH.L107.8	KY21.Chr11.1274
KH.L107.7	KY21.Chr11.1275
KH.S638.10	KY21.Chr11.1276
KH.S638.8	KY21.Chr11.1277
KH.S638.7	KY21.Chr11.1278
KH.S638.4	KY21.Chr11.1279
KH.S638.9	KY21.Chr11.1280
KH.S638.3	KY21.Chr11.1281
KH.S638.2	KY21.Chr11.1282
KH.S638.6	KY21.Chr11.1284
KH.S638.5	KY21.Chr11.1285
KH.S638.1	KY21.Chr11.1286
KH.S406.21	KY21.Chr11.1288
KH.S406.4	KY21.Chr11.1289
KH.S406.17	KY21.Chr11.1289
KH.S406.7	KY21.Chr11.1290
KH.S406.8	KY21.Chr11.1291
KH.S406.23	KY21.Chr11.1292
KH.S406.14	KY21.Chr11.1293
KH.S406.5	KY21.Chr11.1294
KH.S406.13	KY21.Chr11.1295
KH.S406.22	KY21.Chr11.1295
KH.S406.11	KY21.Chr11.1296
KH.S406.10	KY21.Chr11.1297
KH.S406.19	KY21.Chr11.1298
KH.S406.20	KY21.Chr11.1299
KH.S406.2	KY21.Chr11.1300
KH.S406.6	KY21.Chr11.1301
KH.S406.15	KY21.Chr11.1302
KH.S406.18	KY21.Chr11.1303
KH.S406.9	KY21.Chr11.1304
KH.S406.3	KY21.Chr11.1306
KH.S406.1	KY21.Chr11.1307
KH.S406.12	KY21.Chr11.1307
KH.S590.4	KY21.Chr11.1309
KH.L107.9	KY21.Chr11.1310
KH.S966.1	KY21.Chr11.1310
KH.S966.6	KY21.Chr11.1311
KH.S966.3	KY21.Chr11.1312
KH.S966.2	KY21.Chr11.1313
KH.S966.7	KY21.Chr11.1314
KH.S966.4	KY21.Chr11.1315
KH.S966.5	KY21.Chr11.1316
KH.S2442.1	KY21.Chr12.5
KH.S1404.1	KY21.Chr12.6
KH.S1404.3	KY21.Chr12.7
KH.S1404.2	KY21.Chr12.9
KH.S2058.2	KY21.Chr12.10
KH.S1330.4	KY21.Chr12.12
KH.S1330.1	KY21.Chr12.14
KH.S1330.3	KY21.Chr12.15
KH.S1330.2	KY21.Chr12.16
KH.S1737.1	KY21.Chr12.17
KH.S1737.3	KY21.Chr12.18
KH.S1737.2	KY21.Chr12.19
KH.L133.9	KY21.Chr12.21
KH.L133.8	KY21.Chr12.22
KH.L133.12	KY21.Chr12.23
KH.L133.2	KY21.Chr12.24
KH.L133.13	KY21.Chr12.25
KH.L133.5	KY21.Chr12.26
KH.L133.11	KY21.Chr12.27
KH.L133.4	KY21.Chr12.28
KH.L133.3	KY21.Chr12.29
KH.L133.7	KY21.Chr12.30
KH.L133.1	KY21.Chr12.31
KH.L133.6	KY21.Chr12.32
KH.L165.4	KY21.Chr12.33
KH.L165.5	KY21.Chr12.34
KH.L165.2	KY21.Chr12.35
KH.L165.7	KY21.Chr12.36
KH.L165.1	KY21.Chr12.37
KH.L165.6	KY21.Chr12.38
KH.L165.3	KY21.Chr12.39
KH.C12.435	KY21.Chr12.40
KH.C12.641	KY21.Chr12.41
KH.C12.417	KY21.Chr12.42
KH.C12.521	KY21.Chr12.43
KH.C12.40	KY21.Chr12.44
KH.C12.205	KY21.Chr12.49
KH.C12.237	KY21.Chr12.50
KH.C12.288	KY21.Chr12.51
KH.C12.503	KY21.Chr12.53
KH.C12.367	KY21.Chr12.54
KH.C12.88	KY21.Chr12.55
KH.C12.190	KY21.Chr12.56
KH.C12.395	KY21.Chr12.57
KH.C12.2	KY21.Chr12.58
KH.C12.128	KY21.Chr12.59
KH.C12.46	KY21.Chr12.60
KH.C12.253	KY21.Chr12.61
KH.C12.322	KY21.Chr12.62
KH.C12.166	KY21.Chr12.63
KH.C12.609	KY21.Chr12.64
KH.C12.476	KY21.Chr12.65
KH.C12.228	KY21.Chr12.66
KH.C12.26	KY21.Chr12.68
KH.C12.537	KY21.Chr12.69
KH.C12.365	KY21.Chr12.70
KH.C12.175	KY21.Chr12.71
KH.S1374.1	KY21.Chr12.71
KH.C12.639	KY21.Chr12.72
KH.C12.370	KY21.Chr12.73
KH.C12.428	KY21.Chr12.74
KH.C12.238	KY21.Chr12.75
KH.C12.273	KY21.Chr12.76
KH.C12.92	KY21.Chr12.77
KH.C12.336	KY21.Chr12.80
KH.C12.204	KY21.Chr12.81
KH.C12.541	KY21.Chr12.82
KH.C12.6	KY21.Chr12.83
KH.C12.121	KY21.Chr12.85
KH.C12.258	KY21.Chr12.87
KH.C12.525	KY21.Chr12.88
KH.C12.408	KY21.Chr12.89
KH.C12.208	KY21.Chr12.90
KH.C12.513	KY21.Chr12.91
KH.C12.577	KY21.Chr12.92
KH.C12.595	KY21.Chr12.93
KH.C12.242	KY21.Chr12.94
KH.C12.329	KY21.Chr12.95
KH.C12.71	KY21.Chr12.96
KH.C12.81	KY21.Chr12.97
KH.C12.188	KY21.Chr12.98
KH.C12.248	KY21.Chr12.99
KH.C12.444	KY21.Chr12.100
KH.C12.91	KY21.Chr12.102
KH.C12.657	KY21.Chr12.103
KH.C12.421	KY21.Chr12.109
KH.C12.100	KY21.Chr12.110
KH.C12.33	KY21.Chr12.112
KH.C12.207	KY21.Chr12.114
KH.C12.619	KY21.Chr12.115
KH.C12.227	KY21.Chr12.116
KH.L113.4	KY21.Chr12.116
KH.L113.1	KY21.Chr12.117
KH.C12.573	KY21.Chr12.118
KH.L113.2	KY21.Chr12.121
KH.C12.326	KY21.Chr12.125
KH.C12.464	KY21.Chr12.126
KH.C12.15	KY21.Chr12.127
KH.C12.566	KY21.Chr12.130
KH.C12.610	KY21.Chr12.131
KH.C12.137	KY21.Chr12.132
KH.C12.434	KY21.Chr12.133
KH.C12.103	KY21.Chr12.134
KH.C12.94	KY21.Chr12.135
KH.L57.4	KY21.Chr12.136
KH.L57.27	KY21.Chr12.137
KH.L57.6	KY21.Chr12.140
KH.L57.9	KY21.Chr12.142
KH.L57.23	KY21.Chr12.143
KH.S2213.1	KY21.Chr12.144
KH.L57.26	KY21.Chr12.145
KH.L57.7	KY21.Chr12.146
KH.L57.11	KY21.Chr12.147
KH.L57.13	KY21.Chr12.148
KH.L57.3	KY21.Chr12.149
KH.L57.8	KY21.Chr12.150
KH.L57.2	KY21.Chr12.151
KH.L57.12	KY21.Chr12.152
KH.L57.17	KY21.Chr12.153
KH.L57.21	KY21.Chr12.154
KH.L57.20	KY21.Chr12.155
KH.L57.1	KY21.Chr12.156
KH.L57.28	KY21.Chr12.157
KH.L57.25	KY21.Chr12.158
KH.L57.10	KY21.Chr12.159
KH.L57.19	KY21.Chr12.160
KH.L57.15	KY21.Chr12.162
KH.L57.29	KY21.Chr12.163
KH.L57.14	KY21.Chr12.164
KH.L57.31	KY21.Chr12.165
KH.L57.22	KY21.Chr12.166
KH.L57.5	KY21.Chr12.167
KH.L57.33	KY21.Chr12.167
KH.L57.24	KY21.Chr12.169
KH.L57.18	KY21.Chr12.170
KH.L57.32	KY21.Chr12.171
KH.C12.534	KY21.Chr12.173
KH.C12.112	KY21.Chr12.174
KH.C12.308	KY21.Chr12.175
KH.C12.416	KY21.Chr12.176
KH.C12.582	KY21.Chr12.177
KH.C12.39	KY21.Chr12.178
KH.C12.13	KY21.Chr12.179
KH.C12.16	KY21.Chr12.180
KH.C12.193	KY21.Chr12.181
KH.C12.656	KY21.Chr12.182
KH.C12.251	KY21.Chr12.183
KH.C12.362	KY21.Chr12.184
KH.C12.520	KY21.Chr12.185
KH.C12.556	KY21.Chr12.186
KH.C12.677	KY21.Chr12.188
KH.C12.502	KY21.Chr12.189
KH.C12.224	KY21.Chr12.191
KH.C12.197	KY21.Chr12.192
KH.C12.267	KY21.Chr12.193
KH.C12.474	KY21.Chr12.195
KH.C12.612	KY21.Chr12.196
KH.C12.403	KY21.Chr12.197
KH.C12.360	KY21.Chr12.198
KH.C12.627	KY21.Chr12.201
KH.C12.418	KY21.Chr12.202
KH.C12.614	KY21.Chr12.203
KH.C12.338	KY21.Chr12.204
KH.C12.70	KY21.Chr12.206
KH.C12.9	KY21.Chr12.207
KH.C12.215	KY21.Chr12.208
KH.C12.307	KY21.Chr12.209
KH.C12.640	KY21.Chr12.210
KH.C12.146	KY21.Chr12.211
KH.C12.120	KY21.Chr12.212
KH.C12.144	KY21.Chr12.213
KH.S1027.1	KY21.Chr12.213
KH.C12.449	KY21.Chr12.215
KH.C12.330	KY21.Chr12.216
KH.C12.344	KY21.Chr12.217
KH.C12.575	KY21.Chr12.218
KH.S1965.1	KY21.Chr12.220
KH.S1965.2	KY21.Chr12.221
KH.S1042.2	KY21.Chr12.222
KH.S1042.4	KY21.Chr12.223
KH.C12.280	KY21.Chr12.226
KH.C12.75	KY21.Chr12.231
KH.C12.599	KY21.Chr12.232
KH.C12.155	KY21.Chr12.233
KH.C12.225	KY21.Chr12.234
KH.C12.201	KY21.Chr12.235
KH.C12.284	KY21.Chr12.236
KH.C12.597	KY21.Chr12.239
KH.C12.136	KY21.Chr12.240
KH.C12.425	KY21.Chr12.242
KH.C12.106	KY21.Chr12.243
KH.C12.680	KY21.Chr12.244
KH.C12.222	KY21.Chr12.245
KH.C12.28	KY21.Chr12.246
KH.C12.605	KY21.Chr12.247
KH.C12.102	KY21.Chr12.248
KH.C12.320	KY21.Chr12.249
KH.C12.583	KY21.Chr12.250
KH.C12.396	KY21.Chr12.251
KH.C12.276	KY21.Chr12.252
KH.C12.392	KY21.Chr12.253
KH.C12.572	KY21.Chr12.254
KH.C12.685	KY21.Chr12.255
KH.C12.430	KY21.Chr12.258
KH.C12.161	KY21.Chr12.259
KH.C12.412	KY21.Chr12.260
KH.C12.357	KY21.Chr12.261
KH.S831.2	KY21.Chr12.264
KH.S831.1	KY21.Chr12.265
KH.S831.4	KY21.Chr12.266
KH.S831.3	KY21.Chr12.267
KH.S562.5	KY21.Chr12.268
KH.S562.7	KY21.Chr12.269
KH.S562.3	KY21.Chr12.270
KH.S562.8	KY21.Chr12.271
KH.S562.1	KY21.Chr12.272
KH.S562.6	KY21.Chr12.275
KH.S562.2	KY21.Chr12.276
KH.S562.4	KY21.Chr12.277
KH.L48.1	KY21.Chr12.278
KH.C12.481	KY21.Chr12.279
KH.C12.127	KY21.Chr12.280
KH.C12.522	KY21.Chr12.281
KH.C12.249	KY21.Chr12.282
KH.C12.69	KY21.Chr12.284
KH.C12.131	KY21.Chr12.285
KH.C12.551	KY21.Chr12.286
KH.C12.687	KY21.Chr12.287
KH.C12.592	KY21.Chr12.289
KH.C12.450	KY21.Chr12.290
KH.C12.37	KY21.Chr12.291
KH.C12.620	KY21.Chr12.292
KH.C12.239	KY21.Chr12.293
KH.C12.571	KY21.Chr12.294
KH.S2240.1	KY21.Chr12.294
KH.C12.257	KY21.Chr12.295
KH.C12.269	KY21.Chr12.296
KH.C12.524	KY21.Chr12.297
KH.C12.645	KY21.Chr12.298
KH.C12.347	KY21.Chr12.299
KH.C12.130	KY21.Chr12.300
KH.C12.246	KY21.Chr12.301
KH.C12.133	KY21.Chr12.302
KH.C12.226	KY21.Chr12.303
KH.C12.333	KY21.Chr12.304
KH.C12.152	KY21.Chr12.306
KH.C12.125	KY21.Chr12.308
KH.C12.419	KY21.Chr12.309
KH.C12.233	KY21.Chr12.310
KH.C12.321	KY21.Chr12.312
KH.C12.126	KY21.Chr12.313
KH.C12.390	KY21.Chr12.314
KH.C12.198	KY21.Chr12.316
KH.C12.565	KY21.Chr12.317
KH.C12.374	KY21.Chr12.318
KH.C12.113	KY21.Chr12.320
KH.C12.210	KY21.Chr12.321
KH.C12.286	KY21.Chr12.322
KH.S1697.1	KY21.Chr12.325
KH.S1697.2	KY21.Chr12.326
KH.S972.2	KY21.Chr12.329
KH.S972.1	KY21.Chr12.336
KH.S640.1	KY21.Chr12.338
KH.S916.1	KY21.Chr12.339
KH.S916.3	KY21.Chr12.340
KH.S916.2	KY21.Chr12.341
KH.S2067.1	KY21.Chr12.341
KH.S870.2	KY21.Chr12.345
KH.S930.4	KY21.Chr12.346
KH.S930.3	KY21.Chr12.348
KH.S2047.1	KY21.Chr12.348
KH.S930.2	KY21.Chr12.349
KH.S930.5	KY21.Chr12.349
KH.S1533.1	KY21.Chr12.351
KH.L169.1	KY21.Chr12.352
KH.L169.4	KY21.Chr12.352
KH.L169.6	KY21.Chr12.353
KH.L169.3	KY21.Chr12.354
KH.L169.2	KY21.Chr12.355
KH.L56.4	KY21.Chr12.357
KH.L56.1	KY21.Chr12.358
KH.L56.3	KY21.Chr12.359
KH.L56.5	KY21.Chr12.359
KH.S941.3	KY21.Chr12.362
KH.S1254.1	KY21.Chr12.362
KH.S1370.1	KY21.Chr12.362
KH.S1339.1	KY21.Chr12.370
KH.L115.1	KY21.Chr12.371
KH.S1450.1	KY21.Chr12.374
KH.L141.62	KY21.Chr12.375
KH.C3.735	KY21.Chr12.379
KH.L115.2	KY21.Chr12.380
KH.S1450.2	KY21.Chr12.381
KH.S1162.1	KY21.Chr12.397
KH.S1528.2	KY21.Chr12.398
KH.S1052.2	KY21.Chr12.399
KH.L78.9	KY21.Chr12.400
KH.S1370.2	KY21.Chr12.406
KH.S1352.2	KY21.Chr12.415
KH.S1190.1	KY21.Chr12.420
KH.L32.4	KY21.Chr12.430
KH.S1792.1	KY21.Chr12.430
KH.S699.2	KY21.Chr12.435
KH.S1147.3	KY21.Chr12.443
KH.S1147.2	KY21.Chr12.444
KH.S599.1	KY21.Chr12.447
KH.S1097.1	KY21.Chr12.448
KH.C12.85	KY21.Chr12.449
KH.C12.554	KY21.Chr12.450
KH.C12.116	KY21.Chr12.452
KH.C12.145	KY21.Chr12.453
KH.C12.372	KY21.Chr12.455
KH.C12.332	KY21.Chr12.456
KH.C12.375	KY21.Chr12.457
KH.C12.185	KY21.Chr12.459
KH.C12.47	KY21.Chr12.461
KH.C12.164	KY21.Chr12.462
KH.C12.289	KY21.Chr12.463
KH.C12.660	KY21.Chr12.465
KH.C12.637	KY21.Chr12.466
KH.C12.213	KY21.Chr12.467
KH.C12.532	KY21.Chr12.468
KH.C12.546	KY21.Chr12.469
KH.C12.181	KY21.Chr12.470
KH.C12.681	KY21.Chr12.471
KH.C12.518	KY21.Chr12.473
KH.C12.34	KY21.Chr12.474
KH.C12.495	KY21.Chr12.476
KH.C12.688	KY21.Chr12.477
KH.C12.542	KY21.Chr12.478
KH.C12.472	KY21.Chr12.479
KH.C12.328	KY21.Chr12.480
KH.C12.17	KY21.Chr12.481
KH.C12.77	KY21.Chr12.484
KH.C12.45	KY21.Chr12.486
KH.C12.56	KY21.Chr12.487
KH.C12.385	KY21.Chr12.488
KH.C12.229	KY21.Chr12.489
KH.C12.529	KY21.Chr12.490
KH.C12.95	KY21.Chr12.492
KH.C12.664	KY21.Chr12.493
KH.C12.310	KY21.Chr12.494
KH.C12.563	KY21.Chr12.495
KH.C12.1	KY21.Chr12.496
KH.C12.485	KY21.Chr12.497
KH.C12.12	KY21.Chr12.498
KH.C12.399	KY21.Chr12.499
KH.C12.149	KY21.Chr12.500
KH.C12.539	KY21.Chr12.501
KH.C12.159	KY21.Chr12.502
KH.C12.271	KY21.Chr12.503
KH.C12.648	KY21.Chr12.504
KH.C12.295	KY21.Chr12.505
KH.C12.622	KY21.Chr12.506
KH.C12.135	KY21.Chr12.507
KH.C12.104	KY21.Chr12.508
KH.C12.122	KY21.Chr12.509
KH.C12.342	KY21.Chr12.510
KH.C12.533	KY21.Chr12.512
KH.S1500.1	KY21.Chr12.513
KH.S2162.1	KY21.Chr12.514
KH.C12.266	KY21.Chr12.516
KH.C12.607	KY21.Chr12.517
KH.L29.2	KY21.Chr12.519
KH.L29.1	KY21.Chr12.521
KH.C12.587	KY21.Chr12.522
KH.C12.387	KY21.Chr12.523
KH.C12.454	KY21.Chr12.524
KH.C12.661	KY21.Chr12.527
KH.C12.548	KY21.Chr12.528
KH.C12.23	KY21.Chr12.529
KH.C12.580	KY21.Chr12.530
KH.C12.400	KY21.Chr12.531
KH.C12.557	KY21.Chr12.531
KH.C12.73	KY21.Chr12.532
KH.C12.235	KY21.Chr12.533
KH.C12.584	KY21.Chr12.534
KH.C12.124	KY21.Chr12.535
KH.C12.413	KY21.Chr12.536
KH.C12.162	KY21.Chr12.537
KH.C12.325	KY21.Chr12.538
KH.C12.252	KY21.Chr12.539
KH.C12.187	KY21.Chr12.540
KH.C12.675	KY21.Chr12.541
KH.C12.270	KY21.Chr12.542
KH.C12.343	KY21.Chr12.543
KH.C12.606	KY21.Chr12.544
KH.C12.658	KY21.Chr12.547
KH.C12.183	KY21.Chr12.549
KH.C12.64	KY21.Chr12.550
KH.C12.186	KY21.Chr12.554
KH.C12.402	KY21.Chr12.556
KH.C12.516	KY21.Chr12.557
KH.C12.679	KY21.Chr12.558
KH.C12.54	KY21.Chr12.559
KH.C12.179	KY21.Chr12.560
KH.C12.407	KY21.Chr12.561
KH.S692.1	KY21.Chr12.561
KH.S692.3	KY21.Chr12.561
KH.S790.2	KY21.Chr12.561
KH.S692.2	KY21.Chr12.562
KH.S790.4	KY21.Chr12.563
KH.S790.3	KY21.Chr12.564
KH.S790.5	KY21.Chr12.565
KH.S790.1	KY21.Chr12.566
KH.C12.482	KY21.Chr12.567
KH.C12.191	KY21.Chr12.568
KH.C12.14	KY21.Chr12.569
KH.C12.383	KY21.Chr12.571
KH.C12.196	KY21.Chr12.572
KH.C12.74	KY21.Chr12.574
KH.C12.115	KY21.Chr12.575
KH.C12.398	KY21.Chr12.576
KH.C12.431	KY21.Chr12.577
KH.C12.43	KY21.Chr12.578
KH.C12.615	KY21.Chr12.579
KH.C12.283	KY21.Chr12.580
KH.C12.497	KY21.Chr12.581
KH.C12.285	KY21.Chr12.582
KH.C12.337	KY21.Chr12.583
KH.C12.306	KY21.Chr12.584
KH.C12.142	KY21.Chr12.585
KH.C12.505	KY21.Chr12.586
KH.C12.294	KY21.Chr12.587
KH.C12.384	KY21.Chr12.589
KH.C12.356	KY21.Chr12.590
KH.C12.381	KY21.Chr12.591
KH.C12.509	KY21.Chr12.592
KH.C12.345	KY21.Chr12.594
KH.C12.110	KY21.Chr12.595
KH.C12.32	KY21.Chr12.596
KH.S876.1	KY21.Chr12.597
KH.C12.535	KY21.Chr12.598
KH.C12.108	KY21.Chr12.599
KH.C12.544	KY21.Chr12.600
KH.C12.642	KY21.Chr12.601
KH.C12.63	KY21.Chr12.602
KH.C12.410	KY21.Chr12.603
KH.C12.512	KY21.Chr12.604
KH.C12.178	KY21.Chr12.605
KH.C12.467	KY21.Chr12.606
KH.C12.429	KY21.Chr12.607
KH.C12.53	KY21.Chr12.608
KH.C12.552	KY21.Chr12.609
KH.C12.388	KY21.Chr12.611
KH.C12.517	KY21.Chr12.613
KH.C12.254	KY21.Chr12.614
KH.C12.311	KY21.Chr12.615
KH.C12.589	KY21.Chr12.615
KH.C12.150	KY21.Chr12.616
KH.C12.58	KY21.Chr12.617
KH.C12.689	KY21.Chr12.618
KH.C12.44	KY21.Chr12.621
KH.C12.318	KY21.Chr12.622
KH.C12.263	KY21.Chr12.623
KH.C12.626	KY21.Chr12.624
KH.C12.576	KY21.Chr12.625
KH.C12.515	KY21.Chr12.626
KH.C12.646	KY21.Chr12.627
KH.C12.76	KY21.Chr12.628
KH.C12.68	KY21.Chr12.629
KH.C12.628	KY21.Chr12.630
KH.C12.232	KY21.Chr12.631
KH.C12.651	KY21.Chr12.632
KH.C12.473	KY21.Chr12.633
KH.C12.389	KY21.Chr12.634
KH.C12.296	KY21.Chr12.635
KH.C12.165	KY21.Chr12.636
KH.C12.611	KY21.Chr12.637
KH.C12.42	KY21.Chr12.638
KH.C12.30	KY21.Chr12.639
KH.C12.87	KY21.Chr12.640
KH.C12.341	KY21.Chr12.641
KH.C12.279	KY21.Chr12.642
KH.C12.461	KY21.Chr12.643
KH.C12.494	KY21.Chr12.644
KH.C12.139	KY21.Chr12.645
KH.C12.177	KY21.Chr12.646
KH.C12.547	KY21.Chr12.646
KH.C12.101	KY21.Chr12.647
KH.C12.437	KY21.Chr12.648
KH.C12.282	KY21.Chr12.649
KH.C12.305	KY21.Chr12.650
KH.C12.216	KY21.Chr12.651
KH.C12.230	KY21.Chr12.652
KH.C12.666	KY21.Chr12.653
KH.C12.86	KY21.Chr12.654
KH.C12.167	KY21.Chr12.655
KH.C12.427	KY21.Chr12.656
KH.C12.80	KY21.Chr12.657
KH.C12.618	KY21.Chr12.658
KH.C12.241	KY21.Chr12.659
KH.C12.287	KY21.Chr12.660
KH.C12.484	KY21.Chr12.661
KH.S1227.3	KY21.Chr12.662
KH.S1227.2	KY21.Chr12.663
KH.C12.625	KY21.Chr12.665
KH.C12.490	KY21.Chr12.666
KH.C12.66	KY21.Chr12.669
KH.C12.48	KY21.Chr12.670
KH.C12.574	KY21.Chr12.671
KH.C12.695	KY21.Chr12.672
KH.C12.586	KY21.Chr12.673
KH.C12.36	KY21.Chr12.674
KH.C12.173	KY21.Chr12.675
KH.C12.223	KY21.Chr12.676
KH.C12.531	KY21.Chr12.676
KH.C12.669	KY21.Chr12.677
KH.C12.369	KY21.Chr12.678
KH.C12.432	KY21.Chr12.679
KH.C12.690	KY21.Chr12.680
KH.C12.298	KY21.Chr12.681
KH.C12.368	KY21.Chr12.684
KH.C12.397	KY21.Chr12.686
KH.C12.684	KY21.Chr12.686
KH.C12.463	KY21.Chr12.688
KH.C12.180	KY21.Chr12.689
KH.C12.11	KY21.Chr12.690
KH.C12.452	KY21.Chr12.691
KH.C12.154	KY21.Chr12.692
KH.C12.331	KY21.Chr12.693
KH.C12.424	KY21.Chr12.694
KH.C12.290	KY21.Chr12.695
KH.C12.644	KY21.Chr12.696
KH.C12.655	KY21.Chr12.697
KH.C12.90	KY21.Chr12.698
KH.C12.373	KY21.Chr12.699
KH.C12.366	KY21.Chr12.700
KH.C12.616	KY21.Chr12.701
KH.C12.277	KY21.Chr12.702
KH.C12.352	KY21.Chr12.703
KH.C12.665	KY21.Chr12.704
KH.C12.302	KY21.Chr12.705
KH.C12.67	KY21.Chr12.706
KH.C12.380	KY21.Chr12.708
KH.C12.559	KY21.Chr12.709
KH.C12.203	KY21.Chr12.710
KH.C12.25	KY21.Chr12.711
KH.C12.475	KY21.Chr12.712
KH.C12.570	KY21.Chr12.714
KH.C12.409	KY21.Chr12.715
KH.C12.590	KY21.Chr12.716
KH.C12.604	KY21.Chr12.718
KH.C12.668	KY21.Chr12.719
KH.C12.496	KY21.Chr12.720
KH.C12.501	KY21.Chr12.721
KH.C12.259	KY21.Chr12.722
KH.C12.151	KY21.Chr12.724
KH.C12.334	KY21.Chr12.726
KH.C12.65	KY21.Chr12.727
KH.C12.172	KY21.Chr12.728
KH.C12.8	KY21.Chr12.729
KH.C12.526	KY21.Chr12.730
KH.C12.498	KY21.Chr12.732
KH.C12.671	KY21.Chr12.733
KH.C12.378	KY21.Chr12.734
KH.C12.613	KY21.Chr12.735
KH.C12.84	KY21.Chr12.736
KH.C12.562	KY21.Chr12.737
KH.C12.393	KY21.Chr12.739
KH.C12.323	KY21.Chr12.740
KH.C12.220	KY21.Chr12.741
KH.C12.514	KY21.Chr12.742
KH.C12.350	KY21.Chr12.743
KH.C12.182	KY21.Chr12.744
KH.C12.327	KY21.Chr12.745
KH.C12.638	KY21.Chr12.746
KH.C12.96	KY21.Chr12.747
KH.C12.659	KY21.Chr12.748
KH.C12.588	KY21.Chr12.749
KH.C12.7	KY21.Chr12.750
KH.C12.147	KY21.Chr12.751
KH.C12.297	KY21.Chr12.752
KH.C12.212	KY21.Chr12.753
KH.C12.117	KY21.Chr12.754
KH.C12.260	KY21.Chr12.755
KH.C12.41	KY21.Chr12.756
KH.C12.596	KY21.Chr12.756
KH.C12.608	KY21.Chr12.756
KH.C12.647	KY21.Chr12.756
KH.C12.206	KY21.Chr12.757
KH.C12.156	KY21.Chr12.758
KH.C12.670	KY21.Chr12.759
KH.C12.97	KY21.Chr12.760
KH.C12.194	KY21.Chr12.761
KH.C12.691	KY21.Chr12.762
KH.C12.272	KY21.Chr12.763
KH.C12.169	KY21.Chr12.764
KH.C12.109	KY21.Chr12.765
KH.C12.579	KY21.Chr12.766
KH.C12.349	KY21.Chr12.767
KH.C12.148	KY21.Chr12.768
KH.C12.261	KY21.Chr12.769
KH.C12.301	KY21.Chr12.770
KH.C12.313	KY21.Chr12.771
KH.C12.634	KY21.Chr12.772
KH.C12.621	KY21.Chr12.773
KH.C12.355	KY21.Chr12.774
KH.C12.114	KY21.Chr12.775
KH.C12.99	KY21.Chr12.776
KH.C12.455	KY21.Chr12.777
KH.C12.451	KY21.Chr12.778
KH.C12.292	KY21.Chr12.779
KH.C12.317	KY21.Chr12.780
KH.C12.499	KY21.Chr12.781
KH.C12.265	KY21.Chr12.782
KH.C12.278	KY21.Chr12.783
KH.C12.568	KY21.Chr12.788
KH.C12.195	KY21.Chr12.789
KH.C12.364	KY21.Chr12.790
KH.L35.4	KY21.Chr12.791
KH.C12.160	KY21.Chr12.792
KH.C12.561	KY21.Chr12.793
KH.C12.558	KY21.Chr12.794
KH.C12.662	KY21.Chr12.795
KH.C12.426	KY21.Chr12.796
KH.C12.247	KY21.Chr12.797
KH.C12.354	KY21.Chr12.798
KH.C12.382	KY21.Chr12.799
KH.C12.50	KY21.Chr12.800
KH.C12.453	KY21.Chr12.801
KH.C12.376	KY21.Chr12.802
KH.C12.469	KY21.Chr12.803
KH.C12.153	KY21.Chr12.804
KH.C12.697	KY21.Chr12.805
KH.C12.696	KY21.Chr12.806
KH.C12.466	KY21.Chr12.807
KH.C12.506	KY21.Chr12.808
KH.C12.394	KY21.Chr12.809
KH.C12.118	KY21.Chr12.810
KH.C12.643	KY21.Chr12.812
KH.C12.299	KY21.Chr12.814
KH.C12.630	KY21.Chr12.815
KH.C12.35	KY21.Chr12.816
KH.C12.459	KY21.Chr12.817
KH.C12.500	KY21.Chr12.818
KH.C12.291	KY21.Chr12.819
KH.C12.564	KY21.Chr12.820
KH.C12.593	KY21.Chr12.821
KH.C12.480	KY21.Chr12.822
KH.C12.457	KY21.Chr12.823
KH.C12.143	KY21.Chr12.824
KH.C12.57	KY21.Chr12.825
KH.C12.460	KY21.Chr12.826
KH.C12.281	KY21.Chr12.829
KH.C12.211	KY21.Chr12.831
KH.C12.21	KY21.Chr12.832
KH.C12.652	KY21.Chr12.833
KH.C12.540	KY21.Chr12.835
KH.C12.38	KY21.Chr12.838
KH.C12.448	KY21.Chr12.840
KH.C12.119	KY21.Chr12.841
KH.C12.414	KY21.Chr12.842
KH.C12.468	KY21.Chr12.844
KH.C12.309	KY21.Chr12.845
KH.C12.78	KY21.Chr12.846
KH.C12.672	KY21.Chr12.847
KH.C12.240	KY21.Chr12.848
KH.C12.439	KY21.Chr12.852
KH.C12.18	KY21.Chr12.854
KH.C12.511	KY21.Chr12.855
KH.C12.415	KY21.Chr12.856
KH.C12.578	KY21.Chr12.857
KH.C12.245	KY21.Chr12.859
KH.C12.221	KY21.Chr12.860
KH.C12.319	KY21.Chr12.861
KH.C12.443	KY21.Chr12.862
KH.C12.140	KY21.Chr12.863
KH.C12.488	KY21.Chr12.865
KH.C12.199	KY21.Chr12.866
KH.C12.433	KY21.Chr12.867
KH.C12.674	KY21.Chr12.868
KH.C12.489	KY21.Chr12.869
KH.C12.189	KY21.Chr12.870
KH.C12.377	KY21.Chr12.871
KH.C12.440	KY21.Chr12.872
KH.C12.553	KY21.Chr12.873
KH.C12.170	KY21.Chr12.875
KH.C12.51	KY21.Chr12.876
KH.C12.19	KY21.Chr12.877
KH.C12.314	KY21.Chr12.878
KH.C12.379	KY21.Chr12.879
KH.C12.176	KY21.Chr12.880
KH.C12.93	KY21.Chr12.881
KH.C12.134	KY21.Chr12.882
KH.C12.585	KY21.Chr12.883
KH.C12.692	KY21.Chr12.884
KH.C12.560	KY21.Chr12.885
KH.C12.98	KY21.Chr12.887
KH.C12.486	KY21.Chr12.887
KH.C12.123	KY21.Chr12.888
KH.C12.24	KY21.Chr12.889
KH.C12.673	KY21.Chr12.890
KH.C12.523	KY21.Chr12.892
KH.C12.603	KY21.Chr12.893
KH.C12.312	KY21.Chr12.894
KH.C12.465	KY21.Chr12.896
KH.C12.491	KY21.Chr12.897
KH.C12.346	KY21.Chr12.898
KH.C12.351	KY21.Chr12.899
KH.C12.600	KY21.Chr12.900
KH.C12.487	KY21.Chr12.901
KH.C12.371	KY21.Chr12.902
KH.C12.456	KY21.Chr12.903
KH.C12.49	KY21.Chr12.905
KH.C12.676	KY21.Chr12.906
KH.C12.60	KY21.Chr12.907
KH.C12.624	KY21.Chr12.908
KH.C12.442	KY21.Chr12.909
KH.C12.386	KY21.Chr12.910
KH.C12.200	KY21.Chr12.911
KH.C12.174	KY21.Chr12.912
KH.C12.549	KY21.Chr12.913
KH.S115.10	KY21.Chr12.917
KH.S115.7	KY21.Chr12.918
KH.S115.28	KY21.Chr12.919
KH.S115.21	KY21.Chr12.920
KH.S115.38	KY21.Chr12.921
KH.S115.19	KY21.Chr12.922
KH.S115.1	KY21.Chr12.924
KH.S115.8	KY21.Chr12.925
KH.S115.15	KY21.Chr12.926
KH.S115.16	KY21.Chr12.927
KH.S115.34	KY21.Chr12.928
KH.S115.32	KY21.Chr12.929
KH.S115.35	KY21.Chr12.930
KH.S115.20	KY21.Chr12.931
KH.S115.6	KY21.Chr12.932
KH.S115.39	KY21.Chr12.933
KH.S115.3	KY21.Chr12.934
KH.S115.13	KY21.Chr12.935
KH.S115.5	KY21.Chr12.936
KH.S115.36	KY21.Chr12.937
KH.S115.18	KY21.Chr12.938
KH.S115.11	KY21.Chr12.939
KH.S115.22	KY21.Chr12.940
KH.S115.37	KY21.Chr12.941
KH.S115.14	KY21.Chr12.942
KH.S115.17	KY21.Chr12.943
KH.S115.4	KY21.Chr12.944
KH.S115.31	KY21.Chr12.945
KH.S115.33	KY21.Chr12.946
KH.S115.29	KY21.Chr12.947
KH.S115.26	KY21.Chr12.948
KH.S115.30	KY21.Chr12.948
KH.S115.2	KY21.Chr12.951
KH.S115.12	KY21.Chr12.952
KH.S115.24	KY21.Chr12.953
KH.S115.25	KY21.Chr12.954
KH.C12.339	KY21.Chr12.955
KH.C12.3	KY21.Chr12.956
KH.C12.527	KY21.Chr12.957
KH.C12.653	KY21.Chr12.959
KH.C12.111	KY21.Chr12.960
KH.C12.4	KY21.Chr12.961
KH.C12.303	KY21.Chr12.963
KH.C12.129	KY21.Chr12.964
KH.C12.157	KY21.Chr12.965
KH.C12.138	KY21.Chr12.966
KH.C12.335	KY21.Chr12.967
KH.C12.470	KY21.Chr12.968
KH.C12.243	KY21.Chr12.969
KH.C12.363	KY21.Chr12.970
KH.C12.264	KY21.Chr12.971
KH.C12.404	KY21.Chr12.972
KH.C12.304	KY21.Chr12.973
KH.C12.635	KY21.Chr12.975
KH.C12.543	KY21.Chr12.976
KH.C12.678	KY21.Chr12.977
KH.C12.508	KY21.Chr12.979
KH.C12.478	KY21.Chr12.980
KH.C12.107	KY21.Chr12.981
KH.C12.538	KY21.Chr12.982
KH.C12.231	KY21.Chr12.983
KH.C12.141	KY21.Chr12.984
KH.C12.683	KY21.Chr12.985
KH.C12.27	KY21.Chr12.987
KH.C12.244	KY21.Chr12.988
KH.C12.218	KY21.Chr12.989
KH.C12.348	KY21.Chr12.990
KH.S600.1	KY21.Chr12.991
KH.C12.105	KY21.Chr12.994
KH.C12.507	KY21.Chr12.995
KH.C12.493	KY21.Chr12.997
KH.C12.650	KY21.Chr12.998
KH.C12.462	KY21.Chr12.999
KH.C12.555	KY21.Chr12.1000
KH.C12.20	KY21.Chr12.1001
KH.C12.694	KY21.Chr12.1002
KH.C12.10	KY21.Chr12.1004
KH.C12.631	KY21.Chr12.1005
KH.C12.168	KY21.Chr12.1006
KH.C12.492	KY21.Chr12.1007
KH.C12.275	KY21.Chr12.1008
KH.C12.72	KY21.Chr12.1009
KH.C12.315	KY21.Chr12.1010
KH.C12.471	KY21.Chr12.1011
KH.C12.250	KY21.Chr12.1013
KH.C12.324	KY21.Chr12.1014
KH.C12.5	KY21.Chr12.1016
KH.C12.61	KY21.Chr12.1017
KH.C12.22	KY21.Chr12.1019
KH.C12.219	KY21.Chr12.1020
KH.C12.519	KY21.Chr12.1021
KH.C12.545	KY21.Chr12.1022
KH.C12.446	KY21.Chr12.1023
KH.C12.31	KY21.Chr12.1024
KH.C12.55	KY21.Chr12.1028
KH.C12.202	KY21.Chr12.1029
KH.C12.234	KY21.Chr12.1031
KH.C12.617	KY21.Chr12.1032
KH.C12.163	KY21.Chr12.1033
KH.S1480.1	KY21.Chr12.1034
KH.S1665.1	KY21.Chr12.1034
KH.S1480.3	KY21.Chr12.1035
KH.L75.5	KY21.Chr12.1036
KH.L75.13	KY21.Chr12.1036
KH.S1480.2	KY21.Chr12.1036
KH.L75.11	KY21.Chr12.1037
KH.L75.1	KY21.Chr12.1038
KH.L75.14	KY21.Chr12.1039
KH.L75.2	KY21.Chr12.1040
KH.L72.1	KY21.Chr12.1042
KH.L72.4	KY21.Chr12.1042
KH.L72.3	KY21.Chr12.1043
KH.C12.633	KY21.Chr12.1045
KH.C12.420	KY21.Chr12.1047
KH.C12.256	KY21.Chr12.1049
KH.C12.530	KY21.Chr12.1050
KH.C2.1	KY21.Chr12.1051
KH.C2.132	KY21.Chr12.1051
KH.C12.255	KY21.Chr12.1052
KH.C12.445	KY21.Chr12.1053
KH.L75.12	KY21.Chr12.1056
KH.L75.4	KY21.Chr12.1059
KH.L75.3	KY21.Chr12.1060
KH.L75.10	KY21.Chr12.1061
KH.L75.8	KY21.Chr12.1062
KH.L7.15	KY21.Chr12.1063
KH.L75.7	KY21.Chr12.1063
KH.L7.11	KY21.Chr12.1064
KH.L7.14	KY21.Chr12.1065
KH.L7.12	KY21.Chr12.1066
KH.L7.23	KY21.Chr12.1067
KH.L7.7	KY21.Chr12.1068
KH.L7.25	KY21.Chr12.1070
KH.L7.9	KY21.Chr12.1071
KH.L7.6	KY21.Chr12.1072
KH.L7.20	KY21.Chr12.1074
KH.L7.28	KY21.Chr12.1075
KH.L7.30	KY21.Chr12.1076
KH.L7.5	KY21.Chr12.1077
KH.L7.22	KY21.Chr12.1079
KH.L7.4	KY21.Chr12.1080
KH.L7.29	KY21.Chr12.1081
KH.L7.21	KY21.Chr12.1083
KH.L7.3	KY21.Chr12.1085
KH.L7.2	KY21.Chr12.1088
KH.L7.16	KY21.Chr12.1089
KH.L7.19	KY21.Chr12.1090
KH.L7.1	KY21.Chr12.1091
KH.L7.26	KY21.Chr12.1092
KH.L7.24	KY21.Chr12.1093
KH.L7.13	KY21.Chr12.1094
KH.L7.17	KY21.Chr12.1095
KH.L7.8	KY21.Chr12.1096
KH.L55.5	KY21.Chr12.1096
KH.L55.4	KY21.Chr12.1097
KH.L55.3	KY21.Chr12.1098
KH.L55.2	KY21.Chr12.1099
KH.L55.6	KY21.Chr12.1100
KH.L55.1	KY21.Chr12.1101
KH.L55.7	KY21.Chr12.1102
KH.S1904.1	KY21.Chr13.3
KH.S1555.1	KY21.Chr13.9
KH.S1555.2	KY21.Chr13.10
KH.S567.3	KY21.Chr13.13
KH.S925.3	KY21.Chr13.33
KH.L25.2	KY21.Chr13.34
KH.S925.2	KY21.Chr13.34
KH.L25.15	KY21.Chr13.35
KH.L25.1	KY21.Chr13.38
KH.L25.8	KY21.Chr13.39
KH.L25.14	KY21.Chr13.40
KH.L25.10	KY21.Chr13.41
KH.L25.4	KY21.Chr13.42
KH.L25.5	KY21.Chr13.43
KH.L43.1	KY21.Chr13.44
KH.L43.3	KY21.Chr13.45
KH.L43.2	KY21.Chr13.46
KH.L43.5	KY21.Chr13.48
KH.L43.4	KY21.Chr13.49
KH.L25.13	KY21.Chr13.50
KH.L25.12	KY21.Chr13.51
KH.L25.17	KY21.Chr13.52
KH.L25.3	KY21.Chr13.53
KH.L25.7	KY21.Chr13.55
KH.S461.3	KY21.Chr13.56
KH.S461.4	KY21.Chr13.57
KH.S461.6	KY21.Chr13.58
KH.S461.8	KY21.Chr13.59
KH.S461.2	KY21.Chr13.60
KH.S461.7	KY21.Chr13.60
KH.S461.5	KY21.Chr13.62
KH.L136.4	KY21.Chr13.65
KH.C11.717	KY21.Chr13.66
KH.L136.2	KY21.Chr13.67
KH.L136.3	KY21.Chr13.68
KH.C13.167	KY21.Chr13.70
KH.S1494.1	KY21.Chr13.71
KH.S1508.1	KY21.Chr13.71
KH.C13.162	KY21.Chr13.74
KH.C13.177	KY21.Chr13.75
KH.C13.61	KY21.Chr13.76
KH.C13.106	KY21.Chr13.77
KH.C13.199	KY21.Chr13.78
KH.C13.149	KY21.Chr13.79
KH.C13.109	KY21.Chr13.80
KH.C13.130	KY21.Chr13.81
KH.C13.146	KY21.Chr13.82
KH.C13.16	KY21.Chr13.83
KH.L141.61	KY21.Chr13.83
KH.C13.63	KY21.Chr13.84
KH.S1622.2	KY21.Chr13.85
KH.S1508.2	KY21.Chr13.86
KH.C13.62	KY21.Chr13.88
KH.S1096.1	KY21.Chr13.89
KH.C13.160	KY21.Chr13.90
KH.C13.183	KY21.Chr13.91
KH.C13.59	KY21.Chr13.92
KH.S2311.1	KY21.Chr13.92
KH.C13.9	KY21.Chr13.93
KH.L77.1	KY21.Chr13.95
KH.L77.4	KY21.Chr13.96
KH.S1148.2	KY21.Chr13.97
KH.S1148.1	KY21.Chr13.98
KH.S1490.1	KY21.Chr13.98
KH.S1395.1	KY21.Chr13.99
KH.L49.1	KY21.Chr13.100
KH.S1230.1	KY21.Chr13.100
KH.L19.4	KY21.Chr13.102
KH.L19.8	KY21.Chr13.103
KH.L19.14	KY21.Chr13.104
KH.L19.3	KY21.Chr13.106
KH.L19.6	KY21.Chr13.107
KH.L19.12	KY21.Chr13.109
KH.L19.1	KY21.Chr13.110
KH.L19.10	KY21.Chr13.111
KH.L19.15	KY21.Chr13.113
KH.L167.4	KY21.Chr13.128
KH.L167.2	KY21.Chr13.130
KH.L167.3	KY21.Chr13.131
KH.L167.5	KY21.Chr13.132
KH.S2148.1	KY21.Chr13.134
KH.L138.1	KY21.Chr13.136
KH.S2332.1	KY21.Chr13.136
KH.L138.2	KY21.Chr13.138
KH.L81.2	KY21.Chr13.139
KH.L81.3	KY21.Chr13.140
KH.L81.1	KY21.Chr13.141
KH.L41.17	KY21.Chr13.143
KH.S1056.1	KY21.Chr13.143
KH.S1718.1	KY21.Chr13.144
KH.S447.1	KY21.Chr13.145
KH.S447.3	KY21.Chr13.145
KH.S447.2	KY21.Chr13.146
KH.L73.3	KY21.Chr13.154
KH.L73.12	KY21.Chr13.155
KH.L73.4	KY21.Chr13.156
KH.S1233.2	KY21.Chr13.156
KH.S1233.1	KY21.Chr13.157
KH.C14.499	KY21.Chr13.159
KH.L73.1	KY21.Chr13.159
KH.S1510.1	KY21.Chr13.159
KH.L73.10	KY21.Chr13.161
KH.L73.2	KY21.Chr13.162
KH.L73.8	KY21.Chr13.163
KH.S369.2	KY21.Chr13.164
KH.S369.7	KY21.Chr13.164
KH.S369.8	KY21.Chr13.165
KH.S369.1	KY21.Chr13.166
KH.S369.3	KY21.Chr13.167
KH.S369.6	KY21.Chr13.169
KH.S369.4	KY21.Chr13.170
KH.C11.83	KY21.Chr13.171
KH.C11.168	KY21.Chr13.172
KH.L162.11	KY21.Chr13.174
KH.L162.8	KY21.Chr13.175
KH.C5.119	KY21.Chr13.176
KH.C5.246	KY21.Chr13.177
KH.C5.36	KY21.Chr13.178
KH.S921.4	KY21.Chr13.179
KH.S921.3	KY21.Chr13.181
KH.S2205.1	KY21.Chr13.181
KH.S775.3	KY21.Chr13.186
KH.S775.5	KY21.Chr13.189
KH.S775.4	KY21.Chr13.190
KH.L162.9	KY21.Chr13.194
KH.L162.7	KY21.Chr13.196
KH.L162.2	KY21.Chr13.197
KH.L162.6	KY21.Chr13.198
KH.S551.2	KY21.Chr13.200
KH.S602.3	KY21.Chr13.203
KH.S602.2	KY21.Chr13.204
KH.S602.4	KY21.Chr13.205
KH.S602.5	KY21.Chr13.206
KH.L98.7	KY21.Chr13.209
KH.L98.2	KY21.Chr13.210
KH.L98.5	KY21.Chr13.211
KH.L98.4	KY21.Chr13.212
KH.L98.1	KY21.Chr13.213
KH.L98.6	KY21.Chr13.214
KH.S933.2	KY21.Chr13.216
KH.S498.2	KY21.Chr13.218
KH.S773.1	KY21.Chr13.218
KH.S498.1	KY21.Chr13.219
KH.L121.2	KY21.Chr13.220
KH.L121.3	KY21.Chr13.221
KH.L121.1	KY21.Chr13.223
KH.L143.8	KY21.Chr13.224
KH.L143.1	KY21.Chr13.225
KH.L143.11	KY21.Chr13.226
KH.L143.9	KY21.Chr13.227
KH.L143.3	KY21.Chr13.228
KH.L143.12	KY21.Chr13.228
KH.L143.13	KY21.Chr13.229
KH.C13.79	KY21.Chr13.231
KH.L143.5	KY21.Chr13.231
KH.S1321.1	KY21.Chr13.231
KH.S2107.1	KY21.Chr13.232
KH.C13.53	KY21.Chr13.233
KH.C13.108	KY21.Chr13.234
KH.C13.157	KY21.Chr13.235
KH.C13.26	KY21.Chr13.236
KH.C13.71	KY21.Chr13.237
KH.C13.122	KY21.Chr13.238
KH.C13.145	KY21.Chr13.239
KH.C13.198	KY21.Chr13.240
KH.C13.12	KY21.Chr13.241
KH.C13.36	KY21.Chr13.241
KH.C13.114	KY21.Chr13.243
KH.C13.158	KY21.Chr13.243
KH.C13.46	KY21.Chr13.245
KH.C13.127	KY21.Chr13.248
KH.C13.54	KY21.Chr13.250
KH.C13.67	KY21.Chr13.251
KH.C13.3	KY21.Chr13.252
KH.C13.107	KY21.Chr13.253
KH.C13.56	KY21.Chr13.254
KH.C13.169	KY21.Chr13.255
KH.C13.123	KY21.Chr13.257
KH.C13.52	KY21.Chr13.258
KH.C13.103	KY21.Chr13.260
KH.C13.118	KY21.Chr13.262
KH.C13.55	KY21.Chr13.263
KH.C13.80	KY21.Chr13.264
KH.C13.81	KY21.Chr13.265
KH.C13.132	KY21.Chr13.266
KH.C13.173	KY21.Chr13.271
KH.C13.150	KY21.Chr13.272
KH.S2533.1	KY21.Chr13.272
KH.C13.115	KY21.Chr13.273
KH.C13.74	KY21.Chr13.274
KH.C13.35	KY21.Chr13.275
KH.C13.13	KY21.Chr13.276
KH.C13.165	KY21.Chr13.277
KH.C13.83	KY21.Chr13.281
KH.C13.8	KY21.Chr13.283
KH.C13.31	KY21.Chr13.284
KH.C13.27	KY21.Chr13.287
KH.C13.171	KY21.Chr13.288
KH.C13.64	KY21.Chr13.289
KH.C13.131	KY21.Chr13.290
KH.C13.51	KY21.Chr13.291
KH.C13.38	KY21.Chr13.292
KH.C13.24	KY21.Chr13.293
KH.C13.18	KY21.Chr13.294
KH.C13.87	KY21.Chr13.295
KH.C13.1	KY21.Chr13.296
KH.C13.11	KY21.Chr13.297
KH.C13.42	KY21.Chr13.298
KH.C13.159	KY21.Chr13.299
KH.C13.34	KY21.Chr13.300
KH.C13.105	KY21.Chr13.303
KH.C13.48	KY21.Chr13.305
KH.C13.66	KY21.Chr13.307
KH.S1313.1	KY21.Chr13.308
KH.C13.72	KY21.Chr13.313
KH.C13.76	KY21.Chr13.314
KH.C13.139	KY21.Chr13.315
KH.C13.154	KY21.Chr13.316
KH.C13.168	KY21.Chr13.317
KH.C13.128	KY21.Chr13.318
KH.C13.68	KY21.Chr13.320
KH.C13.86	KY21.Chr13.321
KH.C13.25	KY21.Chr13.322
KH.C13.19	KY21.Chr13.323
KH.C13.186	KY21.Chr13.324
KH.C13.184	KY21.Chr13.325
KH.C13.20	KY21.Chr13.327
KH.C13.28	KY21.Chr13.328
KH.C13.32	KY21.Chr13.329
KH.C13.6	KY21.Chr13.330
KH.C13.142	KY21.Chr13.331
KH.C13.29	KY21.Chr13.332
KH.C13.152	KY21.Chr13.333
KH.C13.23	KY21.Chr13.334
KH.C13.101	KY21.Chr13.335
KH.C13.189	KY21.Chr13.336
KH.C13.92	KY21.Chr13.337
KH.C13.140	KY21.Chr13.339
KH.C13.70	KY21.Chr13.340
KH.C13.96	KY21.Chr13.341
KH.C13.111	KY21.Chr13.342
KH.C13.197	KY21.Chr13.343
KH.C13.170	KY21.Chr13.344
KH.C13.10	KY21.Chr13.345
KH.C13.121	KY21.Chr13.346
KH.C13.88	KY21.Chr13.347
KH.C13.102	KY21.Chr13.348
KH.C13.133	KY21.Chr13.349
KH.C13.147	KY21.Chr13.350
KH.L120.1	KY21.Chr13.351
KH.L120.2	KY21.Chr13.352
KH.S1222.2	KY21.Chr13.353
KH.S1222.3	KY21.Chr13.354
KH.S1222.1	KY21.Chr13.356
KH.C13.78	KY21.Chr13.357
KH.C13.60	KY21.Chr13.359
KH.C13.45	KY21.Chr13.360
KH.C13.134	KY21.Chr13.361
KH.C13.94	KY21.Chr13.362
KH.C13.93	KY21.Chr13.363
KH.C13.57	KY21.Chr13.364
KH.C13.176	KY21.Chr13.365
KH.C13.182	KY21.Chr13.366
KH.C13.135	KY21.Chr13.367
KH.C13.97	KY21.Chr13.368
KH.C13.163	KY21.Chr13.370
KH.C13.75	KY21.Chr13.371
KH.C13.30	KY21.Chr13.372
KH.C13.69	KY21.Chr13.373
KH.C13.190	KY21.Chr13.373
KH.C13.90	KY21.Chr13.374
KH.C13.99	KY21.Chr13.375
KH.C13.40	KY21.Chr13.376
KH.C13.187	KY21.Chr13.377
KH.C13.155	KY21.Chr13.378
KH.C13.119	KY21.Chr13.379
KH.C13.126	KY21.Chr13.380
KH.C13.98	KY21.Chr13.381
KH.C13.151	KY21.Chr13.381
KH.C13.49	KY21.Chr13.382
KH.C13.17	KY21.Chr13.383
KH.C13.136	KY21.Chr13.384
KH.C13.179	KY21.Chr13.386
KH.C13.129	KY21.Chr13.387
KH.C13.89	KY21.Chr13.388
KH.C13.196	KY21.Chr13.389
KH.C13.91	KY21.Chr13.390
KH.C13.124	KY21.Chr13.391
KH.C13.112	KY21.Chr13.392
KH.C13.195	KY21.Chr13.393
KH.S1026.1	KY21.Chr13.394
KH.L53.10	KY21.Chr13.395
KH.S746.1	KY21.Chr13.395
KH.C13.180	KY21.Chr13.396
KH.C13.14	KY21.Chr13.397
KH.C13.120	KY21.Chr13.398
KH.C13.41	KY21.Chr13.399
KH.C13.7	KY21.Chr13.401
KH.C13.116	KY21.Chr13.403
KH.C13.2	KY21.Chr13.404
KH.C13.100	KY21.Chr13.405
KH.C13.143	KY21.Chr13.406
KH.C13.191	KY21.Chr13.407
KH.C13.174	KY21.Chr13.408
KH.C13.82	KY21.Chr13.409
KH.C13.137	KY21.Chr13.410
KH.C13.141	KY21.Chr13.411
KH.C13.117	KY21.Chr13.412
KH.C13.110	KY21.Chr13.413
KH.C13.22	KY21.Chr13.415
KH.C13.4	KY21.Chr13.416
KH.C13.85	KY21.Chr13.417
KH.C13.73	KY21.Chr13.418
KH.S2635.1	KY21.Chr13.418
KH.C13.164	KY21.Chr13.419
KH.C13.5	KY21.Chr13.420
KH.C13.39	KY21.Chr13.421
KH.C13.178	KY21.Chr13.422
KH.C13.148	KY21.Chr13.423
KH.C13.153	KY21.Chr13.424
KH.C13.33	KY21.Chr13.425
KH.C13.156	KY21.Chr13.426
KH.C13.125	KY21.Chr13.427
KH.L102.3	KY21.Chr13.432
KH.L102.9	KY21.Chr13.433
KH.L102.10	KY21.Chr13.434
KH.L102.4	KY21.Chr13.435
KH.L102.5	KY21.Chr13.436
KH.L102.2	KY21.Chr13.437
KH.L102.7	KY21.Chr13.438
KH.L102.6	KY21.Chr13.439
KH.L102.8	KY21.Chr13.440
KH.L102.1	KY21.Chr13.441
KH.S1211.3	KY21.Chr13.442
KH.S2302.1	KY21.Chr13.442
KH.S1211.2	KY21.Chr13.443
KH.S215.8	KY21.Chr13.444
KH.S1211.1	KY21.Chr13.444
KH.S215.6	KY21.Chr13.446
KH.S215.5	KY21.Chr13.447
KH.S215.22	KY21.Chr13.448
KH.S215.18	KY21.Chr13.449
KH.S215.11	KY21.Chr13.450
KH.S215.9	KY21.Chr13.452
KH.S215.14	KY21.Chr13.453
KH.S215.2	KY21.Chr13.454
KH.S215.24	KY21.Chr13.455
KH.S215.12	KY21.Chr13.456
KH.S215.4	KY21.Chr13.457
KH.S215.20	KY21.Chr13.458
KH.S215.21	KY21.Chr13.459
KH.S215.7	KY21.Chr13.460
KH.S215.17	KY21.Chr13.461
KH.S2317.1	KY21.Chr13.461
KH.S215.3	KY21.Chr13.462
KH.L92.9	KY21.Chr13.464
KH.L92.13	KY21.Chr13.465
KH.L92.4	KY21.Chr13.466
KH.L92.1	KY21.Chr13.468
KH.L92.8	KY21.Chr13.469
KH.L92.7	KY21.Chr13.470
KH.L92.14	KY21.Chr13.471
KH.L92.10	KY21.Chr13.472
KH.L92.6	KY21.Chr13.473
KH.L92.5	KY21.Chr13.474
KH.L92.15	KY21.Chr13.475
KH.L92.16	KY21.Chr13.475
KH.L92.17	KY21.Chr13.475
KH.L92.11	KY21.Chr13.476
KH.L92.12	KY21.Chr13.477
KH.L92.2	KY21.Chr13.478
KH.L92.3	KY21.Chr13.479
KH.S595.9	KY21.Chr13.481
KH.S595.3	KY21.Chr13.482
KH.S595.5	KY21.Chr13.483
KH.S595.13	KY21.Chr13.484
KH.S595.14	KY21.Chr13.485
KH.S595.6	KY21.Chr13.486
KH.S595.10	KY21.Chr13.487
KH.S595.1	KY21.Chr13.488
KH.S595.4	KY21.Chr13.489
KH.S595.17	KY21.Chr13.490
KH.S595.11	KY21.Chr13.492
KH.S595.8	KY21.Chr13.493
KH.S595.16	KY21.Chr13.494
KH.S1462.1	KY21.Chr13.495
KH.L40.17	KY21.Chr14.1
KH.L40.11	KY21.Chr14.2
KH.L40.13	KY21.Chr14.4
KH.L40.12	KY21.Chr14.5
KH.L40.6	KY21.Chr14.6
KH.L40.28	KY21.Chr14.7
KH.L40.26	KY21.Chr14.8
KH.L40.14	KY21.Chr14.9
KH.L40.19	KY21.Chr14.10
KH.L40.8	KY21.Chr14.11
KH.L40.4	KY21.Chr14.12
KH.L40.18	KY21.Chr14.13
KH.L40.1	KY21.Chr14.14
KH.L40.23	KY21.Chr14.15
KH.L40.20	KY21.Chr14.16
KH.L40.2	KY21.Chr14.18
KH.L40.16	KY21.Chr14.19
KH.L40.25	KY21.Chr14.20
KH.L40.24	KY21.Chr14.22
KH.L40.10	KY21.Chr14.23
KH.L40.3	KY21.Chr14.24
KH.L38.15	KY21.Chr14.26
KH.S568.2	KY21.Chr14.26
KH.L38.4	KY21.Chr14.27
KH.L38.16	KY21.Chr14.29
KH.L38.19	KY21.Chr14.30
KH.L38.3	KY21.Chr14.33
KH.L38.6	KY21.Chr14.34
KH.L38.7	KY21.Chr14.35
KH.L38.18	KY21.Chr14.36
KH.L38.5	KY21.Chr14.37
KH.S1032.1	KY21.Chr14.39
KH.S1032.2	KY21.Chr14.40
KH.L38.2	KY21.Chr14.41
KH.S1402.2	KY21.Chr14.41
KH.S1402.1	KY21.Chr14.42
KH.L38.14	KY21.Chr14.43
KH.L38.9	KY21.Chr14.44
KH.L38.8	KY21.Chr14.45
KH.L38.11	KY21.Chr14.46
KH.L38.13	KY21.Chr14.46
KH.L38.10	KY21.Chr14.49
KH.L38.12	KY21.Chr14.50
KH.L38.1	KY21.Chr14.51
KH.S787.1	KY21.Chr14.52
KH.S787.3	KY21.Chr14.53
KH.S787.2	KY21.Chr14.55
KH.L39.5	KY21.Chr14.57
KH.L39.6	KY21.Chr14.60
KH.L39.7	KY21.Chr14.61
KH.L39.1	KY21.Chr14.63
KH.L39.4	KY21.Chr14.64
KH.L39.3	KY21.Chr14.65
KH.S2011.1	KY21.Chr14.66
KH.C14.175	KY21.Chr14.67
KH.S2909.1	KY21.Chr14.67
KH.S1147.1	KY21.Chr14.68
KH.S2084.2	KY21.Chr14.68
KH.C14.309	KY21.Chr14.70
KH.C14.230	KY21.Chr14.72
KH.C14.577	KY21.Chr14.73
KH.C14.358	KY21.Chr14.74
KH.C14.548	KY21.Chr14.76
KH.C14.473	KY21.Chr14.77
KH.C14.11	KY21.Chr14.78
KH.C14.619	KY21.Chr14.79
KH.C14.390	KY21.Chr14.80
KH.C14.618	KY21.Chr14.80
KH.C14.225	KY21.Chr14.81
KH.C14.205	KY21.Chr14.82
KH.C14.13	KY21.Chr14.83
KH.C14.212	KY21.Chr14.84
KH.C14.488	KY21.Chr14.85
KH.S766.1	KY21.Chr14.86
KH.S1390.1	KY21.Chr14.86
KH.C14.97	KY21.Chr14.87
KH.C14.519	KY21.Chr14.88
KH.C14.48	KY21.Chr14.90
KH.C14.240	KY21.Chr14.91
KH.C14.441	KY21.Chr14.92
KH.C14.41	KY21.Chr14.93
KH.C14.61	KY21.Chr14.94
KH.C14.2	KY21.Chr14.95
KH.C14.449	KY21.Chr14.96
KH.C14.102	KY21.Chr14.97
KH.C14.517	KY21.Chr14.98
KH.C14.438	KY21.Chr14.99
KH.C14.580	KY21.Chr14.100
KH.C14.507	KY21.Chr14.101
KH.C14.67	KY21.Chr14.102
KH.C14.253	KY21.Chr14.103
KH.C14.396	KY21.Chr14.104
KH.C14.202	KY21.Chr14.105
KH.C14.524	KY21.Chr14.106
KH.C14.8	KY21.Chr14.107
KH.C14.454	KY21.Chr14.108
KH.C14.1	KY21.Chr14.109
KH.C14.283	KY21.Chr14.111
KH.C14.288	KY21.Chr14.112
KH.C14.351	KY21.Chr14.113
KH.C14.217	KY21.Chr14.114
KH.C14.312	KY21.Chr14.115
KH.C14.180	KY21.Chr14.116
KH.L69.1	KY21.Chr14.117
KH.L69.10	KY21.Chr14.118
KH.L69.5	KY21.Chr14.119
KH.L69.4	KY21.Chr14.120
KH.L69.3	KY21.Chr14.121
KH.L69.7	KY21.Chr14.121
KH.L69.6	KY21.Chr14.122
KH.L69.11	KY21.Chr14.122
KH.L69.8	KY21.Chr14.123
KH.C14.165	KY21.Chr14.124
KH.C14.527	KY21.Chr14.125
KH.C14.274	KY21.Chr14.126
KH.C14.292	KY21.Chr14.127
KH.C14.276	KY21.Chr14.129
KH.C14.481	KY21.Chr14.130
KH.C14.597	KY21.Chr14.131
KH.C14.376	KY21.Chr14.133
KH.C14.105	KY21.Chr14.134
KH.C14.78	KY21.Chr14.135
KH.C14.101	KY21.Chr14.135
KH.C14.218	KY21.Chr14.136
KH.C14.203	KY21.Chr14.138
KH.C14.57	KY21.Chr14.139
KH.C14.239	KY21.Chr14.140
KH.C14.566	KY21.Chr14.141
KH.C14.585	KY21.Chr14.142
KH.C14.170	KY21.Chr14.143
KH.C14.368	KY21.Chr14.144
KH.C14.47	KY21.Chr14.145
KH.C14.565	KY21.Chr14.146
KH.C14.136	KY21.Chr14.147
KH.C14.222	KY21.Chr14.148
KH.C14.374	KY21.Chr14.149
KH.C14.200	KY21.Chr14.150
KH.C14.582	KY21.Chr14.151
KH.C14.150	KY21.Chr14.152
KH.C14.421	KY21.Chr14.152
KH.C14.75	KY21.Chr14.153
KH.C14.344	KY21.Chr14.153
KH.C14.347	KY21.Chr14.154
KH.C14.156	KY21.Chr14.155
KH.C14.3	KY21.Chr14.156
KH.C14.269	KY21.Chr14.157
KH.C14.119	KY21.Chr14.159
KH.C14.100	KY21.Chr14.160
KH.C14.252	KY21.Chr14.161
KH.C14.122	KY21.Chr14.162
KH.C14.28	KY21.Chr14.164
KH.C14.235	KY21.Chr14.165
KH.C14.407	KY21.Chr14.166
KH.C14.152	KY21.Chr14.167
KH.C14.343	KY21.Chr14.168
KH.C14.418	KY21.Chr14.169
KH.C14.433	KY21.Chr14.170
KH.C14.386	KY21.Chr14.171
KH.C14.369	KY21.Chr14.172
KH.C3.46	KY21.Chr14.173
KH.C14.406	KY21.Chr14.173
KH.C14.52	KY21.Chr14.174
KH.C14.65	KY21.Chr14.175
KH.C14.20	KY21.Chr14.176
KH.C14.530	KY21.Chr14.177
KH.C14.542	KY21.Chr14.178
KH.C14.469	KY21.Chr14.180
KH.C14.210	KY21.Chr14.181
KH.C14.349	KY21.Chr14.183
KH.C14.92	KY21.Chr14.184
KH.C14.104	KY21.Chr14.185
KH.C14.82	KY21.Chr14.186
KH.C14.497	KY21.Chr14.187
KH.C14.447	KY21.Chr14.188
KH.C14.265	KY21.Chr14.190
KH.C14.417	KY21.Chr14.193
KH.C14.409	KY21.Chr14.194
KH.C14.267	KY21.Chr14.195
KH.C14.130	KY21.Chr14.196
KH.C14.332	KY21.Chr14.197
KH.C14.568	KY21.Chr14.198
KH.C14.514	KY21.Chr14.201
KH.C14.254	KY21.Chr14.202
KH.C14.37	KY21.Chr14.203
KH.C14.157	KY21.Chr14.205
KH.C14.371	KY21.Chr14.206
KH.C14.598	KY21.Chr14.208
KH.C14.399	KY21.Chr14.209
KH.L89.2	KY21.Chr14.210
KH.L89.3	KY21.Chr14.211
KH.C14.62	KY21.Chr14.214
KH.C14.414	KY21.Chr14.215
KH.C14.54	KY21.Chr14.216
KH.C14.70	KY21.Chr14.217
KH.C14.491	KY21.Chr14.218
KH.C14.271	KY21.Chr14.219
KH.C14.58	KY21.Chr14.221
KH.C14.310	KY21.Chr14.222
KH.C14.424	KY21.Chr14.223
KH.C14.153	KY21.Chr14.225
KH.C14.437	KY21.Chr14.226
KH.C14.311	KY21.Chr14.227
KH.C14.231	KY21.Chr14.228
KH.C14.188	KY21.Chr14.229
KH.C14.168	KY21.Chr14.231
KH.C14.68	KY21.Chr14.232
KH.C14.206	KY21.Chr14.233
KH.C14.556	KY21.Chr14.234
KH.C14.99	KY21.Chr14.235
KH.C14.506	KY21.Chr14.237
KH.C14.432	KY21.Chr14.238
KH.C14.88	KY21.Chr14.241
KH.C14.603	KY21.Chr14.242
KH.C14.118	KY21.Chr14.243
KH.C14.541	KY21.Chr14.244
KH.C14.63	KY21.Chr14.245
KH.C14.471	KY21.Chr14.246
KH.C14.383	KY21.Chr14.248
KH.C14.516	KY21.Chr14.250
KH.S2662.1	KY21.Chr14.250
KH.C14.4	KY21.Chr14.252
KH.C14.465	KY21.Chr14.253
KH.C14.381	KY21.Chr14.254
KH.C14.248	KY21.Chr14.255
KH.C14.466	KY21.Chr14.256
KH.C14.475	KY21.Chr14.257
KH.C14.182	KY21.Chr14.258
KH.C14.83	KY21.Chr14.259
KH.C14.159	KY21.Chr14.260
KH.C14.176	KY21.Chr14.261
KH.C14.584	KY21.Chr14.262
KH.L104.4	KY21.Chr14.264
KH.S1163.2	KY21.Chr14.267
KH.S1163.1	KY21.Chr14.268
KH.C14.40	KY21.Chr14.271
KH.S3189.1	KY21.Chr14.271
KH.C14.6	KY21.Chr14.272
KH.C14.320	KY21.Chr14.273
KH.C14.388	KY21.Chr14.276
KH.S1074.2	KY21.Chr14.277
KH.C14.463	KY21.Chr14.279
KH.C14.395	KY21.Chr14.280
KH.C14.611	KY21.Chr14.281
KH.C14.204	KY21.Chr14.282
KH.C14.25	KY21.Chr14.283
KH.C14.187	KY21.Chr14.285
KH.C14.532	KY21.Chr14.285
KH.C14.74	KY21.Chr14.286
KH.C14.106	KY21.Chr14.287
KH.C14.352	KY21.Chr14.287
KH.C14.590	KY21.Chr14.290
KH.C14.95	KY21.Chr14.291
KH.C14.483	KY21.Chr14.292
KH.C14.197	KY21.Chr14.293
KH.C14.379	KY21.Chr14.294
KH.C14.416	KY21.Chr14.295
KH.C14.181	KY21.Chr14.296
KH.C14.366	KY21.Chr14.297
KH.C14.209	KY21.Chr14.298
KH.C14.505	KY21.Chr14.299
KH.C14.567	KY21.Chr14.301
KH.C14.56	KY21.Chr14.302
KH.C14.614	KY21.Chr14.303
KH.C14.468	KY21.Chr14.305
KH.C14.250	KY21.Chr14.306
KH.C14.538	KY21.Chr14.307
KH.C14.504	KY21.Chr14.308
KH.C14.300	KY21.Chr14.309
KH.C14.249	KY21.Chr14.310
KH.C14.9	KY21.Chr14.311
KH.C14.55	KY21.Chr14.312
KH.C14.256	KY21.Chr14.313
KH.C14.304	KY21.Chr14.314
KH.C14.335	KY21.Chr14.315
KH.C14.33	KY21.Chr14.316
KH.C14.382	KY21.Chr14.319
KH.C14.198	KY21.Chr14.324
KH.C14.290	KY21.Chr14.325
KH.C14.604	KY21.Chr14.326
KH.C14.245	KY21.Chr14.327
KH.C14.215	KY21.Chr14.328
KH.C14.316	KY21.Chr14.329
KH.C14.529	KY21.Chr14.330
KH.C14.30	KY21.Chr14.331
KH.C14.477	KY21.Chr14.333
KH.S1208.1	KY21.Chr14.335
KH.C14.302	KY21.Chr14.338
KH.C14.461	KY21.Chr14.339
KH.C14.186	KY21.Chr14.340
KH.C14.613	KY21.Chr14.341
KH.C14.24	KY21.Chr14.342
KH.C14.87	KY21.Chr14.345
KH.C14.173	KY21.Chr14.346
KH.C14.132	KY21.Chr14.347
KH.C14.576	KY21.Chr14.348
KH.C14.445	KY21.Chr14.351
KH.C14.553	KY21.Chr14.352
KH.C14.144	KY21.Chr14.353
KH.C14.328	KY21.Chr14.354
KH.C14.601	KY21.Chr14.355
KH.C14.579	KY21.Chr14.356
KH.C14.615	KY21.Chr14.357
KH.C14.120	KY21.Chr14.358
KH.C14.128	KY21.Chr14.359
KH.C14.380	KY21.Chr14.360
KH.C14.346	KY21.Chr14.362
KH.C14.494	KY21.Chr14.363
KH.C14.398	KY21.Chr14.364
KH.C14.143	KY21.Chr14.365
KH.C14.397	KY21.Chr14.366
KH.C14.586	KY21.Chr14.367
KH.C14.199	KY21.Chr14.368
KH.C14.43	KY21.Chr14.369
KH.C14.145	KY21.Chr14.370
KH.C14.495	KY21.Chr14.371
KH.C14.85	KY21.Chr14.372
KH.C14.185	KY21.Chr14.373
KH.C14.306	KY21.Chr14.374
KH.C14.31	KY21.Chr14.375
KH.C14.531	KY21.Chr14.377
KH.C14.211	KY21.Chr14.378
KH.C14.266	KY21.Chr14.380
KH.C14.551	KY21.Chr14.380
KH.C14.23	KY21.Chr14.381
KH.C14.139	KY21.Chr14.382
KH.C14.560	KY21.Chr14.383
KH.C14.53	KY21.Chr14.384
KH.C14.523	KY21.Chr14.386
KH.S1182.2	KY21.Chr14.387
KH.S1182.1	KY21.Chr14.388
KH.C14.350	KY21.Chr14.389
KH.C14.581	KY21.Chr14.390
KH.S1716.2	KY21.Chr14.391
KH.C14.485	KY21.Chr14.394
KH.C14.189	KY21.Chr14.399
KH.C14.612	KY21.Chr14.400
KH.C14.296	KY21.Chr14.401
KH.C14.493	KY21.Chr14.402
KH.C14.533	KY21.Chr14.403
KH.C14.392	KY21.Chr14.404
KH.C14.142	KY21.Chr14.405
KH.C14.415	KY21.Chr14.406
KH.L15.2	KY21.Chr14.407
KH.L15.3	KY21.Chr14.411
KH.L15.4	KY21.Chr14.412
KH.C14.22	KY21.Chr14.417
KH.C14.76	KY21.Chr14.418
KH.C14.21	KY21.Chr14.419
KH.C14.322	KY21.Chr14.420
KH.C14.10	KY21.Chr14.421
KH.C14.232	KY21.Chr14.422
KH.C14.402	KY21.Chr14.423
KH.C14.394	KY21.Chr14.424
KH.C14.224	KY21.Chr14.426
KH.S1867.1	KY21.Chr14.428
KH.S1867.2	KY21.Chr14.429
KH.C14.216	KY21.Chr14.431
KH.C14.400	KY21.Chr14.432
KH.C14.518	KY21.Chr14.433
KH.C14.270	KY21.Chr14.434
KH.C14.208	KY21.Chr14.436
KH.C14.492	KY21.Chr14.437
KH.C14.259	KY21.Chr14.438
KH.C14.555	KY21.Chr14.439
KH.C14.147	KY21.Chr14.440
KH.C14.428	KY21.Chr14.441
KH.C14.574	KY21.Chr14.442
KH.S1300.1	KY21.Chr14.443
KH.C14.108	KY21.Chr14.445
KH.C14.207	KY21.Chr14.446
KH.C14.525	KY21.Chr14.447
KH.C14.470	KY21.Chr14.448
KH.C14.570	KY21.Chr14.450
KH.C14.484	KY21.Chr14.451
KH.C14.593	KY21.Chr14.452
KH.C14.149	KY21.Chr14.453
KH.C14.591	KY21.Chr14.454
KH.C14.234	KY21.Chr14.455
KH.C14.238	KY21.Chr14.456
KH.C14.378	KY21.Chr14.457
KH.C14.455	KY21.Chr14.458
KH.C14.278	KY21.Chr14.459
KH.C14.123	KY21.Chr14.460
KH.C14.353	KY21.Chr14.461
KH.C14.420	KY21.Chr14.461
KH.C14.38	KY21.Chr14.463
KH.C14.446	KY21.Chr14.464
KH.C14.172	KY21.Chr14.465
KH.C14.227	KY21.Chr14.466
KH.C14.537	KY21.Chr14.467
KH.C14.121	KY21.Chr14.468
KH.C14.412	KY21.Chr14.469
KH.C14.94	KY21.Chr14.471
KH.C14.489	KY21.Chr14.472
KH.C14.512	KY21.Chr14.473
KH.C14.299	KY21.Chr14.474
KH.C14.329	KY21.Chr14.476
KH.C14.331	KY21.Chr14.477
KH.C14.535	KY21.Chr14.478
KH.C14.233	KY21.Chr14.479
KH.C14.151	KY21.Chr14.480
KH.C14.317	KY21.Chr14.481
KH.C14.583	KY21.Chr14.482
KH.C14.126	KY21.Chr14.483
KH.C14.509	KY21.Chr14.484
KH.C14.64	KY21.Chr14.485
KH.C14.345	KY21.Chr14.486
KH.C14.241	KY21.Chr14.487
KH.C14.247	KY21.Chr14.495
KH.C14.89	KY21.Chr14.497
KH.C14.45	KY21.Chr14.498
KH.C14.243	KY21.Chr14.499
KH.C14.502	KY21.Chr14.500
KH.C14.35	KY21.Chr14.501
KH.C14.413	KY21.Chr14.502
KH.C14.319	KY21.Chr14.503
KH.C14.163	KY21.Chr14.504
KH.C14.125	KY21.Chr14.505
KH.C14.360	KY21.Chr14.506
KH.C14.268	KY21.Chr14.507
KH.C14.184	KY21.Chr14.508
KH.C14.315	KY21.Chr14.510
KH.C14.487	KY21.Chr14.511
KH.C14.281	KY21.Chr14.512
KH.C14.457	KY21.Chr14.513
KH.C14.115	KY21.Chr14.514
KH.C14.29	KY21.Chr14.515
KH.C14.135	KY21.Chr14.516
KH.C14.72	KY21.Chr14.517
KH.C14.539	KY21.Chr14.518
KH.C14.575	KY21.Chr14.519
KH.C14.510	KY21.Chr14.520
KH.C14.285	KY21.Chr14.521
KH.C14.384	KY21.Chr14.523
KH.C14.423	KY21.Chr14.524
KH.C14.79	KY21.Chr14.525
KH.C14.277	KY21.Chr14.526
KH.C14.131	KY21.Chr14.528
KH.C14.546	KY21.Chr14.529
KH.C14.393	KY21.Chr14.530
KH.C14.263	KY21.Chr14.531
KH.C14.426	KY21.Chr14.532
KH.S2739.1	KY21.Chr14.532
KH.C14.562	KY21.Chr14.533
KH.C14.169	KY21.Chr14.534
KH.C14.607	KY21.Chr14.535
KH.C14.578	KY21.Chr14.536
KH.C14.166	KY21.Chr14.537
KH.C14.508	KY21.Chr14.538
KH.C14.439	KY21.Chr14.539
KH.C14.46	KY21.Chr14.540
KH.C14.81	KY21.Chr14.541
KH.C14.237	KY21.Chr14.542
KH.C14.303	KY21.Chr14.543
KH.C14.213	KY21.Chr14.544
KH.C14.588	KY21.Chr14.545
KH.C14.167	KY21.Chr14.546
KH.C14.236	KY21.Chr14.547
KH.C14.7	KY21.Chr14.548
KH.C14.602	KY21.Chr14.549
KH.C14.564	KY21.Chr14.550
KH.C14.587	KY21.Chr14.551
KH.C14.365	KY21.Chr14.552
KH.C14.5	KY21.Chr14.553
KH.C14.191	KY21.Chr14.554
KH.C14.133	KY21.Chr14.555
KH.C14.155	KY21.Chr14.556
KH.C14.17	KY21.Chr14.557
KH.C14.18	KY21.Chr14.558
KH.S809.1	KY21.Chr14.558
KH.S809.4	KY21.Chr14.559
KH.S809.3	KY21.Chr14.560
KH.S809.2	KY21.Chr14.561
KH.S651.3	KY21.Chr14.562
KH.S651.1	KY21.Chr14.564
KH.C14.354	KY21.Chr14.565
KH.C14.436	KY21.Chr14.566
KH.C14.324	KY21.Chr14.567
KH.C14.287	KY21.Chr14.568
KH.C14.96	KY21.Chr14.569
KH.C14.325	KY21.Chr14.570
KH.C14.80	KY21.Chr14.571
KH.C14.214	KY21.Chr14.572
KH.C14.443	KY21.Chr14.574
KH.C14.229	KY21.Chr14.575
KH.C14.134	KY21.Chr14.576
KH.C14.404	KY21.Chr14.583
KH.C14.408	KY21.Chr14.584
KH.C14.572	KY21.Chr14.585
KH.C14.480	KY21.Chr14.586
KH.C14.201	KY21.Chr14.587
KH.C14.51	KY21.Chr14.588
KH.C14.14	KY21.Chr14.589
KH.C14.272	KY21.Chr14.591
KH.C14.389	KY21.Chr14.592
KH.C14.511	KY21.Chr14.593
KH.C14.401	KY21.Chr14.594
KH.C14.148	KY21.Chr14.595
KH.C14.520	KY21.Chr14.596
KH.C14.295	KY21.Chr14.597
KH.C14.330	KY21.Chr14.598
KH.C14.16	KY21.Chr14.599
KH.C14.49	KY21.Chr14.600
KH.C14.103	KY21.Chr14.601
KH.C14.291	KY21.Chr14.603
KH.C14.434	KY21.Chr14.604
KH.C14.284	KY21.Chr14.606
KH.C14.472	KY21.Chr14.607
KH.C14.298	KY21.Chr14.608
KH.C14.534	KY21.Chr14.609
KH.C14.251	KY21.Chr14.610
KH.C14.595	KY21.Chr14.612
KH.C14.146	KY21.Chr14.615
KH.C14.554	KY21.Chr14.616
KH.C14.476	KY21.Chr14.617
KH.S762.1	KY21.Chr14.618
KH.S762.2	KY21.Chr14.620
KH.S762.5	KY21.Chr14.621
KH.S762.4	KY21.Chr14.622
KH.S762.3	KY21.Chr14.623
KH.C14.361	KY21.Chr14.624
KH.C14.114	KY21.Chr14.625
KH.C14.294	KY21.Chr14.626
KH.C14.178	KY21.Chr14.627
KH.C14.606	KY21.Chr14.629
KH.C14.286	KY21.Chr14.630
KH.C14.86	KY21.Chr14.631
KH.C14.138	KY21.Chr14.632
KH.C14.448	KY21.Chr14.633
KH.C14.264	KY21.Chr14.634
KH.C14.608	KY21.Chr14.635
KH.C14.333	KY21.Chr14.636
KH.C14.501	KY21.Chr14.637
KH.C14.544	KY21.Chr14.639
KH.C14.44	KY21.Chr14.640
KH.C14.221	KY21.Chr14.641
KH.C14.391	KY21.Chr14.642
KH.C14.260	KY21.Chr14.643
KH.C14.141	KY21.Chr14.644
KH.C14.257	KY21.Chr14.645
KH.C14.50	KY21.Chr14.646
KH.C14.377	KY21.Chr14.647
KH.S2264.1	KY21.Chr14.650
KH.S388.4	KY21.Chr14.651
KH.S388.5	KY21.Chr14.653
KH.S388.1	KY21.Chr14.654
KH.C14.90	KY21.Chr14.656
KH.C14.599	KY21.Chr14.657
KH.C14.293	KY21.Chr14.658
KH.C14.596	KY21.Chr14.660
KH.C14.616	KY21.Chr14.661
KH.C14.42	KY21.Chr14.662
KH.C14.116	KY21.Chr14.663
KH.S1060.2	KY21.Chr14.665
KH.C14.503	KY21.Chr14.669
KH.C14.522	KY21.Chr14.670
KH.C14.318	KY21.Chr14.671
KH.C14.223	KY21.Chr14.672
KH.S1140.1	KY21.Chr14.673
KH.C14.478	KY21.Chr14.674
KH.C14.427	KY21.Chr14.675
KH.C14.459	KY21.Chr14.676
KH.C14.334	KY21.Chr14.677
KH.C14.431	KY21.Chr14.678
KH.C14.280	KY21.Chr14.679
KH.C14.411	KY21.Chr14.680
KH.C14.559	KY21.Chr14.681
KH.C14.137	KY21.Chr14.682
KH.C14.109	KY21.Chr14.683
KH.C14.552	KY21.Chr14.684
KH.C14.273	KY21.Chr14.685
KH.C14.435	KY21.Chr14.687
KH.S1023.2	KY21.Chr14.688
KH.C14.500	KY21.Chr14.689
KH.S1023.1	KY21.Chr14.689
KH.C14.425	KY21.Chr14.690
KH.S1538.1	KY21.Chr14.691
KH.C14.451	KY21.Chr14.692
KH.C14.154	KY21.Chr14.693
KH.C14.610	KY21.Chr14.694
KH.C14.490	KY21.Chr14.695
KH.C14.355	KY21.Chr14.697
KH.C14.279	KY21.Chr14.698
KH.C14.571	KY21.Chr14.699
KH.C14.39	KY21.Chr14.700
KH.C14.282	KY21.Chr14.701
KH.C14.617	KY21.Chr14.702
KH.C14.301	KY21.Chr14.703
KH.C14.543	KY21.Chr14.704
KH.C14.220	KY21.Chr14.705
KH.C14.107	KY21.Chr14.706
KH.C14.515	KY21.Chr14.707
KH.C14.196	KY21.Chr14.708
KH.C14.430	KY21.Chr14.709
KH.C14.405	KY21.Chr14.710
KH.C14.193	KY21.Chr14.711
KH.C14.486	KY21.Chr14.714
KH.C14.545	KY21.Chr14.715
KH.C14.444	KY21.Chr14.716
KH.C14.34	KY21.Chr14.717
KH.C14.498	KY21.Chr14.718
KH.C14.337	KY21.Chr14.719
KH.C14.549	KY21.Chr14.721
KH.C14.261	KY21.Chr14.722
KH.C14.356	KY21.Chr14.722
KH.C14.450	KY21.Chr14.723
KH.C14.422	KY21.Chr14.724
KH.C14.297	KY21.Chr14.725
KH.C14.453	KY21.Chr14.726
KH.C14.219	KY21.Chr14.727
KH.C14.339	KY21.Chr14.728
KH.C14.36	KY21.Chr14.729
KH.C14.91	KY21.Chr14.730
KH.C14.244	KY21.Chr14.733
KH.C14.326	KY21.Chr14.734
KH.C14.370	KY21.Chr14.735
KH.C14.177	KY21.Chr14.736
KH.C14.164	KY21.Chr14.737
KH.C14.192	KY21.Chr14.738
KH.C14.521	KY21.Chr14.739
KH.C14.440	KY21.Chr14.741
KH.C14.474	KY21.Chr14.742
KH.C14.594	KY21.Chr14.743
KH.C14.496	KY21.Chr14.744
KH.S1469.1	KY21.Chr14.744
KH.C14.111	KY21.Chr14.745
KH.C14.540	KY21.Chr14.748
KH.C14.307	KY21.Chr14.750
KH.C14.84	KY21.Chr14.751
KH.C14.464	KY21.Chr14.752
KH.C14.550	KY21.Chr14.753
KH.C14.387	KY21.Chr14.754
KH.C14.308	KY21.Chr14.755
KH.C14.340	KY21.Chr14.757
KH.C14.573	KY21.Chr14.758
KH.C14.129	KY21.Chr14.759
KH.C14.140	KY21.Chr14.760
KH.C14.112	KY21.Chr14.761
KH.C14.323	KY21.Chr14.763
KH.C14.69	KY21.Chr14.764
KH.C14.467	KY21.Chr14.765
KH.C14.127	KY21.Chr14.766
KH.C14.124	KY21.Chr14.767
KH.C14.314	KY21.Chr14.768
KH.C14.275	KY21.Chr14.769
KH.C14.179	KY21.Chr14.770
KH.C14.190	KY21.Chr14.771
KH.C14.419	KY21.Chr14.772
KH.C14.460	KY21.Chr14.773
KH.C14.561	KY21.Chr14.774
KH.C14.262	KY21.Chr14.776
KH.S1598.2	KY21.Chr14.777
KH.S1598.1	KY21.Chr14.778
KH.C14.357	KY21.Chr14.779
KH.C14.373	KY21.Chr14.781
KH.C14.359	KY21.Chr14.782
KH.C14.73	KY21.Chr14.783
KH.C14.66	KY21.Chr14.784
KH.C14.77	KY21.Chr14.785
KH.C14.305	KY21.Chr14.785
KH.C14.528	KY21.Chr14.785
KH.C14.429	KY21.Chr14.788
KH.C14.228	KY21.Chr14.789
KH.C14.338	KY21.Chr14.790
KH.C14.15	KY21.Chr14.791
KH.C14.609	KY21.Chr14.792
KH.C14.110	KY21.Chr14.793
KH.C14.327	KY21.Chr14.794
KH.C14.93	KY21.Chr14.795
KH.C14.289	KY21.Chr14.797
KH.S1428.1	KY21.Chr14.799
KH.S902.1	KY21.Chr14.801
KH.S902.3	KY21.Chr14.802
KH.S1012.3	KY21.Chr14.803
KH.S1012.2	KY21.Chr14.804
KH.S1012.1	KY21.Chr14.805
KH.S1012.4	KY21.Chr14.806
KH.S725.1	KY21.Chr14.807
KH.S725.2	KY21.Chr14.808
KH.S725.5	KY21.Chr14.809
KH.C14.226	KY21.Chr14.811
KH.C14.348	KY21.Chr14.813
KH.C14.162	KY21.Chr14.815
KH.C14.183	KY21.Chr14.815
KH.L30.4	KY21.Chr14.815
KH.L30.1	KY21.Chr14.816
KH.S902.2	KY21.Chr14.816
KH.L30.3	KY21.Chr14.817
KH.L30.5	KY21.Chr14.818
KH.L30.2	KY21.Chr14.819
KH.L155.3	KY21.Chr14.819
KH.L155.11	KY21.Chr14.820
KH.L155.23	KY21.Chr14.821
KH.L155.6	KY21.Chr14.823
KH.L155.14	KY21.Chr14.824
KH.L155.12	KY21.Chr14.825
KH.S516.2	KY21.Chr14.826
KH.S516.3	KY21.Chr14.827
KH.S516.1	KY21.Chr14.828
KH.L155.25	KY21.Chr14.829
KH.S516.5	KY21.Chr14.830
KH.S516.4	KY21.Chr14.831
KH.L155.10	KY21.Chr14.832
KH.L155.13	KY21.Chr14.834
KH.L155.21	KY21.Chr14.835
KH.L155.9	KY21.Chr14.836
KH.L155.18	KY21.Chr14.837
KH.L155.15	KY21.Chr14.839
KH.L155.24	KY21.Chr14.840
KH.L155.2	KY21.Chr14.842
KH.L155.1	KY21.Chr14.843
KH.L155.7	KY21.Chr14.844
KH.L155.20	KY21.Chr14.845
KH.L155.5	KY21.Chr14.846
KH.L155.8	KY21.Chr14.847
KH.L155.16	KY21.Chr14.848
KH.L83.4	KY21.Chr14.850
KH.L83.7	KY21.Chr14.851
KH.L83.2	KY21.Chr14.852
KH.L83.1	KY21.Chr14.853
KH.L83.5	KY21.Chr14.854
KH.L83.6	KY21.Chr14.855
KH.L83.3	KY21.Chr14.856
KH.S1293.1	KY21.Chr14.856
KH.S1293.2	KY21.Chr14.856
KH.L106.10	KY21.Chr14.857
KH.S1293.3	KY21.Chr14.857
KH.L106.7	KY21.Chr14.858
KH.L106.15	KY21.Chr14.859
KH.L106.8	KY21.Chr14.860
KH.L106.17	KY21.Chr14.861
KH.L106.11	KY21.Chr14.862
KH.L106.16	KY21.Chr14.864
KH.L106.9	KY21.Chr14.865
KH.L106.14	KY21.Chr14.866
KH.L106.19	KY21.Chr14.867
KH.L106.13	KY21.Chr14.868
KH.L106.2	KY21.Chr14.869
KH.L106.3	KY21.Chr14.870
KH.L106.5	KY21.Chr14.871
KH.L106.12	KY21.Chr14.872
KH.L106.6	KY21.Chr14.873
KH.L106.18	KY21.Chr14.874
KH.L106.1	KY21.Chr14.875
KH.L106.20	KY21.Chr14.876
KH.L106.21	KY21.Chr14.877
KH.S1788.1	KY21.Chr14.877
KH.L150.3	KY21.Chr14.881
KH.L150.1	KY21.Chr14.882
KH.L150.5	KY21.Chr14.883
KH.L150.2	KY21.Chr14.884
KH.S433.2	KY21.UAContig1.6
KH.S433.1	KY21.UAContig1.8
KH.S363.5	KY21.UAContig1.11
KH.S433.3	KY21.UAContig1.13
KH.L34.26	KY21.UAContig1.19
KH.S1498.2	KY21.UAContig1.34
KH.S1175.1	KY21.UAContig1.41
KH.S496.2	KY21.UAContig1.43
KH.S496.3	KY21.UAContig1.50
KH.S496.1	KY21.UAContig1.51
KH.S1240.1	KY21.UAContig1.52
KH.S1240.2	KY21.UAContig1.54
KH.S2190.1	KY21.UAContig1.62
KH.S1346.3	KY21.UAContig1.63
KH.S1396.1	KY21.UAContig1.71
KH.S951.2	KY21.UAContig1.85
KH.S609.2	KY21.UAContig1.102
KH.S1622.1	KY21.UAContig1.102
KH.S609.1	KY21.UAContig1.104
KH.S609.3	KY21.UAContig1.105
KH.S749.1	KY21.UAContig1.106
KH.S483.1	KY21.UAContig1.114
KH.S483.4	KY21.UAContig1.115
KH.S483.3	KY21.UAContig1.116
KH.S483.2	KY21.UAContig1.118
KH.S1061.2	KY21.UAContig1.119
KH.S1061.1	KY21.UAContig1.120
KH.S1338.2	KY21.UAContig1.120
KH.S678.1	KY21.UAContig1.121
KH.S678.3	KY21.UAContig1.122
KH.S678.2	KY21.UAContig1.126
KH.L135.1	KY21.UAContig2.1
KH.L135.2	KY21.UAContig2.2
KH.L135.3	KY21.UAContig2.5
KH.L135.4	KY21.UAContig2.7
KH.S2145.1	KY21.UAContig2.7
KH.C8.672	KY21.UAContig2.9
KH.S822.1	KY21.UAContig2.13
KH.S822.2	KY21.UAContig2.15
KH.S1306.1	KY21.UAContig2.17
KH.S642.1	KY21.UAContig2.18
KH.S642.2	KY21.UAContig2.19
KH.S2152.2	KY21.UAContig2.20
KH.S2152.1	KY21.UAContig2.21
KH.S1610.1	KY21.UAContig2.24
KH.C3.731	KY21.UAContig2.26
KH.S1610.2	KY21.UAContig2.27
KH.S617.7	KY21.UAContig2.36
KH.S617.4	KY21.UAContig2.41
KH.S617.3	KY21.UAContig2.42
KH.S2388.1	KY21.UAContig2.48
KH.S1470.1	KY21.UAContig2.49
KH.S1250.1	KY21.UAContig3.11
KH.S1916.1	KY21.UAContig3.66
KH.S1658.1	KY21.UAContig3.90
KH.S904.1	KY21.UAContig3.105
KH.S1248.1	KY21.UAContig3.105
KH.S1636.1	KY21.UAContig3.126
KH.C2.102	KY21.UAContig3.129
KH.S1120.1	KY21.UAContig3.144
KH.S1120.4	KY21.UAContig3.145
KH.S1066.1	KY21.UAContig4.8
KH.S1066.2	KY21.UAContig4.9
KH.S1066.4	KY21.UAContig4.10
KH.S1066.3	KY21.UAContig4.11
KH.S1066.5	KY21.UAContig4.12
KH.S882.5	KY21.UAContig4.19
KH.S882.4	KY21.UAContig4.20
KH.S882.2	KY21.UAContig4.21
KH.S882.1	KY21.UAContig4.22
KH.S882.3	KY21.UAContig4.23
KH.S931.1	KY21.UAContig4.35
KH.S931.3	KY21.UAContig4.36
KH.S2142.1	KY21.UAContig4.39
KH.S2142.2	KY21.UAContig4.40
KH.L33.3	KY21.UAContig4.44
KH.L33.1	KY21.UAContig4.45
KH.L33.2	KY21.UAContig4.46
KH.L33.5	KY21.UAContig4.47
KH.L33.4	KY21.UAContig4.48
KH.S615.7	KY21.UAContig4.50
KH.S615.8	KY21.UAContig4.53
KH.S615.2	KY21.UAContig4.55
KH.S615.3	KY21.UAContig4.56
KH.S615.4	KY21.UAContig4.57
KH.S615.6	KY21.UAContig4.57
KH.S615.5	KY21.UAContig4.58
KH.L58.3	KY21.UAContig4.59
KH.L58.1	KY21.UAContig4.60
KH.L58.5	KY21.UAContig4.61
KH.S1990.1	KY21.UAContig4.61
KH.S841.4	KY21.UAContig5.1
KH.S364.10	KY21.UAContig5.7
KH.S364.8	KY21.UAContig5.11
KH.S364.2	KY21.UAContig5.14
KH.S364.7	KY21.UAContig5.15
KH.S364.3	KY21.UAContig5.16
KH.S364.6	KY21.UAContig5.19
KH.S364.4	KY21.UAContig5.20
KH.S364.5	KY21.UAContig5.21
KH.S364.9	KY21.UAContig5.22
KH.S364.1	KY21.UAContig5.24
KH.S1740.3	KY21.UAContig5.30
KH.S2708.1	KY21.UAContig6.3
KH.S2218.1	KY21.UAContig6.28
KH.S951.1	KY21.UAContig6.31
KH.S1236.1	KY21.UAContig7.10
KH.S1236.3	KY21.UAContig7.12
KH.L78.2	KY21.UAContig7.50
KH.L35.8	KY21.UAContig7.91
KH.L35.16	KY21.UAContig7.95
KH.S1847.2	KY21.UAContig8.4
KH.S1847.1	KY21.UAContig8.5
KH.S1062.3	KY21.UAContig8.13
KH.S1170.2	KY21.UAContig8.17
KH.S1036.2	KY21.UAContig8.18
KH.S1036.1	KY21.UAContig8.19
KH.S657.2	KY21.UAContig8.29
KH.S657.1	KY21.UAContig8.30
KH.S657.4	KY21.UAContig8.31
KH.S657.3	KY21.UAContig8.32
KH.S1807.1	KY21.UAContig8.34
KH.S2053.1	KY21.UAContig8.34
KH.S598.1	KY21.UAContig8.35
KH.S598.3	KY21.UAContig8.37
KH.S598.2	KY21.UAContig8.38
KH.S598.5	KY21.UAContig8.39
KH.S1666.1	KY21.UAContig9.25
KH.S962.1	KY21.UAContig9.26
KH.S1381.2	KY21.UAContig9.29
KH.S1381.1	KY21.UAContig9.30
KH.S1265.1	KY21.UAContig9.37
KH.S1615.1	KY21.UAContig9.44
KH.S2309.1	KY21.UAContig9.47
KH.S950.1	KY21.UAContig9.52
KH.S1062.4	KY21.UAContig10.6
KH.S1138.2	KY21.UAContig10.10
KH.S1138.1	KY21.UAContig10.13
KH.L161.2	KY21.UAContig10.16
KH.S1297.1	KY21.UAContig15.10
KH.L118.2	KY21.UAContig16.2
KH.L118.1	KY21.UAContig16.3
KH.L10.18	KY21.UAContig18.3
KH.L10.6	KY21.UAContig18.4
KH.L10.13	KY21.UAContig18.6
KH.L10.28	KY21.UAContig19.1
KH.L10.7	KY21.UAContig19.2
KH.L10.10	KY21.UAContig19.3
KH.C7.103	KY21.UAContig20.1
KH.C7.734	KY21.UAContig20.2
KH.C7.347	KY21.UAContig20.7
KH.S676.1	KY21.UAContig24.6
KH.L128.6	KY21.UAContig25.3
KH.C7.78	KY21.UAContig26.4
KH.C7.362	KY21.UAContig26.6
KH.S1328.1	KY21.UAContig27.1
KH.S1996.1	KY21.UAContig31.11
KH.S1482.3	KY21.UAContig35.3
KH.S1482.2	KY21.UAContig35.4
KH.S1482.4	KY21.UAContig35.5
KH.S1482.1	KY21.UAContig35.6
KH.S1482.5	KY21.UAContig35.7
KH.L128.10	KY21.UAContig37.2
KH.S345.2	KY21.UAContig41.7
KH.C7.567	KY21.UAContig48.2
KH.S2102.1	KY21.UAContig48.2
KH.C7.2	KY21.UAContig48.3
