URL	Stage	Gene	Territory	Territory_eq
https://www.aniseed.fr/aniseed/experiment/show_insitu_by_biomaterial?biomaterial_id=15299	Stage 12 (mid gastrula)	KH2012:KH.C1.274 (MYT1; MYT1L)	A9.13 cell pair	A9.13
https://www.aniseed.fr/aniseed/experiment/show_insitu_by_biomaterial?biomaterial_id=15299	Stage 12 (mid gastrula)	KH2012:KH.C1.274 (MYT1; MYT1L)	A9.13 cell pair	A9.13*
https://www.aniseed.fr/aniseed/experiment/show_insitu_by_biomaterial?biomaterial_id=15299	Stage 12 (mid gastrula)	KH2012:KH.C1.274 (MYT1; MYT1L)	A9.15 cell pair	A9.15
https://www.aniseed.fr/aniseed/experiment/show_insitu_by_biomaterial?biomaterial_id=15299	Stage 12 (mid gastrula)	KH2012:KH.C1.274 (MYT1; MYT1L)	A9.15 cell pair	A9.15*
https://www.aniseed.fr/aniseed/experiment/show_insitu_by_biomaterial?biomaterial_id=15299	Stage 12 (mid gastrula)	KH2012:KH.C1.274 (MYT1; MYT1L)	A9.29 cell pair	A9.29
https://www.aniseed.fr/aniseed/experiment/show_insitu_by_biomaterial?biomaterial_id=15299	Stage 12 (mid gastrula)	KH2012:KH.C1.274 (MYT1; MYT1L)	A9.29 cell pair	A9.29*
https://www.aniseed.fr/aniseed/experiment/show_insitu_by_biomaterial?biomaterial_id=19633	Stage 12 (mid gastrula)	KH2012:KH.C1.274 (MYT1; MYT1L)	a9.33 cell pair	a9.33
https://www.aniseed.fr/aniseed/experiment/show_insitu_by_biomaterial?biomaterial_id=19633	Stage 12 (mid gastrula)	KH2012:KH.C1.274 (MYT1; MYT1L)	a9.33 cell pair	a9.33*
https://www.aniseed.fr/aniseed/experiment/show_insitu_by_biomaterial?biomaterial_id=19633	Stage 12 (mid gastrula)	KH2012:KH.C1.274 (MYT1; MYT1L)	a9.37 cell pair	a9.37
https://www.aniseed.fr/aniseed/experiment/show_insitu_by_biomaterial?biomaterial_id=19633	Stage 12 (mid gastrula)	KH2012:KH.C1.274 (MYT1; MYT1L)	a9.37 cell pair	a9.37*
https://www.aniseed.fr/aniseed/experiment/show_insitu_by_biomaterial?biomaterial_id=28529	Stage 12 (mid gastrula)	KH2012:KH.C1.274 (MYT1; MYT1L)	a9.33 cell pair	a9.33
https://www.aniseed.fr/aniseed/experiment/show_insitu_by_biomaterial?biomaterial_id=28529	Stage 12 (mid gastrula)	KH2012:KH.C1.274 (MYT1; MYT1L)	a9.33 cell pair	a9.33*
https://www.aniseed.fr/aniseed/experiment/show_insitu_by_biomaterial?biomaterial_id=28529	Stage 12 (mid gastrula)	KH2012:KH.C1.274 (MYT1; MYT1L)	a9.37 cell pair	a9.37
https://www.aniseed.fr/aniseed/experiment/show_insitu_by_biomaterial?biomaterial_id=28529	Stage 12 (mid gastrula)	KH2012:KH.C1.274 (MYT1; MYT1L)	a9.37 cell pair	a9.37*
https://www.aniseed.fr/aniseed/experiment/show_insitu_by_biomaterial?biomaterial_id=28539	Stage 12 (mid gastrula)	KH2012:KH.C1.274 (MYT1; MYT1L)	a9.33 cell pair	a9.33
https://www.aniseed.fr/aniseed/experiment/show_insitu_by_biomaterial?biomaterial_id=28539	Stage 12 (mid gastrula)	KH2012:KH.C1.274 (MYT1; MYT1L)	a9.33 cell pair	a9.33*
https://www.aniseed.fr/aniseed/experiment/show_insitu_by_biomaterial?biomaterial_id=28539	Stage 12 (mid gastrula)	KH2012:KH.C1.274 (MYT1; MYT1L)	a9.37 cell pair	a9.37
https://www.aniseed.fr/aniseed/experiment/show_insitu_by_biomaterial?biomaterial_id=28539	Stage 12 (mid gastrula)	KH2012:KH.C1.274 (MYT1; MYT1L)	a9.37 cell pair	a9.37*
https://www.aniseed.fr/aniseed/experiment/show_insitu_by_biomaterial?biomaterial_id=28553	Stage 12 (mid gastrula)	KH2012:KH.C1.274 (MYT1; MYT1L)	a9.33 cell pair	a9.33
https://www.aniseed.fr/aniseed/experiment/show_insitu_by_biomaterial?biomaterial_id=28553	Stage 12 (mid gastrula)	KH2012:KH.C1.274 (MYT1; MYT1L)	a9.33 cell pair	a9.33*
https://www.aniseed.fr/aniseed/experiment/show_insitu_by_biomaterial?biomaterial_id=28553	Stage 12 (mid gastrula)	KH2012:KH.C1.274 (MYT1; MYT1L)	a9.37 cell pair	a9.37
https://www.aniseed.fr/aniseed/experiment/show_insitu_by_biomaterial?biomaterial_id=28553	Stage 12 (mid gastrula)	KH2012:KH.C1.274 (MYT1; MYT1L)	a9.37 cell pair	a9.37*
https://www.aniseed.fr/aniseed/experiment/show_insitu_by_biomaterial?biomaterial_id=17744	Stage 13 (late gastrula)	KH2012:KH.C1.274 (MYT1; MYT1L)	a9.33 cell pair	a9.33
https://www.aniseed.fr/aniseed/experiment/show_insitu_by_biomaterial?biomaterial_id=17744	Stage 13 (late gastrula)	KH2012:KH.C1.274 (MYT1; MYT1L)	a9.33 cell pair	a9.33*
https://www.aniseed.fr/aniseed/experiment/show_insitu_by_biomaterial?biomaterial_id=17744	Stage 13 (late gastrula)	KH2012:KH.C1.274 (MYT1; MYT1L)	a9.37 cell pair	a9.37
https://www.aniseed.fr/aniseed/experiment/show_insitu_by_biomaterial?biomaterial_id=17744	Stage 13 (late gastrula)	KH2012:KH.C1.274 (MYT1; MYT1L)	a9.37 cell pair	a9.37*
https://www.aniseed.fr/aniseed/experiment/show_insitu_by_biomaterial?biomaterial_id=21236	Stage 13 (late gastrula)	KH2012:KH.C1.274 (MYT1; MYT1L)	a9.33 cell pair	a9.33
https://www.aniseed.fr/aniseed/experiment/show_insitu_by_biomaterial?biomaterial_id=21236	Stage 13 (late gastrula)	KH2012:KH.C1.274 (MYT1; MYT1L)	a9.33 cell pair	a9.33*
https://www.aniseed.fr/aniseed/experiment/show_insitu_by_biomaterial?biomaterial_id=21236	Stage 13 (late gastrula)	KH2012:KH.C1.274 (MYT1; MYT1L)	a9.37 cell pair	a9.37
https://www.aniseed.fr/aniseed/experiment/show_insitu_by_biomaterial?biomaterial_id=21236	Stage 13 (late gastrula)	KH2012:KH.C1.274 (MYT1; MYT1L)	a9.37 cell pair	a9.37*
https://www.aniseed.fr/aniseed/experiment/show_insitu_by_biomaterial?biomaterial_id=28081	Stage 13 (late gastrula)	KH2012:KH.C1.274 (MYT1; MYT1L)	row III neural plate	a9.33
https://www.aniseed.fr/aniseed/experiment/show_insitu_by_biomaterial?biomaterial_id=28081	Stage 13 (late gastrula)	KH2012:KH.C1.274 (MYT1; MYT1L)	row III neural plate	a9.33*
https://www.aniseed.fr/aniseed/experiment/show_insitu_by_biomaterial?biomaterial_id=28081	Stage 13 (late gastrula)	KH2012:KH.C1.274 (MYT1; MYT1L)	row III neural plate	a9.37
https://www.aniseed.fr/aniseed/experiment/show_insitu_by_biomaterial?biomaterial_id=28081	Stage 13 (late gastrula)	KH2012:KH.C1.274 (MYT1; MYT1L)	row III neural plate	a9.37*
https://www.aniseed.fr/aniseed/experiment/show_insitu_by_biomaterial?biomaterial_id=20800	Stage 15 (mid neurula)	KH2012:KH.C1.274 (MYT1; MYT1L)	row III neural plate	a10.65
https://www.aniseed.fr/aniseed/experiment/show_insitu_by_biomaterial?biomaterial_id=20800	Stage 15 (mid neurula)	KH2012:KH.C1.274 (MYT1; MYT1L)	row III neural plate	a10.65*
https://www.aniseed.fr/aniseed/experiment/show_insitu_by_biomaterial?biomaterial_id=20800	Stage 15 (mid neurula)	KH2012:KH.C1.274 (MYT1; MYT1L)	row III neural plate	a10.73
https://www.aniseed.fr/aniseed/experiment/show_insitu_by_biomaterial?biomaterial_id=20800	Stage 15 (mid neurula)	KH2012:KH.C1.274 (MYT1; MYT1L)	row III neural plate	a10.73*
https://www.aniseed.fr/aniseed/experiment/show_insitu_by_biomaterial?biomaterial_id=20800	Stage 15 (mid neurula)	KH2012:KH.C1.274 (MYT1; MYT1L)	row III neural plate	a10.66
https://www.aniseed.fr/aniseed/experiment/show_insitu_by_biomaterial?biomaterial_id=20800	Stage 15 (mid neurula)	KH2012:KH.C1.274 (MYT1; MYT1L)	row III neural plate	a10.66*
https://www.aniseed.fr/aniseed/experiment/show_insitu_by_biomaterial?biomaterial_id=20800	Stage 15 (mid neurula)	KH2012:KH.C1.274 (MYT1; MYT1L)	row III neural plate	a10.74
https://www.aniseed.fr/aniseed/experiment/show_insitu_by_biomaterial?biomaterial_id=20800	Stage 15 (mid neurula)	KH2012:KH.C1.274 (MYT1; MYT1L)	row III neural plate	a10.74*
https://www.aniseed.fr/aniseed/experiment/show_insitu_by_biomaterial?biomaterial_id=17699	Stage 13 (late gastrula)	KH2012:KH.C1.777 (ZEB1; ZEB2; ZNF22)	A10.27 cell pair	A10.27
https://www.aniseed.fr/aniseed/experiment/show_insitu_by_biomaterial?biomaterial_id=17699	Stage 13 (late gastrula)	KH2012:KH.C1.777 (ZEB1; ZEB2; ZNF22)	A10.27 cell pair	A10.27*
https://www.aniseed.fr/aniseed/experiment/show_insitu_by_biomaterial?biomaterial_id=17699	Stage 13 (late gastrula)	KH2012:KH.C1.777 (ZEB1; ZEB2; ZNF22)	A10.28 cell pair	A10.28
https://www.aniseed.fr/aniseed/experiment/show_insitu_by_biomaterial?biomaterial_id=17699	Stage 13 (late gastrula)	KH2012:KH.C1.777 (ZEB1; ZEB2; ZNF22)	A10.28 cell pair	A10.28*
https://www.aniseed.fr/aniseed/experiment/show_insitu_by_biomaterial?biomaterial_id=17699	Stage 13 (late gastrula)	KH2012:KH.C1.777 (ZEB1; ZEB2; ZNF22)	A10.31 cell pair	A10.31
https://www.aniseed.fr/aniseed/experiment/show_insitu_by_biomaterial?biomaterial_id=17699	Stage 13 (late gastrula)	KH2012:KH.C1.777 (ZEB1; ZEB2; ZNF22)	A10.31 cell pair	A10.31*
https://www.aniseed.fr/aniseed/experiment/show_insitu_by_biomaterial?biomaterial_id=17699	Stage 13 (late gastrula)	KH2012:KH.C1.777 (ZEB1; ZEB2; ZNF22)	A10.32 cell pair	A10.32
https://www.aniseed.fr/aniseed/experiment/show_insitu_by_biomaterial?biomaterial_id=17699	Stage 13 (late gastrula)	KH2012:KH.C1.777 (ZEB1; ZEB2; ZNF22)	A10.32 cell pair	A10.32*
https://www.aniseed.fr/aniseed/experiment/show_insitu_by_biomaterial?biomaterial_id=17699	Stage 13 (late gastrula)	KH2012:KH.C1.777 (ZEB1; ZEB2; ZNF22)	A9.13 cell pair	A9.13
https://www.aniseed.fr/aniseed/experiment/show_insitu_by_biomaterial?biomaterial_id=17699	Stage 13 (late gastrula)	KH2012:KH.C1.777 (ZEB1; ZEB2; ZNF22)	A9.13 cell pair	A9.13*
https://www.aniseed.fr/aniseed/experiment/show_insitu_by_biomaterial?biomaterial_id=17699	Stage 13 (late gastrula)	KH2012:KH.C1.777 (ZEB1; ZEB2; ZNF22)	A9.15 cell pair	A9.15
https://www.aniseed.fr/aniseed/experiment/show_insitu_by_biomaterial?biomaterial_id=17699	Stage 13 (late gastrula)	KH2012:KH.C1.777 (ZEB1; ZEB2; ZNF22)	A9.15 cell pair	A9.15*
https://www.aniseed.fr/aniseed/experiment/show_insitu_by_biomaterial?biomaterial_id=21149	Stage 13 (late gastrula)	KH2012:KH.C1.777 (ZEB1; ZEB2; ZNF22)	A10.27 cell pair	A10.27
https://www.aniseed.fr/aniseed/experiment/show_insitu_by_biomaterial?biomaterial_id=21149	Stage 13 (late gastrula)	KH2012:KH.C1.777 (ZEB1; ZEB2; ZNF22)	A10.27 cell pair	A10.27*
https://www.aniseed.fr/aniseed/experiment/show_insitu_by_biomaterial?biomaterial_id=21149	Stage 13 (late gastrula)	KH2012:KH.C1.777 (ZEB1; ZEB2; ZNF22)	A10.28 cell pair	A10.28
https://www.aniseed.fr/aniseed/experiment/show_insitu_by_biomaterial?biomaterial_id=21149	Stage 13 (late gastrula)	KH2012:KH.C1.777 (ZEB1; ZEB2; ZNF22)	A10.28 cell pair	A10.28*
https://www.aniseed.fr/aniseed/experiment/show_insitu_by_biomaterial?biomaterial_id=21149	Stage 13 (late gastrula)	KH2012:KH.C1.777 (ZEB1; ZEB2; ZNF22)	A10.31 cell pair	A10.31
https://www.aniseed.fr/aniseed/experiment/show_insitu_by_biomaterial?biomaterial_id=21149	Stage 13 (late gastrula)	KH2012:KH.C1.777 (ZEB1; ZEB2; ZNF22)	A10.31 cell pair	A10.31*
https://www.aniseed.fr/aniseed/experiment/show_insitu_by_biomaterial?biomaterial_id=21149	Stage 13 (late gastrula)	KH2012:KH.C1.777 (ZEB1; ZEB2; ZNF22)	A10.32 cell pair	A10.32
https://www.aniseed.fr/aniseed/experiment/show_insitu_by_biomaterial?biomaterial_id=21149	Stage 13 (late gastrula)	KH2012:KH.C1.777 (ZEB1; ZEB2; ZNF22)	A10.32 cell pair	A10.32*
https://www.aniseed.fr/aniseed/experiment/show_insitu_by_biomaterial?biomaterial_id=21149	Stage 13 (late gastrula)	KH2012:KH.C1.777 (ZEB1; ZEB2; ZNF22)	A9.13 cell pair	A9.13
https://www.aniseed.fr/aniseed/experiment/show_insitu_by_biomaterial?biomaterial_id=21149	Stage 13 (late gastrula)	KH2012:KH.C1.777 (ZEB1; ZEB2; ZNF22)	A9.13 cell pair	A9.13*
https://www.aniseed.fr/aniseed/experiment/show_insitu_by_biomaterial?biomaterial_id=21149	Stage 13 (late gastrula)	KH2012:KH.C1.777 (ZEB1; ZEB2; ZNF22)	A9.15 cell pair	A9.15
https://www.aniseed.fr/aniseed/experiment/show_insitu_by_biomaterial?biomaterial_id=21149	Stage 13 (late gastrula)	KH2012:KH.C1.777 (ZEB1; ZEB2; ZNF22)	A9.15 cell pair	A9.15*
https://www.aniseed.fr/aniseed/experiment/show_insitu_by_biomaterial?biomaterial_id=15280	Stage 12 (mid gastrula)	KH2012:KH.C1.99 (SOX14; SOX2; SOX21)	A9.13 cell pair	A9.13
https://www.aniseed.fr/aniseed/experiment/show_insitu_by_biomaterial?biomaterial_id=15280	Stage 12 (mid gastrula)	KH2012:KH.C1.99 (SOX14; SOX2; SOX21)	A9.13 cell pair	A9.13*
https://www.aniseed.fr/aniseed/experiment/show_insitu_by_biomaterial?biomaterial_id=15280	Stage 12 (mid gastrula)	KH2012:KH.C1.99 (SOX14; SOX2; SOX21)	A9.14 cell pair	A9.14
https://www.aniseed.fr/aniseed/experiment/show_insitu_by_biomaterial?biomaterial_id=15280	Stage 12 (mid gastrula)	KH2012:KH.C1.99 (SOX14; SOX2; SOX21)	A9.14 cell pair	A9.14*
https://www.aniseed.fr/aniseed/experiment/show_insitu_by_biomaterial?biomaterial_id=15280	Stage 12 (mid gastrula)	KH2012:KH.C1.99 (SOX14; SOX2; SOX21)	A9.15 cell pair	A9.15
https://www.aniseed.fr/aniseed/experiment/show_insitu_by_biomaterial?biomaterial_id=15280	Stage 12 (mid gastrula)	KH2012:KH.C1.99 (SOX14; SOX2; SOX21)	A9.15 cell pair	A9.15*
https://www.aniseed.fr/aniseed/experiment/show_insitu_by_biomaterial?biomaterial_id=15280	Stage 12 (mid gastrula)	KH2012:KH.C1.99 (SOX14; SOX2; SOX21)	A9.16 cell pair	A9.16
https://www.aniseed.fr/aniseed/experiment/show_insitu_by_biomaterial?biomaterial_id=15280	Stage 12 (mid gastrula)	KH2012:KH.C1.99 (SOX14; SOX2; SOX21)	A9.16 cell pair	A9.16*
https://www.aniseed.fr/aniseed/experiment/show_insitu_by_biomaterial?biomaterial_id=15280	Stage 12 (mid gastrula)	KH2012:KH.C1.99 (SOX14; SOX2; SOX21)	A9.29 cell pair	A9.29
https://www.aniseed.fr/aniseed/experiment/show_insitu_by_biomaterial?biomaterial_id=15280	Stage 12 (mid gastrula)	KH2012:KH.C1.99 (SOX14; SOX2; SOX21)	A9.29 cell pair	A9.29*
https://www.aniseed.fr/aniseed/experiment/show_insitu_by_biomaterial?biomaterial_id=15280	Stage 12 (mid gastrula)	KH2012:KH.C1.99 (SOX14; SOX2; SOX21)	A9.30 cell pair	A9.30
https://www.aniseed.fr/aniseed/experiment/show_insitu_by_biomaterial?biomaterial_id=15280	Stage 12 (mid gastrula)	KH2012:KH.C1.99 (SOX14; SOX2; SOX21)	A9.30 cell pair	A9.30*
https://www.aniseed.fr/aniseed/experiment/show_insitu_by_biomaterial?biomaterial_id=15280	Stage 12 (mid gastrula)	KH2012:KH.C1.99 (SOX14; SOX2; SOX21)	A9.32 cell pair	A9.32
https://www.aniseed.fr/aniseed/experiment/show_insitu_by_biomaterial?biomaterial_id=15280	Stage 12 (mid gastrula)	KH2012:KH.C1.99 (SOX14; SOX2; SOX21)	A9.32 cell pair	A9.32*
https://www.aniseed.fr/aniseed/experiment/show_insitu_by_biomaterial?biomaterial_id=15533	Stage 14 (early neurula)	KH2012:KH.C10.106 (MITF; TFE3; TFEB)	row III neural plate	a9.49
https://www.aniseed.fr/aniseed/experiment/show_insitu_by_biomaterial?biomaterial_id=15533	Stage 14 (early neurula)	KH2012:KH.C10.106 (MITF; TFE3; TFEB)	row III neural plate	a9.49*
https://www.aniseed.fr/aniseed/experiment/show_insitu_by_biomaterial?biomaterial_id=15534	Stage 16 (late neurula)	KH2012:KH.C10.106 (MITF; TFE3; TFEB)	a10.97 cell pair	a10.97
https://www.aniseed.fr/aniseed/experiment/show_insitu_by_biomaterial?biomaterial_id=15534	Stage 16 (late neurula)	KH2012:KH.C10.106 (MITF; TFE3; TFEB)	a10.97 cell pair	a10.97*
https://www.aniseed.fr/aniseed/experiment/show_insitu_by_biomaterial?biomaterial_id=26212	Stage 16 (late neurula)	KH2012:KH.C10.106 (MITF; TFE3; TFEB)	a10.97 cell pair	a10.97
https://www.aniseed.fr/aniseed/experiment/show_insitu_by_biomaterial?biomaterial_id=26212	Stage 16 (late neurula)	KH2012:KH.C10.106 (MITF; TFE3; TFEB)	a10.97 cell pair	a10.97*
https://www.aniseed.fr/aniseed/experiment/show_insitu_by_biomaterial?biomaterial_id=15272	Stage 12 (mid gastrula)	KH2012:KH.C10.113 (ETS1; ETS2; ETV1)	A9.14 cell pair	A9.14
https://www.aniseed.fr/aniseed/experiment/show_insitu_by_biomaterial?biomaterial_id=15272	Stage 12 (mid gastrula)	KH2012:KH.C10.113 (ETS1; ETS2; ETV1)	A9.14 cell pair	A9.14*
https://www.aniseed.fr/aniseed/experiment/show_insitu_by_biomaterial?biomaterial_id=15272	Stage 12 (mid gastrula)	KH2012:KH.C10.113 (ETS1; ETS2; ETV1)	A9.16 cell pair	A9.16
https://www.aniseed.fr/aniseed/experiment/show_insitu_by_biomaterial?biomaterial_id=15272	Stage 12 (mid gastrula)	KH2012:KH.C10.113 (ETS1; ETS2; ETV1)	A9.16 cell pair	A9.16*
https://www.aniseed.fr/aniseed/experiment/show_insitu_by_biomaterial?biomaterial_id=15272	Stage 12 (mid gastrula)	KH2012:KH.C10.113 (ETS1; ETS2; ETV1)	A9.29 cell pair	A9.29
https://www.aniseed.fr/aniseed/experiment/show_insitu_by_biomaterial?biomaterial_id=15272	Stage 12 (mid gastrula)	KH2012:KH.C10.113 (ETS1; ETS2; ETV1)	A9.29 cell pair	A9.29*
https://www.aniseed.fr/aniseed/experiment/show_insitu_by_biomaterial?biomaterial_id=15272	Stage 12 (mid gastrula)	KH2012:KH.C10.113 (ETS1; ETS2; ETV1)	A9.30 cell pair	A9.30
https://www.aniseed.fr/aniseed/experiment/show_insitu_by_biomaterial?biomaterial_id=15272	Stage 12 (mid gastrula)	KH2012:KH.C10.113 (ETS1; ETS2; ETV1)	A9.30 cell pair	A9.30*
https://www.aniseed.fr/aniseed/experiment/show_insitu_by_biomaterial?biomaterial_id=15272	Stage 12 (mid gastrula)	KH2012:KH.C10.113 (ETS1; ETS2; ETV1)	A9.32 cell pair	A9.32
https://www.aniseed.fr/aniseed/experiment/show_insitu_by_biomaterial?biomaterial_id=15272	Stage 12 (mid gastrula)	KH2012:KH.C10.113 (ETS1; ETS2; ETV1)	A9.32 cell pair	A9.32*
https://www.aniseed.fr/aniseed/experiment/show_insitu_by_biomaterial?biomaterial_id=28627	Stage 13 (late gastrula)	KH2012:KH.C10.113 (ETS1; ETS2; ETV1)	row III neural plate	a9.33
https://www.aniseed.fr/aniseed/experiment/show_insitu_by_biomaterial?biomaterial_id=28627	Stage 13 (late gastrula)	KH2012:KH.C10.113 (ETS1; ETS2; ETV1)	row III neural plate	a9.37*
https://www.aniseed.fr/aniseed/experiment/show_insitu_by_biomaterial?biomaterial_id=28627	Stage 13 (late gastrula)	KH2012:KH.C10.113 (ETS1; ETS2; ETV1)	row IV neural plate	a9.34
https://www.aniseed.fr/aniseed/experiment/show_insitu_by_biomaterial?biomaterial_id=28627	Stage 13 (late gastrula)	KH2012:KH.C10.113 (ETS1; ETS2; ETV1)	row IV neural plate	a9.34*
https://www.aniseed.fr/aniseed/experiment/show_insitu_by_biomaterial?biomaterial_id=28627	Stage 13 (late gastrula)	KH2012:KH.C10.113 (ETS1; ETS2; ETV1)	row IV neural plate	a9.38
https://www.aniseed.fr/aniseed/experiment/show_insitu_by_biomaterial?biomaterial_id=28627	Stage 13 (late gastrula)	KH2012:KH.C10.113 (ETS1; ETS2; ETV1)	row IV neural plate	a9.38*
https://www.aniseed.fr/aniseed/experiment/show_insitu_by_biomaterial?biomaterial_id=28627	Stage 13 (late gastrula)	KH2012:KH.C10.113 (ETS1; ETS2; ETV1)	row IV neural plate	a9.50
https://www.aniseed.fr/aniseed/experiment/show_insitu_by_biomaterial?biomaterial_id=28627	Stage 13 (late gastrula)	KH2012:KH.C10.113 (ETS1; ETS2; ETV1)	row IV neural plate	a9.50*
https://www.aniseed.fr/aniseed/experiment/show_insitu_by_biomaterial?biomaterial_id=18596	Stage 12 (mid gastrula)	KH2012:KH.C10.150 (PAX3; PAX6; PAX7)	a9.49 cell pair	a9.49
https://www.aniseed.fr/aniseed/experiment/show_insitu_by_biomaterial?biomaterial_id=18596	Stage 12 (mid gastrula)	KH2012:KH.C10.150 (PAX3; PAX6; PAX7)	a9.49 cell pair	a9.49*
https://www.aniseed.fr/aniseed/experiment/show_insitu_by_biomaterial?biomaterial_id=18596	Stage 12 (mid gastrula)	KH2012:KH.C10.150 (PAX3; PAX6; PAX7)	a9.50 cell pair	a9.50
https://www.aniseed.fr/aniseed/experiment/show_insitu_by_biomaterial?biomaterial_id=18596	Stage 12 (mid gastrula)	KH2012:KH.C10.150 (PAX3; PAX6; PAX7)	a9.50 cell pair	a9.50*
https://www.aniseed.fr/aniseed/experiment/show_insitu_by_biomaterial?biomaterial_id=23954	Stage 12 (mid gastrula)	KH2012:KH.C10.367 (SIX1; SIX3; SIX6)	row IV neural plate	a9.34
https://www.aniseed.fr/aniseed/experiment/show_insitu_by_biomaterial?biomaterial_id=23954	Stage 12 (mid gastrula)	KH2012:KH.C10.367 (SIX1; SIX3; SIX6)	row IV neural plate	a9.34*
https://www.aniseed.fr/aniseed/experiment/show_insitu_by_biomaterial?biomaterial_id=23954	Stage 12 (mid gastrula)	KH2012:KH.C10.367 (SIX1; SIX3; SIX6)	row IV neural plate	a9.38
https://www.aniseed.fr/aniseed/experiment/show_insitu_by_biomaterial?biomaterial_id=23954	Stage 12 (mid gastrula)	KH2012:KH.C10.367 (SIX1; SIX3; SIX6)	row IV neural plate	a9.38*
https://www.aniseed.fr/aniseed/experiment/show_insitu_by_biomaterial?biomaterial_id=23954	Stage 12 (mid gastrula)	KH2012:KH.C10.367 (SIX1; SIX3; SIX6)	row IV neural plate	a9.50
https://www.aniseed.fr/aniseed/experiment/show_insitu_by_biomaterial?biomaterial_id=23954	Stage 12 (mid gastrula)	KH2012:KH.C10.367 (SIX1; SIX3; SIX6)	row IV neural plate	a9.50*
https://www.aniseed.fr/aniseed/experiment/show_insitu_by_biomaterial?biomaterial_id=28517	Stage 12 (mid gastrula)	KH2012:KH.C10.367 (SIX1; SIX3; SIX6)	row IV neural plate	a9.34
https://www.aniseed.fr/aniseed/experiment/show_insitu_by_biomaterial?biomaterial_id=28517	Stage 12 (mid gastrula)	KH2012:KH.C10.367 (SIX1; SIX3; SIX6)	row IV neural plate	a9.34*
https://www.aniseed.fr/aniseed/experiment/show_insitu_by_biomaterial?biomaterial_id=28517	Stage 12 (mid gastrula)	KH2012:KH.C10.367 (SIX1; SIX3; SIX6)	row IV neural plate	a9.38
https://www.aniseed.fr/aniseed/experiment/show_insitu_by_biomaterial?biomaterial_id=28517	Stage 12 (mid gastrula)	KH2012:KH.C10.367 (SIX1; SIX3; SIX6)	row IV neural plate	a9.38*
https://www.aniseed.fr/aniseed/experiment/show_insitu_by_biomaterial?biomaterial_id=28517	Stage 12 (mid gastrula)	KH2012:KH.C10.367 (SIX1; SIX3; SIX6)	row IV neural plate	a9.50
https://www.aniseed.fr/aniseed/experiment/show_insitu_by_biomaterial?biomaterial_id=28517	Stage 12 (mid gastrula)	KH2012:KH.C10.367 (SIX1; SIX3; SIX6)	row IV neural plate	a9.50*
https://www.aniseed.fr/aniseed/experiment/show_insitu_by_biomaterial?biomaterial_id=28537	Stage 12 (mid gastrula)	KH2012:KH.C10.367 (SIX1; SIX3; SIX6)	row IV neural plate	a9.34
https://www.aniseed.fr/aniseed/experiment/show_insitu_by_biomaterial?biomaterial_id=28537	Stage 12 (mid gastrula)	KH2012:KH.C10.367 (SIX1; SIX3; SIX6)	row IV neural plate	a9.34*
https://www.aniseed.fr/aniseed/experiment/show_insitu_by_biomaterial?biomaterial_id=28537	Stage 12 (mid gastrula)	KH2012:KH.C10.367 (SIX1; SIX3; SIX6)	row IV neural plate	a9.38
https://www.aniseed.fr/aniseed/experiment/show_insitu_by_biomaterial?biomaterial_id=28537	Stage 12 (mid gastrula)	KH2012:KH.C10.367 (SIX1; SIX3; SIX6)	row IV neural plate	a9.38*
https://www.aniseed.fr/aniseed/experiment/show_insitu_by_biomaterial?biomaterial_id=28537	Stage 12 (mid gastrula)	KH2012:KH.C10.367 (SIX1; SIX3; SIX6)	row IV neural plate	a9.50
https://www.aniseed.fr/aniseed/experiment/show_insitu_by_biomaterial?biomaterial_id=28537	Stage 12 (mid gastrula)	KH2012:KH.C10.367 (SIX1; SIX3; SIX6)	row IV neural plate	a9.50*
https://www.aniseed.fr/aniseed/experiment/show_insitu_by_biomaterial?biomaterial_id=28548	Stage 12 (mid gastrula)	KH2012:KH.C10.367 (SIX1; SIX3; SIX6)	row IV neural plate	a9.34
https://www.aniseed.fr/aniseed/experiment/show_insitu_by_biomaterial?biomaterial_id=28548	Stage 12 (mid gastrula)	KH2012:KH.C10.367 (SIX1; SIX3; SIX6)	row IV neural plate	a9.34*
https://www.aniseed.fr/aniseed/experiment/show_insitu_by_biomaterial?biomaterial_id=28548	Stage 12 (mid gastrula)	KH2012:KH.C10.367 (SIX1; SIX3; SIX6)	row IV neural plate	a9.38
https://www.aniseed.fr/aniseed/experiment/show_insitu_by_biomaterial?biomaterial_id=28548	Stage 12 (mid gastrula)	KH2012:KH.C10.367 (SIX1; SIX3; SIX6)	row IV neural plate	a9.38*
https://www.aniseed.fr/aniseed/experiment/show_insitu_by_biomaterial?biomaterial_id=28548	Stage 12 (mid gastrula)	KH2012:KH.C10.367 (SIX1; SIX3; SIX6)	row IV neural plate	a9.50
https://www.aniseed.fr/aniseed/experiment/show_insitu_by_biomaterial?biomaterial_id=28548	Stage 12 (mid gastrula)	KH2012:KH.C10.367 (SIX1; SIX3; SIX6)	row IV neural plate	a9.50*
https://www.aniseed.fr/aniseed/experiment/show_insitu_by_biomaterial?biomaterial_id=28618	Stage 12 (mid gastrula)	KH2012:KH.C10.367 (SIX1; SIX3; SIX6)	row IV neural plate	a9.34
https://www.aniseed.fr/aniseed/experiment/show_insitu_by_biomaterial?biomaterial_id=28618	Stage 12 (mid gastrula)	KH2012:KH.C10.367 (SIX1; SIX3; SIX6)	row IV neural plate	a9.34*
https://www.aniseed.fr/aniseed/experiment/show_insitu_by_biomaterial?biomaterial_id=28618	Stage 12 (mid gastrula)	KH2012:KH.C10.367 (SIX1; SIX3; SIX6)	row IV neural plate	a9.38
https://www.aniseed.fr/aniseed/experiment/show_insitu_by_biomaterial?biomaterial_id=28618	Stage 12 (mid gastrula)	KH2012:KH.C10.367 (SIX1; SIX3; SIX6)	row IV neural plate	a9.38*
https://www.aniseed.fr/aniseed/experiment/show_insitu_by_biomaterial?biomaterial_id=28618	Stage 12 (mid gastrula)	KH2012:KH.C10.367 (SIX1; SIX3; SIX6)	row IV neural plate	a9.50
https://www.aniseed.fr/aniseed/experiment/show_insitu_by_biomaterial?biomaterial_id=28618	Stage 12 (mid gastrula)	KH2012:KH.C10.367 (SIX1; SIX3; SIX6)	row IV neural plate	a9.50*
https://www.aniseed.fr/aniseed/experiment/show_insitu_by_biomaterial?biomaterial_id=21309	Stage 13 (late gastrula)	KH2012:KH.C10.367 (SIX1; SIX3; SIX6)	row IV neural plate	a9.34
https://www.aniseed.fr/aniseed/experiment/show_insitu_by_biomaterial?biomaterial_id=21309	Stage 13 (late gastrula)	KH2012:KH.C10.367 (SIX1; SIX3; SIX6)	row IV neural plate	a9.34*
https://www.aniseed.fr/aniseed/experiment/show_insitu_by_biomaterial?biomaterial_id=21309	Stage 13 (late gastrula)	KH2012:KH.C10.367 (SIX1; SIX3; SIX6)	row IV neural plate	a9.38
https://www.aniseed.fr/aniseed/experiment/show_insitu_by_biomaterial?biomaterial_id=21309	Stage 13 (late gastrula)	KH2012:KH.C10.367 (SIX1; SIX3; SIX6)	row IV neural plate	a9.38*
https://www.aniseed.fr/aniseed/experiment/show_insitu_by_biomaterial?biomaterial_id=21309	Stage 13 (late gastrula)	KH2012:KH.C10.367 (SIX1; SIX3; SIX6)	row IV neural plate	a9.50
https://www.aniseed.fr/aniseed/experiment/show_insitu_by_biomaterial?biomaterial_id=21309	Stage 13 (late gastrula)	KH2012:KH.C10.367 (SIX1; SIX3; SIX6)	row IV neural plate	a9.50*
https://www.aniseed.fr/aniseed/experiment/show_insitu_by_biomaterial?biomaterial_id=23979	Stage 13 (late gastrula)	KH2012:KH.C10.367 (SIX1; SIX3; SIX6)	row IV neural plate	a9.34
https://www.aniseed.fr/aniseed/experiment/show_insitu_by_biomaterial?biomaterial_id=23979	Stage 13 (late gastrula)	KH2012:KH.C10.367 (SIX1; SIX3; SIX6)	row IV neural plate	a9.34*
https://www.aniseed.fr/aniseed/experiment/show_insitu_by_biomaterial?biomaterial_id=23979	Stage 13 (late gastrula)	KH2012:KH.C10.367 (SIX1; SIX3; SIX6)	row IV neural plate	a9.38
https://www.aniseed.fr/aniseed/experiment/show_insitu_by_biomaterial?biomaterial_id=23979	Stage 13 (late gastrula)	KH2012:KH.C10.367 (SIX1; SIX3; SIX6)	row IV neural plate	a9.38*
https://www.aniseed.fr/aniseed/experiment/show_insitu_by_biomaterial?biomaterial_id=23979	Stage 13 (late gastrula)	KH2012:KH.C10.367 (SIX1; SIX3; SIX6)	row IV neural plate	a9.50
https://www.aniseed.fr/aniseed/experiment/show_insitu_by_biomaterial?biomaterial_id=23979	Stage 13 (late gastrula)	KH2012:KH.C10.367 (SIX1; SIX3; SIX6)	row IV neural plate	a9.50*
https://www.aniseed.fr/aniseed/experiment/show_insitu_by_biomaterial?biomaterial_id=26259	Stage 14 (early neurula)	KH2012:KH.C10.367 (SIX1; SIX3; SIX6)	row IV neural plate	a9.34
https://www.aniseed.fr/aniseed/experiment/show_insitu_by_biomaterial?biomaterial_id=26259	Stage 14 (early neurula)	KH2012:KH.C10.367 (SIX1; SIX3; SIX6)	row IV neural plate	a9.34*
https://www.aniseed.fr/aniseed/experiment/show_insitu_by_biomaterial?biomaterial_id=26259	Stage 14 (early neurula)	KH2012:KH.C10.367 (SIX1; SIX3; SIX6)	row IV neural plate	a9.38
https://www.aniseed.fr/aniseed/experiment/show_insitu_by_biomaterial?biomaterial_id=26259	Stage 14 (early neurula)	KH2012:KH.C10.367 (SIX1; SIX3; SIX6)	row IV neural plate	a9.38*
https://www.aniseed.fr/aniseed/experiment/show_insitu_by_biomaterial?biomaterial_id=26259	Stage 14 (early neurula)	KH2012:KH.C10.367 (SIX1; SIX3; SIX6)	row IV neural plate	a9.50
https://www.aniseed.fr/aniseed/experiment/show_insitu_by_biomaterial?biomaterial_id=26259	Stage 14 (early neurula)	KH2012:KH.C10.367 (SIX1; SIX3; SIX6)	row IV neural plate	a9.50*
https://www.aniseed.fr/aniseed/experiment/show_insitu_by_biomaterial?biomaterial_id=22285	Stage 15 (mid neurula)	KH2012:KH.C10.367 (SIX1; SIX3; SIX6)	row IV neural plate	a9.50
https://www.aniseed.fr/aniseed/experiment/show_insitu_by_biomaterial?biomaterial_id=22285	Stage 15 (mid neurula)	KH2012:KH.C10.367 (SIX1; SIX3; SIX6)	row IV neural plate	a9.50*
https://www.aniseed.fr/aniseed/experiment/show_insitu_by_biomaterial?biomaterial_id=22285	Stage 15 (mid neurula)	KH2012:KH.C10.367 (SIX1; SIX3; SIX6)	row IV neural plate	a10.67
https://www.aniseed.fr/aniseed/experiment/show_insitu_by_biomaterial?biomaterial_id=22285	Stage 15 (mid neurula)	KH2012:KH.C10.367 (SIX1; SIX3; SIX6)	row IV neural plate	a10.67*
https://www.aniseed.fr/aniseed/experiment/show_insitu_by_biomaterial?biomaterial_id=22285	Stage 15 (mid neurula)	KH2012:KH.C10.367 (SIX1; SIX3; SIX6)	row IV neural plate	a10.75
https://www.aniseed.fr/aniseed/experiment/show_insitu_by_biomaterial?biomaterial_id=22285	Stage 15 (mid neurula)	KH2012:KH.C10.367 (SIX1; SIX3; SIX6)	row IV neural plate	a10.75*
https://www.aniseed.fr/aniseed/experiment/show_insitu_by_biomaterial?biomaterial_id=22285	Stage 15 (mid neurula)	KH2012:KH.C10.367 (SIX1; SIX3; SIX6)	row IV neural plate	a10.68
https://www.aniseed.fr/aniseed/experiment/show_insitu_by_biomaterial?biomaterial_id=22285	Stage 15 (mid neurula)	KH2012:KH.C10.367 (SIX1; SIX3; SIX6)	row IV neural plate	a10.68*
https://www.aniseed.fr/aniseed/experiment/show_insitu_by_biomaterial?biomaterial_id=22285	Stage 15 (mid neurula)	KH2012:KH.C10.367 (SIX1; SIX3; SIX6)	row IV neural plate	a10.76
https://www.aniseed.fr/aniseed/experiment/show_insitu_by_biomaterial?biomaterial_id=22285	Stage 15 (mid neurula)	KH2012:KH.C10.367 (SIX1; SIX3; SIX6)	row IV neural plate	a10.76*
https://www.aniseed.fr/aniseed/experiment/show_insitu_by_biomaterial?biomaterial_id=27605	Stage 12 (mid gastrula)	KH2012:KH.C10.574 (ZBTB24; ZNF226; ZNF441)	A9.13 cell pair	A9.13
https://www.aniseed.fr/aniseed/experiment/show_insitu_by_biomaterial?biomaterial_id=27605	Stage 12 (mid gastrula)	KH2012:KH.C10.574 (ZBTB24; ZNF226; ZNF441)	A9.13 cell pair	A9.13*
https://www.aniseed.fr/aniseed/experiment/show_insitu_by_biomaterial?biomaterial_id=27605	Stage 12 (mid gastrula)	KH2012:KH.C10.574 (ZBTB24; ZNF226; ZNF441)	A9.14 cell pair	A9.14
https://www.aniseed.fr/aniseed/experiment/show_insitu_by_biomaterial?biomaterial_id=27605	Stage 12 (mid gastrula)	KH2012:KH.C10.574 (ZBTB24; ZNF226; ZNF441)	A9.14 cell pair	A9.14*
https://www.aniseed.fr/aniseed/experiment/show_insitu_by_biomaterial?biomaterial_id=27605	Stage 12 (mid gastrula)	KH2012:KH.C10.574 (ZBTB24; ZNF226; ZNF441)	A9.15 cell pair	A9.15
https://www.aniseed.fr/aniseed/experiment/show_insitu_by_biomaterial?biomaterial_id=27605	Stage 12 (mid gastrula)	KH2012:KH.C10.574 (ZBTB24; ZNF226; ZNF441)	A9.15 cell pair	A9.15*
https://www.aniseed.fr/aniseed/experiment/show_insitu_by_biomaterial?biomaterial_id=27605	Stage 12 (mid gastrula)	KH2012:KH.C10.574 (ZBTB24; ZNF226; ZNF441)	A9.16 cell pair	A9.16
https://www.aniseed.fr/aniseed/experiment/show_insitu_by_biomaterial?biomaterial_id=27605	Stage 12 (mid gastrula)	KH2012:KH.C10.574 (ZBTB24; ZNF226; ZNF441)	A9.16 cell pair	A9.16*
https://www.aniseed.fr/aniseed/experiment/show_insitu_by_biomaterial?biomaterial_id=28449	Stage 12 (mid gastrula)	KH2012:KH.C10.574 (ZBTB24; ZNF226; ZNF441)	A9.13 cell pair	A9.13
https://www.aniseed.fr/aniseed/experiment/show_insitu_by_biomaterial?biomaterial_id=28449	Stage 12 (mid gastrula)	KH2012:KH.C10.574 (ZBTB24; ZNF226; ZNF441)	A9.13 cell pair	A9.13*
https://www.aniseed.fr/aniseed/experiment/show_insitu_by_biomaterial?biomaterial_id=28449	Stage 12 (mid gastrula)	KH2012:KH.C10.574 (ZBTB24; ZNF226; ZNF441)	A9.14 cell pair	A9.14
https://www.aniseed.fr/aniseed/experiment/show_insitu_by_biomaterial?biomaterial_id=28449	Stage 12 (mid gastrula)	KH2012:KH.C10.574 (ZBTB24; ZNF226; ZNF441)	A9.14 cell pair	A9.14*
https://www.aniseed.fr/aniseed/experiment/show_insitu_by_biomaterial?biomaterial_id=28449	Stage 12 (mid gastrula)	KH2012:KH.C10.574 (ZBTB24; ZNF226; ZNF441)	A9.15 cell pair	A9.15
https://www.aniseed.fr/aniseed/experiment/show_insitu_by_biomaterial?biomaterial_id=28449	Stage 12 (mid gastrula)	KH2012:KH.C10.574 (ZBTB24; ZNF226; ZNF441)	A9.15 cell pair	A9.15*
https://www.aniseed.fr/aniseed/experiment/show_insitu_by_biomaterial?biomaterial_id=28449	Stage 12 (mid gastrula)	KH2012:KH.C10.574 (ZBTB24; ZNF226; ZNF441)	A9.16 cell pair	A9.16
https://www.aniseed.fr/aniseed/experiment/show_insitu_by_biomaterial?biomaterial_id=28449	Stage 12 (mid gastrula)	KH2012:KH.C10.574 (ZBTB24; ZNF226; ZNF441)	A9.16 cell pair	A9.16*
https://www.aniseed.fr/aniseed/experiment/show_insitu_by_biomaterial?biomaterial_id=15296	Stage 12 (mid gastrula)	KH2012:KH.C11.313 (FOXA1; FOXA2; FOXA3)	A9.13 cell pair	A9.13
https://www.aniseed.fr/aniseed/experiment/show_insitu_by_biomaterial?biomaterial_id=15296	Stage 12 (mid gastrula)	KH2012:KH.C11.313 (FOXA1; FOXA2; FOXA3)	A9.13 cell pair	A9.13*
https://www.aniseed.fr/aniseed/experiment/show_insitu_by_biomaterial?biomaterial_id=15296	Stage 12 (mid gastrula)	KH2012:KH.C11.313 (FOXA1; FOXA2; FOXA3)	A9.15 cell pair	A9.15
https://www.aniseed.fr/aniseed/experiment/show_insitu_by_biomaterial?biomaterial_id=15296	Stage 12 (mid gastrula)	KH2012:KH.C11.313 (FOXA1; FOXA2; FOXA3)	A9.15 cell pair	A9.15*
https://www.aniseed.fr/aniseed/experiment/show_insitu_by_biomaterial?biomaterial_id=25592	Stage 12 (mid gastrula)	KH2012:KH.C11.562 (RGS3; RGS4; RGS5)	A9.14 cell pair	A9.14
https://www.aniseed.fr/aniseed/experiment/show_insitu_by_biomaterial?biomaterial_id=25592	Stage 12 (mid gastrula)	KH2012:KH.C11.562 (RGS3; RGS4; RGS5)	A9.14 cell pair	A9.14*
https://www.aniseed.fr/aniseed/experiment/show_insitu_by_biomaterial?biomaterial_id=25592	Stage 12 (mid gastrula)	KH2012:KH.C11.562 (RGS3; RGS4; RGS5)	A9.16 cell pair	A9.16
https://www.aniseed.fr/aniseed/experiment/show_insitu_by_biomaterial?biomaterial_id=25592	Stage 12 (mid gastrula)	KH2012:KH.C11.562 (RGS3; RGS4; RGS5)	A9.16 cell pair	A9.16*
https://www.aniseed.fr/aniseed/experiment/show_insitu_by_biomaterial?biomaterial_id=26155	Stage 12 (mid gastrula)	KH2012:KH.C11.562 (RGS3; RGS4; RGS5)	row II neural plate	A9.14
https://www.aniseed.fr/aniseed/experiment/show_insitu_by_biomaterial?biomaterial_id=26155	Stage 12 (mid gastrula)	KH2012:KH.C11.562 (RGS3; RGS4; RGS5)	row II neural plate	A9.14*
https://www.aniseed.fr/aniseed/experiment/show_insitu_by_biomaterial?biomaterial_id=26155	Stage 12 (mid gastrula)	KH2012:KH.C11.562 (RGS3; RGS4; RGS5)	row II neural plate	A9.16
https://www.aniseed.fr/aniseed/experiment/show_insitu_by_biomaterial?biomaterial_id=26155	Stage 12 (mid gastrula)	KH2012:KH.C11.562 (RGS3; RGS4; RGS5)	row II neural plate	A9.16*
https://www.aniseed.fr/aniseed/experiment/show_insitu_by_biomaterial?biomaterial_id=26049	Stage 13 (late gastrula)	KH2012:KH.C11.562 (RGS3; RGS4; RGS5)	row II A neural plate	A10.27
https://www.aniseed.fr/aniseed/experiment/show_insitu_by_biomaterial?biomaterial_id=26049	Stage 13 (late gastrula)	KH2012:KH.C11.562 (RGS3; RGS4; RGS5)	row II A neural plate	A10.27*
https://www.aniseed.fr/aniseed/experiment/show_insitu_by_biomaterial?biomaterial_id=26049	Stage 13 (late gastrula)	KH2012:KH.C11.562 (RGS3; RGS4; RGS5)	row II A neural plate	A10.31
https://www.aniseed.fr/aniseed/experiment/show_insitu_by_biomaterial?biomaterial_id=26049	Stage 13 (late gastrula)	KH2012:KH.C11.562 (RGS3; RGS4; RGS5)	row II A neural plate	A10.31*
https://www.aniseed.fr/aniseed/experiment/show_insitu_by_biomaterial?biomaterial_id=26049	Stage 13 (late gastrula)	KH2012:KH.C11.562 (RGS3; RGS4; RGS5)	row II B neural plate	A10.28
https://www.aniseed.fr/aniseed/experiment/show_insitu_by_biomaterial?biomaterial_id=26049	Stage 13 (late gastrula)	KH2012:KH.C11.562 (RGS3; RGS4; RGS5)	row II B neural plate	A10.28*
https://www.aniseed.fr/aniseed/experiment/show_insitu_by_biomaterial?biomaterial_id=26049	Stage 13 (late gastrula)	KH2012:KH.C11.562 (RGS3; RGS4; RGS5)	row II B neural plate	A10.32
https://www.aniseed.fr/aniseed/experiment/show_insitu_by_biomaterial?biomaterial_id=26049	Stage 13 (late gastrula)	KH2012:KH.C11.562 (RGS3; RGS4; RGS5)	row II B neural plate	A10.32*
https://www.aniseed.fr/aniseed/experiment/show_insitu_by_biomaterial?biomaterial_id=4082	Stage 13 (late gastrula)	KH2012:KH.C11.562 (RGS3; RGS4; RGS5)	A line neural plate	A10.27
https://www.aniseed.fr/aniseed/experiment/show_insitu_by_biomaterial?biomaterial_id=4082	Stage 13 (late gastrula)	KH2012:KH.C11.562 (RGS3; RGS4; RGS5)	A line neural plate	A10.27*
https://www.aniseed.fr/aniseed/experiment/show_insitu_by_biomaterial?biomaterial_id=4082	Stage 13 (late gastrula)	KH2012:KH.C11.562 (RGS3; RGS4; RGS5)	A line neural plate	A10.31
https://www.aniseed.fr/aniseed/experiment/show_insitu_by_biomaterial?biomaterial_id=4082	Stage 13 (late gastrula)	KH2012:KH.C11.562 (RGS3; RGS4; RGS5)	A line neural plate	A10.31*
https://www.aniseed.fr/aniseed/experiment/show_insitu_by_biomaterial?biomaterial_id=4082	Stage 13 (late gastrula)	KH2012:KH.C11.562 (RGS3; RGS4; RGS5)	A line neural plate	A10.28
https://www.aniseed.fr/aniseed/experiment/show_insitu_by_biomaterial?biomaterial_id=4082	Stage 13 (late gastrula)	KH2012:KH.C11.562 (RGS3; RGS4; RGS5)	A line neural plate	A10.28*
https://www.aniseed.fr/aniseed/experiment/show_insitu_by_biomaterial?biomaterial_id=4082	Stage 13 (late gastrula)	KH2012:KH.C11.562 (RGS3; RGS4; RGS5)	A line neural plate	A10.32
https://www.aniseed.fr/aniseed/experiment/show_insitu_by_biomaterial?biomaterial_id=4082	Stage 13 (late gastrula)	KH2012:KH.C11.562 (RGS3; RGS4; RGS5)	A line neural plate	A10.32*
https://www.aniseed.fr/aniseed/experiment/show_insitu_by_biomaterial?biomaterial_id=24060	Stage 12 (mid gastrula)	KH2012:KH.C14.4 (ADRB2; P2RY12; RGR)	A9.14 cell pair	A9.14
https://www.aniseed.fr/aniseed/experiment/show_insitu_by_biomaterial?biomaterial_id=24060	Stage 12 (mid gastrula)	KH2012:KH.C14.4 (ADRB2; P2RY12; RGR)	A9.14 cell pair	A9.14*
https://www.aniseed.fr/aniseed/experiment/show_insitu_by_biomaterial?biomaterial_id=24060	Stage 12 (mid gastrula)	KH2012:KH.C14.4 (ADRB2; P2RY12; RGR)	A9.16 cell pair	A9.16
https://www.aniseed.fr/aniseed/experiment/show_insitu_by_biomaterial?biomaterial_id=24060	Stage 12 (mid gastrula)	KH2012:KH.C14.4 (ADRB2; P2RY12; RGR)	A9.16 cell pair	A9.16*
https://www.aniseed.fr/aniseed/experiment/show_insitu_by_biomaterial?biomaterial_id=24060	Stage 12 (mid gastrula)	KH2012:KH.C14.4 (ADRB2; P2RY12; RGR)	A9.30 cell pair	A9.30
https://www.aniseed.fr/aniseed/experiment/show_insitu_by_biomaterial?biomaterial_id=24060	Stage 12 (mid gastrula)	KH2012:KH.C14.4 (ADRB2; P2RY12; RGR)	A9.30 cell pair	A9.30*
https://www.aniseed.fr/aniseed/experiment/show_insitu_by_biomaterial?biomaterial_id=24061	Stage 13 (late gastrula)	KH2012:KH.C14.4 (ADRB2; P2RY12; RGR)	row II A neural plate	A10.27
https://www.aniseed.fr/aniseed/experiment/show_insitu_by_biomaterial?biomaterial_id=24061	Stage 13 (late gastrula)	KH2012:KH.C14.4 (ADRB2; P2RY12; RGR)	row II A neural plate	A10.27*
https://www.aniseed.fr/aniseed/experiment/show_insitu_by_biomaterial?biomaterial_id=24061	Stage 13 (late gastrula)	KH2012:KH.C14.4 (ADRB2; P2RY12; RGR)	row II A neural plate	A10.31
https://www.aniseed.fr/aniseed/experiment/show_insitu_by_biomaterial?biomaterial_id=24061	Stage 13 (late gastrula)	KH2012:KH.C14.4 (ADRB2; P2RY12; RGR)	row II A neural plate	A10.31*
https://www.aniseed.fr/aniseed/experiment/show_insitu_by_biomaterial?biomaterial_id=24061	Stage 13 (late gastrula)	KH2012:KH.C14.4 (ADRB2; P2RY12; RGR)	row II B neural plate	A10.28
https://www.aniseed.fr/aniseed/experiment/show_insitu_by_biomaterial?biomaterial_id=24061	Stage 13 (late gastrula)	KH2012:KH.C14.4 (ADRB2; P2RY12; RGR)	row II B neural plate	A10.28*
https://www.aniseed.fr/aniseed/experiment/show_insitu_by_biomaterial?biomaterial_id=24061	Stage 13 (late gastrula)	KH2012:KH.C14.4 (ADRB2; P2RY12; RGR)	row II B neural plate	A10.32
https://www.aniseed.fr/aniseed/experiment/show_insitu_by_biomaterial?biomaterial_id=24061	Stage 13 (late gastrula)	KH2012:KH.C14.4 (ADRB2; P2RY12; RGR)	row II B neural plate	A10.32*
https://www.aniseed.fr/aniseed/experiment/show_insitu_by_biomaterial?biomaterial_id=24062	Stage 14 (early neurula)	KH2012:KH.C14.4 (ADRB2; P2RY12; RGR)	row II neural plate	A10.27
https://www.aniseed.fr/aniseed/experiment/show_insitu_by_biomaterial?biomaterial_id=24062	Stage 14 (early neurula)	KH2012:KH.C14.4 (ADRB2; P2RY12; RGR)	row II neural plate	A10.27*
https://www.aniseed.fr/aniseed/experiment/show_insitu_by_biomaterial?biomaterial_id=24062	Stage 14 (early neurula)	KH2012:KH.C14.4 (ADRB2; P2RY12; RGR)	row II neural plate	A10.31
https://www.aniseed.fr/aniseed/experiment/show_insitu_by_biomaterial?biomaterial_id=24062	Stage 14 (early neurula)	KH2012:KH.C14.4 (ADRB2; P2RY12; RGR)	row II neural plate	A10.31*
https://www.aniseed.fr/aniseed/experiment/show_insitu_by_biomaterial?biomaterial_id=24062	Stage 14 (early neurula)	KH2012:KH.C14.4 (ADRB2; P2RY12; RGR)	row II neural plate	A10.28
https://www.aniseed.fr/aniseed/experiment/show_insitu_by_biomaterial?biomaterial_id=24062	Stage 14 (early neurula)	KH2012:KH.C14.4 (ADRB2; P2RY12; RGR)	row II neural plate	A10.28*
https://www.aniseed.fr/aniseed/experiment/show_insitu_by_biomaterial?biomaterial_id=24062	Stage 14 (early neurula)	KH2012:KH.C14.4 (ADRB2; P2RY12; RGR)	row II neural plate	A10.32
https://www.aniseed.fr/aniseed/experiment/show_insitu_by_biomaterial?biomaterial_id=24062	Stage 14 (early neurula)	KH2012:KH.C14.4 (ADRB2; P2RY12; RGR)	row II neural plate	A10.32*
https://www.aniseed.fr/aniseed/experiment/show_insitu_by_biomaterial?biomaterial_id=24062	Stage 14 (early neurula)	KH2012:KH.C14.4 (ADRB2; P2RY12; RGR)	row II neural plate	A10.59
https://www.aniseed.fr/aniseed/experiment/show_insitu_by_biomaterial?biomaterial_id=24062	Stage 14 (early neurula)	KH2012:KH.C14.4 (ADRB2; P2RY12; RGR)	row II neural plate	A10.59*
https://www.aniseed.fr/aniseed/experiment/show_insitu_by_biomaterial?biomaterial_id=24062	Stage 14 (early neurula)	KH2012:KH.C14.4 (ADRB2; P2RY12; RGR)	row II neural plate	A10.63
https://www.aniseed.fr/aniseed/experiment/show_insitu_by_biomaterial?biomaterial_id=24062	Stage 14 (early neurula)	KH2012:KH.C14.4 (ADRB2; P2RY12; RGR)	row II neural plate	A10.63*
https://www.aniseed.fr/aniseed/experiment/show_insitu_by_biomaterial?biomaterial_id=24062	Stage 14 (early neurula)	KH2012:KH.C14.4 (ADRB2; P2RY12; RGR)	row II neural plate	A10.60
https://www.aniseed.fr/aniseed/experiment/show_insitu_by_biomaterial?biomaterial_id=24062	Stage 14 (early neurula)	KH2012:KH.C14.4 (ADRB2; P2RY12; RGR)	row II neural plate	A10.60*
https://www.aniseed.fr/aniseed/experiment/show_insitu_by_biomaterial?biomaterial_id=24062	Stage 14 (early neurula)	KH2012:KH.C14.4 (ADRB2; P2RY12; RGR)	row II neural plate	A10.64
https://www.aniseed.fr/aniseed/experiment/show_insitu_by_biomaterial?biomaterial_id=24062	Stage 14 (early neurula)	KH2012:KH.C14.4 (ADRB2; P2RY12; RGR)	row II neural plate	A10.64*
https://www.aniseed.fr/aniseed/experiment/show_insitu_by_biomaterial?biomaterial_id=15265	Stage 12 (mid gastrula)	KH2012:KH.C14.408 (CDX1; CDX2; CDX4)	A9.15 cell pair	A9.15
https://www.aniseed.fr/aniseed/experiment/show_insitu_by_biomaterial?biomaterial_id=15265	Stage 12 (mid gastrula)	KH2012:KH.C14.408 (CDX1; CDX2; CDX4)	A9.15 cell pair	A9.15*
https://www.aniseed.fr/aniseed/experiment/show_insitu_by_biomaterial?biomaterial_id=15265	Stage 12 (mid gastrula)	KH2012:KH.C14.408 (CDX1; CDX2; CDX4)	A9.29 cell pair	A9.29
https://www.aniseed.fr/aniseed/experiment/show_insitu_by_biomaterial?biomaterial_id=15265	Stage 12 (mid gastrula)	KH2012:KH.C14.408 (CDX1; CDX2; CDX4)	A9.29 cell pair	A9.29*
https://www.aniseed.fr/aniseed/experiment/show_insitu_by_biomaterial?biomaterial_id=25376	Stage 12 (mid gastrula)	KH2012:KH.C14.408 (CDX1; CDX2; CDX4)	A9.15 cell pair	A9.15
https://www.aniseed.fr/aniseed/experiment/show_insitu_by_biomaterial?biomaterial_id=25376	Stage 12 (mid gastrula)	KH2012:KH.C14.408 (CDX1; CDX2; CDX4)	A9.15 cell pair	A9.15*
https://www.aniseed.fr/aniseed/experiment/show_insitu_by_biomaterial?biomaterial_id=25376	Stage 12 (mid gastrula)	KH2012:KH.C14.408 (CDX1; CDX2; CDX4)	A9.29 cell pair	A9.29
https://www.aniseed.fr/aniseed/experiment/show_insitu_by_biomaterial?biomaterial_id=25376	Stage 12 (mid gastrula)	KH2012:KH.C14.408 (CDX1; CDX2; CDX4)	A9.29 cell pair	A9.29*
https://www.aniseed.fr/aniseed/experiment/show_insitu_by_biomaterial?biomaterial_id=26194	Stage 12 (mid gastrula)	KH2012:KH.C14.408 (CDX1; CDX2; CDX4)	A9.15 cell pair	A9.15
https://www.aniseed.fr/aniseed/experiment/show_insitu_by_biomaterial?biomaterial_id=26194	Stage 12 (mid gastrula)	KH2012:KH.C14.408 (CDX1; CDX2; CDX4)	A9.15 cell pair	A9.15*
https://www.aniseed.fr/aniseed/experiment/show_insitu_by_biomaterial?biomaterial_id=26194	Stage 12 (mid gastrula)	KH2012:KH.C14.408 (CDX1; CDX2; CDX4)	A9.29 cell pair	A9.29
https://www.aniseed.fr/aniseed/experiment/show_insitu_by_biomaterial?biomaterial_id=26194	Stage 12 (mid gastrula)	KH2012:KH.C14.408 (CDX1; CDX2; CDX4)	A9.29 cell pair	A9.29*
https://www.aniseed.fr/aniseed/experiment/show_insitu_by_biomaterial?biomaterial_id=21371	Stage 13 (late gastrula)	KH2012:KH.C14.408 (CDX1; CDX2; CDX4)	A9.15 cell pair	A9.15
https://www.aniseed.fr/aniseed/experiment/show_insitu_by_biomaterial?biomaterial_id=21371	Stage 13 (late gastrula)	KH2012:KH.C14.408 (CDX1; CDX2; CDX4)	A9.15 cell pair	A9.15*
https://www.aniseed.fr/aniseed/experiment/show_insitu_by_biomaterial?biomaterial_id=21371	Stage 13 (late gastrula)	KH2012:KH.C14.408 (CDX1; CDX2; CDX4)	A9.29 cell pair	A9.29
https://www.aniseed.fr/aniseed/experiment/show_insitu_by_biomaterial?biomaterial_id=21371	Stage 13 (late gastrula)	KH2012:KH.C14.408 (CDX1; CDX2; CDX4)	A9.29 cell pair	A9.29*
https://www.aniseed.fr/aniseed/experiment/show_insitu_by_biomaterial?biomaterial_id=25197	Stage 13 (late gastrula)	KH2012:KH.C14.408 (CDX1; CDX2; CDX4)	A9.15 cell pair	A9.15
https://www.aniseed.fr/aniseed/experiment/show_insitu_by_biomaterial?biomaterial_id=25197	Stage 13 (late gastrula)	KH2012:KH.C14.408 (CDX1; CDX2; CDX4)	A9.15 cell pair	A9.15*
https://www.aniseed.fr/aniseed/experiment/show_insitu_by_biomaterial?biomaterial_id=25197	Stage 13 (late gastrula)	KH2012:KH.C14.408 (CDX1; CDX2; CDX4)	A9.29 cell pair	A9.29
https://www.aniseed.fr/aniseed/experiment/show_insitu_by_biomaterial?biomaterial_id=25197	Stage 13 (late gastrula)	KH2012:KH.C14.408 (CDX1; CDX2; CDX4)	A9.29 cell pair	A9.29*
https://www.aniseed.fr/aniseed/experiment/show_insitu_by_biomaterial?biomaterial_id=25372	Stage 13 (late gastrula)	KH2012:KH.C14.408 (CDX1; CDX2; CDX4)	A9.15 cell pair	A9.15
https://www.aniseed.fr/aniseed/experiment/show_insitu_by_biomaterial?biomaterial_id=25372	Stage 13 (late gastrula)	KH2012:KH.C14.408 (CDX1; CDX2; CDX4)	A9.15 cell pair	A9.15*
https://www.aniseed.fr/aniseed/experiment/show_insitu_by_biomaterial?biomaterial_id=25372	Stage 13 (late gastrula)	KH2012:KH.C14.408 (CDX1; CDX2; CDX4)	A9.29 cell pair	A9.29
https://www.aniseed.fr/aniseed/experiment/show_insitu_by_biomaterial?biomaterial_id=25372	Stage 13 (late gastrula)	KH2012:KH.C14.408 (CDX1; CDX2; CDX4)	A9.29 cell pair	A9.29*
https://www.aniseed.fr/aniseed/experiment/show_insitu_by_biomaterial?biomaterial_id=15569	Stage 13 (late gastrula)	KH2012:KH.C2.1104 (PCDH11X; PCDH11Y; PCDH9)	a line neural plate	a9.33
https://www.aniseed.fr/aniseed/experiment/show_insitu_by_biomaterial?biomaterial_id=15569	Stage 13 (late gastrula)	KH2012:KH.C2.1104 (PCDH11X; PCDH11Y; PCDH9)	a line neural plate	a9.33*
https://www.aniseed.fr/aniseed/experiment/show_insitu_by_biomaterial?biomaterial_id=15569	Stage 13 (late gastrula)	KH2012:KH.C2.1104 (PCDH11X; PCDH11Y; PCDH9)	a line neural plate	a9.37
https://www.aniseed.fr/aniseed/experiment/show_insitu_by_biomaterial?biomaterial_id=15569	Stage 13 (late gastrula)	KH2012:KH.C2.1104 (PCDH11X; PCDH11Y; PCDH9)	a line neural plate	a9.37*
https://www.aniseed.fr/aniseed/experiment/show_insitu_by_biomaterial?biomaterial_id=15569	Stage 13 (late gastrula)	KH2012:KH.C2.1104 (PCDH11X; PCDH11Y; PCDH9)	a line neural plate	a9.35
https://www.aniseed.fr/aniseed/experiment/show_insitu_by_biomaterial?biomaterial_id=15569	Stage 13 (late gastrula)	KH2012:KH.C2.1104 (PCDH11X; PCDH11Y; PCDH9)	a line neural plate	a9.35*
https://www.aniseed.fr/aniseed/experiment/show_insitu_by_biomaterial?biomaterial_id=15569	Stage 13 (late gastrula)	KH2012:KH.C2.1104 (PCDH11X; PCDH11Y; PCDH9)	a line neural plate	a9.39
https://www.aniseed.fr/aniseed/experiment/show_insitu_by_biomaterial?biomaterial_id=15569	Stage 13 (late gastrula)	KH2012:KH.C2.1104 (PCDH11X; PCDH11Y; PCDH9)	a line neural plate	a9.39*
https://www.aniseed.fr/aniseed/experiment/show_insitu_by_biomaterial?biomaterial_id=15569	Stage 13 (late gastrula)	KH2012:KH.C2.1104 (PCDH11X; PCDH11Y; PCDH9)	a line neural plate	a9.49
https://www.aniseed.fr/aniseed/experiment/show_insitu_by_biomaterial?biomaterial_id=15569	Stage 13 (late gastrula)	KH2012:KH.C2.1104 (PCDH11X; PCDH11Y; PCDH9)	a line neural plate	a9.49*
https://www.aniseed.fr/aniseed/experiment/show_insitu_by_biomaterial?biomaterial_id=15569	Stage 13 (late gastrula)	KH2012:KH.C2.1104 (PCDH11X; PCDH11Y; PCDH9)	a line neural plate	a9.34
https://www.aniseed.fr/aniseed/experiment/show_insitu_by_biomaterial?biomaterial_id=15569	Stage 13 (late gastrula)	KH2012:KH.C2.1104 (PCDH11X; PCDH11Y; PCDH9)	a line neural plate	a9.34*
https://www.aniseed.fr/aniseed/experiment/show_insitu_by_biomaterial?biomaterial_id=15569	Stage 13 (late gastrula)	KH2012:KH.C2.1104 (PCDH11X; PCDH11Y; PCDH9)	a line neural plate	a9.38
https://www.aniseed.fr/aniseed/experiment/show_insitu_by_biomaterial?biomaterial_id=15569	Stage 13 (late gastrula)	KH2012:KH.C2.1104 (PCDH11X; PCDH11Y; PCDH9)	a line neural plate	a9.38*
https://www.aniseed.fr/aniseed/experiment/show_insitu_by_biomaterial?biomaterial_id=15569	Stage 13 (late gastrula)	KH2012:KH.C2.1104 (PCDH11X; PCDH11Y; PCDH9)	a line neural plate	a9.50
https://www.aniseed.fr/aniseed/experiment/show_insitu_by_biomaterial?biomaterial_id=15569	Stage 13 (late gastrula)	KH2012:KH.C2.1104 (PCDH11X; PCDH11Y; PCDH9)	a line neural plate	a9.50*
https://www.aniseed.fr/aniseed/experiment/show_insitu_by_biomaterial?biomaterial_id=15569	Stage 13 (late gastrula)	KH2012:KH.C2.1104 (PCDH11X; PCDH11Y; PCDH9)	a line neural plate	a9.36
https://www.aniseed.fr/aniseed/experiment/show_insitu_by_biomaterial?biomaterial_id=15569	Stage 13 (late gastrula)	KH2012:KH.C2.1104 (PCDH11X; PCDH11Y; PCDH9)	a line neural plate	a9.36*
https://www.aniseed.fr/aniseed/experiment/show_insitu_by_biomaterial?biomaterial_id=15569	Stage 13 (late gastrula)	KH2012:KH.C2.1104 (PCDH11X; PCDH11Y; PCDH9)	a line neural plate	a9.40
https://www.aniseed.fr/aniseed/experiment/show_insitu_by_biomaterial?biomaterial_id=15569	Stage 13 (late gastrula)	KH2012:KH.C2.1104 (PCDH11X; PCDH11Y; PCDH9)	a line neural plate	a9.40*
https://www.aniseed.fr/aniseed/experiment/show_insitu_by_biomaterial?biomaterial_id=15569	Stage 13 (late gastrula)	KH2012:KH.C2.1104 (PCDH11X; PCDH11Y; PCDH9)	a line neural plate	a9.52
https://www.aniseed.fr/aniseed/experiment/show_insitu_by_biomaterial?biomaterial_id=15569	Stage 13 (late gastrula)	KH2012:KH.C2.1104 (PCDH11X; PCDH11Y; PCDH9)	a line neural plate	a9.52*
https://www.aniseed.fr/aniseed/experiment/show_insitu_by_biomaterial?biomaterial_id=15569	Stage 13 (late gastrula)	KH2012:KH.C2.1104 (PCDH11X; PCDH11Y; PCDH9)	a line neural plate	a9.51
https://www.aniseed.fr/aniseed/experiment/show_insitu_by_biomaterial?biomaterial_id=15569	Stage 13 (late gastrula)	KH2012:KH.C2.1104 (PCDH11X; PCDH11Y; PCDH9)	a line neural plate	a9.51*
https://www.aniseed.fr/aniseed/experiment/show_insitu_by_biomaterial?biomaterial_id=25750	Stage 13 (late gastrula)	KH2012:KH.C2.1104 (PCDH11X; PCDH11Y; PCDH9)	a9.33 cell pair	a9.33
https://www.aniseed.fr/aniseed/experiment/show_insitu_by_biomaterial?biomaterial_id=25750	Stage 13 (late gastrula)	KH2012:KH.C2.1104 (PCDH11X; PCDH11Y; PCDH9)	a9.33 cell pair	a9.33*
https://www.aniseed.fr/aniseed/experiment/show_insitu_by_biomaterial?biomaterial_id=25750	Stage 13 (late gastrula)	KH2012:KH.C2.1104 (PCDH11X; PCDH11Y; PCDH9)	a9.34 cell pair	a9.34
https://www.aniseed.fr/aniseed/experiment/show_insitu_by_biomaterial?biomaterial_id=25750	Stage 13 (late gastrula)	KH2012:KH.C2.1104 (PCDH11X; PCDH11Y; PCDH9)	a9.34 cell pair	a9.34*
https://www.aniseed.fr/aniseed/experiment/show_insitu_by_biomaterial?biomaterial_id=25750	Stage 13 (late gastrula)	KH2012:KH.C2.1104 (PCDH11X; PCDH11Y; PCDH9)	a9.35 cell pair	a9.35
https://www.aniseed.fr/aniseed/experiment/show_insitu_by_biomaterial?biomaterial_id=25750	Stage 13 (late gastrula)	KH2012:KH.C2.1104 (PCDH11X; PCDH11Y; PCDH9)	a9.35 cell pair	a9.35*
https://www.aniseed.fr/aniseed/experiment/show_insitu_by_biomaterial?biomaterial_id=25750	Stage 13 (late gastrula)	KH2012:KH.C2.1104 (PCDH11X; PCDH11Y; PCDH9)	a9.36 cell pair	a9.36
https://www.aniseed.fr/aniseed/experiment/show_insitu_by_biomaterial?biomaterial_id=25750	Stage 13 (late gastrula)	KH2012:KH.C2.1104 (PCDH11X; PCDH11Y; PCDH9)	a9.36 cell pair	a9.36*
https://www.aniseed.fr/aniseed/experiment/show_insitu_by_biomaterial?biomaterial_id=25750	Stage 13 (late gastrula)	KH2012:KH.C2.1104 (PCDH11X; PCDH11Y; PCDH9)	a9.37 cell pair	a9.37
https://www.aniseed.fr/aniseed/experiment/show_insitu_by_biomaterial?biomaterial_id=25750	Stage 13 (late gastrula)	KH2012:KH.C2.1104 (PCDH11X; PCDH11Y; PCDH9)	a9.37 cell pair	a9.37*
https://www.aniseed.fr/aniseed/experiment/show_insitu_by_biomaterial?biomaterial_id=25750	Stage 13 (late gastrula)	KH2012:KH.C2.1104 (PCDH11X; PCDH11Y; PCDH9)	a9.38 cell pair	a9.38
https://www.aniseed.fr/aniseed/experiment/show_insitu_by_biomaterial?biomaterial_id=25750	Stage 13 (late gastrula)	KH2012:KH.C2.1104 (PCDH11X; PCDH11Y; PCDH9)	a9.38 cell pair	a9.38*
https://www.aniseed.fr/aniseed/experiment/show_insitu_by_biomaterial?biomaterial_id=25750	Stage 13 (late gastrula)	KH2012:KH.C2.1104 (PCDH11X; PCDH11Y; PCDH9)	a9.39 cell pair	a9.39
https://www.aniseed.fr/aniseed/experiment/show_insitu_by_biomaterial?biomaterial_id=25750	Stage 13 (late gastrula)	KH2012:KH.C2.1104 (PCDH11X; PCDH11Y; PCDH9)	a9.39 cell pair	a9.39*
https://www.aniseed.fr/aniseed/experiment/show_insitu_by_biomaterial?biomaterial_id=25750	Stage 13 (late gastrula)	KH2012:KH.C2.1104 (PCDH11X; PCDH11Y; PCDH9)	a9.40 cell pair	a9.40
https://www.aniseed.fr/aniseed/experiment/show_insitu_by_biomaterial?biomaterial_id=25750	Stage 13 (late gastrula)	KH2012:KH.C2.1104 (PCDH11X; PCDH11Y; PCDH9)	a9.40 cell pair	a9.40*
https://www.aniseed.fr/aniseed/experiment/show_insitu_by_biomaterial?biomaterial_id=15295	Stage 12 (mid gastrula)	KH2012:KH.C2.125 (FGF16; FGF20; FGF9)	A9.14 cell pair	A9.14
https://www.aniseed.fr/aniseed/experiment/show_insitu_by_biomaterial?biomaterial_id=15295	Stage 12 (mid gastrula)	KH2012:KH.C2.125 (FGF16; FGF20; FGF9)	A9.14 cell pair	A9.14*
https://www.aniseed.fr/aniseed/experiment/show_insitu_by_biomaterial?biomaterial_id=15295	Stage 12 (mid gastrula)	KH2012:KH.C2.125 (FGF16; FGF20; FGF9)	A9.16 cell pair	A9.16
https://www.aniseed.fr/aniseed/experiment/show_insitu_by_biomaterial?biomaterial_id=15295	Stage 12 (mid gastrula)	KH2012:KH.C2.125 (FGF16; FGF20; FGF9)	A9.16 cell pair	A9.16*
https://www.aniseed.fr/aniseed/experiment/show_insitu_by_biomaterial?biomaterial_id=17550	Stage 12 (mid gastrula)	KH2012:KH.C2.125 (FGF16; FGF20; FGF9)	A9.14 cell pair	A9.14
https://www.aniseed.fr/aniseed/experiment/show_insitu_by_biomaterial?biomaterial_id=17550	Stage 12 (mid gastrula)	KH2012:KH.C2.125 (FGF16; FGF20; FGF9)	A9.14 cell pair	A9.14*
https://www.aniseed.fr/aniseed/experiment/show_insitu_by_biomaterial?biomaterial_id=17550	Stage 12 (mid gastrula)	KH2012:KH.C2.125 (FGF16; FGF20; FGF9)	A9.16 cell pair	A9.16
https://www.aniseed.fr/aniseed/experiment/show_insitu_by_biomaterial?biomaterial_id=17550	Stage 12 (mid gastrula)	KH2012:KH.C2.125 (FGF16; FGF20; FGF9)	A9.16 cell pair	A9.16*
https://www.aniseed.fr/aniseed/experiment/show_insitu_by_biomaterial?biomaterial_id=26196	Stage 12 (mid gastrula)	KH2012:KH.C2.125 (FGF16; FGF20; FGF9)	A9.14 cell pair	A9.14
https://www.aniseed.fr/aniseed/experiment/show_insitu_by_biomaterial?biomaterial_id=26196	Stage 12 (mid gastrula)	KH2012:KH.C2.125 (FGF16; FGF20; FGF9)	A9.14 cell pair	A9.14*
https://www.aniseed.fr/aniseed/experiment/show_insitu_by_biomaterial?biomaterial_id=26196	Stage 12 (mid gastrula)	KH2012:KH.C2.125 (FGF16; FGF20; FGF9)	A9.16 cell pair	A9.16
https://www.aniseed.fr/aniseed/experiment/show_insitu_by_biomaterial?biomaterial_id=26196	Stage 12 (mid gastrula)	KH2012:KH.C2.125 (FGF16; FGF20; FGF9)	A9.16 cell pair	A9.16*
https://www.aniseed.fr/aniseed/experiment/show_insitu_by_biomaterial?biomaterial_id=27600	Stage 12 (mid gastrula)	KH2012:KH.C2.125 (FGF16; FGF20; FGF9)	A9.14 cell pair	A9.14
https://www.aniseed.fr/aniseed/experiment/show_insitu_by_biomaterial?biomaterial_id=27600	Stage 12 (mid gastrula)	KH2012:KH.C2.125 (FGF16; FGF20; FGF9)	A9.14 cell pair	A9.14*
https://www.aniseed.fr/aniseed/experiment/show_insitu_by_biomaterial?biomaterial_id=27600	Stage 12 (mid gastrula)	KH2012:KH.C2.125 (FGF16; FGF20; FGF9)	A9.16 cell pair	A9.16
https://www.aniseed.fr/aniseed/experiment/show_insitu_by_biomaterial?biomaterial_id=27600	Stage 12 (mid gastrula)	KH2012:KH.C2.125 (FGF16; FGF20; FGF9)	A9.16 cell pair	A9.16*
https://www.aniseed.fr/aniseed/experiment/show_insitu_by_biomaterial?biomaterial_id=17549	Stage 13 (late gastrula)	KH2012:KH.C2.125 (FGF16; FGF20; FGF9)	a9.34 cell pair	a9.34
https://www.aniseed.fr/aniseed/experiment/show_insitu_by_biomaterial?biomaterial_id=17549	Stage 13 (late gastrula)	KH2012:KH.C2.125 (FGF16; FGF20; FGF9)	a9.34 cell pair	a9.34*
https://www.aniseed.fr/aniseed/experiment/show_insitu_by_biomaterial?biomaterial_id=17549	Stage 13 (late gastrula)	KH2012:KH.C2.125 (FGF16; FGF20; FGF9)	a9.38 cell pair	a9.38
https://www.aniseed.fr/aniseed/experiment/show_insitu_by_biomaterial?biomaterial_id=17549	Stage 13 (late gastrula)	KH2012:KH.C2.125 (FGF16; FGF20; FGF9)	a9.38 cell pair	a9.38*
https://www.aniseed.fr/aniseed/experiment/show_insitu_by_biomaterial?biomaterial_id=17549	Stage 13 (late gastrula)	KH2012:KH.C2.125 (FGF16; FGF20; FGF9)	row II A neural plate	A10.27
https://www.aniseed.fr/aniseed/experiment/show_insitu_by_biomaterial?biomaterial_id=17549	Stage 13 (late gastrula)	KH2012:KH.C2.125 (FGF16; FGF20; FGF9)	row II A neural plate	A10.27*
https://www.aniseed.fr/aniseed/experiment/show_insitu_by_biomaterial?biomaterial_id=17549	Stage 13 (late gastrula)	KH2012:KH.C2.125 (FGF16; FGF20; FGF9)	row II A neural plate	A10.31
https://www.aniseed.fr/aniseed/experiment/show_insitu_by_biomaterial?biomaterial_id=17549	Stage 13 (late gastrula)	KH2012:KH.C2.125 (FGF16; FGF20; FGF9)	row II A neural plate	A10.31*
https://www.aniseed.fr/aniseed/experiment/show_insitu_by_biomaterial?biomaterial_id=17549	Stage 13 (late gastrula)	KH2012:KH.C2.125 (FGF16; FGF20; FGF9)	row II B neural plate	A10.28
https://www.aniseed.fr/aniseed/experiment/show_insitu_by_biomaterial?biomaterial_id=17549	Stage 13 (late gastrula)	KH2012:KH.C2.125 (FGF16; FGF20; FGF9)	row II B neural plate	A10.28*
https://www.aniseed.fr/aniseed/experiment/show_insitu_by_biomaterial?biomaterial_id=17549	Stage 13 (late gastrula)	KH2012:KH.C2.125 (FGF16; FGF20; FGF9)	row II B neural plate	A10.32
https://www.aniseed.fr/aniseed/experiment/show_insitu_by_biomaterial?biomaterial_id=17549	Stage 13 (late gastrula)	KH2012:KH.C2.125 (FGF16; FGF20; FGF9)	row II B neural plate	A10.32*
https://www.aniseed.fr/aniseed/experiment/show_insitu_by_biomaterial?biomaterial_id=26267	Stage 13 (late gastrula)	KH2012:KH.C2.125 (FGF16; FGF20; FGF9)	A10.28 cell pair	A10.28
https://www.aniseed.fr/aniseed/experiment/show_insitu_by_biomaterial?biomaterial_id=26267	Stage 13 (late gastrula)	KH2012:KH.C2.125 (FGF16; FGF20; FGF9)	A10.28 cell pair	A10.28*
https://www.aniseed.fr/aniseed/experiment/show_insitu_by_biomaterial?biomaterial_id=26267	Stage 13 (late gastrula)	KH2012:KH.C2.125 (FGF16; FGF20; FGF9)	A10.32 cell pair	A10.32
https://www.aniseed.fr/aniseed/experiment/show_insitu_by_biomaterial?biomaterial_id=26267	Stage 13 (late gastrula)	KH2012:KH.C2.125 (FGF16; FGF20; FGF9)	A10.32 cell pair	A10.32*
https://www.aniseed.fr/aniseed/experiment/show_insitu_by_biomaterial?biomaterial_id=19119	Stage 13 (late gastrula)	KH2012:KH.C2.336 (BMP5; BMP6; BMP7)	a9.33 cell pair	a9.33
https://www.aniseed.fr/aniseed/experiment/show_insitu_by_biomaterial?biomaterial_id=19119	Stage 13 (late gastrula)	KH2012:KH.C2.336 (BMP5; BMP6; BMP7)	a9.33 cell pair	a9.33*
https://www.aniseed.fr/aniseed/experiment/show_insitu_by_biomaterial?biomaterial_id=19119	Stage 13 (late gastrula)	KH2012:KH.C2.336 (BMP5; BMP6; BMP7)	a9.34 cell pair	a9.34
https://www.aniseed.fr/aniseed/experiment/show_insitu_by_biomaterial?biomaterial_id=19119	Stage 13 (late gastrula)	KH2012:KH.C2.336 (BMP5; BMP6; BMP7)	a9.34 cell pair	a9.34*
https://www.aniseed.fr/aniseed/experiment/show_insitu_by_biomaterial?biomaterial_id=19119	Stage 13 (late gastrula)	KH2012:KH.C2.336 (BMP5; BMP6; BMP7)	a9.37 cell pair	a9.37
https://www.aniseed.fr/aniseed/experiment/show_insitu_by_biomaterial?biomaterial_id=19119	Stage 13 (late gastrula)	KH2012:KH.C2.336 (BMP5; BMP6; BMP7)	a9.37 cell pair	a9.37*
https://www.aniseed.fr/aniseed/experiment/show_insitu_by_biomaterial?biomaterial_id=19119	Stage 13 (late gastrula)	KH2012:KH.C2.336 (BMP5; BMP6; BMP7)	a9.38 cell pair	a9.38
https://www.aniseed.fr/aniseed/experiment/show_insitu_by_biomaterial?biomaterial_id=19119	Stage 13 (late gastrula)	KH2012:KH.C2.336 (BMP5; BMP6; BMP7)	a9.38 cell pair	a9.38*
https://www.aniseed.fr/aniseed/experiment/show_insitu_by_biomaterial?biomaterial_id=19119	Stage 13 (late gastrula)	KH2012:KH.C2.336 (BMP5; BMP6; BMP7)	a9.49 cell pair	a9.49
https://www.aniseed.fr/aniseed/experiment/show_insitu_by_biomaterial?biomaterial_id=19119	Stage 13 (late gastrula)	KH2012:KH.C2.336 (BMP5; BMP6; BMP7)	a9.49 cell pair	a9.49*
https://www.aniseed.fr/aniseed/experiment/show_insitu_by_biomaterial?biomaterial_id=19119	Stage 13 (late gastrula)	KH2012:KH.C2.336 (BMP5; BMP6; BMP7)	a9.50 cell pair	a9.50
https://www.aniseed.fr/aniseed/experiment/show_insitu_by_biomaterial?biomaterial_id=19119	Stage 13 (late gastrula)	KH2012:KH.C2.336 (BMP5; BMP6; BMP7)	a9.50 cell pair	a9.50*
https://www.aniseed.fr/aniseed/experiment/show_insitu_by_biomaterial?biomaterial_id=21102	Stage 13 (late gastrula)	KH2012:KH.C2.336 (BMP5; BMP6; BMP7)	row III neural plate	a9.33
https://www.aniseed.fr/aniseed/experiment/show_insitu_by_biomaterial?biomaterial_id=21102	Stage 13 (late gastrula)	KH2012:KH.C2.336 (BMP5; BMP6; BMP7)	row III neural plate	a9.33*
https://www.aniseed.fr/aniseed/experiment/show_insitu_by_biomaterial?biomaterial_id=21102	Stage 13 (late gastrula)	KH2012:KH.C2.336 (BMP5; BMP6; BMP7)	row III neural plate	a9.37
https://www.aniseed.fr/aniseed/experiment/show_insitu_by_biomaterial?biomaterial_id=21102	Stage 13 (late gastrula)	KH2012:KH.C2.336 (BMP5; BMP6; BMP7)	row III neural plate	a9.37*
https://www.aniseed.fr/aniseed/experiment/show_insitu_by_biomaterial?biomaterial_id=21102	Stage 13 (late gastrula)	KH2012:KH.C2.336 (BMP5; BMP6; BMP7)	row III neural plate	a9.49
https://www.aniseed.fr/aniseed/experiment/show_insitu_by_biomaterial?biomaterial_id=21102	Stage 13 (late gastrula)	KH2012:KH.C2.336 (BMP5; BMP6; BMP7)	row III neural plate	a9.49*
https://www.aniseed.fr/aniseed/experiment/show_insitu_by_biomaterial?biomaterial_id=21102	Stage 13 (late gastrula)	KH2012:KH.C2.336 (BMP5; BMP6; BMP7)	row IV neural plate	a9.34
https://www.aniseed.fr/aniseed/experiment/show_insitu_by_biomaterial?biomaterial_id=21102	Stage 13 (late gastrula)	KH2012:KH.C2.336 (BMP5; BMP6; BMP7)	row IV neural plate	a9.34*
https://www.aniseed.fr/aniseed/experiment/show_insitu_by_biomaterial?biomaterial_id=21102	Stage 13 (late gastrula)	KH2012:KH.C2.336 (BMP5; BMP6; BMP7)	row IV neural plate	a9.38
https://www.aniseed.fr/aniseed/experiment/show_insitu_by_biomaterial?biomaterial_id=21102	Stage 13 (late gastrula)	KH2012:KH.C2.336 (BMP5; BMP6; BMP7)	row IV neural plate	a9.38*
https://www.aniseed.fr/aniseed/experiment/show_insitu_by_biomaterial?biomaterial_id=21102	Stage 13 (late gastrula)	KH2012:KH.C2.336 (BMP5; BMP6; BMP7)	row IV neural plate	a9.50
https://www.aniseed.fr/aniseed/experiment/show_insitu_by_biomaterial?biomaterial_id=21102	Stage 13 (late gastrula)	KH2012:KH.C2.336 (BMP5; BMP6; BMP7)	row IV neural plate	a9.50*
https://www.aniseed.fr/aniseed/experiment/show_insitu_by_biomaterial?biomaterial_id=20665	Stage 15 (mid neurula)	KH2012:KH.C2.336 (BMP5; BMP6; BMP7)	a line neural plate	a10.65
https://www.aniseed.fr/aniseed/experiment/show_insitu_by_biomaterial?biomaterial_id=20665	Stage 15 (mid neurula)	KH2012:KH.C2.336 (BMP5; BMP6; BMP7)	a line neural plate	a10.65*
https://www.aniseed.fr/aniseed/experiment/show_insitu_by_biomaterial?biomaterial_id=20665	Stage 15 (mid neurula)	KH2012:KH.C2.336 (BMP5; BMP6; BMP7)	a line neural plate	a10.66
https://www.aniseed.fr/aniseed/experiment/show_insitu_by_biomaterial?biomaterial_id=20665	Stage 15 (mid neurula)	KH2012:KH.C2.336 (BMP5; BMP6; BMP7)	a line neural plate	a10.66*
https://www.aniseed.fr/aniseed/experiment/show_insitu_by_biomaterial?biomaterial_id=20665	Stage 15 (mid neurula)	KH2012:KH.C2.336 (BMP5; BMP6; BMP7)	a line neural plate	a10.67
https://www.aniseed.fr/aniseed/experiment/show_insitu_by_biomaterial?biomaterial_id=20665	Stage 15 (mid neurula)	KH2012:KH.C2.336 (BMP5; BMP6; BMP7)	a line neural plate	a10.67*
https://www.aniseed.fr/aniseed/experiment/show_insitu_by_biomaterial?biomaterial_id=20665	Stage 15 (mid neurula)	KH2012:KH.C2.336 (BMP5; BMP6; BMP7)	a line neural plate	a10.68
https://www.aniseed.fr/aniseed/experiment/show_insitu_by_biomaterial?biomaterial_id=20665	Stage 15 (mid neurula)	KH2012:KH.C2.336 (BMP5; BMP6; BMP7)	a line neural plate	a10.68*
https://www.aniseed.fr/aniseed/experiment/show_insitu_by_biomaterial?biomaterial_id=20665	Stage 15 (mid neurula)	KH2012:KH.C2.336 (BMP5; BMP6; BMP7)	a line neural plate	a9.36
https://www.aniseed.fr/aniseed/experiment/show_insitu_by_biomaterial?biomaterial_id=20665	Stage 15 (mid neurula)	KH2012:KH.C2.336 (BMP5; BMP6; BMP7)	a line neural plate	a9.36*
https://www.aniseed.fr/aniseed/experiment/show_insitu_by_biomaterial?biomaterial_id=20665	Stage 15 (mid neurula)	KH2012:KH.C2.336 (BMP5; BMP6; BMP7)	a line neural plate	a9.40
https://www.aniseed.fr/aniseed/experiment/show_insitu_by_biomaterial?biomaterial_id=20665	Stage 15 (mid neurula)	KH2012:KH.C2.336 (BMP5; BMP6; BMP7)	a line neural plate	a9.40*
https://www.aniseed.fr/aniseed/experiment/show_insitu_by_biomaterial?biomaterial_id=25875	Stage 12 (mid gastrula)	KH2012:KH.C2.69 (AQP1; AQP4; MIP)	A9.30 cell pair	A9.30
https://www.aniseed.fr/aniseed/experiment/show_insitu_by_biomaterial?biomaterial_id=25875	Stage 12 (mid gastrula)	KH2012:KH.C2.69 (AQP1; AQP4; MIP)	A9.30 cell pair	A9.30*
https://www.aniseed.fr/aniseed/experiment/show_insitu_by_biomaterial?biomaterial_id=25875	Stage 12 (mid gastrula)	KH2012:KH.C2.69 (AQP1; AQP4; MIP)	a9.34 cell pair	a9.34
https://www.aniseed.fr/aniseed/experiment/show_insitu_by_biomaterial?biomaterial_id=25875	Stage 12 (mid gastrula)	KH2012:KH.C2.69 (AQP1; AQP4; MIP)	a9.34 cell pair	a9.34*
https://www.aniseed.fr/aniseed/experiment/show_insitu_by_biomaterial?biomaterial_id=25875	Stage 12 (mid gastrula)	KH2012:KH.C2.69 (AQP1; AQP4; MIP)	row III neural plate	a9.33
https://www.aniseed.fr/aniseed/experiment/show_insitu_by_biomaterial?biomaterial_id=25875	Stage 12 (mid gastrula)	KH2012:KH.C2.69 (AQP1; AQP4; MIP)	row III neural plate	a9.33*
https://www.aniseed.fr/aniseed/experiment/show_insitu_by_biomaterial?biomaterial_id=25875	Stage 12 (mid gastrula)	KH2012:KH.C2.69 (AQP1; AQP4; MIP)	row III neural plate	a9.37
https://www.aniseed.fr/aniseed/experiment/show_insitu_by_biomaterial?biomaterial_id=25875	Stage 12 (mid gastrula)	KH2012:KH.C2.69 (AQP1; AQP4; MIP)	row III neural plate	a9.37*
https://www.aniseed.fr/aniseed/experiment/show_insitu_by_biomaterial?biomaterial_id=25875	Stage 12 (mid gastrula)	KH2012:KH.C2.69 (AQP1; AQP4; MIP)	row III neural plate	a9.49
https://www.aniseed.fr/aniseed/experiment/show_insitu_by_biomaterial?biomaterial_id=25875	Stage 12 (mid gastrula)	KH2012:KH.C2.69 (AQP1; AQP4; MIP)	row III neural plate	a9.49*
https://www.aniseed.fr/aniseed/experiment/show_insitu_by_biomaterial?biomaterial_id=23812	Stage 12 (mid gastrula)	KH2012:KH.C2.917 (GSX1; GSX2; HOXA3)	a9.33 cell pair	a9.33
https://www.aniseed.fr/aniseed/experiment/show_insitu_by_biomaterial?biomaterial_id=23812	Stage 12 (mid gastrula)	KH2012:KH.C2.917 (GSX1; GSX2; HOXA3)	a9.33 cell pair	a9.33*
https://www.aniseed.fr/aniseed/experiment/show_insitu_by_biomaterial?biomaterial_id=23813	Stage 13 (late gastrula)	KH2012:KH.C2.917 (GSX1; GSX2; HOXA3)	a9.33 cell pair	a9.33
https://www.aniseed.fr/aniseed/experiment/show_insitu_by_biomaterial?biomaterial_id=23813	Stage 13 (late gastrula)	KH2012:KH.C2.917 (GSX1; GSX2; HOXA3)	a9.33 cell pair	a9.33*
https://www.aniseed.fr/aniseed/experiment/show_insitu_by_biomaterial?biomaterial_id=36471	Stage 13 (late gastrula)	KH2012:KH.C2.917 (GSX1; GSX2; HOXA3)	a9.33 cell pair	a9.33
https://www.aniseed.fr/aniseed/experiment/show_insitu_by_biomaterial?biomaterial_id=36471	Stage 13 (late gastrula)	KH2012:KH.C2.917 (GSX1; GSX2; HOXA3)	a9.33 cell pair	a9.33*
https://www.aniseed.fr/aniseed/experiment/show_insitu_by_biomaterial?biomaterial_id=23815	Stage 14 (early neurula)	KH2012:KH.C2.917 (GSX1; GSX2; HOXA3)	a10.65 cell pair	a10.65
https://www.aniseed.fr/aniseed/experiment/show_insitu_by_biomaterial?biomaterial_id=23815	Stage 14 (early neurula)	KH2012:KH.C2.917 (GSX1; GSX2; HOXA3)	a10.65 cell pair	a10.65*
https://www.aniseed.fr/aniseed/experiment/show_insitu_by_biomaterial?biomaterial_id=23815	Stage 14 (early neurula)	KH2012:KH.C2.917 (GSX1; GSX2; HOXA3)	a10.66 cell pair	a10.66
https://www.aniseed.fr/aniseed/experiment/show_insitu_by_biomaterial?biomaterial_id=23815	Stage 14 (early neurula)	KH2012:KH.C2.917 (GSX1; GSX2; HOXA3)	a10.66 cell pair	a10.66*
https://www.aniseed.fr/aniseed/experiment/show_insitu_by_biomaterial?biomaterial_id=23161	Stage 15 (mid neurula)	KH2012:KH.C2.917 (GSX1; GSX2; HOXA3)	a10.66 cell pair	a10.66
https://www.aniseed.fr/aniseed/experiment/show_insitu_by_biomaterial?biomaterial_id=23161	Stage 15 (mid neurula)	KH2012:KH.C2.917 (GSX1; GSX2; HOXA3)	a10.66 cell pair	a10.66*
https://www.aniseed.fr/aniseed/experiment/show_insitu_by_biomaterial?biomaterial_id=23816	Stage 16 (late neurula)	KH2012:KH.C2.917 (GSX1; GSX2; HOXA3)	a10.65 cell pair	a10.65
https://www.aniseed.fr/aniseed/experiment/show_insitu_by_biomaterial?biomaterial_id=23816	Stage 16 (late neurula)	KH2012:KH.C2.917 (GSX1; GSX2; HOXA3)	a10.65 cell pair	a10.65*
https://www.aniseed.fr/aniseed/experiment/show_insitu_by_biomaterial?biomaterial_id=23816	Stage 16 (late neurula)	KH2012:KH.C2.917 (GSX1; GSX2; HOXA3)	a10.66 cell pair	a10.66
https://www.aniseed.fr/aniseed/experiment/show_insitu_by_biomaterial?biomaterial_id=23816	Stage 16 (late neurula)	KH2012:KH.C2.917 (GSX1; GSX2; HOXA3)	a10.66 cell pair	a10.66*
https://www.aniseed.fr/aniseed/experiment/show_insitu_by_biomaterial?biomaterial_id=23816	Stage 16 (late neurula)	KH2012:KH.C2.917 (GSX1; GSX2; HOXA3)	a10.74 cell pair	a10.74
https://www.aniseed.fr/aniseed/experiment/show_insitu_by_biomaterial?biomaterial_id=23816	Stage 16 (late neurula)	KH2012:KH.C2.917 (GSX1; GSX2; HOXA3)	a10.74 cell pair	a10.74*
https://www.aniseed.fr/aniseed/experiment/show_insitu_by_biomaterial?biomaterial_id=36478	Stage 13 (late gastrula)	KH2012:KH.C2.957 (DLX1; MSX1; MSX2)	a9.49 cell pair	a9.49
https://www.aniseed.fr/aniseed/experiment/show_insitu_by_biomaterial?biomaterial_id=36478	Stage 13 (late gastrula)	KH2012:KH.C2.957 (DLX1; MSX1; MSX2)	a9.49 cell pair	a9.49*
https://www.aniseed.fr/aniseed/experiment/show_insitu_by_biomaterial?biomaterial_id=36490	Stage 13 (late gastrula)	KH2012:KH.C2.957 (DLX1; MSX1; MSX2)	a9.49 cell pair	a9.49
https://www.aniseed.fr/aniseed/experiment/show_insitu_by_biomaterial?biomaterial_id=36490	Stage 13 (late gastrula)	KH2012:KH.C2.957 (DLX1; MSX1; MSX2)	a9.49 cell pair	a9.49*
https://www.aniseed.fr/aniseed/experiment/show_insitu_by_biomaterial?biomaterial_id=15284	Stage 12 (mid gastrula)	KH2012:KH.C3.202 (EFNA1; EFNA5; EFNB2)	A9.29 cell pair	A9.29
https://www.aniseed.fr/aniseed/experiment/show_insitu_by_biomaterial?biomaterial_id=15284	Stage 12 (mid gastrula)	KH2012:KH.C3.202 (EFNA1; EFNA5; EFNB2)	A9.29 cell pair	A9.29*
https://www.aniseed.fr/aniseed/experiment/show_insitu_by_biomaterial?biomaterial_id=26123	Stage 12 (mid gastrula)	KH2012:KH.C3.202 (EFNA1; EFNA5; EFNB2)	A9.29 cell pair	A9.29
https://www.aniseed.fr/aniseed/experiment/show_insitu_by_biomaterial?biomaterial_id=26123	Stage 12 (mid gastrula)	KH2012:KH.C3.202 (EFNA1; EFNA5; EFNB2)	A9.29 cell pair	A9.29*
https://www.aniseed.fr/aniseed/experiment/show_insitu_by_biomaterial?biomaterial_id=26127	Stage 12 (mid gastrula)	KH2012:KH.C3.202 (EFNA1; EFNA5; EFNB2)	A9.29 cell pair	A9.29
https://www.aniseed.fr/aniseed/experiment/show_insitu_by_biomaterial?biomaterial_id=26127	Stage 12 (mid gastrula)	KH2012:KH.C3.202 (EFNA1; EFNA5; EFNB2)	A9.29 cell pair	A9.29*
https://www.aniseed.fr/aniseed/experiment/show_insitu_by_biomaterial?biomaterial_id=27592	Stage 12 (mid gastrula)	KH2012:KH.C3.202 (EFNA1; EFNA5; EFNB2)	A9.29 cell pair	A9.29
https://www.aniseed.fr/aniseed/experiment/show_insitu_by_biomaterial?biomaterial_id=27592	Stage 12 (mid gastrula)	KH2012:KH.C3.202 (EFNA1; EFNA5; EFNB2)	A9.29 cell pair	A9.29*
https://www.aniseed.fr/aniseed/experiment/show_insitu_by_biomaterial?biomaterial_id=27592	Stage 12 (mid gastrula)	KH2012:KH.C3.202 (EFNA1; EFNA5; EFNB2)	row III neural plate	a9.33
https://www.aniseed.fr/aniseed/experiment/show_insitu_by_biomaterial?biomaterial_id=27592	Stage 12 (mid gastrula)	KH2012:KH.C3.202 (EFNA1; EFNA5; EFNB2)	row III neural plate	a9.33*
https://www.aniseed.fr/aniseed/experiment/show_insitu_by_biomaterial?biomaterial_id=27592	Stage 12 (mid gastrula)	KH2012:KH.C3.202 (EFNA1; EFNA5; EFNB2)	row III neural plate	a9.37
https://www.aniseed.fr/aniseed/experiment/show_insitu_by_biomaterial?biomaterial_id=27592	Stage 12 (mid gastrula)	KH2012:KH.C3.202 (EFNA1; EFNA5; EFNB2)	row III neural plate	a9.37*
https://www.aniseed.fr/aniseed/experiment/show_insitu_by_biomaterial?biomaterial_id=28434	Stage 12 (mid gastrula)	KH2012:KH.C3.202 (EFNA1; EFNA5; EFNB2)	A9.29 cell pair	A9.29
https://www.aniseed.fr/aniseed/experiment/show_insitu_by_biomaterial?biomaterial_id=28434	Stage 12 (mid gastrula)	KH2012:KH.C3.202 (EFNA1; EFNA5; EFNB2)	A9.29 cell pair	A9.29*
https://www.aniseed.fr/aniseed/experiment/show_insitu_by_biomaterial?biomaterial_id=21131	Stage 13 (late gastrula)	KH2012:KH.C3.202 (EFNA1; EFNA5; EFNB2)	A line neural plate	A9.29
https://www.aniseed.fr/aniseed/experiment/show_insitu_by_biomaterial?biomaterial_id=21131	Stage 13 (late gastrula)	KH2012:KH.C3.202 (EFNA1; EFNA5; EFNB2)	A line neural plate	A9.29*
https://www.aniseed.fr/aniseed/experiment/show_insitu_by_biomaterial?biomaterial_id=21131	Stage 13 (late gastrula)	KH2012:KH.C3.202 (EFNA1; EFNA5; EFNB2)	a line neural plate	a9.33
https://www.aniseed.fr/aniseed/experiment/show_insitu_by_biomaterial?biomaterial_id=21131	Stage 13 (late gastrula)	KH2012:KH.C3.202 (EFNA1; EFNA5; EFNB2)	a line neural plate	a9.33*
https://www.aniseed.fr/aniseed/experiment/show_insitu_by_biomaterial?biomaterial_id=21131	Stage 13 (late gastrula)	KH2012:KH.C3.202 (EFNA1; EFNA5; EFNB2)	a line neural plate	a9.37
https://www.aniseed.fr/aniseed/experiment/show_insitu_by_biomaterial?biomaterial_id=21131	Stage 13 (late gastrula)	KH2012:KH.C3.202 (EFNA1; EFNA5; EFNB2)	a line neural plate	a9.37*
https://www.aniseed.fr/aniseed/experiment/show_insitu_by_biomaterial?biomaterial_id=25595	Stage 13 (late gastrula)	KH2012:KH.C3.202 (EFNA1; EFNA5; EFNB2)	A9.29 cell pair	A9.29
https://www.aniseed.fr/aniseed/experiment/show_insitu_by_biomaterial?biomaterial_id=25595	Stage 13 (late gastrula)	KH2012:KH.C3.202 (EFNA1; EFNA5; EFNB2)	A9.29 cell pair	A9.29*
https://www.aniseed.fr/aniseed/experiment/show_insitu_by_biomaterial?biomaterial_id=37190	Stage 13 (late gastrula)	KH2012:KH.C3.202 (EFNA1; EFNA5; EFNB2)	A9.29 cell pair	A9.29
https://www.aniseed.fr/aniseed/experiment/show_insitu_by_biomaterial?biomaterial_id=37190	Stage 13 (late gastrula)	KH2012:KH.C3.202 (EFNA1; EFNA5; EFNB2)	A9.29 cell pair	A9.29*
https://www.aniseed.fr/aniseed/experiment/show_insitu_by_biomaterial?biomaterial_id=15267	Stage 12 (mid gastrula)	KH2012:KH.C3.312 (HES1; HES4; HES6)	A9.15 cell pair	A9.15
https://www.aniseed.fr/aniseed/experiment/show_insitu_by_biomaterial?biomaterial_id=15267	Stage 12 (mid gastrula)	KH2012:KH.C3.312 (HES1; HES4; HES6)	A9.15 cell pair	A9.15*
https://www.aniseed.fr/aniseed/experiment/show_insitu_by_biomaterial?biomaterial_id=15267	Stage 12 (mid gastrula)	KH2012:KH.C3.312 (HES1; HES4; HES6)	A9.16 cell pair	A9.16
https://www.aniseed.fr/aniseed/experiment/show_insitu_by_biomaterial?biomaterial_id=15267	Stage 12 (mid gastrula)	KH2012:KH.C3.312 (HES1; HES4; HES6)	A9.16 cell pair	A9.16*
https://www.aniseed.fr/aniseed/experiment/show_insitu_by_biomaterial?biomaterial_id=15267	Stage 12 (mid gastrula)	KH2012:KH.C3.312 (HES1; HES4; HES6)	A9.29 cell pair	A9.29
https://www.aniseed.fr/aniseed/experiment/show_insitu_by_biomaterial?biomaterial_id=15267	Stage 12 (mid gastrula)	KH2012:KH.C3.312 (HES1; HES4; HES6)	A9.29 cell pair	A9.29*
https://www.aniseed.fr/aniseed/experiment/show_insitu_by_biomaterial?biomaterial_id=15267	Stage 12 (mid gastrula)	KH2012:KH.C3.312 (HES1; HES4; HES6)	A9.30 cell pair	A9.30
https://www.aniseed.fr/aniseed/experiment/show_insitu_by_biomaterial?biomaterial_id=15267	Stage 12 (mid gastrula)	KH2012:KH.C3.312 (HES1; HES4; HES6)	A9.30 cell pair	A9.30*
https://www.aniseed.fr/aniseed/experiment/show_insitu_by_biomaterial?biomaterial_id=15267	Stage 12 (mid gastrula)	KH2012:KH.C3.312 (HES1; HES4; HES6)	A9.32 cell pair	A9.32
https://www.aniseed.fr/aniseed/experiment/show_insitu_by_biomaterial?biomaterial_id=15267	Stage 12 (mid gastrula)	KH2012:KH.C3.312 (HES1; HES4; HES6)	A9.32 cell pair	A9.32*
https://www.aniseed.fr/aniseed/experiment/show_insitu_by_biomaterial?biomaterial_id=23830	Stage 12 (mid gastrula)	KH2012:KH.C3.312 (HES1; HES4; HES6)	A9.15 cell pair	A9.15
https://www.aniseed.fr/aniseed/experiment/show_insitu_by_biomaterial?biomaterial_id=23830	Stage 12 (mid gastrula)	KH2012:KH.C3.312 (HES1; HES4; HES6)	A9.15 cell pair	A9.15*
https://www.aniseed.fr/aniseed/experiment/show_insitu_by_biomaterial?biomaterial_id=23830	Stage 12 (mid gastrula)	KH2012:KH.C3.312 (HES1; HES4; HES6)	A9.16 cell pair	A9.16
https://www.aniseed.fr/aniseed/experiment/show_insitu_by_biomaterial?biomaterial_id=23830	Stage 12 (mid gastrula)	KH2012:KH.C3.312 (HES1; HES4; HES6)	A9.16 cell pair	A9.16*
https://www.aniseed.fr/aniseed/experiment/show_insitu_by_biomaterial?biomaterial_id=23830	Stage 12 (mid gastrula)	KH2012:KH.C3.312 (HES1; HES4; HES6)	A9.29 cell pair	A9.29
https://www.aniseed.fr/aniseed/experiment/show_insitu_by_biomaterial?biomaterial_id=23830	Stage 12 (mid gastrula)	KH2012:KH.C3.312 (HES1; HES4; HES6)	A9.29 cell pair	A9.29*
https://www.aniseed.fr/aniseed/experiment/show_insitu_by_biomaterial?biomaterial_id=23830	Stage 12 (mid gastrula)	KH2012:KH.C3.312 (HES1; HES4; HES6)	A9.30 cell pair	A9.30
https://www.aniseed.fr/aniseed/experiment/show_insitu_by_biomaterial?biomaterial_id=23830	Stage 12 (mid gastrula)	KH2012:KH.C3.312 (HES1; HES4; HES6)	A9.30 cell pair	A9.30*
https://www.aniseed.fr/aniseed/experiment/show_insitu_by_biomaterial?biomaterial_id=23830	Stage 12 (mid gastrula)	KH2012:KH.C3.312 (HES1; HES4; HES6)	A9.32 cell pair	A9.32
https://www.aniseed.fr/aniseed/experiment/show_insitu_by_biomaterial?biomaterial_id=23830	Stage 12 (mid gastrula)	KH2012:KH.C3.312 (HES1; HES4; HES6)	A9.32 cell pair	A9.32*
https://www.aniseed.fr/aniseed/experiment/show_insitu_by_biomaterial?biomaterial_id=23830	Stage 12 (mid gastrula)	KH2012:KH.C3.312 (HES1; HES4; HES6)	a9.33 cell pair	a9.33
https://www.aniseed.fr/aniseed/experiment/show_insitu_by_biomaterial?biomaterial_id=23830	Stage 12 (mid gastrula)	KH2012:KH.C3.312 (HES1; HES4; HES6)	a9.33 cell pair	a9.33*
https://www.aniseed.fr/aniseed/experiment/show_insitu_by_biomaterial?biomaterial_id=23830	Stage 12 (mid gastrula)	KH2012:KH.C3.312 (HES1; HES4; HES6)	a9.49 cell pair	a9.49
https://www.aniseed.fr/aniseed/experiment/show_insitu_by_biomaterial?biomaterial_id=23830	Stage 12 (mid gastrula)	KH2012:KH.C3.312 (HES1; HES4; HES6)	a9.49 cell pair	a9.49*
https://www.aniseed.fr/aniseed/experiment/show_insitu_by_biomaterial?biomaterial_id=26171	Stage 12 (mid gastrula)	KH2012:KH.C3.312 (HES1; HES4; HES6)	A9.15 cell pair	A9.15
https://www.aniseed.fr/aniseed/experiment/show_insitu_by_biomaterial?biomaterial_id=26171	Stage 12 (mid gastrula)	KH2012:KH.C3.312 (HES1; HES4; HES6)	A9.15 cell pair	A9.15*
https://www.aniseed.fr/aniseed/experiment/show_insitu_by_biomaterial?biomaterial_id=26171	Stage 12 (mid gastrula)	KH2012:KH.C3.312 (HES1; HES4; HES6)	A9.16 cell pair	A9.16
https://www.aniseed.fr/aniseed/experiment/show_insitu_by_biomaterial?biomaterial_id=26171	Stage 12 (mid gastrula)	KH2012:KH.C3.312 (HES1; HES4; HES6)	A9.16 cell pair	A9.16*
https://www.aniseed.fr/aniseed/experiment/show_insitu_by_biomaterial?biomaterial_id=26171	Stage 12 (mid gastrula)	KH2012:KH.C3.312 (HES1; HES4; HES6)	A9.29 cell pair	A9.29
https://www.aniseed.fr/aniseed/experiment/show_insitu_by_biomaterial?biomaterial_id=26171	Stage 12 (mid gastrula)	KH2012:KH.C3.312 (HES1; HES4; HES6)	A9.29 cell pair	A9.29*
https://www.aniseed.fr/aniseed/experiment/show_insitu_by_biomaterial?biomaterial_id=26171	Stage 12 (mid gastrula)	KH2012:KH.C3.312 (HES1; HES4; HES6)	A9.30 cell pair	A9.30
https://www.aniseed.fr/aniseed/experiment/show_insitu_by_biomaterial?biomaterial_id=26171	Stage 12 (mid gastrula)	KH2012:KH.C3.312 (HES1; HES4; HES6)	A9.30 cell pair	A9.30*
https://www.aniseed.fr/aniseed/experiment/show_insitu_by_biomaterial?biomaterial_id=26171	Stage 12 (mid gastrula)	KH2012:KH.C3.312 (HES1; HES4; HES6)	A9.32 cell pair	A9.32
https://www.aniseed.fr/aniseed/experiment/show_insitu_by_biomaterial?biomaterial_id=26171	Stage 12 (mid gastrula)	KH2012:KH.C3.312 (HES1; HES4; HES6)	A9.32 cell pair	A9.32*
https://www.aniseed.fr/aniseed/experiment/show_insitu_by_biomaterial?biomaterial_id=26171	Stage 12 (mid gastrula)	KH2012:KH.C3.312 (HES1; HES4; HES6)	a9.33 cell pair	a9.33
https://www.aniseed.fr/aniseed/experiment/show_insitu_by_biomaterial?biomaterial_id=26171	Stage 12 (mid gastrula)	KH2012:KH.C3.312 (HES1; HES4; HES6)	a9.33 cell pair	a9.33*
https://www.aniseed.fr/aniseed/experiment/show_insitu_by_biomaterial?biomaterial_id=26171	Stage 12 (mid gastrula)	KH2012:KH.C3.312 (HES1; HES4; HES6)	a9.49 cell pair	a9.49
https://www.aniseed.fr/aniseed/experiment/show_insitu_by_biomaterial?biomaterial_id=26171	Stage 12 (mid gastrula)	KH2012:KH.C3.312 (HES1; HES4; HES6)	a9.49 cell pair	a9.49*
https://www.aniseed.fr/aniseed/experiment/show_insitu_by_biomaterial?biomaterial_id=23836	Stage 12 (mid gastrula)	KH2012:KH.C3.411 (BMP4; LEFTY1; LEFTY2)	A9.29 cell pair	A9.29
https://www.aniseed.fr/aniseed/experiment/show_insitu_by_biomaterial?biomaterial_id=23836	Stage 12 (mid gastrula)	KH2012:KH.C3.411 (BMP4; LEFTY1; LEFTY2)	A9.29 cell pair	A9.29*
https://www.aniseed.fr/aniseed/experiment/show_insitu_by_biomaterial?biomaterial_id=23839	Stage 13 (late gastrula)	KH2012:KH.C3.411 (BMP4; LEFTY1; LEFTY2)	A9.29 cell pair	A9.29
https://www.aniseed.fr/aniseed/experiment/show_insitu_by_biomaterial?biomaterial_id=23839	Stage 13 (late gastrula)	KH2012:KH.C3.411 (BMP4; LEFTY1; LEFTY2)	A9.29 cell pair	A9.29*
https://www.aniseed.fr/aniseed/experiment/show_insitu_by_biomaterial?biomaterial_id=28240	Stage 14 (early neurula)	KH2012:KH.C3.553 (SIX1; SIX2; SIX6)	a9.51 cell pair	a9.51
https://www.aniseed.fr/aniseed/experiment/show_insitu_by_biomaterial?biomaterial_id=28240	Stage 14 (early neurula)	KH2012:KH.C3.553 (SIX1; SIX2; SIX6)	a9.51 cell pair	a9.51*
https://www.aniseed.fr/aniseed/experiment/show_insitu_by_biomaterial?biomaterial_id=28240	Stage 14 (early neurula)	KH2012:KH.C3.553 (SIX1; SIX2; SIX6)	a9.52 cell pair	a9.52
https://www.aniseed.fr/aniseed/experiment/show_insitu_by_biomaterial?biomaterial_id=28240	Stage 14 (early neurula)	KH2012:KH.C3.553 (SIX1; SIX2; SIX6)	a9.52 cell pair	a9.52*
https://www.aniseed.fr/aniseed/experiment/show_insitu_by_biomaterial?biomaterial_id=19470	Stage 15 (mid neurula)	KH2012:KH.C3.553 (SIX1; SIX2; SIX6)	row VI neural plate	a9.36
https://www.aniseed.fr/aniseed/experiment/show_insitu_by_biomaterial?biomaterial_id=19470	Stage 15 (mid neurula)	KH2012:KH.C3.553 (SIX1; SIX2; SIX6)	row VI neural plate	a9.36*
https://www.aniseed.fr/aniseed/experiment/show_insitu_by_biomaterial?biomaterial_id=19470	Stage 15 (mid neurula)	KH2012:KH.C3.553 (SIX1; SIX2; SIX6)	row VI neural plate	a9.40
https://www.aniseed.fr/aniseed/experiment/show_insitu_by_biomaterial?biomaterial_id=19470	Stage 15 (mid neurula)	KH2012:KH.C3.553 (SIX1; SIX2; SIX6)	row VI neural plate	a9.40*
https://www.aniseed.fr/aniseed/experiment/show_insitu_by_biomaterial?biomaterial_id=19470	Stage 15 (mid neurula)	KH2012:KH.C3.553 (SIX1; SIX2; SIX6)	row VI neural plate	a9.52
https://www.aniseed.fr/aniseed/experiment/show_insitu_by_biomaterial?biomaterial_id=19470	Stage 15 (mid neurula)	KH2012:KH.C3.553 (SIX1; SIX2; SIX6)	row VI neural plate	a9.52*
https://www.aniseed.fr/aniseed/experiment/show_insitu_by_biomaterial?biomaterial_id=20870	Stage 15 (mid neurula)	KH2012:KH.C3.553 (SIX1; SIX2; SIX6)	a9.51 cell pair	a9.51
https://www.aniseed.fr/aniseed/experiment/show_insitu_by_biomaterial?biomaterial_id=20870	Stage 15 (mid neurula)	KH2012:KH.C3.553 (SIX1; SIX2; SIX6)	a9.51 cell pair	a9.51*
https://www.aniseed.fr/aniseed/experiment/show_insitu_by_biomaterial?biomaterial_id=20870	Stage 15 (mid neurula)	KH2012:KH.C3.553 (SIX1; SIX2; SIX6)	row VI neural plate	a9.36
https://www.aniseed.fr/aniseed/experiment/show_insitu_by_biomaterial?biomaterial_id=20870	Stage 15 (mid neurula)	KH2012:KH.C3.553 (SIX1; SIX2; SIX6)	row VI neural plate	a9.36*
https://www.aniseed.fr/aniseed/experiment/show_insitu_by_biomaterial?biomaterial_id=20870	Stage 15 (mid neurula)	KH2012:KH.C3.553 (SIX1; SIX2; SIX6)	row VI neural plate	a9.40
https://www.aniseed.fr/aniseed/experiment/show_insitu_by_biomaterial?biomaterial_id=20870	Stage 15 (mid neurula)	KH2012:KH.C3.553 (SIX1; SIX2; SIX6)	row VI neural plate	a9.40*
https://www.aniseed.fr/aniseed/experiment/show_insitu_by_biomaterial?biomaterial_id=20870	Stage 15 (mid neurula)	KH2012:KH.C3.553 (SIX1; SIX2; SIX6)	row VI neural plate	a9.52
https://www.aniseed.fr/aniseed/experiment/show_insitu_by_biomaterial?biomaterial_id=20870	Stage 15 (mid neurula)	KH2012:KH.C3.553 (SIX1; SIX2; SIX6)	row VI neural plate	a9.52*
https://www.aniseed.fr/aniseed/experiment/show_insitu_by_biomaterial?biomaterial_id=23181	Stage 13 (late gastrula)	KH2012:KH.C3.557 (MID1; TRIM36; TRIM46)	a9.34 cell pair	a9.34
https://www.aniseed.fr/aniseed/experiment/show_insitu_by_biomaterial?biomaterial_id=23181	Stage 13 (late gastrula)	KH2012:KH.C3.557 (MID1; TRIM36; TRIM46)	a9.34 cell pair	a9.34*
https://www.aniseed.fr/aniseed/experiment/show_insitu_by_biomaterial?biomaterial_id=23181	Stage 13 (late gastrula)	KH2012:KH.C3.557 (MID1; TRIM36; TRIM46)	a9.35 cell pair	a9.35
https://www.aniseed.fr/aniseed/experiment/show_insitu_by_biomaterial?biomaterial_id=23181	Stage 13 (late gastrula)	KH2012:KH.C3.557 (MID1; TRIM36; TRIM46)	a9.35 cell pair	a9.35*
https://www.aniseed.fr/aniseed/experiment/show_insitu_by_biomaterial?biomaterial_id=23181	Stage 13 (late gastrula)	KH2012:KH.C3.557 (MID1; TRIM36; TRIM46)	a9.36 cell pair	a9.36
https://www.aniseed.fr/aniseed/experiment/show_insitu_by_biomaterial?biomaterial_id=23181	Stage 13 (late gastrula)	KH2012:KH.C3.557 (MID1; TRIM36; TRIM46)	a9.36 cell pair	a9.36*
https://www.aniseed.fr/aniseed/experiment/show_insitu_by_biomaterial?biomaterial_id=23181	Stage 13 (late gastrula)	KH2012:KH.C3.557 (MID1; TRIM36; TRIM46)	a9.38 cell pair	a9.38
https://www.aniseed.fr/aniseed/experiment/show_insitu_by_biomaterial?biomaterial_id=23181	Stage 13 (late gastrula)	KH2012:KH.C3.557 (MID1; TRIM36; TRIM46)	a9.38 cell pair	a9.38*
https://www.aniseed.fr/aniseed/experiment/show_insitu_by_biomaterial?biomaterial_id=23181	Stage 13 (late gastrula)	KH2012:KH.C3.557 (MID1; TRIM36; TRIM46)	a9.39 cell pair	a9.39
https://www.aniseed.fr/aniseed/experiment/show_insitu_by_biomaterial?biomaterial_id=23181	Stage 13 (late gastrula)	KH2012:KH.C3.557 (MID1; TRIM36; TRIM46)	a9.39 cell pair	a9.39*
https://www.aniseed.fr/aniseed/experiment/show_insitu_by_biomaterial?biomaterial_id=23181	Stage 13 (late gastrula)	KH2012:KH.C3.557 (MID1; TRIM36; TRIM46)	a9.40 cell pair	a9.40
https://www.aniseed.fr/aniseed/experiment/show_insitu_by_biomaterial?biomaterial_id=23181	Stage 13 (late gastrula)	KH2012:KH.C3.557 (MID1; TRIM36; TRIM46)	a9.40 cell pair	a9.40*
https://www.aniseed.fr/aniseed/experiment/show_insitu_by_biomaterial?biomaterial_id=23182	Stage 15 (mid neurula)	KH2012:KH.C3.557 (MID1; TRIM36; TRIM46)	a line neural plate	a9.50
https://www.aniseed.fr/aniseed/experiment/show_insitu_by_biomaterial?biomaterial_id=23182	Stage 15 (mid neurula)	KH2012:KH.C3.557 (MID1; TRIM36; TRIM46)	a line neural plate	a9.50*
https://www.aniseed.fr/aniseed/experiment/show_insitu_by_biomaterial?biomaterial_id=23182	Stage 15 (mid neurula)	KH2012:KH.C3.557 (MID1; TRIM36; TRIM46)	a line neural plate	a9.36
https://www.aniseed.fr/aniseed/experiment/show_insitu_by_biomaterial?biomaterial_id=23182	Stage 15 (mid neurula)	KH2012:KH.C3.557 (MID1; TRIM36; TRIM46)	a line neural plate	a9.36*
https://www.aniseed.fr/aniseed/experiment/show_insitu_by_biomaterial?biomaterial_id=23182	Stage 15 (mid neurula)	KH2012:KH.C3.557 (MID1; TRIM36; TRIM46)	a line neural plate	a9.40
https://www.aniseed.fr/aniseed/experiment/show_insitu_by_biomaterial?biomaterial_id=23182	Stage 15 (mid neurula)	KH2012:KH.C3.557 (MID1; TRIM36; TRIM46)	a line neural plate	a9.40*
https://www.aniseed.fr/aniseed/experiment/show_insitu_by_biomaterial?biomaterial_id=27056	Stage 12 (mid gastrula)	KH2012:KH.C3.716 (EFNA1; EFNA4; EFNA5)	A9.29 cell pair	A9.29
https://www.aniseed.fr/aniseed/experiment/show_insitu_by_biomaterial?biomaterial_id=27056	Stage 12 (mid gastrula)	KH2012:KH.C3.716 (EFNA1; EFNA4; EFNA5)	A9.29 cell pair	A9.29*
https://www.aniseed.fr/aniseed/experiment/show_insitu_by_biomaterial?biomaterial_id=27056	Stage 12 (mid gastrula)	KH2012:KH.C3.716 (EFNA1; EFNA4; EFNA5)	row V neural plate	a9.35
https://www.aniseed.fr/aniseed/experiment/show_insitu_by_biomaterial?biomaterial_id=27056	Stage 12 (mid gastrula)	KH2012:KH.C3.716 (EFNA1; EFNA4; EFNA5)	row V neural plate	a9.35*
https://www.aniseed.fr/aniseed/experiment/show_insitu_by_biomaterial?biomaterial_id=27056	Stage 12 (mid gastrula)	KH2012:KH.C3.716 (EFNA1; EFNA4; EFNA5)	row V neural plate	a9.39
https://www.aniseed.fr/aniseed/experiment/show_insitu_by_biomaterial?biomaterial_id=27056	Stage 12 (mid gastrula)	KH2012:KH.C3.716 (EFNA1; EFNA4; EFNA5)	row V neural plate	a9.39*
https://www.aniseed.fr/aniseed/experiment/show_insitu_by_biomaterial?biomaterial_id=27056	Stage 12 (mid gastrula)	KH2012:KH.C3.716 (EFNA1; EFNA4; EFNA5)	row VI neural plate	a9.36
https://www.aniseed.fr/aniseed/experiment/show_insitu_by_biomaterial?biomaterial_id=27056	Stage 12 (mid gastrula)	KH2012:KH.C3.716 (EFNA1; EFNA4; EFNA5)	row VI neural plate	a9.36*
https://www.aniseed.fr/aniseed/experiment/show_insitu_by_biomaterial?biomaterial_id=27056	Stage 12 (mid gastrula)	KH2012:KH.C3.716 (EFNA1; EFNA4; EFNA5)	row VI neural plate	a9.40
https://www.aniseed.fr/aniseed/experiment/show_insitu_by_biomaterial?biomaterial_id=27056	Stage 12 (mid gastrula)	KH2012:KH.C3.716 (EFNA1; EFNA4; EFNA5)	row VI neural plate	a9.40*
https://www.aniseed.fr/aniseed/experiment/show_insitu_by_biomaterial?biomaterial_id=15657	Stage 13 (late gastrula)	KH2012:KH.C3.716 (EFNA1; EFNA4; EFNA5)	row V neural plate	a9.35
https://www.aniseed.fr/aniseed/experiment/show_insitu_by_biomaterial?biomaterial_id=15657	Stage 13 (late gastrula)	KH2012:KH.C3.716 (EFNA1; EFNA4; EFNA5)	row V neural plate	a9.35*
https://www.aniseed.fr/aniseed/experiment/show_insitu_by_biomaterial?biomaterial_id=15657	Stage 13 (late gastrula)	KH2012:KH.C3.716 (EFNA1; EFNA4; EFNA5)	row V neural plate	a9.39
https://www.aniseed.fr/aniseed/experiment/show_insitu_by_biomaterial?biomaterial_id=15657	Stage 13 (late gastrula)	KH2012:KH.C3.716 (EFNA1; EFNA4; EFNA5)	row V neural plate	a9.39*
https://www.aniseed.fr/aniseed/experiment/show_insitu_by_biomaterial?biomaterial_id=15657	Stage 13 (late gastrula)	KH2012:KH.C3.716 (EFNA1; EFNA4; EFNA5)	row VI neural plate	a9.36
https://www.aniseed.fr/aniseed/experiment/show_insitu_by_biomaterial?biomaterial_id=15657	Stage 13 (late gastrula)	KH2012:KH.C3.716 (EFNA1; EFNA4; EFNA5)	row VI neural plate	a9.36*
https://www.aniseed.fr/aniseed/experiment/show_insitu_by_biomaterial?biomaterial_id=15657	Stage 13 (late gastrula)	KH2012:KH.C3.716 (EFNA1; EFNA4; EFNA5)	row VI neural plate	a9.40
https://www.aniseed.fr/aniseed/experiment/show_insitu_by_biomaterial?biomaterial_id=15657	Stage 13 (late gastrula)	KH2012:KH.C3.716 (EFNA1; EFNA4; EFNA5)	row VI neural plate	a9.40*
https://www.aniseed.fr/aniseed/experiment/show_insitu_by_biomaterial?biomaterial_id=16282	Stage 13 (late gastrula)	KH2012:KH.C3.716 (EFNA1; EFNA4; EFNA5)	A line neural plate	A9.32
https://www.aniseed.fr/aniseed/experiment/show_insitu_by_biomaterial?biomaterial_id=16282	Stage 13 (late gastrula)	KH2012:KH.C3.716 (EFNA1; EFNA4; EFNA5)	A line neural plate	A9.32*
https://www.aniseed.fr/aniseed/experiment/show_insitu_by_biomaterial?biomaterial_id=16282	Stage 13 (late gastrula)	KH2012:KH.C3.716 (EFNA1; EFNA4; EFNA5)	a9.50 cell pair	a9.50
https://www.aniseed.fr/aniseed/experiment/show_insitu_by_biomaterial?biomaterial_id=16282	Stage 13 (late gastrula)	KH2012:KH.C3.716 (EFNA1; EFNA4; EFNA5)	a9.50 cell pair	a9.50*
https://www.aniseed.fr/aniseed/experiment/show_insitu_by_biomaterial?biomaterial_id=16282	Stage 13 (late gastrula)	KH2012:KH.C3.716 (EFNA1; EFNA4; EFNA5)	row III neural plate	a9.33
https://www.aniseed.fr/aniseed/experiment/show_insitu_by_biomaterial?biomaterial_id=16282	Stage 13 (late gastrula)	KH2012:KH.C3.716 (EFNA1; EFNA4; EFNA5)	row III neural plate	a9.33*
https://www.aniseed.fr/aniseed/experiment/show_insitu_by_biomaterial?biomaterial_id=16282	Stage 13 (late gastrula)	KH2012:KH.C3.716 (EFNA1; EFNA4; EFNA5)	row III neural plate	a9.37
https://www.aniseed.fr/aniseed/experiment/show_insitu_by_biomaterial?biomaterial_id=16282	Stage 13 (late gastrula)	KH2012:KH.C3.716 (EFNA1; EFNA4; EFNA5)	row III neural plate	a9.37*
https://www.aniseed.fr/aniseed/experiment/show_insitu_by_biomaterial?biomaterial_id=16282	Stage 13 (late gastrula)	KH2012:KH.C3.716 (EFNA1; EFNA4; EFNA5)	row III neural plate	a9.49
https://www.aniseed.fr/aniseed/experiment/show_insitu_by_biomaterial?biomaterial_id=16282	Stage 13 (late gastrula)	KH2012:KH.C3.716 (EFNA1; EFNA4; EFNA5)	row III neural plate	a9.49*
https://www.aniseed.fr/aniseed/experiment/show_insitu_by_biomaterial?biomaterial_id=16282	Stage 13 (late gastrula)	KH2012:KH.C3.716 (EFNA1; EFNA4; EFNA5)	row V neural plate	a9.35
https://www.aniseed.fr/aniseed/experiment/show_insitu_by_biomaterial?biomaterial_id=16282	Stage 13 (late gastrula)	KH2012:KH.C3.716 (EFNA1; EFNA4; EFNA5)	row V neural plate	a9.35*
https://www.aniseed.fr/aniseed/experiment/show_insitu_by_biomaterial?biomaterial_id=16282	Stage 13 (late gastrula)	KH2012:KH.C3.716 (EFNA1; EFNA4; EFNA5)	row V neural plate	a9.39
https://www.aniseed.fr/aniseed/experiment/show_insitu_by_biomaterial?biomaterial_id=16282	Stage 13 (late gastrula)	KH2012:KH.C3.716 (EFNA1; EFNA4; EFNA5)	row V neural plate	a9.39*
https://www.aniseed.fr/aniseed/experiment/show_insitu_by_biomaterial?biomaterial_id=16282	Stage 13 (late gastrula)	KH2012:KH.C3.716 (EFNA1; EFNA4; EFNA5)	row V neural plate	a9.51
https://www.aniseed.fr/aniseed/experiment/show_insitu_by_biomaterial?biomaterial_id=16282	Stage 13 (late gastrula)	KH2012:KH.C3.716 (EFNA1; EFNA4; EFNA5)	row V neural plate	a9.51*
https://www.aniseed.fr/aniseed/experiment/show_insitu_by_biomaterial?biomaterial_id=16282	Stage 13 (late gastrula)	KH2012:KH.C3.716 (EFNA1; EFNA4; EFNA5)	row VI neural plate	a9.36
https://www.aniseed.fr/aniseed/experiment/show_insitu_by_biomaterial?biomaterial_id=16282	Stage 13 (late gastrula)	KH2012:KH.C3.716 (EFNA1; EFNA4; EFNA5)	row VI neural plate	a9.36*
https://www.aniseed.fr/aniseed/experiment/show_insitu_by_biomaterial?biomaterial_id=16282	Stage 13 (late gastrula)	KH2012:KH.C3.716 (EFNA1; EFNA4; EFNA5)	row VI neural plate	a9.40
https://www.aniseed.fr/aniseed/experiment/show_insitu_by_biomaterial?biomaterial_id=16282	Stage 13 (late gastrula)	KH2012:KH.C3.716 (EFNA1; EFNA4; EFNA5)	row VI neural plate	a9.40*
https://www.aniseed.fr/aniseed/experiment/show_insitu_by_biomaterial?biomaterial_id=16282	Stage 13 (late gastrula)	KH2012:KH.C3.716 (EFNA1; EFNA4; EFNA5)	row VI neural plate	a9.52
https://www.aniseed.fr/aniseed/experiment/show_insitu_by_biomaterial?biomaterial_id=16282	Stage 13 (late gastrula)	KH2012:KH.C3.716 (EFNA1; EFNA4; EFNA5)	row VI neural plate	a9.52*
https://www.aniseed.fr/aniseed/experiment/show_insitu_by_biomaterial?biomaterial_id=28050	Stage 13 (late gastrula)	KH2012:KH.C3.716 (EFNA1; EFNA4; EFNA5)	a9.35 cell pair	a9.35
https://www.aniseed.fr/aniseed/experiment/show_insitu_by_biomaterial?biomaterial_id=28050	Stage 13 (late gastrula)	KH2012:KH.C3.716 (EFNA1; EFNA4; EFNA5)	a9.35 cell pair	a9.35*
https://www.aniseed.fr/aniseed/experiment/show_insitu_by_biomaterial?biomaterial_id=28050	Stage 13 (late gastrula)	KH2012:KH.C3.716 (EFNA1; EFNA4; EFNA5)	a9.36 cell pair	a9.36
https://www.aniseed.fr/aniseed/experiment/show_insitu_by_biomaterial?biomaterial_id=28050	Stage 13 (late gastrula)	KH2012:KH.C3.716 (EFNA1; EFNA4; EFNA5)	a9.36 cell pair	a9.36*
https://www.aniseed.fr/aniseed/experiment/show_insitu_by_biomaterial?biomaterial_id=28050	Stage 13 (late gastrula)	KH2012:KH.C3.716 (EFNA1; EFNA4; EFNA5)	a9.39 cell pair	a9.39
https://www.aniseed.fr/aniseed/experiment/show_insitu_by_biomaterial?biomaterial_id=28050	Stage 13 (late gastrula)	KH2012:KH.C3.716 (EFNA1; EFNA4; EFNA5)	a9.39 cell pair	a9.39*
https://www.aniseed.fr/aniseed/experiment/show_insitu_by_biomaterial?biomaterial_id=28050	Stage 13 (late gastrula)	KH2012:KH.C3.716 (EFNA1; EFNA4; EFNA5)	a9.40 cell pair	a9.40
https://www.aniseed.fr/aniseed/experiment/show_insitu_by_biomaterial?biomaterial_id=28050	Stage 13 (late gastrula)	KH2012:KH.C3.716 (EFNA1; EFNA4; EFNA5)	a9.40 cell pair	a9.40*
https://www.aniseed.fr/aniseed/experiment/show_insitu_by_biomaterial?biomaterial_id=28075	Stage 13 (late gastrula)	KH2012:KH.C3.716 (EFNA1; EFNA4; EFNA5)	a9.35 cell pair	a9.35
https://www.aniseed.fr/aniseed/experiment/show_insitu_by_biomaterial?biomaterial_id=28075	Stage 13 (late gastrula)	KH2012:KH.C3.716 (EFNA1; EFNA4; EFNA5)	a9.35 cell pair	a9.35*
https://www.aniseed.fr/aniseed/experiment/show_insitu_by_biomaterial?biomaterial_id=28075	Stage 13 (late gastrula)	KH2012:KH.C3.716 (EFNA1; EFNA4; EFNA5)	a9.36 cell pair	a9.36
https://www.aniseed.fr/aniseed/experiment/show_insitu_by_biomaterial?biomaterial_id=28075	Stage 13 (late gastrula)	KH2012:KH.C3.716 (EFNA1; EFNA4; EFNA5)	a9.36 cell pair	a9.36*
https://www.aniseed.fr/aniseed/experiment/show_insitu_by_biomaterial?biomaterial_id=28075	Stage 13 (late gastrula)	KH2012:KH.C3.716 (EFNA1; EFNA4; EFNA5)	a9.39 cell pair	a9.39
https://www.aniseed.fr/aniseed/experiment/show_insitu_by_biomaterial?biomaterial_id=28075	Stage 13 (late gastrula)	KH2012:KH.C3.716 (EFNA1; EFNA4; EFNA5)	a9.39 cell pair	a9.39*
https://www.aniseed.fr/aniseed/experiment/show_insitu_by_biomaterial?biomaterial_id=28075	Stage 13 (late gastrula)	KH2012:KH.C3.716 (EFNA1; EFNA4; EFNA5)	a9.40 cell pair	a9.40
https://www.aniseed.fr/aniseed/experiment/show_insitu_by_biomaterial?biomaterial_id=28075	Stage 13 (late gastrula)	KH2012:KH.C3.716 (EFNA1; EFNA4; EFNA5)	a9.40 cell pair	a9.40*
https://www.aniseed.fr/aniseed/experiment/show_insitu_by_biomaterial?biomaterial_id=20693	Stage 15 (mid neurula)	KH2012:KH.C3.716 (EFNA1; EFNA4; EFNA5)	row VI neural plate	a9.36
https://www.aniseed.fr/aniseed/experiment/show_insitu_by_biomaterial?biomaterial_id=20693	Stage 15 (mid neurula)	KH2012:KH.C3.716 (EFNA1; EFNA4; EFNA5)	row VI neural plate	a9.36*
https://www.aniseed.fr/aniseed/experiment/show_insitu_by_biomaterial?biomaterial_id=20693	Stage 15 (mid neurula)	KH2012:KH.C3.716 (EFNA1; EFNA4; EFNA5)	row VI neural plate	a9.40
https://www.aniseed.fr/aniseed/experiment/show_insitu_by_biomaterial?biomaterial_id=20693	Stage 15 (mid neurula)	KH2012:KH.C3.716 (EFNA1; EFNA4; EFNA5)	row VI neural plate	a9.40*
https://www.aniseed.fr/aniseed/experiment/show_insitu_by_biomaterial?biomaterial_id=17531	Stage 12 (mid gastrula)	KH2012:KH.C3.751 (SNAI1; SNAI2; SNAI3)	A9.30 cell pair	A9.30
https://www.aniseed.fr/aniseed/experiment/show_insitu_by_biomaterial?biomaterial_id=17531	Stage 12 (mid gastrula)	KH2012:KH.C3.751 (SNAI1; SNAI2; SNAI3)	A9.30 cell pair	A9.30*
https://www.aniseed.fr/aniseed/experiment/show_insitu_by_biomaterial?biomaterial_id=17531	Stage 12 (mid gastrula)	KH2012:KH.C3.751 (SNAI1; SNAI2; SNAI3)	A9.32 cell pair	A9.32
https://www.aniseed.fr/aniseed/experiment/show_insitu_by_biomaterial?biomaterial_id=17531	Stage 12 (mid gastrula)	KH2012:KH.C3.751 (SNAI1; SNAI2; SNAI3)	A9.32 cell pair	A9.32*
https://www.aniseed.fr/aniseed/experiment/show_insitu_by_biomaterial?biomaterial_id=17531	Stage 12 (mid gastrula)	KH2012:KH.C3.751 (SNAI1; SNAI2; SNAI3)	a9.49 cell pair	a9.49
https://www.aniseed.fr/aniseed/experiment/show_insitu_by_biomaterial?biomaterial_id=17531	Stage 12 (mid gastrula)	KH2012:KH.C3.751 (SNAI1; SNAI2; SNAI3)	a9.49 cell pair	a9.49*
https://www.aniseed.fr/aniseed/experiment/show_insitu_by_biomaterial?biomaterial_id=17531	Stage 12 (mid gastrula)	KH2012:KH.C3.751 (SNAI1; SNAI2; SNAI3)	a9.50 cell pair	a9.50
https://www.aniseed.fr/aniseed/experiment/show_insitu_by_biomaterial?biomaterial_id=17531	Stage 12 (mid gastrula)	KH2012:KH.C3.751 (SNAI1; SNAI2; SNAI3)	a9.50 cell pair	a9.50*
https://www.aniseed.fr/aniseed/experiment/show_insitu_by_biomaterial?biomaterial_id=24198	Stage 12 (mid gastrula)	KH2012:KH.C3.751 (SNAI1; SNAI2; SNAI3)	A9.32 cell pair	A9.32
https://www.aniseed.fr/aniseed/experiment/show_insitu_by_biomaterial?biomaterial_id=24198	Stage 12 (mid gastrula)	KH2012:KH.C3.751 (SNAI1; SNAI2; SNAI3)	A9.32 cell pair	A9.32*
https://www.aniseed.fr/aniseed/experiment/show_insitu_by_biomaterial?biomaterial_id=27092	Stage 12 (mid gastrula)	KH2012:KH.C3.751 (SNAI1; SNAI2; SNAI3)	A9.30 cell pair	A9.30
https://www.aniseed.fr/aniseed/experiment/show_insitu_by_biomaterial?biomaterial_id=27092	Stage 12 (mid gastrula)	KH2012:KH.C3.751 (SNAI1; SNAI2; SNAI3)	A9.30 cell pair	A9.30*
https://www.aniseed.fr/aniseed/experiment/show_insitu_by_biomaterial?biomaterial_id=27092	Stage 12 (mid gastrula)	KH2012:KH.C3.751 (SNAI1; SNAI2; SNAI3)	A9.32 cell pair	A9.32
https://www.aniseed.fr/aniseed/experiment/show_insitu_by_biomaterial?biomaterial_id=27092	Stage 12 (mid gastrula)	KH2012:KH.C3.751 (SNAI1; SNAI2; SNAI3)	A9.32 cell pair	A9.32*
https://www.aniseed.fr/aniseed/experiment/show_insitu_by_biomaterial?biomaterial_id=27092	Stage 12 (mid gastrula)	KH2012:KH.C3.751 (SNAI1; SNAI2; SNAI3)	a9.49 cell pair	a9.49
https://www.aniseed.fr/aniseed/experiment/show_insitu_by_biomaterial?biomaterial_id=27092	Stage 12 (mid gastrula)	KH2012:KH.C3.751 (SNAI1; SNAI2; SNAI3)	a9.49 cell pair	a9.49*
https://www.aniseed.fr/aniseed/experiment/show_insitu_by_biomaterial?biomaterial_id=27092	Stage 12 (mid gastrula)	KH2012:KH.C3.751 (SNAI1; SNAI2; SNAI3)	a9.50 cell pair	a9.50
https://www.aniseed.fr/aniseed/experiment/show_insitu_by_biomaterial?biomaterial_id=27092	Stage 12 (mid gastrula)	KH2012:KH.C3.751 (SNAI1; SNAI2; SNAI3)	a9.50 cell pair	a9.50*
https://www.aniseed.fr/aniseed/experiment/show_insitu_by_biomaterial?biomaterial_id=28602	Stage 12 (mid gastrula)	KH2012:KH.C3.751 (SNAI1; SNAI2; SNAI3)	A9.29 cell pair	A9.29
https://www.aniseed.fr/aniseed/experiment/show_insitu_by_biomaterial?biomaterial_id=28602	Stage 12 (mid gastrula)	KH2012:KH.C3.751 (SNAI1; SNAI2; SNAI3)	A9.29 cell pair	A9.29*
https://www.aniseed.fr/aniseed/experiment/show_insitu_by_biomaterial?biomaterial_id=28602	Stage 12 (mid gastrula)	KH2012:KH.C3.751 (SNAI1; SNAI2; SNAI3)	A9.30 cell pair	A9.30
https://www.aniseed.fr/aniseed/experiment/show_insitu_by_biomaterial?biomaterial_id=28602	Stage 12 (mid gastrula)	KH2012:KH.C3.751 (SNAI1; SNAI2; SNAI3)	A9.30 cell pair	A9.30*
https://www.aniseed.fr/aniseed/experiment/show_insitu_by_biomaterial?biomaterial_id=28602	Stage 12 (mid gastrula)	KH2012:KH.C3.751 (SNAI1; SNAI2; SNAI3)	A9.32 cell pair	A9.32
https://www.aniseed.fr/aniseed/experiment/show_insitu_by_biomaterial?biomaterial_id=28602	Stage 12 (mid gastrula)	KH2012:KH.C3.751 (SNAI1; SNAI2; SNAI3)	A9.32 cell pair	A9.32*
https://www.aniseed.fr/aniseed/experiment/show_insitu_by_biomaterial?biomaterial_id=28602	Stage 12 (mid gastrula)	KH2012:KH.C3.751 (SNAI1; SNAI2; SNAI3)	a9.49 cell pair	a9.49
https://www.aniseed.fr/aniseed/experiment/show_insitu_by_biomaterial?biomaterial_id=28602	Stage 12 (mid gastrula)	KH2012:KH.C3.751 (SNAI1; SNAI2; SNAI3)	a9.49 cell pair	a9.49*
https://www.aniseed.fr/aniseed/experiment/show_insitu_by_biomaterial?biomaterial_id=28602	Stage 12 (mid gastrula)	KH2012:KH.C3.751 (SNAI1; SNAI2; SNAI3)	a9.50 cell pair	a9.50
https://www.aniseed.fr/aniseed/experiment/show_insitu_by_biomaterial?biomaterial_id=28602	Stage 12 (mid gastrula)	KH2012:KH.C3.751 (SNAI1; SNAI2; SNAI3)	a9.50 cell pair	a9.50*
https://www.aniseed.fr/aniseed/experiment/show_insitu_by_biomaterial?biomaterial_id=36295	Stage 12 (mid gastrula)	KH2012:KH.C3.751 (SNAI1; SNAI2; SNAI3)	A9.29 cell pair	A9.29
https://www.aniseed.fr/aniseed/experiment/show_insitu_by_biomaterial?biomaterial_id=36295	Stage 12 (mid gastrula)	KH2012:KH.C3.751 (SNAI1; SNAI2; SNAI3)	A9.29 cell pair	A9.29*
https://www.aniseed.fr/aniseed/experiment/show_insitu_by_biomaterial?biomaterial_id=36295	Stage 12 (mid gastrula)	KH2012:KH.C3.751 (SNAI1; SNAI2; SNAI3)	A9.30 cell pair	A9.30
https://www.aniseed.fr/aniseed/experiment/show_insitu_by_biomaterial?biomaterial_id=36295	Stage 12 (mid gastrula)	KH2012:KH.C3.751 (SNAI1; SNAI2; SNAI3)	A9.30 cell pair	A9.30*
https://www.aniseed.fr/aniseed/experiment/show_insitu_by_biomaterial?biomaterial_id=36295	Stage 12 (mid gastrula)	KH2012:KH.C3.751 (SNAI1; SNAI2; SNAI3)	A9.32 cell pair	A9.32
https://www.aniseed.fr/aniseed/experiment/show_insitu_by_biomaterial?biomaterial_id=36295	Stage 12 (mid gastrula)	KH2012:KH.C3.751 (SNAI1; SNAI2; SNAI3)	A9.32 cell pair	A9.32*
https://www.aniseed.fr/aniseed/experiment/show_insitu_by_biomaterial?biomaterial_id=36295	Stage 12 (mid gastrula)	KH2012:KH.C3.751 (SNAI1; SNAI2; SNAI3)	a9.49 cell pair	a9.49
https://www.aniseed.fr/aniseed/experiment/show_insitu_by_biomaterial?biomaterial_id=36295	Stage 12 (mid gastrula)	KH2012:KH.C3.751 (SNAI1; SNAI2; SNAI3)	a9.49 cell pair	a9.49*
https://www.aniseed.fr/aniseed/experiment/show_insitu_by_biomaterial?biomaterial_id=36295	Stage 12 (mid gastrula)	KH2012:KH.C3.751 (SNAI1; SNAI2; SNAI3)	a9.50 cell pair	a9.50
https://www.aniseed.fr/aniseed/experiment/show_insitu_by_biomaterial?biomaterial_id=36295	Stage 12 (mid gastrula)	KH2012:KH.C3.751 (SNAI1; SNAI2; SNAI3)	a9.50 cell pair	a9.50*
https://www.aniseed.fr/aniseed/experiment/show_insitu_by_biomaterial?biomaterial_id=21206	Stage 13 (late gastrula)	KH2012:KH.C3.751 (SNAI1; SNAI2; SNAI3)	A9.29 cell pair	A9.29
https://www.aniseed.fr/aniseed/experiment/show_insitu_by_biomaterial?biomaterial_id=21206	Stage 13 (late gastrula)	KH2012:KH.C3.751 (SNAI1; SNAI2; SNAI3)	A9.29 cell pair	A9.29*
https://www.aniseed.fr/aniseed/experiment/show_insitu_by_biomaterial?biomaterial_id=21206	Stage 13 (late gastrula)	KH2012:KH.C3.751 (SNAI1; SNAI2; SNAI3)	A9.30 cell pair	A9.30
https://www.aniseed.fr/aniseed/experiment/show_insitu_by_biomaterial?biomaterial_id=21206	Stage 13 (late gastrula)	KH2012:KH.C3.751 (SNAI1; SNAI2; SNAI3)	A9.30 cell pair	A9.30*
https://www.aniseed.fr/aniseed/experiment/show_insitu_by_biomaterial?biomaterial_id=21206	Stage 13 (late gastrula)	KH2012:KH.C3.751 (SNAI1; SNAI2; SNAI3)	A9.32 cell pair	A9.32
https://www.aniseed.fr/aniseed/experiment/show_insitu_by_biomaterial?biomaterial_id=21206	Stage 13 (late gastrula)	KH2012:KH.C3.751 (SNAI1; SNAI2; SNAI3)	A9.32 cell pair	A9.32*
https://www.aniseed.fr/aniseed/experiment/show_insitu_by_biomaterial?biomaterial_id=21206	Stage 13 (late gastrula)	KH2012:KH.C3.751 (SNAI1; SNAI2; SNAI3)	a9.49 cell pair	a9.49
https://www.aniseed.fr/aniseed/experiment/show_insitu_by_biomaterial?biomaterial_id=21206	Stage 13 (late gastrula)	KH2012:KH.C3.751 (SNAI1; SNAI2; SNAI3)	a9.49 cell pair	a9.49*
https://www.aniseed.fr/aniseed/experiment/show_insitu_by_biomaterial?biomaterial_id=21206	Stage 13 (late gastrula)	KH2012:KH.C3.751 (SNAI1; SNAI2; SNAI3)	a9.50 cell pair	a9.50
https://www.aniseed.fr/aniseed/experiment/show_insitu_by_biomaterial?biomaterial_id=21206	Stage 13 (late gastrula)	KH2012:KH.C3.751 (SNAI1; SNAI2; SNAI3)	a9.50 cell pair	a9.50*
https://www.aniseed.fr/aniseed/experiment/show_insitu_by_biomaterial?biomaterial_id=25526	Stage 13 (late gastrula)	KH2012:KH.C3.751 (SNAI1; SNAI2; SNAI3)	A10.32 cell pair	A10.32
https://www.aniseed.fr/aniseed/experiment/show_insitu_by_biomaterial?biomaterial_id=25526	Stage 13 (late gastrula)	KH2012:KH.C3.751 (SNAI1; SNAI2; SNAI3)	A10.32 cell pair	A10.32*
https://www.aniseed.fr/aniseed/experiment/show_insitu_by_biomaterial?biomaterial_id=25526	Stage 13 (late gastrula)	KH2012:KH.C3.751 (SNAI1; SNAI2; SNAI3)	A9.29 cell pair	A9.29
https://www.aniseed.fr/aniseed/experiment/show_insitu_by_biomaterial?biomaterial_id=25526	Stage 13 (late gastrula)	KH2012:KH.C3.751 (SNAI1; SNAI2; SNAI3)	A9.29 cell pair	A9.29*
https://www.aniseed.fr/aniseed/experiment/show_insitu_by_biomaterial?biomaterial_id=25526	Stage 13 (late gastrula)	KH2012:KH.C3.751 (SNAI1; SNAI2; SNAI3)	A9.30 cell pair	A9.30
https://www.aniseed.fr/aniseed/experiment/show_insitu_by_biomaterial?biomaterial_id=25526	Stage 13 (late gastrula)	KH2012:KH.C3.751 (SNAI1; SNAI2; SNAI3)	A9.30 cell pair	A9.30*
https://www.aniseed.fr/aniseed/experiment/show_insitu_by_biomaterial?biomaterial_id=25526	Stage 13 (late gastrula)	KH2012:KH.C3.751 (SNAI1; SNAI2; SNAI3)	a9.49 cell pair	a9.49
https://www.aniseed.fr/aniseed/experiment/show_insitu_by_biomaterial?biomaterial_id=25526	Stage 13 (late gastrula)	KH2012:KH.C3.751 (SNAI1; SNAI2; SNAI3)	a9.49 cell pair	a9.49*
https://www.aniseed.fr/aniseed/experiment/show_insitu_by_biomaterial?biomaterial_id=25526	Stage 13 (late gastrula)	KH2012:KH.C3.751 (SNAI1; SNAI2; SNAI3)	a9.50 cell pair	a9.50
https://www.aniseed.fr/aniseed/experiment/show_insitu_by_biomaterial?biomaterial_id=25526	Stage 13 (late gastrula)	KH2012:KH.C3.751 (SNAI1; SNAI2; SNAI3)	a9.50 cell pair	a9.50*
https://www.aniseed.fr/aniseed/experiment/show_insitu_by_biomaterial?biomaterial_id=36479	Stage 13 (late gastrula)	KH2012:KH.C3.751 (SNAI1; SNAI2; SNAI3)	A9.29 cell pair	A9.29
https://www.aniseed.fr/aniseed/experiment/show_insitu_by_biomaterial?biomaterial_id=36479	Stage 13 (late gastrula)	KH2012:KH.C3.751 (SNAI1; SNAI2; SNAI3)	A9.29 cell pair	A9.29*
https://www.aniseed.fr/aniseed/experiment/show_insitu_by_biomaterial?biomaterial_id=36479	Stage 13 (late gastrula)	KH2012:KH.C3.751 (SNAI1; SNAI2; SNAI3)	A9.30 cell pair	A9.30
https://www.aniseed.fr/aniseed/experiment/show_insitu_by_biomaterial?biomaterial_id=36479	Stage 13 (late gastrula)	KH2012:KH.C3.751 (SNAI1; SNAI2; SNAI3)	A9.30 cell pair	A9.30*
https://www.aniseed.fr/aniseed/experiment/show_insitu_by_biomaterial?biomaterial_id=36479	Stage 13 (late gastrula)	KH2012:KH.C3.751 (SNAI1; SNAI2; SNAI3)	A9.32 cell pair	A9.32
https://www.aniseed.fr/aniseed/experiment/show_insitu_by_biomaterial?biomaterial_id=36479	Stage 13 (late gastrula)	KH2012:KH.C3.751 (SNAI1; SNAI2; SNAI3)	A9.32 cell pair	A9.32*
https://www.aniseed.fr/aniseed/experiment/show_insitu_by_biomaterial?biomaterial_id=36479	Stage 13 (late gastrula)	KH2012:KH.C3.751 (SNAI1; SNAI2; SNAI3)	a9.49 cell pair	a9.49
https://www.aniseed.fr/aniseed/experiment/show_insitu_by_biomaterial?biomaterial_id=36479	Stage 13 (late gastrula)	KH2012:KH.C3.751 (SNAI1; SNAI2; SNAI3)	a9.49 cell pair	a9.49*
https://www.aniseed.fr/aniseed/experiment/show_insitu_by_biomaterial?biomaterial_id=36482	Stage 13 (late gastrula)	KH2012:KH.C3.751 (SNAI1; SNAI2; SNAI3)	A9.29 cell pair	A9.29
https://www.aniseed.fr/aniseed/experiment/show_insitu_by_biomaterial?biomaterial_id=36482	Stage 13 (late gastrula)	KH2012:KH.C3.751 (SNAI1; SNAI2; SNAI3)	A9.29 cell pair	A9.29*
https://www.aniseed.fr/aniseed/experiment/show_insitu_by_biomaterial?biomaterial_id=36482	Stage 13 (late gastrula)	KH2012:KH.C3.751 (SNAI1; SNAI2; SNAI3)	A9.32 cell pair	A9.32
https://www.aniseed.fr/aniseed/experiment/show_insitu_by_biomaterial?biomaterial_id=36482	Stage 13 (late gastrula)	KH2012:KH.C3.751 (SNAI1; SNAI2; SNAI3)	A9.32 cell pair	A9.32*
https://www.aniseed.fr/aniseed/experiment/show_insitu_by_biomaterial?biomaterial_id=36482	Stage 13 (late gastrula)	KH2012:KH.C3.751 (SNAI1; SNAI2; SNAI3)	a9.49 cell pair	a9.49
https://www.aniseed.fr/aniseed/experiment/show_insitu_by_biomaterial?biomaterial_id=36482	Stage 13 (late gastrula)	KH2012:KH.C3.751 (SNAI1; SNAI2; SNAI3)	a9.49 cell pair	a9.49*
https://www.aniseed.fr/aniseed/experiment/show_insitu_by_biomaterial?biomaterial_id=4064	Stage 13 (late gastrula)	KH2012:KH.C3.751 (SNAI1; SNAI2; SNAI3)	A line neural plate	A9.32
https://www.aniseed.fr/aniseed/experiment/show_insitu_by_biomaterial?biomaterial_id=4064	Stage 13 (late gastrula)	KH2012:KH.C3.751 (SNAI1; SNAI2; SNAI3)	A line neural plate	A9.32*
https://www.aniseed.fr/aniseed/experiment/show_insitu_by_biomaterial?biomaterial_id=16976	Stage 12 (mid gastrula)	KH2012:KH.C4.125 (BMP2; BMP4; BMP7)	a9.49 cell pair	a9.49
https://www.aniseed.fr/aniseed/experiment/show_insitu_by_biomaterial?biomaterial_id=16976	Stage 12 (mid gastrula)	KH2012:KH.C4.125 (BMP2; BMP4; BMP7)	a9.49 cell pair	a9.49*
https://www.aniseed.fr/aniseed/experiment/show_insitu_by_biomaterial?biomaterial_id=15273	Stage 12 (mid gastrula)	KH2012:KH.C4.341 (FOXA2; FOXB1; FOXB2)	A9.14 cell pair	A9.14
https://www.aniseed.fr/aniseed/experiment/show_insitu_by_biomaterial?biomaterial_id=15273	Stage 12 (mid gastrula)	KH2012:KH.C4.341 (FOXA2; FOXB1; FOXB2)	A9.14 cell pair	A9.14*
https://www.aniseed.fr/aniseed/experiment/show_insitu_by_biomaterial?biomaterial_id=16700	Stage 12 (mid gastrula)	KH2012:KH.C4.341 (FOXA2; FOXB1; FOXB2)	A9.14 cell pair	A9.14
https://www.aniseed.fr/aniseed/experiment/show_insitu_by_biomaterial?biomaterial_id=16700	Stage 12 (mid gastrula)	KH2012:KH.C4.341 (FOXA2; FOXB1; FOXB2)	A9.14 cell pair	A9.14*
https://www.aniseed.fr/aniseed/experiment/show_insitu_by_biomaterial?biomaterial_id=26190	Stage 12 (mid gastrula)	KH2012:KH.C4.341 (FOXA2; FOXB1; FOXB2)	A9.14 cell pair	A9.14
https://www.aniseed.fr/aniseed/experiment/show_insitu_by_biomaterial?biomaterial_id=26190	Stage 12 (mid gastrula)	KH2012:KH.C4.341 (FOXA2; FOXB1; FOXB2)	A9.14 cell pair	A9.14*
https://www.aniseed.fr/aniseed/experiment/show_insitu_by_biomaterial?biomaterial_id=22236	Stage 13 (late gastrula)	KH2012:KH.C4.341 (FOXA2; FOXB1; FOXB2)	row II neural plate	A10.27
https://www.aniseed.fr/aniseed/experiment/show_insitu_by_biomaterial?biomaterial_id=22236	Stage 13 (late gastrula)	KH2012:KH.C4.341 (FOXA2; FOXB1; FOXB2)	row II neural plate	A10.27*
https://www.aniseed.fr/aniseed/experiment/show_insitu_by_biomaterial?biomaterial_id=22236	Stage 13 (late gastrula)	KH2012:KH.C4.341 (FOXA2; FOXB1; FOXB2)	row II neural plate	A10.28
https://www.aniseed.fr/aniseed/experiment/show_insitu_by_biomaterial?biomaterial_id=22236	Stage 13 (late gastrula)	KH2012:KH.C4.341 (FOXA2; FOXB1; FOXB2)	row II neural plate	A10.28*
https://www.aniseed.fr/aniseed/experiment/show_insitu_by_biomaterial?biomaterial_id=23958	Stage 13 (late gastrula)	KH2012:KH.C4.341 (FOXA2; FOXB1; FOXB2)	A10.27 cell pair	A10.27
https://www.aniseed.fr/aniseed/experiment/show_insitu_by_biomaterial?biomaterial_id=23958	Stage 13 (late gastrula)	KH2012:KH.C4.341 (FOXA2; FOXB1; FOXB2)	A10.27 cell pair	A10.27*
https://www.aniseed.fr/aniseed/experiment/show_insitu_by_biomaterial?biomaterial_id=23958	Stage 13 (late gastrula)	KH2012:KH.C4.341 (FOXA2; FOXB1; FOXB2)	A10.28 cell pair	A10.28
https://www.aniseed.fr/aniseed/experiment/show_insitu_by_biomaterial?biomaterial_id=23958	Stage 13 (late gastrula)	KH2012:KH.C4.341 (FOXA2; FOXB1; FOXB2)	A10.28 cell pair	A10.28*
https://www.aniseed.fr/aniseed/experiment/show_insitu_by_biomaterial?biomaterial_id=23959	Stage 13 (late gastrula)	KH2012:KH.C4.341 (FOXA2; FOXB1; FOXB2)	A10.27 cell pair	A10.27
https://www.aniseed.fr/aniseed/experiment/show_insitu_by_biomaterial?biomaterial_id=23959	Stage 13 (late gastrula)	KH2012:KH.C4.341 (FOXA2; FOXB1; FOXB2)	A10.27 cell pair	A10.27*
https://www.aniseed.fr/aniseed/experiment/show_insitu_by_biomaterial?biomaterial_id=23959	Stage 13 (late gastrula)	KH2012:KH.C4.341 (FOXA2; FOXB1; FOXB2)	A10.28 cell pair	A10.28
https://www.aniseed.fr/aniseed/experiment/show_insitu_by_biomaterial?biomaterial_id=23959	Stage 13 (late gastrula)	KH2012:KH.C4.341 (FOXA2; FOXB1; FOXB2)	A10.28 cell pair	A10.28*
https://www.aniseed.fr/aniseed/experiment/show_insitu_by_biomaterial?biomaterial_id=23978	Stage 13 (late gastrula)	KH2012:KH.C4.341 (FOXA2; FOXB1; FOXB2)	A10.27 cell pair	A10.27
https://www.aniseed.fr/aniseed/experiment/show_insitu_by_biomaterial?biomaterial_id=23978	Stage 13 (late gastrula)	KH2012:KH.C4.341 (FOXA2; FOXB1; FOXB2)	A10.27 cell pair	A10.27*
https://www.aniseed.fr/aniseed/experiment/show_insitu_by_biomaterial?biomaterial_id=23978	Stage 13 (late gastrula)	KH2012:KH.C4.341 (FOXA2; FOXB1; FOXB2)	A10.28 cell pair	A10.28
https://www.aniseed.fr/aniseed/experiment/show_insitu_by_biomaterial?biomaterial_id=23978	Stage 13 (late gastrula)	KH2012:KH.C4.341 (FOXA2; FOXB1; FOXB2)	A10.28 cell pair	A10.28*
https://www.aniseed.fr/aniseed/experiment/show_insitu_by_biomaterial?biomaterial_id=23978	Stage 13 (late gastrula)	KH2012:KH.C4.341 (FOXA2; FOXB1; FOXB2)	A10.31 cell pair	A10.31
https://www.aniseed.fr/aniseed/experiment/show_insitu_by_biomaterial?biomaterial_id=23978	Stage 13 (late gastrula)	KH2012:KH.C4.341 (FOXA2; FOXB1; FOXB2)	A10.31 cell pair	A10.31*
https://www.aniseed.fr/aniseed/experiment/show_insitu_by_biomaterial?biomaterial_id=23978	Stage 13 (late gastrula)	KH2012:KH.C4.341 (FOXA2; FOXB1; FOXB2)	A10.32 cell pair	A10.32
https://www.aniseed.fr/aniseed/experiment/show_insitu_by_biomaterial?biomaterial_id=23978	Stage 13 (late gastrula)	KH2012:KH.C4.341 (FOXA2; FOXB1; FOXB2)	A10.32 cell pair	A10.32*
https://www.aniseed.fr/aniseed/experiment/show_insitu_by_biomaterial?biomaterial_id=23978	Stage 13 (late gastrula)	KH2012:KH.C4.341 (FOXA2; FOXB1; FOXB2)	row IV neural plate	a9.34
https://www.aniseed.fr/aniseed/experiment/show_insitu_by_biomaterial?biomaterial_id=23978	Stage 13 (late gastrula)	KH2012:KH.C4.341 (FOXA2; FOXB1; FOXB2)	row IV neural plate	a9.34*
https://www.aniseed.fr/aniseed/experiment/show_insitu_by_biomaterial?biomaterial_id=23978	Stage 13 (late gastrula)	KH2012:KH.C4.341 (FOXA2; FOXB1; FOXB2)	row IV neural plate	a9.38
https://www.aniseed.fr/aniseed/experiment/show_insitu_by_biomaterial?biomaterial_id=23978	Stage 13 (late gastrula)	KH2012:KH.C4.341 (FOXA2; FOXB1; FOXB2)	row IV neural plate	a9.38*
https://www.aniseed.fr/aniseed/experiment/show_insitu_by_biomaterial?biomaterial_id=23978	Stage 13 (late gastrula)	KH2012:KH.C4.341 (FOXA2; FOXB1; FOXB2)	row IV neural plate	a9.50
https://www.aniseed.fr/aniseed/experiment/show_insitu_by_biomaterial?biomaterial_id=23978	Stage 13 (late gastrula)	KH2012:KH.C4.341 (FOXA2; FOXB1; FOXB2)	row IV neural plate	a9.50*
https://www.aniseed.fr/aniseed/experiment/show_insitu_by_biomaterial?biomaterial_id=22235	Stage 15 (mid neurula)	KH2012:KH.C4.341 (FOXA2; FOXB1; FOXB2)	row II neural plate	A10.27
https://www.aniseed.fr/aniseed/experiment/show_insitu_by_biomaterial?biomaterial_id=22235	Stage 15 (mid neurula)	KH2012:KH.C4.341 (FOXA2; FOXB1; FOXB2)	row II neural plate	A10.27*
https://www.aniseed.fr/aniseed/experiment/show_insitu_by_biomaterial?biomaterial_id=22235	Stage 15 (mid neurula)	KH2012:KH.C4.341 (FOXA2; FOXB1; FOXB2)	row II neural plate	A10.31
https://www.aniseed.fr/aniseed/experiment/show_insitu_by_biomaterial?biomaterial_id=22235	Stage 15 (mid neurula)	KH2012:KH.C4.341 (FOXA2; FOXB1; FOXB2)	row II neural plate	A10.31*
https://www.aniseed.fr/aniseed/experiment/show_insitu_by_biomaterial?biomaterial_id=22235	Stage 15 (mid neurula)	KH2012:KH.C4.341 (FOXA2; FOXB1; FOXB2)	row II neural plate	A10.28
https://www.aniseed.fr/aniseed/experiment/show_insitu_by_biomaterial?biomaterial_id=22235	Stage 15 (mid neurula)	KH2012:KH.C4.341 (FOXA2; FOXB1; FOXB2)	row II neural plate	A10.28*
https://www.aniseed.fr/aniseed/experiment/show_insitu_by_biomaterial?biomaterial_id=22235	Stage 15 (mid neurula)	KH2012:KH.C4.341 (FOXA2; FOXB1; FOXB2)	row II neural plate	A10.32
https://www.aniseed.fr/aniseed/experiment/show_insitu_by_biomaterial?biomaterial_id=22235	Stage 15 (mid neurula)	KH2012:KH.C4.341 (FOXA2; FOXB1; FOXB2)	row II neural plate	A10.32*
https://www.aniseed.fr/aniseed/experiment/show_insitu_by_biomaterial?biomaterial_id=23960	Stage 15 (mid neurula)	KH2012:KH.C4.341 (FOXA2; FOXB1; FOXB2)	row II neural plate	A10.27
https://www.aniseed.fr/aniseed/experiment/show_insitu_by_biomaterial?biomaterial_id=23960	Stage 15 (mid neurula)	KH2012:KH.C4.341 (FOXA2; FOXB1; FOXB2)	row II neural plate	A10.27*
https://www.aniseed.fr/aniseed/experiment/show_insitu_by_biomaterial?biomaterial_id=23960	Stage 15 (mid neurula)	KH2012:KH.C4.341 (FOXA2; FOXB1; FOXB2)	row II neural plate	A10.31
https://www.aniseed.fr/aniseed/experiment/show_insitu_by_biomaterial?biomaterial_id=23960	Stage 15 (mid neurula)	KH2012:KH.C4.341 (FOXA2; FOXB1; FOXB2)	row II neural plate	A10.31*
https://www.aniseed.fr/aniseed/experiment/show_insitu_by_biomaterial?biomaterial_id=23960	Stage 15 (mid neurula)	KH2012:KH.C4.341 (FOXA2; FOXB1; FOXB2)	row II neural plate	A10.28
https://www.aniseed.fr/aniseed/experiment/show_insitu_by_biomaterial?biomaterial_id=23960	Stage 15 (mid neurula)	KH2012:KH.C4.341 (FOXA2; FOXB1; FOXB2)	row II neural plate	A10.28*
https://www.aniseed.fr/aniseed/experiment/show_insitu_by_biomaterial?biomaterial_id=23960	Stage 15 (mid neurula)	KH2012:KH.C4.341 (FOXA2; FOXB1; FOXB2)	row II neural plate	A10.32
https://www.aniseed.fr/aniseed/experiment/show_insitu_by_biomaterial?biomaterial_id=23960	Stage 15 (mid neurula)	KH2012:KH.C4.341 (FOXA2; FOXB1; FOXB2)	row II neural plate	A10.32*
https://www.aniseed.fr/aniseed/experiment/show_insitu_by_biomaterial?biomaterial_id=23961	Stage 15 (mid neurula)	KH2012:KH.C4.341 (FOXA2; FOXB1; FOXB2)	row II neural plate	A10.27
https://www.aniseed.fr/aniseed/experiment/show_insitu_by_biomaterial?biomaterial_id=23961	Stage 15 (mid neurula)	KH2012:KH.C4.341 (FOXA2; FOXB1; FOXB2)	row II neural plate	A10.27*
https://www.aniseed.fr/aniseed/experiment/show_insitu_by_biomaterial?biomaterial_id=23961	Stage 15 (mid neurula)	KH2012:KH.C4.341 (FOXA2; FOXB1; FOXB2)	row II neural plate	A10.31
https://www.aniseed.fr/aniseed/experiment/show_insitu_by_biomaterial?biomaterial_id=23961	Stage 15 (mid neurula)	KH2012:KH.C4.341 (FOXA2; FOXB1; FOXB2)	row II neural plate	A10.31*
https://www.aniseed.fr/aniseed/experiment/show_insitu_by_biomaterial?biomaterial_id=23961	Stage 15 (mid neurula)	KH2012:KH.C4.341 (FOXA2; FOXB1; FOXB2)	row II neural plate	A10.28
https://www.aniseed.fr/aniseed/experiment/show_insitu_by_biomaterial?biomaterial_id=23961	Stage 15 (mid neurula)	KH2012:KH.C4.341 (FOXA2; FOXB1; FOXB2)	row II neural plate	A10.28*
https://www.aniseed.fr/aniseed/experiment/show_insitu_by_biomaterial?biomaterial_id=23961	Stage 15 (mid neurula)	KH2012:KH.C4.341 (FOXA2; FOXB1; FOXB2)	row II neural plate	A10.32
https://www.aniseed.fr/aniseed/experiment/show_insitu_by_biomaterial?biomaterial_id=23961	Stage 15 (mid neurula)	KH2012:KH.C4.341 (FOXA2; FOXB1; FOXB2)	row II neural plate	A10.32*
https://www.aniseed.fr/aniseed/experiment/show_insitu_by_biomaterial?biomaterial_id=15232	Stage 12 (mid gastrula)	KH2012:KH.C4.84 (CRX; OTX1; OTX2)	row III neural plate	a9.33
https://www.aniseed.fr/aniseed/experiment/show_insitu_by_biomaterial?biomaterial_id=15232	Stage 12 (mid gastrula)	KH2012:KH.C4.84 (CRX; OTX1; OTX2)	row III neural plate	a9.33*
https://www.aniseed.fr/aniseed/experiment/show_insitu_by_biomaterial?biomaterial_id=15232	Stage 12 (mid gastrula)	KH2012:KH.C4.84 (CRX; OTX1; OTX2)	row III neural plate	a9.37
https://www.aniseed.fr/aniseed/experiment/show_insitu_by_biomaterial?biomaterial_id=15232	Stage 12 (mid gastrula)	KH2012:KH.C4.84 (CRX; OTX1; OTX2)	row III neural plate	a9.37*
https://www.aniseed.fr/aniseed/experiment/show_insitu_by_biomaterial?biomaterial_id=15232	Stage 12 (mid gastrula)	KH2012:KH.C4.84 (CRX; OTX1; OTX2)	row III neural plate	a9.49
https://www.aniseed.fr/aniseed/experiment/show_insitu_by_biomaterial?biomaterial_id=15232	Stage 12 (mid gastrula)	KH2012:KH.C4.84 (CRX; OTX1; OTX2)	row III neural plate	a9.49*
https://www.aniseed.fr/aniseed/experiment/show_insitu_by_biomaterial?biomaterial_id=15232	Stage 12 (mid gastrula)	KH2012:KH.C4.84 (CRX; OTX1; OTX2)	row IV neural plate	a9.34
https://www.aniseed.fr/aniseed/experiment/show_insitu_by_biomaterial?biomaterial_id=15232	Stage 12 (mid gastrula)	KH2012:KH.C4.84 (CRX; OTX1; OTX2)	row IV neural plate	a9.34*
https://www.aniseed.fr/aniseed/experiment/show_insitu_by_biomaterial?biomaterial_id=15232	Stage 12 (mid gastrula)	KH2012:KH.C4.84 (CRX; OTX1; OTX2)	row IV neural plate	a9.38
https://www.aniseed.fr/aniseed/experiment/show_insitu_by_biomaterial?biomaterial_id=15232	Stage 12 (mid gastrula)	KH2012:KH.C4.84 (CRX; OTX1; OTX2)	row IV neural plate	a9.38*
https://www.aniseed.fr/aniseed/experiment/show_insitu_by_biomaterial?biomaterial_id=15232	Stage 12 (mid gastrula)	KH2012:KH.C4.84 (CRX; OTX1; OTX2)	row IV neural plate	a9.50
https://www.aniseed.fr/aniseed/experiment/show_insitu_by_biomaterial?biomaterial_id=15232	Stage 12 (mid gastrula)	KH2012:KH.C4.84 (CRX; OTX1; OTX2)	row IV neural plate	a9.50*
https://www.aniseed.fr/aniseed/experiment/show_insitu_by_biomaterial?biomaterial_id=17554	Stage 12 (mid gastrula)	KH2012:KH.C4.84 (CRX; OTX1; OTX2)	a line neural plate	a9.33
https://www.aniseed.fr/aniseed/experiment/show_insitu_by_biomaterial?biomaterial_id=17554	Stage 12 (mid gastrula)	KH2012:KH.C4.84 (CRX; OTX1; OTX2)	a line neural plate	a9.33*
https://www.aniseed.fr/aniseed/experiment/show_insitu_by_biomaterial?biomaterial_id=17554	Stage 12 (mid gastrula)	KH2012:KH.C4.84 (CRX; OTX1; OTX2)	a line neural plate	a9.37
https://www.aniseed.fr/aniseed/experiment/show_insitu_by_biomaterial?biomaterial_id=17554	Stage 12 (mid gastrula)	KH2012:KH.C4.84 (CRX; OTX1; OTX2)	a line neural plate	a9.37*
https://www.aniseed.fr/aniseed/experiment/show_insitu_by_biomaterial?biomaterial_id=17554	Stage 12 (mid gastrula)	KH2012:KH.C4.84 (CRX; OTX1; OTX2)	a line neural plate	a9.49
https://www.aniseed.fr/aniseed/experiment/show_insitu_by_biomaterial?biomaterial_id=17554	Stage 12 (mid gastrula)	KH2012:KH.C4.84 (CRX; OTX1; OTX2)	a line neural plate	a9.49*
https://www.aniseed.fr/aniseed/experiment/show_insitu_by_biomaterial?biomaterial_id=17554	Stage 12 (mid gastrula)	KH2012:KH.C4.84 (CRX; OTX1; OTX2)	a line neural plate	a9.34
https://www.aniseed.fr/aniseed/experiment/show_insitu_by_biomaterial?biomaterial_id=17554	Stage 12 (mid gastrula)	KH2012:KH.C4.84 (CRX; OTX1; OTX2)	a line neural plate	a9.34*
https://www.aniseed.fr/aniseed/experiment/show_insitu_by_biomaterial?biomaterial_id=17554	Stage 12 (mid gastrula)	KH2012:KH.C4.84 (CRX; OTX1; OTX2)	a line neural plate	a9.38
https://www.aniseed.fr/aniseed/experiment/show_insitu_by_biomaterial?biomaterial_id=17554	Stage 12 (mid gastrula)	KH2012:KH.C4.84 (CRX; OTX1; OTX2)	a line neural plate	a9.38*
https://www.aniseed.fr/aniseed/experiment/show_insitu_by_biomaterial?biomaterial_id=17554	Stage 12 (mid gastrula)	KH2012:KH.C4.84 (CRX; OTX1; OTX2)	a line neural plate	a9.50
https://www.aniseed.fr/aniseed/experiment/show_insitu_by_biomaterial?biomaterial_id=17554	Stage 12 (mid gastrula)	KH2012:KH.C4.84 (CRX; OTX1; OTX2)	a line neural plate	a9.50*
https://www.aniseed.fr/aniseed/experiment/show_insitu_by_biomaterial?biomaterial_id=23811	Stage 12 (mid gastrula)	KH2012:KH.C4.84 (CRX; OTX1; OTX2)	a line neural plate	a9.33
https://www.aniseed.fr/aniseed/experiment/show_insitu_by_biomaterial?biomaterial_id=23811	Stage 12 (mid gastrula)	KH2012:KH.C4.84 (CRX; OTX1; OTX2)	a line neural plate	a9.33*
https://www.aniseed.fr/aniseed/experiment/show_insitu_by_biomaterial?biomaterial_id=23811	Stage 12 (mid gastrula)	KH2012:KH.C4.84 (CRX; OTX1; OTX2)	a line neural plate	a9.37
https://www.aniseed.fr/aniseed/experiment/show_insitu_by_biomaterial?biomaterial_id=23811	Stage 12 (mid gastrula)	KH2012:KH.C4.84 (CRX; OTX1; OTX2)	a line neural plate	a9.37*
https://www.aniseed.fr/aniseed/experiment/show_insitu_by_biomaterial?biomaterial_id=23811	Stage 12 (mid gastrula)	KH2012:KH.C4.84 (CRX; OTX1; OTX2)	a line neural plate	a9.49
https://www.aniseed.fr/aniseed/experiment/show_insitu_by_biomaterial?biomaterial_id=23811	Stage 12 (mid gastrula)	KH2012:KH.C4.84 (CRX; OTX1; OTX2)	a line neural plate	a9.49*
https://www.aniseed.fr/aniseed/experiment/show_insitu_by_biomaterial?biomaterial_id=23811	Stage 12 (mid gastrula)	KH2012:KH.C4.84 (CRX; OTX1; OTX2)	a line neural plate	a9.34
https://www.aniseed.fr/aniseed/experiment/show_insitu_by_biomaterial?biomaterial_id=23811	Stage 12 (mid gastrula)	KH2012:KH.C4.84 (CRX; OTX1; OTX2)	a line neural plate	a9.34*
https://www.aniseed.fr/aniseed/experiment/show_insitu_by_biomaterial?biomaterial_id=23811	Stage 12 (mid gastrula)	KH2012:KH.C4.84 (CRX; OTX1; OTX2)	a line neural plate	a9.38
https://www.aniseed.fr/aniseed/experiment/show_insitu_by_biomaterial?biomaterial_id=23811	Stage 12 (mid gastrula)	KH2012:KH.C4.84 (CRX; OTX1; OTX2)	a line neural plate	a9.38*
https://www.aniseed.fr/aniseed/experiment/show_insitu_by_biomaterial?biomaterial_id=23811	Stage 12 (mid gastrula)	KH2012:KH.C4.84 (CRX; OTX1; OTX2)	a line neural plate	a9.50
https://www.aniseed.fr/aniseed/experiment/show_insitu_by_biomaterial?biomaterial_id=23811	Stage 12 (mid gastrula)	KH2012:KH.C4.84 (CRX; OTX1; OTX2)	a line neural plate	a9.50*
https://www.aniseed.fr/aniseed/experiment/show_insitu_by_biomaterial?biomaterial_id=21328	Stage 13 (late gastrula)	KH2012:KH.C4.84 (CRX; OTX1; OTX2)	a line neural plate	a9.33
https://www.aniseed.fr/aniseed/experiment/show_insitu_by_biomaterial?biomaterial_id=21328	Stage 13 (late gastrula)	KH2012:KH.C4.84 (CRX; OTX1; OTX2)	a line neural plate	a9.33*
https://www.aniseed.fr/aniseed/experiment/show_insitu_by_biomaterial?biomaterial_id=21328	Stage 13 (late gastrula)	KH2012:KH.C4.84 (CRX; OTX1; OTX2)	a line neural plate	a9.37
https://www.aniseed.fr/aniseed/experiment/show_insitu_by_biomaterial?biomaterial_id=21328	Stage 13 (late gastrula)	KH2012:KH.C4.84 (CRX; OTX1; OTX2)	a line neural plate	a9.37*
https://www.aniseed.fr/aniseed/experiment/show_insitu_by_biomaterial?biomaterial_id=21328	Stage 13 (late gastrula)	KH2012:KH.C4.84 (CRX; OTX1; OTX2)	a line neural plate	a9.35
https://www.aniseed.fr/aniseed/experiment/show_insitu_by_biomaterial?biomaterial_id=21328	Stage 13 (late gastrula)	KH2012:KH.C4.84 (CRX; OTX1; OTX2)	a line neural plate	a9.35*
https://www.aniseed.fr/aniseed/experiment/show_insitu_by_biomaterial?biomaterial_id=21328	Stage 13 (late gastrula)	KH2012:KH.C4.84 (CRX; OTX1; OTX2)	a line neural plate	a9.39
https://www.aniseed.fr/aniseed/experiment/show_insitu_by_biomaterial?biomaterial_id=21328	Stage 13 (late gastrula)	KH2012:KH.C4.84 (CRX; OTX1; OTX2)	a line neural plate	a9.39*
https://www.aniseed.fr/aniseed/experiment/show_insitu_by_biomaterial?biomaterial_id=21328	Stage 13 (late gastrula)	KH2012:KH.C4.84 (CRX; OTX1; OTX2)	a line neural plate	a9.49
https://www.aniseed.fr/aniseed/experiment/show_insitu_by_biomaterial?biomaterial_id=21328	Stage 13 (late gastrula)	KH2012:KH.C4.84 (CRX; OTX1; OTX2)	a line neural plate	a9.49*
https://www.aniseed.fr/aniseed/experiment/show_insitu_by_biomaterial?biomaterial_id=21328	Stage 13 (late gastrula)	KH2012:KH.C4.84 (CRX; OTX1; OTX2)	a line neural plate	a9.34
https://www.aniseed.fr/aniseed/experiment/show_insitu_by_biomaterial?biomaterial_id=21328	Stage 13 (late gastrula)	KH2012:KH.C4.84 (CRX; OTX1; OTX2)	a line neural plate	a9.34*
https://www.aniseed.fr/aniseed/experiment/show_insitu_by_biomaterial?biomaterial_id=21328	Stage 13 (late gastrula)	KH2012:KH.C4.84 (CRX; OTX1; OTX2)	a line neural plate	a9.38
https://www.aniseed.fr/aniseed/experiment/show_insitu_by_biomaterial?biomaterial_id=21328	Stage 13 (late gastrula)	KH2012:KH.C4.84 (CRX; OTX1; OTX2)	a line neural plate	a9.38*
https://www.aniseed.fr/aniseed/experiment/show_insitu_by_biomaterial?biomaterial_id=21328	Stage 13 (late gastrula)	KH2012:KH.C4.84 (CRX; OTX1; OTX2)	a line neural plate	a9.50
https://www.aniseed.fr/aniseed/experiment/show_insitu_by_biomaterial?biomaterial_id=21328	Stage 13 (late gastrula)	KH2012:KH.C4.84 (CRX; OTX1; OTX2)	a line neural plate	a9.50*
https://www.aniseed.fr/aniseed/experiment/show_insitu_by_biomaterial?biomaterial_id=21328	Stage 13 (late gastrula)	KH2012:KH.C4.84 (CRX; OTX1; OTX2)	a line neural plate	a9.36
https://www.aniseed.fr/aniseed/experiment/show_insitu_by_biomaterial?biomaterial_id=21328	Stage 13 (late gastrula)	KH2012:KH.C4.84 (CRX; OTX1; OTX2)	a line neural plate	a9.36*
https://www.aniseed.fr/aniseed/experiment/show_insitu_by_biomaterial?biomaterial_id=21328	Stage 13 (late gastrula)	KH2012:KH.C4.84 (CRX; OTX1; OTX2)	a line neural plate	a9.40
https://www.aniseed.fr/aniseed/experiment/show_insitu_by_biomaterial?biomaterial_id=21328	Stage 13 (late gastrula)	KH2012:KH.C4.84 (CRX; OTX1; OTX2)	a line neural plate	a9.40*
https://www.aniseed.fr/aniseed/experiment/show_insitu_by_biomaterial?biomaterial_id=21328	Stage 13 (late gastrula)	KH2012:KH.C4.84 (CRX; OTX1; OTX2)	a line neural plate	a9.52
https://www.aniseed.fr/aniseed/experiment/show_insitu_by_biomaterial?biomaterial_id=21328	Stage 13 (late gastrula)	KH2012:KH.C4.84 (CRX; OTX1; OTX2)	a line neural plate	a9.52*
https://www.aniseed.fr/aniseed/experiment/show_insitu_by_biomaterial?biomaterial_id=21328	Stage 13 (late gastrula)	KH2012:KH.C4.84 (CRX; OTX1; OTX2)	a line neural plate	a9.51
https://www.aniseed.fr/aniseed/experiment/show_insitu_by_biomaterial?biomaterial_id=21328	Stage 13 (late gastrula)	KH2012:KH.C4.84 (CRX; OTX1; OTX2)	a line neural plate	a9.51*
https://www.aniseed.fr/aniseed/experiment/show_insitu_by_biomaterial?biomaterial_id=23814	Stage 14 (early neurula)	KH2012:KH.C4.84 (CRX; OTX1; OTX2)	a line neural plate	a9.49
https://www.aniseed.fr/aniseed/experiment/show_insitu_by_biomaterial?biomaterial_id=23814	Stage 14 (early neurula)	KH2012:KH.C4.84 (CRX; OTX1; OTX2)	a line neural plate	a9.49*
https://www.aniseed.fr/aniseed/experiment/show_insitu_by_biomaterial?biomaterial_id=23814	Stage 14 (early neurula)	KH2012:KH.C4.84 (CRX; OTX1; OTX2)	a line neural plate	a9.34
https://www.aniseed.fr/aniseed/experiment/show_insitu_by_biomaterial?biomaterial_id=23814	Stage 14 (early neurula)	KH2012:KH.C4.84 (CRX; OTX1; OTX2)	a line neural plate	a9.34*
https://www.aniseed.fr/aniseed/experiment/show_insitu_by_biomaterial?biomaterial_id=23814	Stage 14 (early neurula)	KH2012:KH.C4.84 (CRX; OTX1; OTX2)	a line neural plate	a9.38
https://www.aniseed.fr/aniseed/experiment/show_insitu_by_biomaterial?biomaterial_id=23814	Stage 14 (early neurula)	KH2012:KH.C4.84 (CRX; OTX1; OTX2)	a line neural plate	a9.38*
https://www.aniseed.fr/aniseed/experiment/show_insitu_by_biomaterial?biomaterial_id=23814	Stage 14 (early neurula)	KH2012:KH.C4.84 (CRX; OTX1; OTX2)	a line neural plate	a10.65
https://www.aniseed.fr/aniseed/experiment/show_insitu_by_biomaterial?biomaterial_id=23814	Stage 14 (early neurula)	KH2012:KH.C4.84 (CRX; OTX1; OTX2)	a line neural plate	a10.65*
https://www.aniseed.fr/aniseed/experiment/show_insitu_by_biomaterial?biomaterial_id=23814	Stage 14 (early neurula)	KH2012:KH.C4.84 (CRX; OTX1; OTX2)	a line neural plate	a10.73
https://www.aniseed.fr/aniseed/experiment/show_insitu_by_biomaterial?biomaterial_id=23814	Stage 14 (early neurula)	KH2012:KH.C4.84 (CRX; OTX1; OTX2)	a line neural plate	a10.73*
https://www.aniseed.fr/aniseed/experiment/show_insitu_by_biomaterial?biomaterial_id=23814	Stage 14 (early neurula)	KH2012:KH.C4.84 (CRX; OTX1; OTX2)	a line neural plate	a10.66
https://www.aniseed.fr/aniseed/experiment/show_insitu_by_biomaterial?biomaterial_id=23814	Stage 14 (early neurula)	KH2012:KH.C4.84 (CRX; OTX1; OTX2)	a line neural plate	a10.66*
https://www.aniseed.fr/aniseed/experiment/show_insitu_by_biomaterial?biomaterial_id=23814	Stage 14 (early neurula)	KH2012:KH.C4.84 (CRX; OTX1; OTX2)	a line neural plate	a10.74
https://www.aniseed.fr/aniseed/experiment/show_insitu_by_biomaterial?biomaterial_id=23814	Stage 14 (early neurula)	KH2012:KH.C4.84 (CRX; OTX1; OTX2)	a line neural plate	a10.74*
https://www.aniseed.fr/aniseed/experiment/show_insitu_by_biomaterial?biomaterial_id=23814	Stage 14 (early neurula)	KH2012:KH.C4.84 (CRX; OTX1; OTX2)	a line neural plate	a10.69
https://www.aniseed.fr/aniseed/experiment/show_insitu_by_biomaterial?biomaterial_id=23814	Stage 14 (early neurula)	KH2012:KH.C4.84 (CRX; OTX1; OTX2)	a line neural plate	a10.69*
https://www.aniseed.fr/aniseed/experiment/show_insitu_by_biomaterial?biomaterial_id=23814	Stage 14 (early neurula)	KH2012:KH.C4.84 (CRX; OTX1; OTX2)	a line neural plate	a10.77
https://www.aniseed.fr/aniseed/experiment/show_insitu_by_biomaterial?biomaterial_id=23814	Stage 14 (early neurula)	KH2012:KH.C4.84 (CRX; OTX1; OTX2)	a line neural plate	a10.77*
https://www.aniseed.fr/aniseed/experiment/show_insitu_by_biomaterial?biomaterial_id=23814	Stage 14 (early neurula)	KH2012:KH.C4.84 (CRX; OTX1; OTX2)	a line neural plate	a10.70
https://www.aniseed.fr/aniseed/experiment/show_insitu_by_biomaterial?biomaterial_id=23814	Stage 14 (early neurula)	KH2012:KH.C4.84 (CRX; OTX1; OTX2)	a line neural plate	a10.70*
https://www.aniseed.fr/aniseed/experiment/show_insitu_by_biomaterial?biomaterial_id=23814	Stage 14 (early neurula)	KH2012:KH.C4.84 (CRX; OTX1; OTX2)	a line neural plate	a10.78
https://www.aniseed.fr/aniseed/experiment/show_insitu_by_biomaterial?biomaterial_id=23814	Stage 14 (early neurula)	KH2012:KH.C4.84 (CRX; OTX1; OTX2)	a line neural plate	a10.78*
https://www.aniseed.fr/aniseed/experiment/show_insitu_by_biomaterial?biomaterial_id=23814	Stage 14 (early neurula)	KH2012:KH.C4.84 (CRX; OTX1; OTX2)	a line neural plate	a9.50
https://www.aniseed.fr/aniseed/experiment/show_insitu_by_biomaterial?biomaterial_id=23814	Stage 14 (early neurula)	KH2012:KH.C4.84 (CRX; OTX1; OTX2)	a line neural plate	a9.50*
https://www.aniseed.fr/aniseed/experiment/show_insitu_by_biomaterial?biomaterial_id=23814	Stage 14 (early neurula)	KH2012:KH.C4.84 (CRX; OTX1; OTX2)	a line neural plate	a9.36
https://www.aniseed.fr/aniseed/experiment/show_insitu_by_biomaterial?biomaterial_id=23814	Stage 14 (early neurula)	KH2012:KH.C4.84 (CRX; OTX1; OTX2)	a line neural plate	a9.36*
https://www.aniseed.fr/aniseed/experiment/show_insitu_by_biomaterial?biomaterial_id=23814	Stage 14 (early neurula)	KH2012:KH.C4.84 (CRX; OTX1; OTX2)	a line neural plate	a9.40
https://www.aniseed.fr/aniseed/experiment/show_insitu_by_biomaterial?biomaterial_id=23814	Stage 14 (early neurula)	KH2012:KH.C4.84 (CRX; OTX1; OTX2)	a line neural plate	a9.40*
https://www.aniseed.fr/aniseed/experiment/show_insitu_by_biomaterial?biomaterial_id=23814	Stage 14 (early neurula)	KH2012:KH.C4.84 (CRX; OTX1; OTX2)	a line neural plate	a9.52
https://www.aniseed.fr/aniseed/experiment/show_insitu_by_biomaterial?biomaterial_id=23814	Stage 14 (early neurula)	KH2012:KH.C4.84 (CRX; OTX1; OTX2)	a line neural plate	a9.52*
https://www.aniseed.fr/aniseed/experiment/show_insitu_by_biomaterial?biomaterial_id=23814	Stage 14 (early neurula)	KH2012:KH.C4.84 (CRX; OTX1; OTX2)	a line neural plate	a9.51
https://www.aniseed.fr/aniseed/experiment/show_insitu_by_biomaterial?biomaterial_id=23814	Stage 14 (early neurula)	KH2012:KH.C4.84 (CRX; OTX1; OTX2)	a line neural plate	a9.51*
https://www.aniseed.fr/aniseed/experiment/show_insitu_by_biomaterial?biomaterial_id=23828	Stage 14 (early neurula)	KH2012:KH.C4.84 (CRX; OTX1; OTX2)	A10.25 cell pair	A10.25
https://www.aniseed.fr/aniseed/experiment/show_insitu_by_biomaterial?biomaterial_id=23828	Stage 14 (early neurula)	KH2012:KH.C4.84 (CRX; OTX1; OTX2)	A10.25 cell pair	A10.25*
https://www.aniseed.fr/aniseed/experiment/show_insitu_by_biomaterial?biomaterial_id=23828	Stage 14 (early neurula)	KH2012:KH.C4.84 (CRX; OTX1; OTX2)	A10.26 cell pair	A10.26
https://www.aniseed.fr/aniseed/experiment/show_insitu_by_biomaterial?biomaterial_id=23828	Stage 14 (early neurula)	KH2012:KH.C4.84 (CRX; OTX1; OTX2)	A10.26 cell pair	A10.26*
https://www.aniseed.fr/aniseed/experiment/show_insitu_by_biomaterial?biomaterial_id=23828	Stage 14 (early neurula)	KH2012:KH.C4.84 (CRX; OTX1; OTX2)	A10.27 cell pair	A10.27
https://www.aniseed.fr/aniseed/experiment/show_insitu_by_biomaterial?biomaterial_id=23828	Stage 14 (early neurula)	KH2012:KH.C4.84 (CRX; OTX1; OTX2)	A10.27 cell pair	A10.27*
https://www.aniseed.fr/aniseed/experiment/show_insitu_by_biomaterial?biomaterial_id=23828	Stage 14 (early neurula)	KH2012:KH.C4.84 (CRX; OTX1; OTX2)	A10.28 cell pair	A10.28
https://www.aniseed.fr/aniseed/experiment/show_insitu_by_biomaterial?biomaterial_id=23828	Stage 14 (early neurula)	KH2012:KH.C4.84 (CRX; OTX1; OTX2)	A10.28 cell pair	A10.28*
https://www.aniseed.fr/aniseed/experiment/show_insitu_by_biomaterial?biomaterial_id=23828	Stage 14 (early neurula)	KH2012:KH.C4.84 (CRX; OTX1; OTX2)	A10.29 cell pair	A10.29
https://www.aniseed.fr/aniseed/experiment/show_insitu_by_biomaterial?biomaterial_id=23828	Stage 14 (early neurula)	KH2012:KH.C4.84 (CRX; OTX1; OTX2)	A10.29 cell pair	A10.29*
https://www.aniseed.fr/aniseed/experiment/show_insitu_by_biomaterial?biomaterial_id=23828	Stage 14 (early neurula)	KH2012:KH.C4.84 (CRX; OTX1; OTX2)	A10.30 cell pair	A10.30
https://www.aniseed.fr/aniseed/experiment/show_insitu_by_biomaterial?biomaterial_id=23828	Stage 14 (early neurula)	KH2012:KH.C4.84 (CRX; OTX1; OTX2)	A10.30 cell pair	A10.30*
https://www.aniseed.fr/aniseed/experiment/show_insitu_by_biomaterial?biomaterial_id=23828	Stage 14 (early neurula)	KH2012:KH.C4.84 (CRX; OTX1; OTX2)	A10.31 cell pair	A10.31
https://www.aniseed.fr/aniseed/experiment/show_insitu_by_biomaterial?biomaterial_id=23828	Stage 14 (early neurula)	KH2012:KH.C4.84 (CRX; OTX1; OTX2)	A10.31 cell pair	A10.31*
https://www.aniseed.fr/aniseed/experiment/show_insitu_by_biomaterial?biomaterial_id=23828	Stage 14 (early neurula)	KH2012:KH.C4.84 (CRX; OTX1; OTX2)	A10.32 cell pair	A10.32
https://www.aniseed.fr/aniseed/experiment/show_insitu_by_biomaterial?biomaterial_id=23828	Stage 14 (early neurula)	KH2012:KH.C4.84 (CRX; OTX1; OTX2)	A10.32 cell pair	A10.32*
https://www.aniseed.fr/aniseed/experiment/show_insitu_by_biomaterial?biomaterial_id=23828	Stage 14 (early neurula)	KH2012:KH.C4.84 (CRX; OTX1; OTX2)	a line neural plate	a9.49
https://www.aniseed.fr/aniseed/experiment/show_insitu_by_biomaterial?biomaterial_id=23828	Stage 14 (early neurula)	KH2012:KH.C4.84 (CRX; OTX1; OTX2)	a line neural plate	a9.49*
https://www.aniseed.fr/aniseed/experiment/show_insitu_by_biomaterial?biomaterial_id=23828	Stage 14 (early neurula)	KH2012:KH.C4.84 (CRX; OTX1; OTX2)	a line neural plate	a9.34
https://www.aniseed.fr/aniseed/experiment/show_insitu_by_biomaterial?biomaterial_id=23828	Stage 14 (early neurula)	KH2012:KH.C4.84 (CRX; OTX1; OTX2)	a line neural plate	a9.34*
https://www.aniseed.fr/aniseed/experiment/show_insitu_by_biomaterial?biomaterial_id=23828	Stage 14 (early neurula)	KH2012:KH.C4.84 (CRX; OTX1; OTX2)	a line neural plate	a9.38
https://www.aniseed.fr/aniseed/experiment/show_insitu_by_biomaterial?biomaterial_id=23828	Stage 14 (early neurula)	KH2012:KH.C4.84 (CRX; OTX1; OTX2)	a line neural plate	a9.38*
https://www.aniseed.fr/aniseed/experiment/show_insitu_by_biomaterial?biomaterial_id=23828	Stage 14 (early neurula)	KH2012:KH.C4.84 (CRX; OTX1; OTX2)	a line neural plate	a10.65
https://www.aniseed.fr/aniseed/experiment/show_insitu_by_biomaterial?biomaterial_id=23828	Stage 14 (early neurula)	KH2012:KH.C4.84 (CRX; OTX1; OTX2)	a line neural plate	a10.65*
https://www.aniseed.fr/aniseed/experiment/show_insitu_by_biomaterial?biomaterial_id=23828	Stage 14 (early neurula)	KH2012:KH.C4.84 (CRX; OTX1; OTX2)	a line neural plate	a10.73
https://www.aniseed.fr/aniseed/experiment/show_insitu_by_biomaterial?biomaterial_id=23828	Stage 14 (early neurula)	KH2012:KH.C4.84 (CRX; OTX1; OTX2)	a line neural plate	a10.73*
https://www.aniseed.fr/aniseed/experiment/show_insitu_by_biomaterial?biomaterial_id=23828	Stage 14 (early neurula)	KH2012:KH.C4.84 (CRX; OTX1; OTX2)	a line neural plate	a10.66
https://www.aniseed.fr/aniseed/experiment/show_insitu_by_biomaterial?biomaterial_id=23828	Stage 14 (early neurula)	KH2012:KH.C4.84 (CRX; OTX1; OTX2)	a line neural plate	a10.66*
https://www.aniseed.fr/aniseed/experiment/show_insitu_by_biomaterial?biomaterial_id=23828	Stage 14 (early neurula)	KH2012:KH.C4.84 (CRX; OTX1; OTX2)	a line neural plate	a10.74
https://www.aniseed.fr/aniseed/experiment/show_insitu_by_biomaterial?biomaterial_id=23828	Stage 14 (early neurula)	KH2012:KH.C4.84 (CRX; OTX1; OTX2)	a line neural plate	a10.74*
https://www.aniseed.fr/aniseed/experiment/show_insitu_by_biomaterial?biomaterial_id=23828	Stage 14 (early neurula)	KH2012:KH.C4.84 (CRX; OTX1; OTX2)	a line neural plate	a10.69
https://www.aniseed.fr/aniseed/experiment/show_insitu_by_biomaterial?biomaterial_id=23828	Stage 14 (early neurula)	KH2012:KH.C4.84 (CRX; OTX1; OTX2)	a line neural plate	a10.69*
https://www.aniseed.fr/aniseed/experiment/show_insitu_by_biomaterial?biomaterial_id=23828	Stage 14 (early neurula)	KH2012:KH.C4.84 (CRX; OTX1; OTX2)	a line neural plate	a10.77
https://www.aniseed.fr/aniseed/experiment/show_insitu_by_biomaterial?biomaterial_id=23828	Stage 14 (early neurula)	KH2012:KH.C4.84 (CRX; OTX1; OTX2)	a line neural plate	a10.77*
https://www.aniseed.fr/aniseed/experiment/show_insitu_by_biomaterial?biomaterial_id=23828	Stage 14 (early neurula)	KH2012:KH.C4.84 (CRX; OTX1; OTX2)	a line neural plate	a10.70
https://www.aniseed.fr/aniseed/experiment/show_insitu_by_biomaterial?biomaterial_id=23828	Stage 14 (early neurula)	KH2012:KH.C4.84 (CRX; OTX1; OTX2)	a line neural plate	a10.70*
https://www.aniseed.fr/aniseed/experiment/show_insitu_by_biomaterial?biomaterial_id=23828	Stage 14 (early neurula)	KH2012:KH.C4.84 (CRX; OTX1; OTX2)	a line neural plate	a10.78
https://www.aniseed.fr/aniseed/experiment/show_insitu_by_biomaterial?biomaterial_id=23828	Stage 14 (early neurula)	KH2012:KH.C4.84 (CRX; OTX1; OTX2)	a line neural plate	a10.78*
https://www.aniseed.fr/aniseed/experiment/show_insitu_by_biomaterial?biomaterial_id=23828	Stage 14 (early neurula)	KH2012:KH.C4.84 (CRX; OTX1; OTX2)	a line neural plate	a9.50
https://www.aniseed.fr/aniseed/experiment/show_insitu_by_biomaterial?biomaterial_id=23828	Stage 14 (early neurula)	KH2012:KH.C4.84 (CRX; OTX1; OTX2)	a line neural plate	a9.50*
https://www.aniseed.fr/aniseed/experiment/show_insitu_by_biomaterial?biomaterial_id=23828	Stage 14 (early neurula)	KH2012:KH.C4.84 (CRX; OTX1; OTX2)	a line neural plate	a9.36
https://www.aniseed.fr/aniseed/experiment/show_insitu_by_biomaterial?biomaterial_id=23828	Stage 14 (early neurula)	KH2012:KH.C4.84 (CRX; OTX1; OTX2)	a line neural plate	a9.36*
https://www.aniseed.fr/aniseed/experiment/show_insitu_by_biomaterial?biomaterial_id=23828	Stage 14 (early neurula)	KH2012:KH.C4.84 (CRX; OTX1; OTX2)	a line neural plate	a9.40
https://www.aniseed.fr/aniseed/experiment/show_insitu_by_biomaterial?biomaterial_id=23828	Stage 14 (early neurula)	KH2012:KH.C4.84 (CRX; OTX1; OTX2)	a line neural plate	a9.40*
https://www.aniseed.fr/aniseed/experiment/show_insitu_by_biomaterial?biomaterial_id=23828	Stage 14 (early neurula)	KH2012:KH.C4.84 (CRX; OTX1; OTX2)	a line neural plate	a9.52
https://www.aniseed.fr/aniseed/experiment/show_insitu_by_biomaterial?biomaterial_id=23828	Stage 14 (early neurula)	KH2012:KH.C4.84 (CRX; OTX1; OTX2)	a line neural plate	a9.52*
https://www.aniseed.fr/aniseed/experiment/show_insitu_by_biomaterial?biomaterial_id=23828	Stage 14 (early neurula)	KH2012:KH.C4.84 (CRX; OTX1; OTX2)	a line neural plate	a9.51
https://www.aniseed.fr/aniseed/experiment/show_insitu_by_biomaterial?biomaterial_id=23828	Stage 14 (early neurula)	KH2012:KH.C4.84 (CRX; OTX1; OTX2)	a line neural plate	a9.51*
https://www.aniseed.fr/aniseed/experiment/show_insitu_by_biomaterial?biomaterial_id=27285	Stage 14 (early neurula)	KH2012:KH.C4.84 (CRX; OTX1; OTX2)	A line neural plate	A10.27
https://www.aniseed.fr/aniseed/experiment/show_insitu_by_biomaterial?biomaterial_id=27285	Stage 14 (early neurula)	KH2012:KH.C4.84 (CRX; OTX1; OTX2)	A line neural plate	A10.27*
https://www.aniseed.fr/aniseed/experiment/show_insitu_by_biomaterial?biomaterial_id=27285	Stage 14 (early neurula)	KH2012:KH.C4.84 (CRX; OTX1; OTX2)	A line neural plate	A10.31
https://www.aniseed.fr/aniseed/experiment/show_insitu_by_biomaterial?biomaterial_id=27285	Stage 14 (early neurula)	KH2012:KH.C4.84 (CRX; OTX1; OTX2)	A line neural plate	A10.31*
https://www.aniseed.fr/aniseed/experiment/show_insitu_by_biomaterial?biomaterial_id=27285	Stage 14 (early neurula)	KH2012:KH.C4.84 (CRX; OTX1; OTX2)	A line neural plate	A10.28
https://www.aniseed.fr/aniseed/experiment/show_insitu_by_biomaterial?biomaterial_id=27285	Stage 14 (early neurula)	KH2012:KH.C4.84 (CRX; OTX1; OTX2)	A line neural plate	A10.28*
https://www.aniseed.fr/aniseed/experiment/show_insitu_by_biomaterial?biomaterial_id=27285	Stage 14 (early neurula)	KH2012:KH.C4.84 (CRX; OTX1; OTX2)	A line neural plate	A10.32
https://www.aniseed.fr/aniseed/experiment/show_insitu_by_biomaterial?biomaterial_id=27285	Stage 14 (early neurula)	KH2012:KH.C4.84 (CRX; OTX1; OTX2)	A line neural plate	A10.32*
https://www.aniseed.fr/aniseed/experiment/show_insitu_by_biomaterial?biomaterial_id=27285	Stage 14 (early neurula)	KH2012:KH.C4.84 (CRX; OTX1; OTX2)	A line neural plate	A10.25
https://www.aniseed.fr/aniseed/experiment/show_insitu_by_biomaterial?biomaterial_id=27285	Stage 14 (early neurula)	KH2012:KH.C4.84 (CRX; OTX1; OTX2)	A line neural plate	A10.25*
https://www.aniseed.fr/aniseed/experiment/show_insitu_by_biomaterial?biomaterial_id=27285	Stage 14 (early neurula)	KH2012:KH.C4.84 (CRX; OTX1; OTX2)	A line neural plate	A10.29
https://www.aniseed.fr/aniseed/experiment/show_insitu_by_biomaterial?biomaterial_id=27285	Stage 14 (early neurula)	KH2012:KH.C4.84 (CRX; OTX1; OTX2)	A line neural plate	A10.29*
https://www.aniseed.fr/aniseed/experiment/show_insitu_by_biomaterial?biomaterial_id=27285	Stage 14 (early neurula)	KH2012:KH.C4.84 (CRX; OTX1; OTX2)	A line neural plate	A10.26
https://www.aniseed.fr/aniseed/experiment/show_insitu_by_biomaterial?biomaterial_id=27285	Stage 14 (early neurula)	KH2012:KH.C4.84 (CRX; OTX1; OTX2)	A line neural plate	A10.26*
https://www.aniseed.fr/aniseed/experiment/show_insitu_by_biomaterial?biomaterial_id=27285	Stage 14 (early neurula)	KH2012:KH.C4.84 (CRX; OTX1; OTX2)	A line neural plate	A10.30
https://www.aniseed.fr/aniseed/experiment/show_insitu_by_biomaterial?biomaterial_id=27285	Stage 14 (early neurula)	KH2012:KH.C4.84 (CRX; OTX1; OTX2)	A line neural plate	A10.30*
https://www.aniseed.fr/aniseed/experiment/show_insitu_by_biomaterial?biomaterial_id=27285	Stage 14 (early neurula)	KH2012:KH.C4.84 (CRX; OTX1; OTX2)	a line neural plate	a9.49
https://www.aniseed.fr/aniseed/experiment/show_insitu_by_biomaterial?biomaterial_id=27285	Stage 14 (early neurula)	KH2012:KH.C4.84 (CRX; OTX1; OTX2)	a line neural plate	a9.49*
https://www.aniseed.fr/aniseed/experiment/show_insitu_by_biomaterial?biomaterial_id=27285	Stage 14 (early neurula)	KH2012:KH.C4.84 (CRX; OTX1; OTX2)	a line neural plate	a9.34
https://www.aniseed.fr/aniseed/experiment/show_insitu_by_biomaterial?biomaterial_id=27285	Stage 14 (early neurula)	KH2012:KH.C4.84 (CRX; OTX1; OTX2)	a line neural plate	a9.34*
https://www.aniseed.fr/aniseed/experiment/show_insitu_by_biomaterial?biomaterial_id=27285	Stage 14 (early neurula)	KH2012:KH.C4.84 (CRX; OTX1; OTX2)	a line neural plate	a9.38
https://www.aniseed.fr/aniseed/experiment/show_insitu_by_biomaterial?biomaterial_id=27285	Stage 14 (early neurula)	KH2012:KH.C4.84 (CRX; OTX1; OTX2)	a line neural plate	a9.38*
https://www.aniseed.fr/aniseed/experiment/show_insitu_by_biomaterial?biomaterial_id=27285	Stage 14 (early neurula)	KH2012:KH.C4.84 (CRX; OTX1; OTX2)	a line neural plate	a10.65
https://www.aniseed.fr/aniseed/experiment/show_insitu_by_biomaterial?biomaterial_id=27285	Stage 14 (early neurula)	KH2012:KH.C4.84 (CRX; OTX1; OTX2)	a line neural plate	a10.65*
https://www.aniseed.fr/aniseed/experiment/show_insitu_by_biomaterial?biomaterial_id=27285	Stage 14 (early neurula)	KH2012:KH.C4.84 (CRX; OTX1; OTX2)	a line neural plate	a10.73
https://www.aniseed.fr/aniseed/experiment/show_insitu_by_biomaterial?biomaterial_id=27285	Stage 14 (early neurula)	KH2012:KH.C4.84 (CRX; OTX1; OTX2)	a line neural plate	a10.73*
https://www.aniseed.fr/aniseed/experiment/show_insitu_by_biomaterial?biomaterial_id=27285	Stage 14 (early neurula)	KH2012:KH.C4.84 (CRX; OTX1; OTX2)	a line neural plate	a10.66
https://www.aniseed.fr/aniseed/experiment/show_insitu_by_biomaterial?biomaterial_id=27285	Stage 14 (early neurula)	KH2012:KH.C4.84 (CRX; OTX1; OTX2)	a line neural plate	a10.66*
https://www.aniseed.fr/aniseed/experiment/show_insitu_by_biomaterial?biomaterial_id=27285	Stage 14 (early neurula)	KH2012:KH.C4.84 (CRX; OTX1; OTX2)	a line neural plate	a10.74
https://www.aniseed.fr/aniseed/experiment/show_insitu_by_biomaterial?biomaterial_id=27285	Stage 14 (early neurula)	KH2012:KH.C4.84 (CRX; OTX1; OTX2)	a line neural plate	a10.74*
https://www.aniseed.fr/aniseed/experiment/show_insitu_by_biomaterial?biomaterial_id=27285	Stage 14 (early neurula)	KH2012:KH.C4.84 (CRX; OTX1; OTX2)	a line neural plate	a10.69
https://www.aniseed.fr/aniseed/experiment/show_insitu_by_biomaterial?biomaterial_id=27285	Stage 14 (early neurula)	KH2012:KH.C4.84 (CRX; OTX1; OTX2)	a line neural plate	a10.69*
https://www.aniseed.fr/aniseed/experiment/show_insitu_by_biomaterial?biomaterial_id=27285	Stage 14 (early neurula)	KH2012:KH.C4.84 (CRX; OTX1; OTX2)	a line neural plate	a10.77
https://www.aniseed.fr/aniseed/experiment/show_insitu_by_biomaterial?biomaterial_id=27285	Stage 14 (early neurula)	KH2012:KH.C4.84 (CRX; OTX1; OTX2)	a line neural plate	a10.77*
https://www.aniseed.fr/aniseed/experiment/show_insitu_by_biomaterial?biomaterial_id=27285	Stage 14 (early neurula)	KH2012:KH.C4.84 (CRX; OTX1; OTX2)	a line neural plate	a10.70
https://www.aniseed.fr/aniseed/experiment/show_insitu_by_biomaterial?biomaterial_id=27285	Stage 14 (early neurula)	KH2012:KH.C4.84 (CRX; OTX1; OTX2)	a line neural plate	a10.70*
https://www.aniseed.fr/aniseed/experiment/show_insitu_by_biomaterial?biomaterial_id=27285	Stage 14 (early neurula)	KH2012:KH.C4.84 (CRX; OTX1; OTX2)	a line neural plate	a10.78
https://www.aniseed.fr/aniseed/experiment/show_insitu_by_biomaterial?biomaterial_id=27285	Stage 14 (early neurula)	KH2012:KH.C4.84 (CRX; OTX1; OTX2)	a line neural plate	a10.78*
https://www.aniseed.fr/aniseed/experiment/show_insitu_by_biomaterial?biomaterial_id=27285	Stage 14 (early neurula)	KH2012:KH.C4.84 (CRX; OTX1; OTX2)	a line neural plate	a9.50
https://www.aniseed.fr/aniseed/experiment/show_insitu_by_biomaterial?biomaterial_id=27285	Stage 14 (early neurula)	KH2012:KH.C4.84 (CRX; OTX1; OTX2)	a line neural plate	a9.50*
https://www.aniseed.fr/aniseed/experiment/show_insitu_by_biomaterial?biomaterial_id=27285	Stage 14 (early neurula)	KH2012:KH.C4.84 (CRX; OTX1; OTX2)	a line neural plate	a9.36
https://www.aniseed.fr/aniseed/experiment/show_insitu_by_biomaterial?biomaterial_id=27285	Stage 14 (early neurula)	KH2012:KH.C4.84 (CRX; OTX1; OTX2)	a line neural plate	a9.36*
https://www.aniseed.fr/aniseed/experiment/show_insitu_by_biomaterial?biomaterial_id=27285	Stage 14 (early neurula)	KH2012:KH.C4.84 (CRX; OTX1; OTX2)	a line neural plate	a9.40
https://www.aniseed.fr/aniseed/experiment/show_insitu_by_biomaterial?biomaterial_id=27285	Stage 14 (early neurula)	KH2012:KH.C4.84 (CRX; OTX1; OTX2)	a line neural plate	a9.40*
https://www.aniseed.fr/aniseed/experiment/show_insitu_by_biomaterial?biomaterial_id=27285	Stage 14 (early neurula)	KH2012:KH.C4.84 (CRX; OTX1; OTX2)	a line neural plate	a9.52
https://www.aniseed.fr/aniseed/experiment/show_insitu_by_biomaterial?biomaterial_id=27285	Stage 14 (early neurula)	KH2012:KH.C4.84 (CRX; OTX1; OTX2)	a line neural plate	a9.52*
https://www.aniseed.fr/aniseed/experiment/show_insitu_by_biomaterial?biomaterial_id=27285	Stage 14 (early neurula)	KH2012:KH.C4.84 (CRX; OTX1; OTX2)	a line neural plate	a9.51
https://www.aniseed.fr/aniseed/experiment/show_insitu_by_biomaterial?biomaterial_id=27285	Stage 14 (early neurula)	KH2012:KH.C4.84 (CRX; OTX1; OTX2)	a line neural plate	a9.51*
https://www.aniseed.fr/aniseed/experiment/show_insitu_by_biomaterial?biomaterial_id=27288	Stage 14 (early neurula)	KH2012:KH.C4.84 (CRX; OTX1; OTX2)	A line neural plate	A10.27
https://www.aniseed.fr/aniseed/experiment/show_insitu_by_biomaterial?biomaterial_id=27288	Stage 14 (early neurula)	KH2012:KH.C4.84 (CRX; OTX1; OTX2)	A line neural plate	A10.27*
https://www.aniseed.fr/aniseed/experiment/show_insitu_by_biomaterial?biomaterial_id=27288	Stage 14 (early neurula)	KH2012:KH.C4.84 (CRX; OTX1; OTX2)	A line neural plate	A10.31
https://www.aniseed.fr/aniseed/experiment/show_insitu_by_biomaterial?biomaterial_id=27288	Stage 14 (early neurula)	KH2012:KH.C4.84 (CRX; OTX1; OTX2)	A line neural plate	A10.31*
https://www.aniseed.fr/aniseed/experiment/show_insitu_by_biomaterial?biomaterial_id=27288	Stage 14 (early neurula)	KH2012:KH.C4.84 (CRX; OTX1; OTX2)	A line neural plate	A10.28
https://www.aniseed.fr/aniseed/experiment/show_insitu_by_biomaterial?biomaterial_id=27288	Stage 14 (early neurula)	KH2012:KH.C4.84 (CRX; OTX1; OTX2)	A line neural plate	A10.28*
https://www.aniseed.fr/aniseed/experiment/show_insitu_by_biomaterial?biomaterial_id=27288	Stage 14 (early neurula)	KH2012:KH.C4.84 (CRX; OTX1; OTX2)	A line neural plate	A10.32
https://www.aniseed.fr/aniseed/experiment/show_insitu_by_biomaterial?biomaterial_id=27288	Stage 14 (early neurula)	KH2012:KH.C4.84 (CRX; OTX1; OTX2)	A line neural plate	A10.32*
https://www.aniseed.fr/aniseed/experiment/show_insitu_by_biomaterial?biomaterial_id=27288	Stage 14 (early neurula)	KH2012:KH.C4.84 (CRX; OTX1; OTX2)	A line neural plate	A10.25
https://www.aniseed.fr/aniseed/experiment/show_insitu_by_biomaterial?biomaterial_id=27288	Stage 14 (early neurula)	KH2012:KH.C4.84 (CRX; OTX1; OTX2)	A line neural plate	A10.25*
https://www.aniseed.fr/aniseed/experiment/show_insitu_by_biomaterial?biomaterial_id=27288	Stage 14 (early neurula)	KH2012:KH.C4.84 (CRX; OTX1; OTX2)	A line neural plate	A10.29
https://www.aniseed.fr/aniseed/experiment/show_insitu_by_biomaterial?biomaterial_id=27288	Stage 14 (early neurula)	KH2012:KH.C4.84 (CRX; OTX1; OTX2)	A line neural plate	A10.29*
https://www.aniseed.fr/aniseed/experiment/show_insitu_by_biomaterial?biomaterial_id=27288	Stage 14 (early neurula)	KH2012:KH.C4.84 (CRX; OTX1; OTX2)	A line neural plate	A10.26
https://www.aniseed.fr/aniseed/experiment/show_insitu_by_biomaterial?biomaterial_id=27288	Stage 14 (early neurula)	KH2012:KH.C4.84 (CRX; OTX1; OTX2)	A line neural plate	A10.26*
https://www.aniseed.fr/aniseed/experiment/show_insitu_by_biomaterial?biomaterial_id=27288	Stage 14 (early neurula)	KH2012:KH.C4.84 (CRX; OTX1; OTX2)	A line neural plate	A10.30
https://www.aniseed.fr/aniseed/experiment/show_insitu_by_biomaterial?biomaterial_id=27288	Stage 14 (early neurula)	KH2012:KH.C4.84 (CRX; OTX1; OTX2)	A line neural plate	A10.30*
https://www.aniseed.fr/aniseed/experiment/show_insitu_by_biomaterial?biomaterial_id=27288	Stage 14 (early neurula)	KH2012:KH.C4.84 (CRX; OTX1; OTX2)	a line neural plate	a9.49
https://www.aniseed.fr/aniseed/experiment/show_insitu_by_biomaterial?biomaterial_id=27288	Stage 14 (early neurula)	KH2012:KH.C4.84 (CRX; OTX1; OTX2)	a line neural plate	a9.49*
https://www.aniseed.fr/aniseed/experiment/show_insitu_by_biomaterial?biomaterial_id=27288	Stage 14 (early neurula)	KH2012:KH.C4.84 (CRX; OTX1; OTX2)	a line neural plate	a9.34
https://www.aniseed.fr/aniseed/experiment/show_insitu_by_biomaterial?biomaterial_id=27288	Stage 14 (early neurula)	KH2012:KH.C4.84 (CRX; OTX1; OTX2)	a line neural plate	a9.34*
https://www.aniseed.fr/aniseed/experiment/show_insitu_by_biomaterial?biomaterial_id=27288	Stage 14 (early neurula)	KH2012:KH.C4.84 (CRX; OTX1; OTX2)	a line neural plate	a9.38
https://www.aniseed.fr/aniseed/experiment/show_insitu_by_biomaterial?biomaterial_id=27288	Stage 14 (early neurula)	KH2012:KH.C4.84 (CRX; OTX1; OTX2)	a line neural plate	a9.38*
https://www.aniseed.fr/aniseed/experiment/show_insitu_by_biomaterial?biomaterial_id=27288	Stage 14 (early neurula)	KH2012:KH.C4.84 (CRX; OTX1; OTX2)	a line neural plate	a10.65
https://www.aniseed.fr/aniseed/experiment/show_insitu_by_biomaterial?biomaterial_id=27288	Stage 14 (early neurula)	KH2012:KH.C4.84 (CRX; OTX1; OTX2)	a line neural plate	a10.65*
https://www.aniseed.fr/aniseed/experiment/show_insitu_by_biomaterial?biomaterial_id=27288	Stage 14 (early neurula)	KH2012:KH.C4.84 (CRX; OTX1; OTX2)	a line neural plate	a10.73
https://www.aniseed.fr/aniseed/experiment/show_insitu_by_biomaterial?biomaterial_id=27288	Stage 14 (early neurula)	KH2012:KH.C4.84 (CRX; OTX1; OTX2)	a line neural plate	a10.73*
https://www.aniseed.fr/aniseed/experiment/show_insitu_by_biomaterial?biomaterial_id=27288	Stage 14 (early neurula)	KH2012:KH.C4.84 (CRX; OTX1; OTX2)	a line neural plate	a10.66
https://www.aniseed.fr/aniseed/experiment/show_insitu_by_biomaterial?biomaterial_id=27288	Stage 14 (early neurula)	KH2012:KH.C4.84 (CRX; OTX1; OTX2)	a line neural plate	a10.66*
https://www.aniseed.fr/aniseed/experiment/show_insitu_by_biomaterial?biomaterial_id=27288	Stage 14 (early neurula)	KH2012:KH.C4.84 (CRX; OTX1; OTX2)	a line neural plate	a10.74
https://www.aniseed.fr/aniseed/experiment/show_insitu_by_biomaterial?biomaterial_id=27288	Stage 14 (early neurula)	KH2012:KH.C4.84 (CRX; OTX1; OTX2)	a line neural plate	a10.74*
https://www.aniseed.fr/aniseed/experiment/show_insitu_by_biomaterial?biomaterial_id=27288	Stage 14 (early neurula)	KH2012:KH.C4.84 (CRX; OTX1; OTX2)	a line neural plate	a10.69
https://www.aniseed.fr/aniseed/experiment/show_insitu_by_biomaterial?biomaterial_id=27288	Stage 14 (early neurula)	KH2012:KH.C4.84 (CRX; OTX1; OTX2)	a line neural plate	a10.69*
https://www.aniseed.fr/aniseed/experiment/show_insitu_by_biomaterial?biomaterial_id=27288	Stage 14 (early neurula)	KH2012:KH.C4.84 (CRX; OTX1; OTX2)	a line neural plate	a10.77
https://www.aniseed.fr/aniseed/experiment/show_insitu_by_biomaterial?biomaterial_id=27288	Stage 14 (early neurula)	KH2012:KH.C4.84 (CRX; OTX1; OTX2)	a line neural plate	a10.77*
https://www.aniseed.fr/aniseed/experiment/show_insitu_by_biomaterial?biomaterial_id=27288	Stage 14 (early neurula)	KH2012:KH.C4.84 (CRX; OTX1; OTX2)	a line neural plate	a10.70
https://www.aniseed.fr/aniseed/experiment/show_insitu_by_biomaterial?biomaterial_id=27288	Stage 14 (early neurula)	KH2012:KH.C4.84 (CRX; OTX1; OTX2)	a line neural plate	a10.70*
https://www.aniseed.fr/aniseed/experiment/show_insitu_by_biomaterial?biomaterial_id=27288	Stage 14 (early neurula)	KH2012:KH.C4.84 (CRX; OTX1; OTX2)	a line neural plate	a10.78
https://www.aniseed.fr/aniseed/experiment/show_insitu_by_biomaterial?biomaterial_id=27288	Stage 14 (early neurula)	KH2012:KH.C4.84 (CRX; OTX1; OTX2)	a line neural plate	a10.78*
https://www.aniseed.fr/aniseed/experiment/show_insitu_by_biomaterial?biomaterial_id=27288	Stage 14 (early neurula)	KH2012:KH.C4.84 (CRX; OTX1; OTX2)	a line neural plate	a9.50
https://www.aniseed.fr/aniseed/experiment/show_insitu_by_biomaterial?biomaterial_id=27288	Stage 14 (early neurula)	KH2012:KH.C4.84 (CRX; OTX1; OTX2)	a line neural plate	a9.50*
https://www.aniseed.fr/aniseed/experiment/show_insitu_by_biomaterial?biomaterial_id=27288	Stage 14 (early neurula)	KH2012:KH.C4.84 (CRX; OTX1; OTX2)	a line neural plate	a9.36
https://www.aniseed.fr/aniseed/experiment/show_insitu_by_biomaterial?biomaterial_id=27288	Stage 14 (early neurula)	KH2012:KH.C4.84 (CRX; OTX1; OTX2)	a line neural plate	a9.36*
https://www.aniseed.fr/aniseed/experiment/show_insitu_by_biomaterial?biomaterial_id=27288	Stage 14 (early neurula)	KH2012:KH.C4.84 (CRX; OTX1; OTX2)	a line neural plate	a9.40
https://www.aniseed.fr/aniseed/experiment/show_insitu_by_biomaterial?biomaterial_id=27288	Stage 14 (early neurula)	KH2012:KH.C4.84 (CRX; OTX1; OTX2)	a line neural plate	a9.40*
https://www.aniseed.fr/aniseed/experiment/show_insitu_by_biomaterial?biomaterial_id=27288	Stage 14 (early neurula)	KH2012:KH.C4.84 (CRX; OTX1; OTX2)	a line neural plate	a9.52
https://www.aniseed.fr/aniseed/experiment/show_insitu_by_biomaterial?biomaterial_id=27288	Stage 14 (early neurula)	KH2012:KH.C4.84 (CRX; OTX1; OTX2)	a line neural plate	a9.52*
https://www.aniseed.fr/aniseed/experiment/show_insitu_by_biomaterial?biomaterial_id=27288	Stage 14 (early neurula)	KH2012:KH.C4.84 (CRX; OTX1; OTX2)	a line neural plate	a9.51
https://www.aniseed.fr/aniseed/experiment/show_insitu_by_biomaterial?biomaterial_id=27288	Stage 14 (early neurula)	KH2012:KH.C4.84 (CRX; OTX1; OTX2)	a line neural plate	a9.51*
https://www.aniseed.fr/aniseed/experiment/show_insitu_by_biomaterial?biomaterial_id=23861	Stage 15 (mid neurula)	KH2012:KH.C4.84 (CRX; OTX1; OTX2)	A10.25 cell pair	A10.25
https://www.aniseed.fr/aniseed/experiment/show_insitu_by_biomaterial?biomaterial_id=23861	Stage 15 (mid neurula)	KH2012:KH.C4.84 (CRX; OTX1; OTX2)	A10.25 cell pair	A10.25*
https://www.aniseed.fr/aniseed/experiment/show_insitu_by_biomaterial?biomaterial_id=23861	Stage 15 (mid neurula)	KH2012:KH.C4.84 (CRX; OTX1; OTX2)	A10.26 cell pair	A10.26
https://www.aniseed.fr/aniseed/experiment/show_insitu_by_biomaterial?biomaterial_id=23861	Stage 15 (mid neurula)	KH2012:KH.C4.84 (CRX; OTX1; OTX2)	A10.26 cell pair	A10.26*
https://www.aniseed.fr/aniseed/experiment/show_insitu_by_biomaterial?biomaterial_id=23861	Stage 15 (mid neurula)	KH2012:KH.C4.84 (CRX; OTX1; OTX2)	A10.27 cell pair	A10.27
https://www.aniseed.fr/aniseed/experiment/show_insitu_by_biomaterial?biomaterial_id=23861	Stage 15 (mid neurula)	KH2012:KH.C4.84 (CRX; OTX1; OTX2)	A10.27 cell pair	A10.27*
https://www.aniseed.fr/aniseed/experiment/show_insitu_by_biomaterial?biomaterial_id=23861	Stage 15 (mid neurula)	KH2012:KH.C4.84 (CRX; OTX1; OTX2)	A10.28 cell pair	A10.28
https://www.aniseed.fr/aniseed/experiment/show_insitu_by_biomaterial?biomaterial_id=23861	Stage 15 (mid neurula)	KH2012:KH.C4.84 (CRX; OTX1; OTX2)	A10.28 cell pair	A10.28*
https://www.aniseed.fr/aniseed/experiment/show_insitu_by_biomaterial?biomaterial_id=23861	Stage 15 (mid neurula)	KH2012:KH.C4.84 (CRX; OTX1; OTX2)	A10.29 cell pair	A10.29
https://www.aniseed.fr/aniseed/experiment/show_insitu_by_biomaterial?biomaterial_id=23861	Stage 15 (mid neurula)	KH2012:KH.C4.84 (CRX; OTX1; OTX2)	A10.29 cell pair	A10.29*
https://www.aniseed.fr/aniseed/experiment/show_insitu_by_biomaterial?biomaterial_id=23861	Stage 15 (mid neurula)	KH2012:KH.C4.84 (CRX; OTX1; OTX2)	A10.30 cell pair	A10.30
https://www.aniseed.fr/aniseed/experiment/show_insitu_by_biomaterial?biomaterial_id=23861	Stage 15 (mid neurula)	KH2012:KH.C4.84 (CRX; OTX1; OTX2)	A10.30 cell pair	A10.30*
https://www.aniseed.fr/aniseed/experiment/show_insitu_by_biomaterial?biomaterial_id=23861	Stage 15 (mid neurula)	KH2012:KH.C4.84 (CRX; OTX1; OTX2)	A10.31 cell pair	A10.31
https://www.aniseed.fr/aniseed/experiment/show_insitu_by_biomaterial?biomaterial_id=23861	Stage 15 (mid neurula)	KH2012:KH.C4.84 (CRX; OTX1; OTX2)	A10.31 cell pair	A10.31*
https://www.aniseed.fr/aniseed/experiment/show_insitu_by_biomaterial?biomaterial_id=23861	Stage 15 (mid neurula)	KH2012:KH.C4.84 (CRX; OTX1; OTX2)	A10.32 cell pair	A10.32
https://www.aniseed.fr/aniseed/experiment/show_insitu_by_biomaterial?biomaterial_id=23861	Stage 15 (mid neurula)	KH2012:KH.C4.84 (CRX; OTX1; OTX2)	A10.32 cell pair	A10.32*
https://www.aniseed.fr/aniseed/experiment/show_insitu_by_biomaterial?biomaterial_id=23861	Stage 15 (mid neurula)	KH2012:KH.C4.84 (CRX; OTX1; OTX2)	a line neural plate	a10.65
https://www.aniseed.fr/aniseed/experiment/show_insitu_by_biomaterial?biomaterial_id=23861	Stage 15 (mid neurula)	KH2012:KH.C4.84 (CRX; OTX1; OTX2)	a line neural plate	a10.65*
https://www.aniseed.fr/aniseed/experiment/show_insitu_by_biomaterial?biomaterial_id=23861	Stage 15 (mid neurula)	KH2012:KH.C4.84 (CRX; OTX1; OTX2)	a line neural plate	a10.73
https://www.aniseed.fr/aniseed/experiment/show_insitu_by_biomaterial?biomaterial_id=23861	Stage 15 (mid neurula)	KH2012:KH.C4.84 (CRX; OTX1; OTX2)	a line neural plate	a10.73*
https://www.aniseed.fr/aniseed/experiment/show_insitu_by_biomaterial?biomaterial_id=23861	Stage 15 (mid neurula)	KH2012:KH.C4.84 (CRX; OTX1; OTX2)	a line neural plate	a10.66
https://www.aniseed.fr/aniseed/experiment/show_insitu_by_biomaterial?biomaterial_id=23861	Stage 15 (mid neurula)	KH2012:KH.C4.84 (CRX; OTX1; OTX2)	a line neural plate	a10.66*
https://www.aniseed.fr/aniseed/experiment/show_insitu_by_biomaterial?biomaterial_id=23861	Stage 15 (mid neurula)	KH2012:KH.C4.84 (CRX; OTX1; OTX2)	a line neural plate	a10.74
https://www.aniseed.fr/aniseed/experiment/show_insitu_by_biomaterial?biomaterial_id=23861	Stage 15 (mid neurula)	KH2012:KH.C4.84 (CRX; OTX1; OTX2)	a line neural plate	a10.74*
https://www.aniseed.fr/aniseed/experiment/show_insitu_by_biomaterial?biomaterial_id=23861	Stage 15 (mid neurula)	KH2012:KH.C4.84 (CRX; OTX1; OTX2)	a line neural plate	a10.69
https://www.aniseed.fr/aniseed/experiment/show_insitu_by_biomaterial?biomaterial_id=23861	Stage 15 (mid neurula)	KH2012:KH.C4.84 (CRX; OTX1; OTX2)	a line neural plate	a10.69*
https://www.aniseed.fr/aniseed/experiment/show_insitu_by_biomaterial?biomaterial_id=23861	Stage 15 (mid neurula)	KH2012:KH.C4.84 (CRX; OTX1; OTX2)	a line neural plate	a10.77
https://www.aniseed.fr/aniseed/experiment/show_insitu_by_biomaterial?biomaterial_id=23861	Stage 15 (mid neurula)	KH2012:KH.C4.84 (CRX; OTX1; OTX2)	a line neural plate	a10.77*
https://www.aniseed.fr/aniseed/experiment/show_insitu_by_biomaterial?biomaterial_id=23861	Stage 15 (mid neurula)	KH2012:KH.C4.84 (CRX; OTX1; OTX2)	a line neural plate	a10.70
https://www.aniseed.fr/aniseed/experiment/show_insitu_by_biomaterial?biomaterial_id=23861	Stage 15 (mid neurula)	KH2012:KH.C4.84 (CRX; OTX1; OTX2)	a line neural plate	a10.70*
https://www.aniseed.fr/aniseed/experiment/show_insitu_by_biomaterial?biomaterial_id=23861	Stage 15 (mid neurula)	KH2012:KH.C4.84 (CRX; OTX1; OTX2)	a line neural plate	a10.78
https://www.aniseed.fr/aniseed/experiment/show_insitu_by_biomaterial?biomaterial_id=23861	Stage 15 (mid neurula)	KH2012:KH.C4.84 (CRX; OTX1; OTX2)	a line neural plate	a10.78*
https://www.aniseed.fr/aniseed/experiment/show_insitu_by_biomaterial?biomaterial_id=23861	Stage 15 (mid neurula)	KH2012:KH.C4.84 (CRX; OTX1; OTX2)	a line neural plate	a10.97
https://www.aniseed.fr/aniseed/experiment/show_insitu_by_biomaterial?biomaterial_id=23861	Stage 15 (mid neurula)	KH2012:KH.C4.84 (CRX; OTX1; OTX2)	a line neural plate	a10.97*
https://www.aniseed.fr/aniseed/experiment/show_insitu_by_biomaterial?biomaterial_id=23861	Stage 15 (mid neurula)	KH2012:KH.C4.84 (CRX; OTX1; OTX2)	a line neural plate	a10.98
https://www.aniseed.fr/aniseed/experiment/show_insitu_by_biomaterial?biomaterial_id=23861	Stage 15 (mid neurula)	KH2012:KH.C4.84 (CRX; OTX1; OTX2)	a line neural plate	a10.98*
https://www.aniseed.fr/aniseed/experiment/show_insitu_by_biomaterial?biomaterial_id=23861	Stage 15 (mid neurula)	KH2012:KH.C4.84 (CRX; OTX1; OTX2)	a line neural plate	a10.67
https://www.aniseed.fr/aniseed/experiment/show_insitu_by_biomaterial?biomaterial_id=23861	Stage 15 (mid neurula)	KH2012:KH.C4.84 (CRX; OTX1; OTX2)	a line neural plate	a10.67*
https://www.aniseed.fr/aniseed/experiment/show_insitu_by_biomaterial?biomaterial_id=23861	Stage 15 (mid neurula)	KH2012:KH.C4.84 (CRX; OTX1; OTX2)	a line neural plate	a10.75
https://www.aniseed.fr/aniseed/experiment/show_insitu_by_biomaterial?biomaterial_id=23861	Stage 15 (mid neurula)	KH2012:KH.C4.84 (CRX; OTX1; OTX2)	a line neural plate	a10.75*
https://www.aniseed.fr/aniseed/experiment/show_insitu_by_biomaterial?biomaterial_id=23861	Stage 15 (mid neurula)	KH2012:KH.C4.84 (CRX; OTX1; OTX2)	a line neural plate	a10.68
https://www.aniseed.fr/aniseed/experiment/show_insitu_by_biomaterial?biomaterial_id=23861	Stage 15 (mid neurula)	KH2012:KH.C4.84 (CRX; OTX1; OTX2)	a line neural plate	a10.68*
https://www.aniseed.fr/aniseed/experiment/show_insitu_by_biomaterial?biomaterial_id=23861	Stage 15 (mid neurula)	KH2012:KH.C4.84 (CRX; OTX1; OTX2)	a line neural plate	a10.76
https://www.aniseed.fr/aniseed/experiment/show_insitu_by_biomaterial?biomaterial_id=23861	Stage 15 (mid neurula)	KH2012:KH.C4.84 (CRX; OTX1; OTX2)	a line neural plate	a10.76*
https://www.aniseed.fr/aniseed/experiment/show_insitu_by_biomaterial?biomaterial_id=23861	Stage 15 (mid neurula)	KH2012:KH.C4.84 (CRX; OTX1; OTX2)	a line neural plate	a9.50
https://www.aniseed.fr/aniseed/experiment/show_insitu_by_biomaterial?biomaterial_id=23861	Stage 15 (mid neurula)	KH2012:KH.C4.84 (CRX; OTX1; OTX2)	a line neural plate	a9.50*
https://www.aniseed.fr/aniseed/experiment/show_insitu_by_biomaterial?biomaterial_id=23861	Stage 15 (mid neurula)	KH2012:KH.C4.84 (CRX; OTX1; OTX2)	a line neural plate	a9.36
https://www.aniseed.fr/aniseed/experiment/show_insitu_by_biomaterial?biomaterial_id=23861	Stage 15 (mid neurula)	KH2012:KH.C4.84 (CRX; OTX1; OTX2)	a line neural plate	a9.36*
https://www.aniseed.fr/aniseed/experiment/show_insitu_by_biomaterial?biomaterial_id=23861	Stage 15 (mid neurula)	KH2012:KH.C4.84 (CRX; OTX1; OTX2)	a line neural plate	a9.40
https://www.aniseed.fr/aniseed/experiment/show_insitu_by_biomaterial?biomaterial_id=23861	Stage 15 (mid neurula)	KH2012:KH.C4.84 (CRX; OTX1; OTX2)	a line neural plate	a9.40*
https://www.aniseed.fr/aniseed/experiment/show_insitu_by_biomaterial?biomaterial_id=23861	Stage 15 (mid neurula)	KH2012:KH.C4.84 (CRX; OTX1; OTX2)	a line neural plate	a9.52
https://www.aniseed.fr/aniseed/experiment/show_insitu_by_biomaterial?biomaterial_id=23861	Stage 15 (mid neurula)	KH2012:KH.C4.84 (CRX; OTX1; OTX2)	a line neural plate	a9.52*
https://www.aniseed.fr/aniseed/experiment/show_insitu_by_biomaterial?biomaterial_id=23861	Stage 15 (mid neurula)	KH2012:KH.C4.84 (CRX; OTX1; OTX2)	a line neural plate	a9.51
https://www.aniseed.fr/aniseed/experiment/show_insitu_by_biomaterial?biomaterial_id=23861	Stage 15 (mid neurula)	KH2012:KH.C4.84 (CRX; OTX1; OTX2)	a line neural plate	a9.51*
https://www.aniseed.fr/aniseed/experiment/show_insitu_by_biomaterial?biomaterial_id=23897	Stage 15 (mid neurula)	KH2012:KH.C4.84 (CRX; OTX1; OTX2)	A10.25 cell pair	A10.25
https://www.aniseed.fr/aniseed/experiment/show_insitu_by_biomaterial?biomaterial_id=23897	Stage 15 (mid neurula)	KH2012:KH.C4.84 (CRX; OTX1; OTX2)	A10.25 cell pair	A10.25*
https://www.aniseed.fr/aniseed/experiment/show_insitu_by_biomaterial?biomaterial_id=23897	Stage 15 (mid neurula)	KH2012:KH.C4.84 (CRX; OTX1; OTX2)	A10.26 cell pair	A10.26
https://www.aniseed.fr/aniseed/experiment/show_insitu_by_biomaterial?biomaterial_id=23897	Stage 15 (mid neurula)	KH2012:KH.C4.84 (CRX; OTX1; OTX2)	A10.26 cell pair	A10.26*
https://www.aniseed.fr/aniseed/experiment/show_insitu_by_biomaterial?biomaterial_id=23897	Stage 15 (mid neurula)	KH2012:KH.C4.84 (CRX; OTX1; OTX2)	A10.27 cell pair	A10.27
https://www.aniseed.fr/aniseed/experiment/show_insitu_by_biomaterial?biomaterial_id=23897	Stage 15 (mid neurula)	KH2012:KH.C4.84 (CRX; OTX1; OTX2)	A10.27 cell pair	A10.27*
https://www.aniseed.fr/aniseed/experiment/show_insitu_by_biomaterial?biomaterial_id=23897	Stage 15 (mid neurula)	KH2012:KH.C4.84 (CRX; OTX1; OTX2)	A10.28 cell pair	A10.28
https://www.aniseed.fr/aniseed/experiment/show_insitu_by_biomaterial?biomaterial_id=23897	Stage 15 (mid neurula)	KH2012:KH.C4.84 (CRX; OTX1; OTX2)	A10.28 cell pair	A10.28*
https://www.aniseed.fr/aniseed/experiment/show_insitu_by_biomaterial?biomaterial_id=23897	Stage 15 (mid neurula)	KH2012:KH.C4.84 (CRX; OTX1; OTX2)	A10.29 cell pair	A10.29
https://www.aniseed.fr/aniseed/experiment/show_insitu_by_biomaterial?biomaterial_id=23897	Stage 15 (mid neurula)	KH2012:KH.C4.84 (CRX; OTX1; OTX2)	A10.29 cell pair	A10.29*
https://www.aniseed.fr/aniseed/experiment/show_insitu_by_biomaterial?biomaterial_id=23897	Stage 15 (mid neurula)	KH2012:KH.C4.84 (CRX; OTX1; OTX2)	A10.30 cell pair	A10.30
https://www.aniseed.fr/aniseed/experiment/show_insitu_by_biomaterial?biomaterial_id=23897	Stage 15 (mid neurula)	KH2012:KH.C4.84 (CRX; OTX1; OTX2)	A10.30 cell pair	A10.30*
https://www.aniseed.fr/aniseed/experiment/show_insitu_by_biomaterial?biomaterial_id=23897	Stage 15 (mid neurula)	KH2012:KH.C4.84 (CRX; OTX1; OTX2)	A10.31 cell pair	A10.31
https://www.aniseed.fr/aniseed/experiment/show_insitu_by_biomaterial?biomaterial_id=23897	Stage 15 (mid neurula)	KH2012:KH.C4.84 (CRX; OTX1; OTX2)	A10.31 cell pair	A10.31*
https://www.aniseed.fr/aniseed/experiment/show_insitu_by_biomaterial?biomaterial_id=23897	Stage 15 (mid neurula)	KH2012:KH.C4.84 (CRX; OTX1; OTX2)	A10.32 cell pair	A10.32
https://www.aniseed.fr/aniseed/experiment/show_insitu_by_biomaterial?biomaterial_id=23897	Stage 15 (mid neurula)	KH2012:KH.C4.84 (CRX; OTX1; OTX2)	A10.32 cell pair	A10.32*
https://www.aniseed.fr/aniseed/experiment/show_insitu_by_biomaterial?biomaterial_id=23897	Stage 15 (mid neurula)	KH2012:KH.C4.84 (CRX; OTX1; OTX2)	a line neural plate	a10.65
https://www.aniseed.fr/aniseed/experiment/show_insitu_by_biomaterial?biomaterial_id=23897	Stage 15 (mid neurula)	KH2012:KH.C4.84 (CRX; OTX1; OTX2)	a line neural plate	a10.65*
https://www.aniseed.fr/aniseed/experiment/show_insitu_by_biomaterial?biomaterial_id=23897	Stage 15 (mid neurula)	KH2012:KH.C4.84 (CRX; OTX1; OTX2)	a line neural plate	a10.73
https://www.aniseed.fr/aniseed/experiment/show_insitu_by_biomaterial?biomaterial_id=23897	Stage 15 (mid neurula)	KH2012:KH.C4.84 (CRX; OTX1; OTX2)	a line neural plate	a10.73*
https://www.aniseed.fr/aniseed/experiment/show_insitu_by_biomaterial?biomaterial_id=23897	Stage 15 (mid neurula)	KH2012:KH.C4.84 (CRX; OTX1; OTX2)	a line neural plate	a10.66
https://www.aniseed.fr/aniseed/experiment/show_insitu_by_biomaterial?biomaterial_id=23897	Stage 15 (mid neurula)	KH2012:KH.C4.84 (CRX; OTX1; OTX2)	a line neural plate	a10.66*
https://www.aniseed.fr/aniseed/experiment/show_insitu_by_biomaterial?biomaterial_id=23897	Stage 15 (mid neurula)	KH2012:KH.C4.84 (CRX; OTX1; OTX2)	a line neural plate	a10.74
https://www.aniseed.fr/aniseed/experiment/show_insitu_by_biomaterial?biomaterial_id=23897	Stage 15 (mid neurula)	KH2012:KH.C4.84 (CRX; OTX1; OTX2)	a line neural plate	a10.74*
https://www.aniseed.fr/aniseed/experiment/show_insitu_by_biomaterial?biomaterial_id=23897	Stage 15 (mid neurula)	KH2012:KH.C4.84 (CRX; OTX1; OTX2)	a line neural plate	a10.69
https://www.aniseed.fr/aniseed/experiment/show_insitu_by_biomaterial?biomaterial_id=23897	Stage 15 (mid neurula)	KH2012:KH.C4.84 (CRX; OTX1; OTX2)	a line neural plate	a10.69*
https://www.aniseed.fr/aniseed/experiment/show_insitu_by_biomaterial?biomaterial_id=23897	Stage 15 (mid neurula)	KH2012:KH.C4.84 (CRX; OTX1; OTX2)	a line neural plate	a10.77
https://www.aniseed.fr/aniseed/experiment/show_insitu_by_biomaterial?biomaterial_id=23897	Stage 15 (mid neurula)	KH2012:KH.C4.84 (CRX; OTX1; OTX2)	a line neural plate	a10.77*
https://www.aniseed.fr/aniseed/experiment/show_insitu_by_biomaterial?biomaterial_id=23897	Stage 15 (mid neurula)	KH2012:KH.C4.84 (CRX; OTX1; OTX2)	a line neural plate	a10.70
https://www.aniseed.fr/aniseed/experiment/show_insitu_by_biomaterial?biomaterial_id=23897	Stage 15 (mid neurula)	KH2012:KH.C4.84 (CRX; OTX1; OTX2)	a line neural plate	a10.70*
https://www.aniseed.fr/aniseed/experiment/show_insitu_by_biomaterial?biomaterial_id=23897	Stage 15 (mid neurula)	KH2012:KH.C4.84 (CRX; OTX1; OTX2)	a line neural plate	a10.78
https://www.aniseed.fr/aniseed/experiment/show_insitu_by_biomaterial?biomaterial_id=23897	Stage 15 (mid neurula)	KH2012:KH.C4.84 (CRX; OTX1; OTX2)	a line neural plate	a10.78*
https://www.aniseed.fr/aniseed/experiment/show_insitu_by_biomaterial?biomaterial_id=23897	Stage 15 (mid neurula)	KH2012:KH.C4.84 (CRX; OTX1; OTX2)	a line neural plate	a10.97
https://www.aniseed.fr/aniseed/experiment/show_insitu_by_biomaterial?biomaterial_id=23897	Stage 15 (mid neurula)	KH2012:KH.C4.84 (CRX; OTX1; OTX2)	a line neural plate	a10.97*
https://www.aniseed.fr/aniseed/experiment/show_insitu_by_biomaterial?biomaterial_id=23897	Stage 15 (mid neurula)	KH2012:KH.C4.84 (CRX; OTX1; OTX2)	a line neural plate	a10.98
https://www.aniseed.fr/aniseed/experiment/show_insitu_by_biomaterial?biomaterial_id=23897	Stage 15 (mid neurula)	KH2012:KH.C4.84 (CRX; OTX1; OTX2)	a line neural plate	a10.98*
https://www.aniseed.fr/aniseed/experiment/show_insitu_by_biomaterial?biomaterial_id=23897	Stage 15 (mid neurula)	KH2012:KH.C4.84 (CRX; OTX1; OTX2)	a line neural plate	a10.67
https://www.aniseed.fr/aniseed/experiment/show_insitu_by_biomaterial?biomaterial_id=23897	Stage 15 (mid neurula)	KH2012:KH.C4.84 (CRX; OTX1; OTX2)	a line neural plate	a10.67*
https://www.aniseed.fr/aniseed/experiment/show_insitu_by_biomaterial?biomaterial_id=23897	Stage 15 (mid neurula)	KH2012:KH.C4.84 (CRX; OTX1; OTX2)	a line neural plate	a10.75
https://www.aniseed.fr/aniseed/experiment/show_insitu_by_biomaterial?biomaterial_id=23897	Stage 15 (mid neurula)	KH2012:KH.C4.84 (CRX; OTX1; OTX2)	a line neural plate	a10.75*
https://www.aniseed.fr/aniseed/experiment/show_insitu_by_biomaterial?biomaterial_id=23897	Stage 15 (mid neurula)	KH2012:KH.C4.84 (CRX; OTX1; OTX2)	a line neural plate	a10.68
https://www.aniseed.fr/aniseed/experiment/show_insitu_by_biomaterial?biomaterial_id=23897	Stage 15 (mid neurula)	KH2012:KH.C4.84 (CRX; OTX1; OTX2)	a line neural plate	a10.68*
https://www.aniseed.fr/aniseed/experiment/show_insitu_by_biomaterial?biomaterial_id=23897	Stage 15 (mid neurula)	KH2012:KH.C4.84 (CRX; OTX1; OTX2)	a line neural plate	a10.76
https://www.aniseed.fr/aniseed/experiment/show_insitu_by_biomaterial?biomaterial_id=23897	Stage 15 (mid neurula)	KH2012:KH.C4.84 (CRX; OTX1; OTX2)	a line neural plate	a10.76*
https://www.aniseed.fr/aniseed/experiment/show_insitu_by_biomaterial?biomaterial_id=23897	Stage 15 (mid neurula)	KH2012:KH.C4.84 (CRX; OTX1; OTX2)	a line neural plate	a9.50
https://www.aniseed.fr/aniseed/experiment/show_insitu_by_biomaterial?biomaterial_id=23897	Stage 15 (mid neurula)	KH2012:KH.C4.84 (CRX; OTX1; OTX2)	a line neural plate	a9.50*
https://www.aniseed.fr/aniseed/experiment/show_insitu_by_biomaterial?biomaterial_id=23897	Stage 15 (mid neurula)	KH2012:KH.C4.84 (CRX; OTX1; OTX2)	a line neural plate	a9.36
https://www.aniseed.fr/aniseed/experiment/show_insitu_by_biomaterial?biomaterial_id=23897	Stage 15 (mid neurula)	KH2012:KH.C4.84 (CRX; OTX1; OTX2)	a line neural plate	a9.36*
https://www.aniseed.fr/aniseed/experiment/show_insitu_by_biomaterial?biomaterial_id=23897	Stage 15 (mid neurula)	KH2012:KH.C4.84 (CRX; OTX1; OTX2)	a line neural plate	a9.40
https://www.aniseed.fr/aniseed/experiment/show_insitu_by_biomaterial?biomaterial_id=23897	Stage 15 (mid neurula)	KH2012:KH.C4.84 (CRX; OTX1; OTX2)	a line neural plate	a9.40*
https://www.aniseed.fr/aniseed/experiment/show_insitu_by_biomaterial?biomaterial_id=23897	Stage 15 (mid neurula)	KH2012:KH.C4.84 (CRX; OTX1; OTX2)	a line neural plate	a9.52
https://www.aniseed.fr/aniseed/experiment/show_insitu_by_biomaterial?biomaterial_id=23897	Stage 15 (mid neurula)	KH2012:KH.C4.84 (CRX; OTX1; OTX2)	a line neural plate	a9.52*
https://www.aniseed.fr/aniseed/experiment/show_insitu_by_biomaterial?biomaterial_id=23897	Stage 15 (mid neurula)	KH2012:KH.C4.84 (CRX; OTX1; OTX2)	a line neural plate	a9.51
https://www.aniseed.fr/aniseed/experiment/show_insitu_by_biomaterial?biomaterial_id=23897	Stage 15 (mid neurula)	KH2012:KH.C4.84 (CRX; OTX1; OTX2)	a line neural plate	a9.51*
https://www.aniseed.fr/aniseed/experiment/show_insitu_by_biomaterial?biomaterial_id=23817	Stage 16 (late neurula)	KH2012:KH.C4.84 (CRX; OTX1; OTX2)	a line neural plate	a10.65
https://www.aniseed.fr/aniseed/experiment/show_insitu_by_biomaterial?biomaterial_id=23817	Stage 16 (late neurula)	KH2012:KH.C4.84 (CRX; OTX1; OTX2)	a line neural plate	a10.65*
https://www.aniseed.fr/aniseed/experiment/show_insitu_by_biomaterial?biomaterial_id=23817	Stage 16 (late neurula)	KH2012:KH.C4.84 (CRX; OTX1; OTX2)	a line neural plate	a10.73
https://www.aniseed.fr/aniseed/experiment/show_insitu_by_biomaterial?biomaterial_id=23817	Stage 16 (late neurula)	KH2012:KH.C4.84 (CRX; OTX1; OTX2)	a line neural plate	a10.73*
https://www.aniseed.fr/aniseed/experiment/show_insitu_by_biomaterial?biomaterial_id=23817	Stage 16 (late neurula)	KH2012:KH.C4.84 (CRX; OTX1; OTX2)	a line neural plate	a10.66
https://www.aniseed.fr/aniseed/experiment/show_insitu_by_biomaterial?biomaterial_id=23817	Stage 16 (late neurula)	KH2012:KH.C4.84 (CRX; OTX1; OTX2)	a line neural plate	a10.66*
https://www.aniseed.fr/aniseed/experiment/show_insitu_by_biomaterial?biomaterial_id=23817	Stage 16 (late neurula)	KH2012:KH.C4.84 (CRX; OTX1; OTX2)	a line neural plate	a10.74
https://www.aniseed.fr/aniseed/experiment/show_insitu_by_biomaterial?biomaterial_id=23817	Stage 16 (late neurula)	KH2012:KH.C4.84 (CRX; OTX1; OTX2)	a line neural plate	a10.74*
https://www.aniseed.fr/aniseed/experiment/show_insitu_by_biomaterial?biomaterial_id=23817	Stage 16 (late neurula)	KH2012:KH.C4.84 (CRX; OTX1; OTX2)	a line neural plate	a10.69
https://www.aniseed.fr/aniseed/experiment/show_insitu_by_biomaterial?biomaterial_id=23817	Stage 16 (late neurula)	KH2012:KH.C4.84 (CRX; OTX1; OTX2)	a line neural plate	a10.69*
https://www.aniseed.fr/aniseed/experiment/show_insitu_by_biomaterial?biomaterial_id=23817	Stage 16 (late neurula)	KH2012:KH.C4.84 (CRX; OTX1; OTX2)	a line neural plate	a10.77
https://www.aniseed.fr/aniseed/experiment/show_insitu_by_biomaterial?biomaterial_id=23817	Stage 16 (late neurula)	KH2012:KH.C4.84 (CRX; OTX1; OTX2)	a line neural plate	a10.77*
https://www.aniseed.fr/aniseed/experiment/show_insitu_by_biomaterial?biomaterial_id=23817	Stage 16 (late neurula)	KH2012:KH.C4.84 (CRX; OTX1; OTX2)	a line neural plate	a10.70
https://www.aniseed.fr/aniseed/experiment/show_insitu_by_biomaterial?biomaterial_id=23817	Stage 16 (late neurula)	KH2012:KH.C4.84 (CRX; OTX1; OTX2)	a line neural plate	a10.70*
https://www.aniseed.fr/aniseed/experiment/show_insitu_by_biomaterial?biomaterial_id=23817	Stage 16 (late neurula)	KH2012:KH.C4.84 (CRX; OTX1; OTX2)	a line neural plate	a10.78
https://www.aniseed.fr/aniseed/experiment/show_insitu_by_biomaterial?biomaterial_id=23817	Stage 16 (late neurula)	KH2012:KH.C4.84 (CRX; OTX1; OTX2)	a line neural plate	a10.78*
https://www.aniseed.fr/aniseed/experiment/show_insitu_by_biomaterial?biomaterial_id=23817	Stage 16 (late neurula)	KH2012:KH.C4.84 (CRX; OTX1; OTX2)	a line neural plate	a10.97
https://www.aniseed.fr/aniseed/experiment/show_insitu_by_biomaterial?biomaterial_id=23817	Stage 16 (late neurula)	KH2012:KH.C4.84 (CRX; OTX1; OTX2)	a line neural plate	a10.97*
https://www.aniseed.fr/aniseed/experiment/show_insitu_by_biomaterial?biomaterial_id=23817	Stage 16 (late neurula)	KH2012:KH.C4.84 (CRX; OTX1; OTX2)	a line neural plate	a10.98
https://www.aniseed.fr/aniseed/experiment/show_insitu_by_biomaterial?biomaterial_id=23817	Stage 16 (late neurula)	KH2012:KH.C4.84 (CRX; OTX1; OTX2)	a line neural plate	a10.98*
https://www.aniseed.fr/aniseed/experiment/show_insitu_by_biomaterial?biomaterial_id=23817	Stage 16 (late neurula)	KH2012:KH.C4.84 (CRX; OTX1; OTX2)	a line neural plate	a10.67
https://www.aniseed.fr/aniseed/experiment/show_insitu_by_biomaterial?biomaterial_id=23817	Stage 16 (late neurula)	KH2012:KH.C4.84 (CRX; OTX1; OTX2)	a line neural plate	a10.67*
https://www.aniseed.fr/aniseed/experiment/show_insitu_by_biomaterial?biomaterial_id=23817	Stage 16 (late neurula)	KH2012:KH.C4.84 (CRX; OTX1; OTX2)	a line neural plate	a10.75
https://www.aniseed.fr/aniseed/experiment/show_insitu_by_biomaterial?biomaterial_id=23817	Stage 16 (late neurula)	KH2012:KH.C4.84 (CRX; OTX1; OTX2)	a line neural plate	a10.75*
https://www.aniseed.fr/aniseed/experiment/show_insitu_by_biomaterial?biomaterial_id=23817	Stage 16 (late neurula)	KH2012:KH.C4.84 (CRX; OTX1; OTX2)	a line neural plate	a10.68
https://www.aniseed.fr/aniseed/experiment/show_insitu_by_biomaterial?biomaterial_id=23817	Stage 16 (late neurula)	KH2012:KH.C4.84 (CRX; OTX1; OTX2)	a line neural plate	a10.68*
https://www.aniseed.fr/aniseed/experiment/show_insitu_by_biomaterial?biomaterial_id=23817	Stage 16 (late neurula)	KH2012:KH.C4.84 (CRX; OTX1; OTX2)	a line neural plate	a10.76
https://www.aniseed.fr/aniseed/experiment/show_insitu_by_biomaterial?biomaterial_id=23817	Stage 16 (late neurula)	KH2012:KH.C4.84 (CRX; OTX1; OTX2)	a line neural plate	a10.76*
https://www.aniseed.fr/aniseed/experiment/show_insitu_by_biomaterial?biomaterial_id=23817	Stage 16 (late neurula)	KH2012:KH.C4.84 (CRX; OTX1; OTX2)	a line neural plate	a10.99
https://www.aniseed.fr/aniseed/experiment/show_insitu_by_biomaterial?biomaterial_id=23817	Stage 16 (late neurula)	KH2012:KH.C4.84 (CRX; OTX1; OTX2)	a line neural plate	a10.99*
https://www.aniseed.fr/aniseed/experiment/show_insitu_by_biomaterial?biomaterial_id=23817	Stage 16 (late neurula)	KH2012:KH.C4.84 (CRX; OTX1; OTX2)	a line neural plate	a10.100
https://www.aniseed.fr/aniseed/experiment/show_insitu_by_biomaterial?biomaterial_id=23817	Stage 16 (late neurula)	KH2012:KH.C4.84 (CRX; OTX1; OTX2)	a line neural plate	a10.100*
https://www.aniseed.fr/aniseed/experiment/show_insitu_by_biomaterial?biomaterial_id=23817	Stage 16 (late neurula)	KH2012:KH.C4.84 (CRX; OTX1; OTX2)	a line neural plate	a10.103
https://www.aniseed.fr/aniseed/experiment/show_insitu_by_biomaterial?biomaterial_id=23817	Stage 16 (late neurula)	KH2012:KH.C4.84 (CRX; OTX1; OTX2)	a line neural plate	a10.103*
https://www.aniseed.fr/aniseed/experiment/show_insitu_by_biomaterial?biomaterial_id=23817	Stage 16 (late neurula)	KH2012:KH.C4.84 (CRX; OTX1; OTX2)	a line neural plate	a10.71
https://www.aniseed.fr/aniseed/experiment/show_insitu_by_biomaterial?biomaterial_id=23817	Stage 16 (late neurula)	KH2012:KH.C4.84 (CRX; OTX1; OTX2)	a line neural plate	a10.71*
https://www.aniseed.fr/aniseed/experiment/show_insitu_by_biomaterial?biomaterial_id=23817	Stage 16 (late neurula)	KH2012:KH.C4.84 (CRX; OTX1; OTX2)	a line neural plate	a10.79
https://www.aniseed.fr/aniseed/experiment/show_insitu_by_biomaterial?biomaterial_id=23817	Stage 16 (late neurula)	KH2012:KH.C4.84 (CRX; OTX1; OTX2)	a line neural plate	a10.79*
https://www.aniseed.fr/aniseed/experiment/show_insitu_by_biomaterial?biomaterial_id=23817	Stage 16 (late neurula)	KH2012:KH.C4.84 (CRX; OTX1; OTX2)	a line neural plate	a10.104
https://www.aniseed.fr/aniseed/experiment/show_insitu_by_biomaterial?biomaterial_id=23817	Stage 16 (late neurula)	KH2012:KH.C4.84 (CRX; OTX1; OTX2)	a line neural plate	a10.104*
https://www.aniseed.fr/aniseed/experiment/show_insitu_by_biomaterial?biomaterial_id=23817	Stage 16 (late neurula)	KH2012:KH.C4.84 (CRX; OTX1; OTX2)	a line neural plate	a10.72
https://www.aniseed.fr/aniseed/experiment/show_insitu_by_biomaterial?biomaterial_id=23817	Stage 16 (late neurula)	KH2012:KH.C4.84 (CRX; OTX1; OTX2)	a line neural plate	a10.72*
https://www.aniseed.fr/aniseed/experiment/show_insitu_by_biomaterial?biomaterial_id=23817	Stage 16 (late neurula)	KH2012:KH.C4.84 (CRX; OTX1; OTX2)	a line neural plate	a10.80
https://www.aniseed.fr/aniseed/experiment/show_insitu_by_biomaterial?biomaterial_id=23817	Stage 16 (late neurula)	KH2012:KH.C4.84 (CRX; OTX1; OTX2)	a line neural plate	a10.80*
https://www.aniseed.fr/aniseed/experiment/show_insitu_by_biomaterial?biomaterial_id=23817	Stage 16 (late neurula)	KH2012:KH.C4.84 (CRX; OTX1; OTX2)	a line neural plate	a10.101
https://www.aniseed.fr/aniseed/experiment/show_insitu_by_biomaterial?biomaterial_id=23817	Stage 16 (late neurula)	KH2012:KH.C4.84 (CRX; OTX1; OTX2)	a line neural plate	a10.101*
https://www.aniseed.fr/aniseed/experiment/show_insitu_by_biomaterial?biomaterial_id=23817	Stage 16 (late neurula)	KH2012:KH.C4.84 (CRX; OTX1; OTX2)	a line neural plate	a10.102
https://www.aniseed.fr/aniseed/experiment/show_insitu_by_biomaterial?biomaterial_id=23817	Stage 16 (late neurula)	KH2012:KH.C4.84 (CRX; OTX1; OTX2)	a line neural plate	a10.102*
https://www.aniseed.fr/aniseed/experiment/show_insitu_by_biomaterial?biomaterial_id=23817	Stage 16 (late neurula)	KH2012:KH.C4.84 (CRX; OTX1; OTX2)	row II neural plate	A10.27
https://www.aniseed.fr/aniseed/experiment/show_insitu_by_biomaterial?biomaterial_id=23817	Stage 16 (late neurula)	KH2012:KH.C4.84 (CRX; OTX1; OTX2)	row II neural plate	A10.27*
https://www.aniseed.fr/aniseed/experiment/show_insitu_by_biomaterial?biomaterial_id=23817	Stage 16 (late neurula)	KH2012:KH.C4.84 (CRX; OTX1; OTX2)	row II neural plate	A10.31
https://www.aniseed.fr/aniseed/experiment/show_insitu_by_biomaterial?biomaterial_id=23817	Stage 16 (late neurula)	KH2012:KH.C4.84 (CRX; OTX1; OTX2)	row II neural plate	A10.31*
https://www.aniseed.fr/aniseed/experiment/show_insitu_by_biomaterial?biomaterial_id=23817	Stage 16 (late neurula)	KH2012:KH.C4.84 (CRX; OTX1; OTX2)	row II neural plate	A10.28
https://www.aniseed.fr/aniseed/experiment/show_insitu_by_biomaterial?biomaterial_id=23817	Stage 16 (late neurula)	KH2012:KH.C4.84 (CRX; OTX1; OTX2)	row II neural plate	A10.28*
https://www.aniseed.fr/aniseed/experiment/show_insitu_by_biomaterial?biomaterial_id=23817	Stage 16 (late neurula)	KH2012:KH.C4.84 (CRX; OTX1; OTX2)	row II neural plate	A10.32
https://www.aniseed.fr/aniseed/experiment/show_insitu_by_biomaterial?biomaterial_id=23817	Stage 16 (late neurula)	KH2012:KH.C4.84 (CRX; OTX1; OTX2)	row II neural plate	A10.32*
https://www.aniseed.fr/aniseed/experiment/show_insitu_by_biomaterial?biomaterial_id=20866	Stage 15 (mid neurula)	KH2012:KH.C5.34 (ALX3; ALX4; UNCX)	A10.25 cell pair	A10.25
https://www.aniseed.fr/aniseed/experiment/show_insitu_by_biomaterial?biomaterial_id=20866	Stage 15 (mid neurula)	KH2012:KH.C5.34 (ALX3; ALX4; UNCX)	A10.25 cell pair	A10.25*
https://www.aniseed.fr/aniseed/experiment/show_insitu_by_biomaterial?biomaterial_id=20866	Stage 15 (mid neurula)	KH2012:KH.C5.34 (ALX3; ALX4; UNCX)	A10.26 cell pair	A10.26
https://www.aniseed.fr/aniseed/experiment/show_insitu_by_biomaterial?biomaterial_id=20866	Stage 15 (mid neurula)	KH2012:KH.C5.34 (ALX3; ALX4; UNCX)	A10.26 cell pair	A10.26*
https://www.aniseed.fr/aniseed/experiment/show_insitu_by_biomaterial?biomaterial_id=20866	Stage 15 (mid neurula)	KH2012:KH.C5.34 (ALX3; ALX4; UNCX)	A10.27 cell pair	A10.27
https://www.aniseed.fr/aniseed/experiment/show_insitu_by_biomaterial?biomaterial_id=20866	Stage 15 (mid neurula)	KH2012:KH.C5.34 (ALX3; ALX4; UNCX)	A10.27 cell pair	A10.27*
https://www.aniseed.fr/aniseed/experiment/show_insitu_by_biomaterial?biomaterial_id=20866	Stage 15 (mid neurula)	KH2012:KH.C5.34 (ALX3; ALX4; UNCX)	A10.28 cell pair	A10.28
https://www.aniseed.fr/aniseed/experiment/show_insitu_by_biomaterial?biomaterial_id=20866	Stage 15 (mid neurula)	KH2012:KH.C5.34 (ALX3; ALX4; UNCX)	A10.28 cell pair	A10.28*
https://www.aniseed.fr/aniseed/experiment/show_insitu_by_biomaterial?biomaterial_id=28531	Stage 12 (mid gastrula)	KH2012:KH.C5.485 (DCT; TYR; TYRP1)	a9.49 cell pair	a9.49
https://www.aniseed.fr/aniseed/experiment/show_insitu_by_biomaterial?biomaterial_id=28531	Stage 12 (mid gastrula)	KH2012:KH.C5.485 (DCT; TYR; TYRP1)	a9.49 cell pair	a9.49*
https://www.aniseed.fr/aniseed/experiment/show_insitu_by_biomaterial?biomaterial_id=28541	Stage 12 (mid gastrula)	KH2012:KH.C5.485 (DCT; TYR; TYRP1)	a9.49 cell pair	a9.49
https://www.aniseed.fr/aniseed/experiment/show_insitu_by_biomaterial?biomaterial_id=28541	Stage 12 (mid gastrula)	KH2012:KH.C5.485 (DCT; TYR; TYRP1)	a9.49 cell pair	a9.49*
https://www.aniseed.fr/aniseed/experiment/show_insitu_by_biomaterial?biomaterial_id=15532	Stage 13 (late gastrula)	KH2012:KH.C5.485 (DCT; TYR; TYRP1)	a9.49 cell pair	a9.49
https://www.aniseed.fr/aniseed/experiment/show_insitu_by_biomaterial?biomaterial_id=15532	Stage 13 (late gastrula)	KH2012:KH.C5.485 (DCT; TYR; TYRP1)	a9.49 cell pair	a9.49*
https://www.aniseed.fr/aniseed/experiment/show_insitu_by_biomaterial?biomaterial_id=36653	Stage 13 (late gastrula)	KH2012:KH.C5.485 (DCT; TYR; TYRP1)	a9.49 cell pair	a9.49
https://www.aniseed.fr/aniseed/experiment/show_insitu_by_biomaterial?biomaterial_id=36653	Stage 13 (late gastrula)	KH2012:KH.C5.485 (DCT; TYR; TYRP1)	a9.49 cell pair	a9.49*
https://www.aniseed.fr/aniseed/experiment/show_insitu_by_biomaterial?biomaterial_id=36665	Stage 13 (late gastrula)	KH2012:KH.C5.485 (DCT; TYR; TYRP1)	a9.49 cell pair	a9.49
https://www.aniseed.fr/aniseed/experiment/show_insitu_by_biomaterial?biomaterial_id=36665	Stage 13 (late gastrula)	KH2012:KH.C5.485 (DCT; TYR; TYRP1)	a9.49 cell pair	a9.49*
https://www.aniseed.fr/aniseed/experiment/show_insitu_by_biomaterial?biomaterial_id=16195	Stage 16 (late neurula)	KH2012:KH.C5.485 (DCT; TYR; TYRP1)	a10.97 cell pair	a10.97
https://www.aniseed.fr/aniseed/experiment/show_insitu_by_biomaterial?biomaterial_id=16195	Stage 16 (late neurula)	KH2012:KH.C5.485 (DCT; TYR; TYRP1)	a10.97 cell pair	a10.97*
https://www.aniseed.fr/aniseed/experiment/show_insitu_by_biomaterial?biomaterial_id=16195	Stage 16 (late neurula)	KH2012:KH.C5.485 (DCT; TYR; TYRP1)	a10.98 cell pair	a10.98
https://www.aniseed.fr/aniseed/experiment/show_insitu_by_biomaterial?biomaterial_id=16195	Stage 16 (late neurula)	KH2012:KH.C5.485 (DCT; TYR; TYRP1)	a10.98 cell pair	a10.98*
https://www.aniseed.fr/aniseed/experiment/show_insitu_by_biomaterial?biomaterial_id=15286	Stage 12 (mid gastrula)	KH2012:KH.C5.5 (FGF17; FGF18; FGF8)	A9.30 cell pair	A9.30
https://www.aniseed.fr/aniseed/experiment/show_insitu_by_biomaterial?biomaterial_id=15286	Stage 12 (mid gastrula)	KH2012:KH.C5.5 (FGF17; FGF18; FGF8)	A9.30 cell pair	A9.30*
https://www.aniseed.fr/aniseed/experiment/show_insitu_by_biomaterial?biomaterial_id=15289	Stage 12 (mid gastrula)	KH2012:KH.C5.5 (FGF17; FGF18; FGF8)	A9.30 cell pair	A9.30
https://www.aniseed.fr/aniseed/experiment/show_insitu_by_biomaterial?biomaterial_id=15289	Stage 12 (mid gastrula)	KH2012:KH.C5.5 (FGF17; FGF18; FGF8)	A9.30 cell pair	A9.30*
https://www.aniseed.fr/aniseed/experiment/show_insitu_by_biomaterial?biomaterial_id=17559	Stage 12 (mid gastrula)	KH2012:KH.C5.5 (FGF17; FGF18; FGF8)	A9.30 cell pair	A9.30
https://www.aniseed.fr/aniseed/experiment/show_insitu_by_biomaterial?biomaterial_id=17559	Stage 12 (mid gastrula)	KH2012:KH.C5.5 (FGF17; FGF18; FGF8)	A9.30 cell pair	A9.30*
https://www.aniseed.fr/aniseed/experiment/show_insitu_by_biomaterial?biomaterial_id=26179	Stage 12 (mid gastrula)	KH2012:KH.C5.5 (FGF17; FGF18; FGF8)	A9.30 cell pair	A9.30
https://www.aniseed.fr/aniseed/experiment/show_insitu_by_biomaterial?biomaterial_id=26179	Stage 12 (mid gastrula)	KH2012:KH.C5.5 (FGF17; FGF18; FGF8)	A9.30 cell pair	A9.30*
https://www.aniseed.fr/aniseed/experiment/show_insitu_by_biomaterial?biomaterial_id=26184	Stage 12 (mid gastrula)	KH2012:KH.C5.5 (FGF17; FGF18; FGF8)	A9.30 cell pair	A9.30
https://www.aniseed.fr/aniseed/experiment/show_insitu_by_biomaterial?biomaterial_id=26184	Stage 12 (mid gastrula)	KH2012:KH.C5.5 (FGF17; FGF18; FGF8)	A9.30 cell pair	A9.30*
https://www.aniseed.fr/aniseed/experiment/show_insitu_by_biomaterial?biomaterial_id=27062	Stage 12 (mid gastrula)	KH2012:KH.C5.5 (FGF17; FGF18; FGF8)	A9.30 cell pair	A9.30
https://www.aniseed.fr/aniseed/experiment/show_insitu_by_biomaterial?biomaterial_id=27062	Stage 12 (mid gastrula)	KH2012:KH.C5.5 (FGF17; FGF18; FGF8)	A9.30 cell pair	A9.30*
https://www.aniseed.fr/aniseed/experiment/show_insitu_by_biomaterial?biomaterial_id=27589	Stage 12 (mid gastrula)	KH2012:KH.C5.5 (FGF17; FGF18; FGF8)	A9.30 cell pair	A9.30
https://www.aniseed.fr/aniseed/experiment/show_insitu_by_biomaterial?biomaterial_id=27589	Stage 12 (mid gastrula)	KH2012:KH.C5.5 (FGF17; FGF18; FGF8)	A9.30 cell pair	A9.30*
https://www.aniseed.fr/aniseed/experiment/show_insitu_by_biomaterial?biomaterial_id=28439	Stage 12 (mid gastrula)	KH2012:KH.C5.5 (FGF17; FGF18; FGF8)	A9.30 cell pair	A9.30
https://www.aniseed.fr/aniseed/experiment/show_insitu_by_biomaterial?biomaterial_id=28439	Stage 12 (mid gastrula)	KH2012:KH.C5.5 (FGF17; FGF18; FGF8)	A9.30 cell pair	A9.30*
https://www.aniseed.fr/aniseed/experiment/show_insitu_by_biomaterial?biomaterial_id=29306	Stage 12 (mid gastrula)	KH2012:KH.C5.5 (FGF17; FGF18; FGF8)	A9.30 cell pair	A9.30
https://www.aniseed.fr/aniseed/experiment/show_insitu_by_biomaterial?biomaterial_id=29306	Stage 12 (mid gastrula)	KH2012:KH.C5.5 (FGF17; FGF18; FGF8)	A9.30 cell pair	A9.30*
https://www.aniseed.fr/aniseed/experiment/show_insitu_by_biomaterial?biomaterial_id=17556	Stage 13 (late gastrula)	KH2012:KH.C5.5 (FGF17; FGF18; FGF8)	A9.30 cell pair	A9.30
https://www.aniseed.fr/aniseed/experiment/show_insitu_by_biomaterial?biomaterial_id=17556	Stage 13 (late gastrula)	KH2012:KH.C5.5 (FGF17; FGF18; FGF8)	A9.30 cell pair	A9.30*
https://www.aniseed.fr/aniseed/experiment/show_insitu_by_biomaterial?biomaterial_id=21123	Stage 13 (late gastrula)	KH2012:KH.C5.5 (FGF17; FGF18; FGF8)	A9.30 cell pair	A9.30
https://www.aniseed.fr/aniseed/experiment/show_insitu_by_biomaterial?biomaterial_id=21123	Stage 13 (late gastrula)	KH2012:KH.C5.5 (FGF17; FGF18; FGF8)	A9.30 cell pair	A9.30*
https://www.aniseed.fr/aniseed/experiment/show_insitu_by_biomaterial?biomaterial_id=25721	Stage 13 (late gastrula)	KH2012:KH.C5.5 (FGF17; FGF18; FGF8)	A9.30 cell pair	A9.30
https://www.aniseed.fr/aniseed/experiment/show_insitu_by_biomaterial?biomaterial_id=25721	Stage 13 (late gastrula)	KH2012:KH.C5.5 (FGF17; FGF18; FGF8)	A9.30 cell pair	A9.30*
https://www.aniseed.fr/aniseed/experiment/show_insitu_by_biomaterial?biomaterial_id=36791	Stage 13 (late gastrula)	KH2012:KH.C5.5 (FGF17; FGF18; FGF8)	A9.30 cell pair	A9.30
https://www.aniseed.fr/aniseed/experiment/show_insitu_by_biomaterial?biomaterial_id=36791	Stage 13 (late gastrula)	KH2012:KH.C5.5 (FGF17; FGF18; FGF8)	A9.30 cell pair	A9.30*
https://www.aniseed.fr/aniseed/experiment/show_insitu_by_biomaterial?biomaterial_id=25525	Stage 13 (late gastrula)	KH2012:KH.C5.597 (ADGRL1; ADGRL2; ADGRL3)	A line neural plate	A9.30
https://www.aniseed.fr/aniseed/experiment/show_insitu_by_biomaterial?biomaterial_id=25525	Stage 13 (late gastrula)	KH2012:KH.C5.597 (ADGRL1; ADGRL2; ADGRL3)	A line neural plate	A9.30*
https://www.aniseed.fr/aniseed/experiment/show_insitu_by_biomaterial?biomaterial_id=25525	Stage 13 (late gastrula)	KH2012:KH.C5.597 (ADGRL1; ADGRL2; ADGRL3)	A line neural plate	A9.29
https://www.aniseed.fr/aniseed/experiment/show_insitu_by_biomaterial?biomaterial_id=25525	Stage 13 (late gastrula)	KH2012:KH.C5.597 (ADGRL1; ADGRL2; ADGRL3)	A line neural plate	A9.29*
https://www.aniseed.fr/aniseed/experiment/show_insitu_by_biomaterial?biomaterial_id=25525	Stage 13 (late gastrula)	KH2012:KH.C5.597 (ADGRL1; ADGRL2; ADGRL3)	a9.49 cell pair	a9.49
https://www.aniseed.fr/aniseed/experiment/show_insitu_by_biomaterial?biomaterial_id=25525	Stage 13 (late gastrula)	KH2012:KH.C5.597 (ADGRL1; ADGRL2; ADGRL3)	a9.49 cell pair	a9.49*
https://www.aniseed.fr/aniseed/experiment/show_insitu_by_biomaterial?biomaterial_id=17473	Stage 14 (early neurula)	KH2012:KH.C5.597 (ADGRL1; ADGRL2; ADGRL3)	A line neural plate	A10.59
https://www.aniseed.fr/aniseed/experiment/show_insitu_by_biomaterial?biomaterial_id=17473	Stage 14 (early neurula)	KH2012:KH.C5.597 (ADGRL1; ADGRL2; ADGRL3)	A line neural plate	A10.59*
https://www.aniseed.fr/aniseed/experiment/show_insitu_by_biomaterial?biomaterial_id=17473	Stage 14 (early neurula)	KH2012:KH.C5.597 (ADGRL1; ADGRL2; ADGRL3)	A line neural plate	A10.60
https://www.aniseed.fr/aniseed/experiment/show_insitu_by_biomaterial?biomaterial_id=17473	Stage 14 (early neurula)	KH2012:KH.C5.597 (ADGRL1; ADGRL2; ADGRL3)	A line neural plate	A10.60*
https://www.aniseed.fr/aniseed/experiment/show_insitu_by_biomaterial?biomaterial_id=17473	Stage 14 (early neurula)	KH2012:KH.C5.597 (ADGRL1; ADGRL2; ADGRL3)	A line neural plate	A10.57
https://www.aniseed.fr/aniseed/experiment/show_insitu_by_biomaterial?biomaterial_id=17473	Stage 14 (early neurula)	KH2012:KH.C5.597 (ADGRL1; ADGRL2; ADGRL3)	A line neural plate	A10.57*
https://www.aniseed.fr/aniseed/experiment/show_insitu_by_biomaterial?biomaterial_id=17473	Stage 14 (early neurula)	KH2012:KH.C5.597 (ADGRL1; ADGRL2; ADGRL3)	A line neural plate	A10.58
https://www.aniseed.fr/aniseed/experiment/show_insitu_by_biomaterial?biomaterial_id=17473	Stage 14 (early neurula)	KH2012:KH.C5.597 (ADGRL1; ADGRL2; ADGRL3)	A line neural plate	A10.58*
https://www.aniseed.fr/aniseed/experiment/show_insitu_by_biomaterial?biomaterial_id=17473	Stage 14 (early neurula)	KH2012:KH.C5.597 (ADGRL1; ADGRL2; ADGRL3)	a line neural plate	a9.49
https://www.aniseed.fr/aniseed/experiment/show_insitu_by_biomaterial?biomaterial_id=17473	Stage 14 (early neurula)	KH2012:KH.C5.597 (ADGRL1; ADGRL2; ADGRL3)	a line neural plate	a9.49*
https://www.aniseed.fr/aniseed/experiment/show_insitu_by_biomaterial?biomaterial_id=17473	Stage 14 (early neurula)	KH2012:KH.C5.597 (ADGRL1; ADGRL2; ADGRL3)	a line neural plate	a9.50
https://www.aniseed.fr/aniseed/experiment/show_insitu_by_biomaterial?biomaterial_id=17473	Stage 14 (early neurula)	KH2012:KH.C5.597 (ADGRL1; ADGRL2; ADGRL3)	a line neural plate	a9.50*
https://www.aniseed.fr/aniseed/experiment/show_insitu_by_biomaterial?biomaterial_id=17473	Stage 14 (early neurula)	KH2012:KH.C5.597 (ADGRL1; ADGRL2; ADGRL3)	a line neural plate	a9.52
https://www.aniseed.fr/aniseed/experiment/show_insitu_by_biomaterial?biomaterial_id=17473	Stage 14 (early neurula)	KH2012:KH.C5.597 (ADGRL1; ADGRL2; ADGRL3)	a line neural plate	a9.52*
https://www.aniseed.fr/aniseed/experiment/show_insitu_by_biomaterial?biomaterial_id=17473	Stage 14 (early neurula)	KH2012:KH.C5.597 (ADGRL1; ADGRL2; ADGRL3)	a line neural plate	a9.51
https://www.aniseed.fr/aniseed/experiment/show_insitu_by_biomaterial?biomaterial_id=17473	Stage 14 (early neurula)	KH2012:KH.C5.597 (ADGRL1; ADGRL2; ADGRL3)	a line neural plate	a9.51*
https://www.aniseed.fr/aniseed/experiment/show_insitu_by_biomaterial?biomaterial_id=17477	Stage 15 (mid neurula)	KH2012:KH.C5.597 (ADGRL1; ADGRL2; ADGRL3)	A line neural plate	A10.59
https://www.aniseed.fr/aniseed/experiment/show_insitu_by_biomaterial?biomaterial_id=17477	Stage 15 (mid neurula)	KH2012:KH.C5.597 (ADGRL1; ADGRL2; ADGRL3)	A line neural plate	A10.59*
https://www.aniseed.fr/aniseed/experiment/show_insitu_by_biomaterial?biomaterial_id=17477	Stage 15 (mid neurula)	KH2012:KH.C5.597 (ADGRL1; ADGRL2; ADGRL3)	A line neural plate	A10.60
https://www.aniseed.fr/aniseed/experiment/show_insitu_by_biomaterial?biomaterial_id=17477	Stage 15 (mid neurula)	KH2012:KH.C5.597 (ADGRL1; ADGRL2; ADGRL3)	A line neural plate	A10.60*
https://www.aniseed.fr/aniseed/experiment/show_insitu_by_biomaterial?biomaterial_id=17477	Stage 15 (mid neurula)	KH2012:KH.C5.597 (ADGRL1; ADGRL2; ADGRL3)	A line neural plate	A10.57
https://www.aniseed.fr/aniseed/experiment/show_insitu_by_biomaterial?biomaterial_id=17477	Stage 15 (mid neurula)	KH2012:KH.C5.597 (ADGRL1; ADGRL2; ADGRL3)	A line neural plate	A10.57*
https://www.aniseed.fr/aniseed/experiment/show_insitu_by_biomaterial?biomaterial_id=17477	Stage 15 (mid neurula)	KH2012:KH.C5.597 (ADGRL1; ADGRL2; ADGRL3)	A line neural plate	A10.58
https://www.aniseed.fr/aniseed/experiment/show_insitu_by_biomaterial?biomaterial_id=17477	Stage 15 (mid neurula)	KH2012:KH.C5.597 (ADGRL1; ADGRL2; ADGRL3)	A line neural plate	A10.58*
https://www.aniseed.fr/aniseed/experiment/show_insitu_by_biomaterial?biomaterial_id=17477	Stage 15 (mid neurula)	KH2012:KH.C5.597 (ADGRL1; ADGRL2; ADGRL3)	a line neural plate	a10.97
https://www.aniseed.fr/aniseed/experiment/show_insitu_by_biomaterial?biomaterial_id=17477	Stage 15 (mid neurula)	KH2012:KH.C5.597 (ADGRL1; ADGRL2; ADGRL3)	a line neural plate	a10.97*
https://www.aniseed.fr/aniseed/experiment/show_insitu_by_biomaterial?biomaterial_id=17477	Stage 15 (mid neurula)	KH2012:KH.C5.597 (ADGRL1; ADGRL2; ADGRL3)	a line neural plate	a10.98
https://www.aniseed.fr/aniseed/experiment/show_insitu_by_biomaterial?biomaterial_id=17477	Stage 15 (mid neurula)	KH2012:KH.C5.597 (ADGRL1; ADGRL2; ADGRL3)	a line neural plate	a10.98*
https://www.aniseed.fr/aniseed/experiment/show_insitu_by_biomaterial?biomaterial_id=17477	Stage 15 (mid neurula)	KH2012:KH.C5.597 (ADGRL1; ADGRL2; ADGRL3)	a line neural plate	a9.50
https://www.aniseed.fr/aniseed/experiment/show_insitu_by_biomaterial?biomaterial_id=17477	Stage 15 (mid neurula)	KH2012:KH.C5.597 (ADGRL1; ADGRL2; ADGRL3)	a line neural plate	a9.50*
https://www.aniseed.fr/aniseed/experiment/show_insitu_by_biomaterial?biomaterial_id=17477	Stage 15 (mid neurula)	KH2012:KH.C5.597 (ADGRL1; ADGRL2; ADGRL3)	a line neural plate	a9.52
https://www.aniseed.fr/aniseed/experiment/show_insitu_by_biomaterial?biomaterial_id=17477	Stage 15 (mid neurula)	KH2012:KH.C5.597 (ADGRL1; ADGRL2; ADGRL3)	a line neural plate	a9.52*
https://www.aniseed.fr/aniseed/experiment/show_insitu_by_biomaterial?biomaterial_id=17477	Stage 15 (mid neurula)	KH2012:KH.C5.597 (ADGRL1; ADGRL2; ADGRL3)	a line neural plate	a9.51
https://www.aniseed.fr/aniseed/experiment/show_insitu_by_biomaterial?biomaterial_id=17477	Stage 15 (mid neurula)	KH2012:KH.C5.597 (ADGRL1; ADGRL2; ADGRL3)	a line neural plate	a9.51*
https://www.aniseed.fr/aniseed/experiment/show_insitu_by_biomaterial?biomaterial_id=17478	Stage 16 (late neurula)	KH2012:KH.C5.597 (ADGRL1; ADGRL2; ADGRL3)	a line neural plate	a10.97
https://www.aniseed.fr/aniseed/experiment/show_insitu_by_biomaterial?biomaterial_id=17478	Stage 16 (late neurula)	KH2012:KH.C5.597 (ADGRL1; ADGRL2; ADGRL3)	a line neural plate	a10.97*
https://www.aniseed.fr/aniseed/experiment/show_insitu_by_biomaterial?biomaterial_id=17478	Stage 16 (late neurula)	KH2012:KH.C5.597 (ADGRL1; ADGRL2; ADGRL3)	a line neural plate	a10.98
https://www.aniseed.fr/aniseed/experiment/show_insitu_by_biomaterial?biomaterial_id=17478	Stage 16 (late neurula)	KH2012:KH.C5.597 (ADGRL1; ADGRL2; ADGRL3)	a line neural plate	a10.98*
https://www.aniseed.fr/aniseed/experiment/show_insitu_by_biomaterial?biomaterial_id=17478	Stage 16 (late neurula)	KH2012:KH.C5.597 (ADGRL1; ADGRL2; ADGRL3)	a line neural plate	a10.99
https://www.aniseed.fr/aniseed/experiment/show_insitu_by_biomaterial?biomaterial_id=17478	Stage 16 (late neurula)	KH2012:KH.C5.597 (ADGRL1; ADGRL2; ADGRL3)	a line neural plate	a10.99*
https://www.aniseed.fr/aniseed/experiment/show_insitu_by_biomaterial?biomaterial_id=17478	Stage 16 (late neurula)	KH2012:KH.C5.597 (ADGRL1; ADGRL2; ADGRL3)	a line neural plate	a10.100
https://www.aniseed.fr/aniseed/experiment/show_insitu_by_biomaterial?biomaterial_id=17478	Stage 16 (late neurula)	KH2012:KH.C5.597 (ADGRL1; ADGRL2; ADGRL3)	a line neural plate	a10.100*
https://www.aniseed.fr/aniseed/experiment/show_insitu_by_biomaterial?biomaterial_id=17478	Stage 16 (late neurula)	KH2012:KH.C5.597 (ADGRL1; ADGRL2; ADGRL3)	a line neural plate	a10.103
https://www.aniseed.fr/aniseed/experiment/show_insitu_by_biomaterial?biomaterial_id=17478	Stage 16 (late neurula)	KH2012:KH.C5.597 (ADGRL1; ADGRL2; ADGRL3)	a line neural plate	a10.103*
https://www.aniseed.fr/aniseed/experiment/show_insitu_by_biomaterial?biomaterial_id=17478	Stage 16 (late neurula)	KH2012:KH.C5.597 (ADGRL1; ADGRL2; ADGRL3)	a line neural plate	a10.104
https://www.aniseed.fr/aniseed/experiment/show_insitu_by_biomaterial?biomaterial_id=17478	Stage 16 (late neurula)	KH2012:KH.C5.597 (ADGRL1; ADGRL2; ADGRL3)	a line neural plate	a10.104*
https://www.aniseed.fr/aniseed/experiment/show_insitu_by_biomaterial?biomaterial_id=17478	Stage 16 (late neurula)	KH2012:KH.C5.597 (ADGRL1; ADGRL2; ADGRL3)	a line neural plate	a10.101
https://www.aniseed.fr/aniseed/experiment/show_insitu_by_biomaterial?biomaterial_id=17478	Stage 16 (late neurula)	KH2012:KH.C5.597 (ADGRL1; ADGRL2; ADGRL3)	a line neural plate	a10.101*
https://www.aniseed.fr/aniseed/experiment/show_insitu_by_biomaterial?biomaterial_id=17478	Stage 16 (late neurula)	KH2012:KH.C5.597 (ADGRL1; ADGRL2; ADGRL3)	a line neural plate	a10.102
https://www.aniseed.fr/aniseed/experiment/show_insitu_by_biomaterial?biomaterial_id=17478	Stage 16 (late neurula)	KH2012:KH.C5.597 (ADGRL1; ADGRL2; ADGRL3)	a line neural plate	a10.102*
https://www.aniseed.fr/aniseed/experiment/show_insitu_by_biomaterial?biomaterial_id=17557	Stage 12 (mid gastrula)	KH2012:KH.C6.128 (CELF3; CELF5; CELF6)	A line neural plate	A9.14
https://www.aniseed.fr/aniseed/experiment/show_insitu_by_biomaterial?biomaterial_id=17557	Stage 12 (mid gastrula)	KH2012:KH.C6.128 (CELF3; CELF5; CELF6)	A line neural plate	A9.14*
https://www.aniseed.fr/aniseed/experiment/show_insitu_by_biomaterial?biomaterial_id=17557	Stage 12 (mid gastrula)	KH2012:KH.C6.128 (CELF3; CELF5; CELF6)	A line neural plate	A9.16
https://www.aniseed.fr/aniseed/experiment/show_insitu_by_biomaterial?biomaterial_id=17557	Stage 12 (mid gastrula)	KH2012:KH.C6.128 (CELF3; CELF5; CELF6)	A line neural plate	A9.16*
https://www.aniseed.fr/aniseed/experiment/show_insitu_by_biomaterial?biomaterial_id=17557	Stage 12 (mid gastrula)	KH2012:KH.C6.128 (CELF3; CELF5; CELF6)	A line neural plate	A9.30
https://www.aniseed.fr/aniseed/experiment/show_insitu_by_biomaterial?biomaterial_id=17557	Stage 12 (mid gastrula)	KH2012:KH.C6.128 (CELF3; CELF5; CELF6)	A line neural plate	A9.30*
https://www.aniseed.fr/aniseed/experiment/show_insitu_by_biomaterial?biomaterial_id=17557	Stage 12 (mid gastrula)	KH2012:KH.C6.128 (CELF3; CELF5; CELF6)	A line neural plate	A9.32
https://www.aniseed.fr/aniseed/experiment/show_insitu_by_biomaterial?biomaterial_id=17557	Stage 12 (mid gastrula)	KH2012:KH.C6.128 (CELF3; CELF5; CELF6)	A line neural plate	A9.32*
https://www.aniseed.fr/aniseed/experiment/show_insitu_by_biomaterial?biomaterial_id=17557	Stage 12 (mid gastrula)	KH2012:KH.C6.128 (CELF3; CELF5; CELF6)	A line neural plate	A9.13
https://www.aniseed.fr/aniseed/experiment/show_insitu_by_biomaterial?biomaterial_id=17557	Stage 12 (mid gastrula)	KH2012:KH.C6.128 (CELF3; CELF5; CELF6)	A line neural plate	A9.13*
https://www.aniseed.fr/aniseed/experiment/show_insitu_by_biomaterial?biomaterial_id=17557	Stage 12 (mid gastrula)	KH2012:KH.C6.128 (CELF3; CELF5; CELF6)	A line neural plate	A9.15
https://www.aniseed.fr/aniseed/experiment/show_insitu_by_biomaterial?biomaterial_id=17557	Stage 12 (mid gastrula)	KH2012:KH.C6.128 (CELF3; CELF5; CELF6)	A line neural plate	A9.15*
https://www.aniseed.fr/aniseed/experiment/show_insitu_by_biomaterial?biomaterial_id=17557	Stage 12 (mid gastrula)	KH2012:KH.C6.128 (CELF3; CELF5; CELF6)	A line neural plate	A9.29
https://www.aniseed.fr/aniseed/experiment/show_insitu_by_biomaterial?biomaterial_id=17557	Stage 12 (mid gastrula)	KH2012:KH.C6.128 (CELF3; CELF5; CELF6)	A line neural plate	A9.29*
https://www.aniseed.fr/aniseed/experiment/show_insitu_by_biomaterial?biomaterial_id=17557	Stage 12 (mid gastrula)	KH2012:KH.C6.128 (CELF3; CELF5; CELF6)	a line neural plate	a9.33
https://www.aniseed.fr/aniseed/experiment/show_insitu_by_biomaterial?biomaterial_id=17557	Stage 12 (mid gastrula)	KH2012:KH.C6.128 (CELF3; CELF5; CELF6)	a line neural plate	a9.33*
https://www.aniseed.fr/aniseed/experiment/show_insitu_by_biomaterial?biomaterial_id=17557	Stage 12 (mid gastrula)	KH2012:KH.C6.128 (CELF3; CELF5; CELF6)	a line neural plate	a9.37
https://www.aniseed.fr/aniseed/experiment/show_insitu_by_biomaterial?biomaterial_id=17557	Stage 12 (mid gastrula)	KH2012:KH.C6.128 (CELF3; CELF5; CELF6)	a line neural plate	a9.37*
https://www.aniseed.fr/aniseed/experiment/show_insitu_by_biomaterial?biomaterial_id=17557	Stage 12 (mid gastrula)	KH2012:KH.C6.128 (CELF3; CELF5; CELF6)	a line neural plate	a9.35
https://www.aniseed.fr/aniseed/experiment/show_insitu_by_biomaterial?biomaterial_id=17557	Stage 12 (mid gastrula)	KH2012:KH.C6.128 (CELF3; CELF5; CELF6)	a line neural plate	a9.35*
https://www.aniseed.fr/aniseed/experiment/show_insitu_by_biomaterial?biomaterial_id=17557	Stage 12 (mid gastrula)	KH2012:KH.C6.128 (CELF3; CELF5; CELF6)	a line neural plate	a9.39
https://www.aniseed.fr/aniseed/experiment/show_insitu_by_biomaterial?biomaterial_id=17557	Stage 12 (mid gastrula)	KH2012:KH.C6.128 (CELF3; CELF5; CELF6)	a line neural plate	a9.39*
https://www.aniseed.fr/aniseed/experiment/show_insitu_by_biomaterial?biomaterial_id=17557	Stage 12 (mid gastrula)	KH2012:KH.C6.128 (CELF3; CELF5; CELF6)	a line neural plate	a9.49
https://www.aniseed.fr/aniseed/experiment/show_insitu_by_biomaterial?biomaterial_id=17557	Stage 12 (mid gastrula)	KH2012:KH.C6.128 (CELF3; CELF5; CELF6)	a line neural plate	a9.49*
https://www.aniseed.fr/aniseed/experiment/show_insitu_by_biomaterial?biomaterial_id=17557	Stage 12 (mid gastrula)	KH2012:KH.C6.128 (CELF3; CELF5; CELF6)	a line neural plate	a9.34
https://www.aniseed.fr/aniseed/experiment/show_insitu_by_biomaterial?biomaterial_id=17557	Stage 12 (mid gastrula)	KH2012:KH.C6.128 (CELF3; CELF5; CELF6)	a line neural plate	a9.34*
https://www.aniseed.fr/aniseed/experiment/show_insitu_by_biomaterial?biomaterial_id=17557	Stage 12 (mid gastrula)	KH2012:KH.C6.128 (CELF3; CELF5; CELF6)	a line neural plate	a9.38
https://www.aniseed.fr/aniseed/experiment/show_insitu_by_biomaterial?biomaterial_id=17557	Stage 12 (mid gastrula)	KH2012:KH.C6.128 (CELF3; CELF5; CELF6)	a line neural plate	a9.38*
https://www.aniseed.fr/aniseed/experiment/show_insitu_by_biomaterial?biomaterial_id=17557	Stage 12 (mid gastrula)	KH2012:KH.C6.128 (CELF3; CELF5; CELF6)	a line neural plate	a9.50
https://www.aniseed.fr/aniseed/experiment/show_insitu_by_biomaterial?biomaterial_id=17557	Stage 12 (mid gastrula)	KH2012:KH.C6.128 (CELF3; CELF5; CELF6)	a line neural plate	a9.50*
https://www.aniseed.fr/aniseed/experiment/show_insitu_by_biomaterial?biomaterial_id=17557	Stage 12 (mid gastrula)	KH2012:KH.C6.128 (CELF3; CELF5; CELF6)	a line neural plate	a9.36
https://www.aniseed.fr/aniseed/experiment/show_insitu_by_biomaterial?biomaterial_id=17557	Stage 12 (mid gastrula)	KH2012:KH.C6.128 (CELF3; CELF5; CELF6)	a line neural plate	a9.36*
https://www.aniseed.fr/aniseed/experiment/show_insitu_by_biomaterial?biomaterial_id=17557	Stage 12 (mid gastrula)	KH2012:KH.C6.128 (CELF3; CELF5; CELF6)	a line neural plate	a9.40
https://www.aniseed.fr/aniseed/experiment/show_insitu_by_biomaterial?biomaterial_id=17557	Stage 12 (mid gastrula)	KH2012:KH.C6.128 (CELF3; CELF5; CELF6)	a line neural plate	a9.40*
https://www.aniseed.fr/aniseed/experiment/show_insitu_by_biomaterial?biomaterial_id=17557	Stage 12 (mid gastrula)	KH2012:KH.C6.128 (CELF3; CELF5; CELF6)	a line neural plate	a9.52
https://www.aniseed.fr/aniseed/experiment/show_insitu_by_biomaterial?biomaterial_id=17557	Stage 12 (mid gastrula)	KH2012:KH.C6.128 (CELF3; CELF5; CELF6)	a line neural plate	a9.52*
https://www.aniseed.fr/aniseed/experiment/show_insitu_by_biomaterial?biomaterial_id=17557	Stage 12 (mid gastrula)	KH2012:KH.C6.128 (CELF3; CELF5; CELF6)	a line neural plate	a9.51
https://www.aniseed.fr/aniseed/experiment/show_insitu_by_biomaterial?biomaterial_id=17557	Stage 12 (mid gastrula)	KH2012:KH.C6.128 (CELF3; CELF5; CELF6)	a line neural plate	a9.51*
https://www.aniseed.fr/aniseed/experiment/show_insitu_by_biomaterial?biomaterial_id=25440	Stage 15 (mid neurula)	KH2012:KH.C6.128 (CELF3; CELF5; CELF6)	A line neural plate	A10.31
https://www.aniseed.fr/aniseed/experiment/show_insitu_by_biomaterial?biomaterial_id=25440	Stage 15 (mid neurula)	KH2012:KH.C6.128 (CELF3; CELF5; CELF6)	A line neural plate	A10.31*
https://www.aniseed.fr/aniseed/experiment/show_insitu_by_biomaterial?biomaterial_id=25440	Stage 15 (mid neurula)	KH2012:KH.C6.128 (CELF3; CELF5; CELF6)	A line neural plate	A10.32
https://www.aniseed.fr/aniseed/experiment/show_insitu_by_biomaterial?biomaterial_id=25440	Stage 15 (mid neurula)	KH2012:KH.C6.128 (CELF3; CELF5; CELF6)	A line neural plate	A10.32*
https://www.aniseed.fr/aniseed/experiment/show_insitu_by_biomaterial?biomaterial_id=25440	Stage 15 (mid neurula)	KH2012:KH.C6.128 (CELF3; CELF5; CELF6)	A line neural plate	A10.59
https://www.aniseed.fr/aniseed/experiment/show_insitu_by_biomaterial?biomaterial_id=25440	Stage 15 (mid neurula)	KH2012:KH.C6.128 (CELF3; CELF5; CELF6)	A line neural plate	A10.59*
https://www.aniseed.fr/aniseed/experiment/show_insitu_by_biomaterial?biomaterial_id=25440	Stage 15 (mid neurula)	KH2012:KH.C6.128 (CELF3; CELF5; CELF6)	A line neural plate	A10.60
https://www.aniseed.fr/aniseed/experiment/show_insitu_by_biomaterial?biomaterial_id=25440	Stage 15 (mid neurula)	KH2012:KH.C6.128 (CELF3; CELF5; CELF6)	A line neural plate	A10.60*
https://www.aniseed.fr/aniseed/experiment/show_insitu_by_biomaterial?biomaterial_id=25440	Stage 15 (mid neurula)	KH2012:KH.C6.128 (CELF3; CELF5; CELF6)	A line neural plate	A10.29
https://www.aniseed.fr/aniseed/experiment/show_insitu_by_biomaterial?biomaterial_id=25440	Stage 15 (mid neurula)	KH2012:KH.C6.128 (CELF3; CELF5; CELF6)	A line neural plate	A10.29*
https://www.aniseed.fr/aniseed/experiment/show_insitu_by_biomaterial?biomaterial_id=25440	Stage 15 (mid neurula)	KH2012:KH.C6.128 (CELF3; CELF5; CELF6)	A line neural plate	A10.57
https://www.aniseed.fr/aniseed/experiment/show_insitu_by_biomaterial?biomaterial_id=25440	Stage 15 (mid neurula)	KH2012:KH.C6.128 (CELF3; CELF5; CELF6)	A line neural plate	A10.57*
https://www.aniseed.fr/aniseed/experiment/show_insitu_by_biomaterial?biomaterial_id=25440	Stage 15 (mid neurula)	KH2012:KH.C6.128 (CELF3; CELF5; CELF6)	A line neural plate	A10.30
https://www.aniseed.fr/aniseed/experiment/show_insitu_by_biomaterial?biomaterial_id=25440	Stage 15 (mid neurula)	KH2012:KH.C6.128 (CELF3; CELF5; CELF6)	A line neural plate	A10.30*
https://www.aniseed.fr/aniseed/experiment/show_insitu_by_biomaterial?biomaterial_id=25440	Stage 15 (mid neurula)	KH2012:KH.C6.128 (CELF3; CELF5; CELF6)	A line neural plate	A10.58
https://www.aniseed.fr/aniseed/experiment/show_insitu_by_biomaterial?biomaterial_id=25440	Stage 15 (mid neurula)	KH2012:KH.C6.128 (CELF3; CELF5; CELF6)	A line neural plate	A10.58*
https://www.aniseed.fr/aniseed/experiment/show_insitu_by_biomaterial?biomaterial_id=25440	Stage 15 (mid neurula)	KH2012:KH.C6.128 (CELF3; CELF5; CELF6)	a line neural plate	a10.65
https://www.aniseed.fr/aniseed/experiment/show_insitu_by_biomaterial?biomaterial_id=25440	Stage 15 (mid neurula)	KH2012:KH.C6.128 (CELF3; CELF5; CELF6)	a line neural plate	a10.65*
https://www.aniseed.fr/aniseed/experiment/show_insitu_by_biomaterial?biomaterial_id=25440	Stage 15 (mid neurula)	KH2012:KH.C6.128 (CELF3; CELF5; CELF6)	a line neural plate	a10.73
https://www.aniseed.fr/aniseed/experiment/show_insitu_by_biomaterial?biomaterial_id=25440	Stage 15 (mid neurula)	KH2012:KH.C6.128 (CELF3; CELF5; CELF6)	a line neural plate	a10.73*
https://www.aniseed.fr/aniseed/experiment/show_insitu_by_biomaterial?biomaterial_id=25440	Stage 15 (mid neurula)	KH2012:KH.C6.128 (CELF3; CELF5; CELF6)	a line neural plate	a10.66
https://www.aniseed.fr/aniseed/experiment/show_insitu_by_biomaterial?biomaterial_id=25440	Stage 15 (mid neurula)	KH2012:KH.C6.128 (CELF3; CELF5; CELF6)	a line neural plate	a10.66*
https://www.aniseed.fr/aniseed/experiment/show_insitu_by_biomaterial?biomaterial_id=25440	Stage 15 (mid neurula)	KH2012:KH.C6.128 (CELF3; CELF5; CELF6)	a line neural plate	a10.74
https://www.aniseed.fr/aniseed/experiment/show_insitu_by_biomaterial?biomaterial_id=25440	Stage 15 (mid neurula)	KH2012:KH.C6.128 (CELF3; CELF5; CELF6)	a line neural plate	a10.74*
https://www.aniseed.fr/aniseed/experiment/show_insitu_by_biomaterial?biomaterial_id=25440	Stage 15 (mid neurula)	KH2012:KH.C6.128 (CELF3; CELF5; CELF6)	a line neural plate	a10.69
https://www.aniseed.fr/aniseed/experiment/show_insitu_by_biomaterial?biomaterial_id=25440	Stage 15 (mid neurula)	KH2012:KH.C6.128 (CELF3; CELF5; CELF6)	a line neural plate	a10.69*
https://www.aniseed.fr/aniseed/experiment/show_insitu_by_biomaterial?biomaterial_id=25440	Stage 15 (mid neurula)	KH2012:KH.C6.128 (CELF3; CELF5; CELF6)	a line neural plate	a10.77
https://www.aniseed.fr/aniseed/experiment/show_insitu_by_biomaterial?biomaterial_id=25440	Stage 15 (mid neurula)	KH2012:KH.C6.128 (CELF3; CELF5; CELF6)	a line neural plate	a10.77*
https://www.aniseed.fr/aniseed/experiment/show_insitu_by_biomaterial?biomaterial_id=25440	Stage 15 (mid neurula)	KH2012:KH.C6.128 (CELF3; CELF5; CELF6)	a line neural plate	a10.70
https://www.aniseed.fr/aniseed/experiment/show_insitu_by_biomaterial?biomaterial_id=25440	Stage 15 (mid neurula)	KH2012:KH.C6.128 (CELF3; CELF5; CELF6)	a line neural plate	a10.70*
https://www.aniseed.fr/aniseed/experiment/show_insitu_by_biomaterial?biomaterial_id=25440	Stage 15 (mid neurula)	KH2012:KH.C6.128 (CELF3; CELF5; CELF6)	a line neural plate	a10.78
https://www.aniseed.fr/aniseed/experiment/show_insitu_by_biomaterial?biomaterial_id=25440	Stage 15 (mid neurula)	KH2012:KH.C6.128 (CELF3; CELF5; CELF6)	a line neural plate	a10.78*
https://www.aniseed.fr/aniseed/experiment/show_insitu_by_biomaterial?biomaterial_id=25440	Stage 15 (mid neurula)	KH2012:KH.C6.128 (CELF3; CELF5; CELF6)	a line neural plate	a10.97
https://www.aniseed.fr/aniseed/experiment/show_insitu_by_biomaterial?biomaterial_id=25440	Stage 15 (mid neurula)	KH2012:KH.C6.128 (CELF3; CELF5; CELF6)	a line neural plate	a10.97*
https://www.aniseed.fr/aniseed/experiment/show_insitu_by_biomaterial?biomaterial_id=25440	Stage 15 (mid neurula)	KH2012:KH.C6.128 (CELF3; CELF5; CELF6)	a line neural plate	a10.98
https://www.aniseed.fr/aniseed/experiment/show_insitu_by_biomaterial?biomaterial_id=25440	Stage 15 (mid neurula)	KH2012:KH.C6.128 (CELF3; CELF5; CELF6)	a line neural plate	a10.98*
https://www.aniseed.fr/aniseed/experiment/show_insitu_by_biomaterial?biomaterial_id=25440	Stage 15 (mid neurula)	KH2012:KH.C6.128 (CELF3; CELF5; CELF6)	a line neural plate	a10.67
https://www.aniseed.fr/aniseed/experiment/show_insitu_by_biomaterial?biomaterial_id=25440	Stage 15 (mid neurula)	KH2012:KH.C6.128 (CELF3; CELF5; CELF6)	a line neural plate	a10.67*
https://www.aniseed.fr/aniseed/experiment/show_insitu_by_biomaterial?biomaterial_id=25440	Stage 15 (mid neurula)	KH2012:KH.C6.128 (CELF3; CELF5; CELF6)	a line neural plate	a10.75
https://www.aniseed.fr/aniseed/experiment/show_insitu_by_biomaterial?biomaterial_id=25440	Stage 15 (mid neurula)	KH2012:KH.C6.128 (CELF3; CELF5; CELF6)	a line neural plate	a10.75*
https://www.aniseed.fr/aniseed/experiment/show_insitu_by_biomaterial?biomaterial_id=25440	Stage 15 (mid neurula)	KH2012:KH.C6.128 (CELF3; CELF5; CELF6)	a line neural plate	a10.68
https://www.aniseed.fr/aniseed/experiment/show_insitu_by_biomaterial?biomaterial_id=25440	Stage 15 (mid neurula)	KH2012:KH.C6.128 (CELF3; CELF5; CELF6)	a line neural plate	a10.68*
https://www.aniseed.fr/aniseed/experiment/show_insitu_by_biomaterial?biomaterial_id=25440	Stage 15 (mid neurula)	KH2012:KH.C6.128 (CELF3; CELF5; CELF6)	a line neural plate	a10.76
https://www.aniseed.fr/aniseed/experiment/show_insitu_by_biomaterial?biomaterial_id=25440	Stage 15 (mid neurula)	KH2012:KH.C6.128 (CELF3; CELF5; CELF6)	a line neural plate	a10.76*
https://www.aniseed.fr/aniseed/experiment/show_insitu_by_biomaterial?biomaterial_id=25440	Stage 15 (mid neurula)	KH2012:KH.C6.128 (CELF3; CELF5; CELF6)	a line neural plate	a9.50
https://www.aniseed.fr/aniseed/experiment/show_insitu_by_biomaterial?biomaterial_id=25440	Stage 15 (mid neurula)	KH2012:KH.C6.128 (CELF3; CELF5; CELF6)	a line neural plate	a9.50*
https://www.aniseed.fr/aniseed/experiment/show_insitu_by_biomaterial?biomaterial_id=25440	Stage 15 (mid neurula)	KH2012:KH.C6.128 (CELF3; CELF5; CELF6)	a line neural plate	a9.36
https://www.aniseed.fr/aniseed/experiment/show_insitu_by_biomaterial?biomaterial_id=25440	Stage 15 (mid neurula)	KH2012:KH.C6.128 (CELF3; CELF5; CELF6)	a line neural plate	a9.36*
https://www.aniseed.fr/aniseed/experiment/show_insitu_by_biomaterial?biomaterial_id=25440	Stage 15 (mid neurula)	KH2012:KH.C6.128 (CELF3; CELF5; CELF6)	a line neural plate	a9.40
https://www.aniseed.fr/aniseed/experiment/show_insitu_by_biomaterial?biomaterial_id=25440	Stage 15 (mid neurula)	KH2012:KH.C6.128 (CELF3; CELF5; CELF6)	a line neural plate	a9.40*
https://www.aniseed.fr/aniseed/experiment/show_insitu_by_biomaterial?biomaterial_id=25440	Stage 15 (mid neurula)	KH2012:KH.C6.128 (CELF3; CELF5; CELF6)	a line neural plate	a9.52
https://www.aniseed.fr/aniseed/experiment/show_insitu_by_biomaterial?biomaterial_id=25440	Stage 15 (mid neurula)	KH2012:KH.C6.128 (CELF3; CELF5; CELF6)	a line neural plate	a9.52*
https://www.aniseed.fr/aniseed/experiment/show_insitu_by_biomaterial?biomaterial_id=25440	Stage 15 (mid neurula)	KH2012:KH.C6.128 (CELF3; CELF5; CELF6)	a line neural plate	a9.51
https://www.aniseed.fr/aniseed/experiment/show_insitu_by_biomaterial?biomaterial_id=25440	Stage 15 (mid neurula)	KH2012:KH.C6.128 (CELF3; CELF5; CELF6)	a line neural plate	a9.51*
https://www.aniseed.fr/aniseed/experiment/show_insitu_by_biomaterial?biomaterial_id=23863	Stage 16 (late neurula)	KH2012:KH.C6.128 (CELF3; CELF5; CELF6)	A line neural plate	A10.31
https://www.aniseed.fr/aniseed/experiment/show_insitu_by_biomaterial?biomaterial_id=23863	Stage 16 (late neurula)	KH2012:KH.C6.128 (CELF3; CELF5; CELF6)	A line neural plate	A10.31*
https://www.aniseed.fr/aniseed/experiment/show_insitu_by_biomaterial?biomaterial_id=23863	Stage 16 (late neurula)	KH2012:KH.C6.128 (CELF3; CELF5; CELF6)	A line neural plate	A10.32
https://www.aniseed.fr/aniseed/experiment/show_insitu_by_biomaterial?biomaterial_id=23863	Stage 16 (late neurula)	KH2012:KH.C6.128 (CELF3; CELF5; CELF6)	A line neural plate	A10.32*
https://www.aniseed.fr/aniseed/experiment/show_insitu_by_biomaterial?biomaterial_id=23863	Stage 16 (late neurula)	KH2012:KH.C6.128 (CELF3; CELF5; CELF6)	A line neural plate	A10.59
https://www.aniseed.fr/aniseed/experiment/show_insitu_by_biomaterial?biomaterial_id=23863	Stage 16 (late neurula)	KH2012:KH.C6.128 (CELF3; CELF5; CELF6)	A line neural plate	A10.59*
https://www.aniseed.fr/aniseed/experiment/show_insitu_by_biomaterial?biomaterial_id=23863	Stage 16 (late neurula)	KH2012:KH.C6.128 (CELF3; CELF5; CELF6)	A line neural plate	A10.63
https://www.aniseed.fr/aniseed/experiment/show_insitu_by_biomaterial?biomaterial_id=23863	Stage 16 (late neurula)	KH2012:KH.C6.128 (CELF3; CELF5; CELF6)	A line neural plate	A10.63*
https://www.aniseed.fr/aniseed/experiment/show_insitu_by_biomaterial?biomaterial_id=23863	Stage 16 (late neurula)	KH2012:KH.C6.128 (CELF3; CELF5; CELF6)	A line neural plate	A10.60
https://www.aniseed.fr/aniseed/experiment/show_insitu_by_biomaterial?biomaterial_id=23863	Stage 16 (late neurula)	KH2012:KH.C6.128 (CELF3; CELF5; CELF6)	A line neural plate	A10.60*
https://www.aniseed.fr/aniseed/experiment/show_insitu_by_biomaterial?biomaterial_id=23863	Stage 16 (late neurula)	KH2012:KH.C6.128 (CELF3; CELF5; CELF6)	A line neural plate	A10.64
https://www.aniseed.fr/aniseed/experiment/show_insitu_by_biomaterial?biomaterial_id=23863	Stage 16 (late neurula)	KH2012:KH.C6.128 (CELF3; CELF5; CELF6)	A line neural plate	A10.64*
https://www.aniseed.fr/aniseed/experiment/show_insitu_by_biomaterial?biomaterial_id=23863	Stage 16 (late neurula)	KH2012:KH.C6.128 (CELF3; CELF5; CELF6)	A line neural plate	A10.29
https://www.aniseed.fr/aniseed/experiment/show_insitu_by_biomaterial?biomaterial_id=23863	Stage 16 (late neurula)	KH2012:KH.C6.128 (CELF3; CELF5; CELF6)	A line neural plate	A10.29*
https://www.aniseed.fr/aniseed/experiment/show_insitu_by_biomaterial?biomaterial_id=23863	Stage 16 (late neurula)	KH2012:KH.C6.128 (CELF3; CELF5; CELF6)	A line neural plate	A10.57
https://www.aniseed.fr/aniseed/experiment/show_insitu_by_biomaterial?biomaterial_id=23863	Stage 16 (late neurula)	KH2012:KH.C6.128 (CELF3; CELF5; CELF6)	A line neural plate	A10.57*
https://www.aniseed.fr/aniseed/experiment/show_insitu_by_biomaterial?biomaterial_id=23863	Stage 16 (late neurula)	KH2012:KH.C6.128 (CELF3; CELF5; CELF6)	A line neural plate	A10.30
https://www.aniseed.fr/aniseed/experiment/show_insitu_by_biomaterial?biomaterial_id=23863	Stage 16 (late neurula)	KH2012:KH.C6.128 (CELF3; CELF5; CELF6)	A line neural plate	A10.30*
https://www.aniseed.fr/aniseed/experiment/show_insitu_by_biomaterial?biomaterial_id=23863	Stage 16 (late neurula)	KH2012:KH.C6.128 (CELF3; CELF5; CELF6)	A line neural plate	A10.58
https://www.aniseed.fr/aniseed/experiment/show_insitu_by_biomaterial?biomaterial_id=23863	Stage 16 (late neurula)	KH2012:KH.C6.128 (CELF3; CELF5; CELF6)	A line neural plate	A10.58*
https://www.aniseed.fr/aniseed/experiment/show_insitu_by_biomaterial?biomaterial_id=23863	Stage 16 (late neurula)	KH2012:KH.C6.128 (CELF3; CELF5; CELF6)	a line neural plate	a10.65
https://www.aniseed.fr/aniseed/experiment/show_insitu_by_biomaterial?biomaterial_id=23863	Stage 16 (late neurula)	KH2012:KH.C6.128 (CELF3; CELF5; CELF6)	a line neural plate	a10.65*
https://www.aniseed.fr/aniseed/experiment/show_insitu_by_biomaterial?biomaterial_id=23863	Stage 16 (late neurula)	KH2012:KH.C6.128 (CELF3; CELF5; CELF6)	a line neural plate	a10.73
https://www.aniseed.fr/aniseed/experiment/show_insitu_by_biomaterial?biomaterial_id=23863	Stage 16 (late neurula)	KH2012:KH.C6.128 (CELF3; CELF5; CELF6)	a line neural plate	a10.73*
https://www.aniseed.fr/aniseed/experiment/show_insitu_by_biomaterial?biomaterial_id=23863	Stage 16 (late neurula)	KH2012:KH.C6.128 (CELF3; CELF5; CELF6)	a line neural plate	a10.66
https://www.aniseed.fr/aniseed/experiment/show_insitu_by_biomaterial?biomaterial_id=23863	Stage 16 (late neurula)	KH2012:KH.C6.128 (CELF3; CELF5; CELF6)	a line neural plate	a10.66*
https://www.aniseed.fr/aniseed/experiment/show_insitu_by_biomaterial?biomaterial_id=23863	Stage 16 (late neurula)	KH2012:KH.C6.128 (CELF3; CELF5; CELF6)	a line neural plate	a10.74
https://www.aniseed.fr/aniseed/experiment/show_insitu_by_biomaterial?biomaterial_id=23863	Stage 16 (late neurula)	KH2012:KH.C6.128 (CELF3; CELF5; CELF6)	a line neural plate	a10.74*
https://www.aniseed.fr/aniseed/experiment/show_insitu_by_biomaterial?biomaterial_id=23863	Stage 16 (late neurula)	KH2012:KH.C6.128 (CELF3; CELF5; CELF6)	a line neural plate	a10.69
https://www.aniseed.fr/aniseed/experiment/show_insitu_by_biomaterial?biomaterial_id=23863	Stage 16 (late neurula)	KH2012:KH.C6.128 (CELF3; CELF5; CELF6)	a line neural plate	a10.69*
https://www.aniseed.fr/aniseed/experiment/show_insitu_by_biomaterial?biomaterial_id=23863	Stage 16 (late neurula)	KH2012:KH.C6.128 (CELF3; CELF5; CELF6)	a line neural plate	a10.77
https://www.aniseed.fr/aniseed/experiment/show_insitu_by_biomaterial?biomaterial_id=23863	Stage 16 (late neurula)	KH2012:KH.C6.128 (CELF3; CELF5; CELF6)	a line neural plate	a10.77*
https://www.aniseed.fr/aniseed/experiment/show_insitu_by_biomaterial?biomaterial_id=23863	Stage 16 (late neurula)	KH2012:KH.C6.128 (CELF3; CELF5; CELF6)	a line neural plate	a10.70
https://www.aniseed.fr/aniseed/experiment/show_insitu_by_biomaterial?biomaterial_id=23863	Stage 16 (late neurula)	KH2012:KH.C6.128 (CELF3; CELF5; CELF6)	a line neural plate	a10.70*
https://www.aniseed.fr/aniseed/experiment/show_insitu_by_biomaterial?biomaterial_id=23863	Stage 16 (late neurula)	KH2012:KH.C6.128 (CELF3; CELF5; CELF6)	a line neural plate	a10.78
https://www.aniseed.fr/aniseed/experiment/show_insitu_by_biomaterial?biomaterial_id=23863	Stage 16 (late neurula)	KH2012:KH.C6.128 (CELF3; CELF5; CELF6)	a line neural plate	a10.78*
https://www.aniseed.fr/aniseed/experiment/show_insitu_by_biomaterial?biomaterial_id=23863	Stage 16 (late neurula)	KH2012:KH.C6.128 (CELF3; CELF5; CELF6)	a line neural plate	a10.97
https://www.aniseed.fr/aniseed/experiment/show_insitu_by_biomaterial?biomaterial_id=23863	Stage 16 (late neurula)	KH2012:KH.C6.128 (CELF3; CELF5; CELF6)	a line neural plate	a10.97*
https://www.aniseed.fr/aniseed/experiment/show_insitu_by_biomaterial?biomaterial_id=23863	Stage 16 (late neurula)	KH2012:KH.C6.128 (CELF3; CELF5; CELF6)	a line neural plate	a10.98
https://www.aniseed.fr/aniseed/experiment/show_insitu_by_biomaterial?biomaterial_id=23863	Stage 16 (late neurula)	KH2012:KH.C6.128 (CELF3; CELF5; CELF6)	a line neural plate	a10.98*
https://www.aniseed.fr/aniseed/experiment/show_insitu_by_biomaterial?biomaterial_id=23863	Stage 16 (late neurula)	KH2012:KH.C6.128 (CELF3; CELF5; CELF6)	a line neural plate	a10.67
https://www.aniseed.fr/aniseed/experiment/show_insitu_by_biomaterial?biomaterial_id=23863	Stage 16 (late neurula)	KH2012:KH.C6.128 (CELF3; CELF5; CELF6)	a line neural plate	a10.67*
https://www.aniseed.fr/aniseed/experiment/show_insitu_by_biomaterial?biomaterial_id=23863	Stage 16 (late neurula)	KH2012:KH.C6.128 (CELF3; CELF5; CELF6)	a line neural plate	a10.75
https://www.aniseed.fr/aniseed/experiment/show_insitu_by_biomaterial?biomaterial_id=23863	Stage 16 (late neurula)	KH2012:KH.C6.128 (CELF3; CELF5; CELF6)	a line neural plate	a10.75*
https://www.aniseed.fr/aniseed/experiment/show_insitu_by_biomaterial?biomaterial_id=23863	Stage 16 (late neurula)	KH2012:KH.C6.128 (CELF3; CELF5; CELF6)	a line neural plate	a10.68
https://www.aniseed.fr/aniseed/experiment/show_insitu_by_biomaterial?biomaterial_id=23863	Stage 16 (late neurula)	KH2012:KH.C6.128 (CELF3; CELF5; CELF6)	a line neural plate	a10.68*
https://www.aniseed.fr/aniseed/experiment/show_insitu_by_biomaterial?biomaterial_id=23863	Stage 16 (late neurula)	KH2012:KH.C6.128 (CELF3; CELF5; CELF6)	a line neural plate	a10.76
https://www.aniseed.fr/aniseed/experiment/show_insitu_by_biomaterial?biomaterial_id=23863	Stage 16 (late neurula)	KH2012:KH.C6.128 (CELF3; CELF5; CELF6)	a line neural plate	a10.76*
https://www.aniseed.fr/aniseed/experiment/show_insitu_by_biomaterial?biomaterial_id=23863	Stage 16 (late neurula)	KH2012:KH.C6.128 (CELF3; CELF5; CELF6)	a line neural plate	a10.99
https://www.aniseed.fr/aniseed/experiment/show_insitu_by_biomaterial?biomaterial_id=23863	Stage 16 (late neurula)	KH2012:KH.C6.128 (CELF3; CELF5; CELF6)	a line neural plate	a10.99*
https://www.aniseed.fr/aniseed/experiment/show_insitu_by_biomaterial?biomaterial_id=23863	Stage 16 (late neurula)	KH2012:KH.C6.128 (CELF3; CELF5; CELF6)	a line neural plate	a10.100
https://www.aniseed.fr/aniseed/experiment/show_insitu_by_biomaterial?biomaterial_id=23863	Stage 16 (late neurula)	KH2012:KH.C6.128 (CELF3; CELF5; CELF6)	a line neural plate	a10.100*
https://www.aniseed.fr/aniseed/experiment/show_insitu_by_biomaterial?biomaterial_id=23863	Stage 16 (late neurula)	KH2012:KH.C6.128 (CELF3; CELF5; CELF6)	a line neural plate	a10.103
https://www.aniseed.fr/aniseed/experiment/show_insitu_by_biomaterial?biomaterial_id=23863	Stage 16 (late neurula)	KH2012:KH.C6.128 (CELF3; CELF5; CELF6)	a line neural plate	a10.103*
https://www.aniseed.fr/aniseed/experiment/show_insitu_by_biomaterial?biomaterial_id=23863	Stage 16 (late neurula)	KH2012:KH.C6.128 (CELF3; CELF5; CELF6)	a line neural plate	a10.71
https://www.aniseed.fr/aniseed/experiment/show_insitu_by_biomaterial?biomaterial_id=23863	Stage 16 (late neurula)	KH2012:KH.C6.128 (CELF3; CELF5; CELF6)	a line neural plate	a10.71*
https://www.aniseed.fr/aniseed/experiment/show_insitu_by_biomaterial?biomaterial_id=23863	Stage 16 (late neurula)	KH2012:KH.C6.128 (CELF3; CELF5; CELF6)	a line neural plate	a10.79
https://www.aniseed.fr/aniseed/experiment/show_insitu_by_biomaterial?biomaterial_id=23863	Stage 16 (late neurula)	KH2012:KH.C6.128 (CELF3; CELF5; CELF6)	a line neural plate	a10.79*
https://www.aniseed.fr/aniseed/experiment/show_insitu_by_biomaterial?biomaterial_id=23863	Stage 16 (late neurula)	KH2012:KH.C6.128 (CELF3; CELF5; CELF6)	a line neural plate	a10.104
https://www.aniseed.fr/aniseed/experiment/show_insitu_by_biomaterial?biomaterial_id=23863	Stage 16 (late neurula)	KH2012:KH.C6.128 (CELF3; CELF5; CELF6)	a line neural plate	a10.104*
https://www.aniseed.fr/aniseed/experiment/show_insitu_by_biomaterial?biomaterial_id=23863	Stage 16 (late neurula)	KH2012:KH.C6.128 (CELF3; CELF5; CELF6)	a line neural plate	a10.72
https://www.aniseed.fr/aniseed/experiment/show_insitu_by_biomaterial?biomaterial_id=23863	Stage 16 (late neurula)	KH2012:KH.C6.128 (CELF3; CELF5; CELF6)	a line neural plate	a10.72*
https://www.aniseed.fr/aniseed/experiment/show_insitu_by_biomaterial?biomaterial_id=23863	Stage 16 (late neurula)	KH2012:KH.C6.128 (CELF3; CELF5; CELF6)	a line neural plate	a10.80
https://www.aniseed.fr/aniseed/experiment/show_insitu_by_biomaterial?biomaterial_id=23863	Stage 16 (late neurula)	KH2012:KH.C6.128 (CELF3; CELF5; CELF6)	a line neural plate	a10.80*
https://www.aniseed.fr/aniseed/experiment/show_insitu_by_biomaterial?biomaterial_id=23863	Stage 16 (late neurula)	KH2012:KH.C6.128 (CELF3; CELF5; CELF6)	a line neural plate	a10.101
https://www.aniseed.fr/aniseed/experiment/show_insitu_by_biomaterial?biomaterial_id=23863	Stage 16 (late neurula)	KH2012:KH.C6.128 (CELF3; CELF5; CELF6)	a line neural plate	a10.101*
https://www.aniseed.fr/aniseed/experiment/show_insitu_by_biomaterial?biomaterial_id=23863	Stage 16 (late neurula)	KH2012:KH.C6.128 (CELF3; CELF5; CELF6)	a line neural plate	a10.102
https://www.aniseed.fr/aniseed/experiment/show_insitu_by_biomaterial?biomaterial_id=23863	Stage 16 (late neurula)	KH2012:KH.C6.128 (CELF3; CELF5; CELF6)	a line neural plate	a10.102*
https://www.aniseed.fr/aniseed/experiment/show_insitu_by_biomaterial?biomaterial_id=15276	Stage 12 (mid gastrula)	KH2012:KH.C6.129 (NEUROG1; NEUROG2; NEUROG3)	A9.32 cell pair	A9.32
https://www.aniseed.fr/aniseed/experiment/show_insitu_by_biomaterial?biomaterial_id=15276	Stage 12 (mid gastrula)	KH2012:KH.C6.129 (NEUROG1; NEUROG2; NEUROG3)	A9.32 cell pair	A9.32*
https://www.aniseed.fr/aniseed/experiment/show_insitu_by_biomaterial?biomaterial_id=16302	Stage 12 (mid gastrula)	KH2012:KH.C6.129 (NEUROG1; NEUROG2; NEUROG3)	A9.32 cell pair	A9.32
https://www.aniseed.fr/aniseed/experiment/show_insitu_by_biomaterial?biomaterial_id=16302	Stage 12 (mid gastrula)	KH2012:KH.C6.129 (NEUROG1; NEUROG2; NEUROG3)	A9.32 cell pair	A9.32*
https://www.aniseed.fr/aniseed/experiment/show_insitu_by_biomaterial?biomaterial_id=28680	Stage 13 (late gastrula)	KH2012:KH.C6.129 (NEUROG1; NEUROG2; NEUROG3)	A9.32 cell pair	A9.32
https://www.aniseed.fr/aniseed/experiment/show_insitu_by_biomaterial?biomaterial_id=28680	Stage 13 (late gastrula)	KH2012:KH.C6.129 (NEUROG1; NEUROG2; NEUROG3)	A9.32 cell pair	A9.32*
https://www.aniseed.fr/aniseed/experiment/show_insitu_by_biomaterial?biomaterial_id=28680	Stage 13 (late gastrula)	KH2012:KH.C6.129 (NEUROG1; NEUROG2; NEUROG3)	a9.49 cell pair	a9.49
https://www.aniseed.fr/aniseed/experiment/show_insitu_by_biomaterial?biomaterial_id=28680	Stage 13 (late gastrula)	KH2012:KH.C6.129 (NEUROG1; NEUROG2; NEUROG3)	a9.49 cell pair	a9.49*
https://www.aniseed.fr/aniseed/experiment/show_insitu_by_biomaterial?biomaterial_id=28680	Stage 13 (late gastrula)	KH2012:KH.C6.129 (NEUROG1; NEUROG2; NEUROG3)	a9.50 cell pair	a9.50
https://www.aniseed.fr/aniseed/experiment/show_insitu_by_biomaterial?biomaterial_id=28680	Stage 13 (late gastrula)	KH2012:KH.C6.129 (NEUROG1; NEUROG2; NEUROG3)	a9.50 cell pair	a9.50*
https://www.aniseed.fr/aniseed/experiment/show_insitu_by_biomaterial?biomaterial_id=16983	Stage 12 (mid gastrula)	KH2012:KH.C6.145 (CHRD; CHRDL1; CHRDL2)	A9.29 cell pair	A9.29
https://www.aniseed.fr/aniseed/experiment/show_insitu_by_biomaterial?biomaterial_id=16983	Stage 12 (mid gastrula)	KH2012:KH.C6.145 (CHRD; CHRDL1; CHRDL2)	A9.29 cell pair	A9.29*
https://www.aniseed.fr/aniseed/experiment/show_insitu_by_biomaterial?biomaterial_id=16983	Stage 12 (mid gastrula)	KH2012:KH.C6.145 (CHRD; CHRDL1; CHRDL2)	A9.30 cell pair	A9.30
https://www.aniseed.fr/aniseed/experiment/show_insitu_by_biomaterial?biomaterial_id=16983	Stage 12 (mid gastrula)	KH2012:KH.C6.145 (CHRD; CHRDL1; CHRDL2)	A9.30 cell pair	A9.30*
https://www.aniseed.fr/aniseed/experiment/show_insitu_by_biomaterial?biomaterial_id=16983	Stage 12 (mid gastrula)	KH2012:KH.C6.145 (CHRD; CHRDL1; CHRDL2)	A9.32 cell pair	A9.32
https://www.aniseed.fr/aniseed/experiment/show_insitu_by_biomaterial?biomaterial_id=16983	Stage 12 (mid gastrula)	KH2012:KH.C6.145 (CHRD; CHRDL1; CHRDL2)	A9.32 cell pair	A9.32*
https://www.aniseed.fr/aniseed/experiment/show_insitu_by_biomaterial?biomaterial_id=16983	Stage 12 (mid gastrula)	KH2012:KH.C6.145 (CHRD; CHRDL1; CHRDL2)	a9.49 cell pair	a9.49
https://www.aniseed.fr/aniseed/experiment/show_insitu_by_biomaterial?biomaterial_id=16983	Stage 12 (mid gastrula)	KH2012:KH.C6.145 (CHRD; CHRDL1; CHRDL2)	a9.49 cell pair	a9.49*
https://www.aniseed.fr/aniseed/experiment/show_insitu_by_biomaterial?biomaterial_id=16983	Stage 12 (mid gastrula)	KH2012:KH.C6.145 (CHRD; CHRDL1; CHRDL2)	a9.50 cell pair	a9.50
https://www.aniseed.fr/aniseed/experiment/show_insitu_by_biomaterial?biomaterial_id=16983	Stage 12 (mid gastrula)	KH2012:KH.C6.145 (CHRD; CHRDL1; CHRDL2)	a9.50 cell pair	a9.50*
https://www.aniseed.fr/aniseed/experiment/show_insitu_by_biomaterial?biomaterial_id=16983	Stage 12 (mid gastrula)	KH2012:KH.C6.145 (CHRD; CHRDL1; CHRDL2)	a9.51 cell pair	a9.51
https://www.aniseed.fr/aniseed/experiment/show_insitu_by_biomaterial?biomaterial_id=16983	Stage 12 (mid gastrula)	KH2012:KH.C6.145 (CHRD; CHRDL1; CHRDL2)	a9.51 cell pair	a9.51*
https://www.aniseed.fr/aniseed/experiment/show_insitu_by_biomaterial?biomaterial_id=16983	Stage 12 (mid gastrula)	KH2012:KH.C6.145 (CHRD; CHRDL1; CHRDL2)	a9.52 cell pair	a9.52
https://www.aniseed.fr/aniseed/experiment/show_insitu_by_biomaterial?biomaterial_id=16983	Stage 12 (mid gastrula)	KH2012:KH.C6.145 (CHRD; CHRDL1; CHRDL2)	a9.52 cell pair	a9.52*
https://www.aniseed.fr/aniseed/experiment/show_insitu_by_biomaterial?biomaterial_id=23834	Stage 12 (mid gastrula)	KH2012:KH.C6.145 (CHRD; CHRDL1; CHRDL2)	A9.29 cell pair	A9.29
https://www.aniseed.fr/aniseed/experiment/show_insitu_by_biomaterial?biomaterial_id=23834	Stage 12 (mid gastrula)	KH2012:KH.C6.145 (CHRD; CHRDL1; CHRDL2)	A9.29 cell pair	A9.29*
https://www.aniseed.fr/aniseed/experiment/show_insitu_by_biomaterial?biomaterial_id=23834	Stage 12 (mid gastrula)	KH2012:KH.C6.145 (CHRD; CHRDL1; CHRDL2)	A9.30 cell pair	A9.30
https://www.aniseed.fr/aniseed/experiment/show_insitu_by_biomaterial?biomaterial_id=23834	Stage 12 (mid gastrula)	KH2012:KH.C6.145 (CHRD; CHRDL1; CHRDL2)	A9.30 cell pair	A9.30*
https://www.aniseed.fr/aniseed/experiment/show_insitu_by_biomaterial?biomaterial_id=23834	Stage 12 (mid gastrula)	KH2012:KH.C6.145 (CHRD; CHRDL1; CHRDL2)	A9.32 cell pair	A9.32
https://www.aniseed.fr/aniseed/experiment/show_insitu_by_biomaterial?biomaterial_id=23834	Stage 12 (mid gastrula)	KH2012:KH.C6.145 (CHRD; CHRDL1; CHRDL2)	A9.32 cell pair	A9.32*
https://www.aniseed.fr/aniseed/experiment/show_insitu_by_biomaterial?biomaterial_id=23834	Stage 12 (mid gastrula)	KH2012:KH.C6.145 (CHRD; CHRDL1; CHRDL2)	a9.49 cell pair	a9.49
https://www.aniseed.fr/aniseed/experiment/show_insitu_by_biomaterial?biomaterial_id=23834	Stage 12 (mid gastrula)	KH2012:KH.C6.145 (CHRD; CHRDL1; CHRDL2)	a9.49 cell pair	a9.49*
https://www.aniseed.fr/aniseed/experiment/show_insitu_by_biomaterial?biomaterial_id=23834	Stage 12 (mid gastrula)	KH2012:KH.C6.145 (CHRD; CHRDL1; CHRDL2)	a9.50 cell pair	a9.50
https://www.aniseed.fr/aniseed/experiment/show_insitu_by_biomaterial?biomaterial_id=23834	Stage 12 (mid gastrula)	KH2012:KH.C6.145 (CHRD; CHRDL1; CHRDL2)	a9.50 cell pair	a9.50*
https://www.aniseed.fr/aniseed/experiment/show_insitu_by_biomaterial?biomaterial_id=23834	Stage 12 (mid gastrula)	KH2012:KH.C6.145 (CHRD; CHRDL1; CHRDL2)	a9.51 cell pair	a9.51
https://www.aniseed.fr/aniseed/experiment/show_insitu_by_biomaterial?biomaterial_id=23834	Stage 12 (mid gastrula)	KH2012:KH.C6.145 (CHRD; CHRDL1; CHRDL2)	a9.51 cell pair	a9.51*
https://www.aniseed.fr/aniseed/experiment/show_insitu_by_biomaterial?biomaterial_id=23834	Stage 12 (mid gastrula)	KH2012:KH.C6.145 (CHRD; CHRDL1; CHRDL2)	a9.52 cell pair	a9.52
https://www.aniseed.fr/aniseed/experiment/show_insitu_by_biomaterial?biomaterial_id=23834	Stage 12 (mid gastrula)	KH2012:KH.C6.145 (CHRD; CHRDL1; CHRDL2)	a9.52 cell pair	a9.52*
https://www.aniseed.fr/aniseed/experiment/show_insitu_by_biomaterial?biomaterial_id=26175	Stage 12 (mid gastrula)	KH2012:KH.C6.145 (CHRD; CHRDL1; CHRDL2)	A9.29 cell pair	A9.29
https://www.aniseed.fr/aniseed/experiment/show_insitu_by_biomaterial?biomaterial_id=26175	Stage 12 (mid gastrula)	KH2012:KH.C6.145 (CHRD; CHRDL1; CHRDL2)	A9.29 cell pair	A9.29*
https://www.aniseed.fr/aniseed/experiment/show_insitu_by_biomaterial?biomaterial_id=26175	Stage 12 (mid gastrula)	KH2012:KH.C6.145 (CHRD; CHRDL1; CHRDL2)	A9.30 cell pair	A9.30
https://www.aniseed.fr/aniseed/experiment/show_insitu_by_biomaterial?biomaterial_id=26175	Stage 12 (mid gastrula)	KH2012:KH.C6.145 (CHRD; CHRDL1; CHRDL2)	A9.30 cell pair	A9.30*
https://www.aniseed.fr/aniseed/experiment/show_insitu_by_biomaterial?biomaterial_id=26175	Stage 12 (mid gastrula)	KH2012:KH.C6.145 (CHRD; CHRDL1; CHRDL2)	A9.32 cell pair	A9.32
https://www.aniseed.fr/aniseed/experiment/show_insitu_by_biomaterial?biomaterial_id=26175	Stage 12 (mid gastrula)	KH2012:KH.C6.145 (CHRD; CHRDL1; CHRDL2)	A9.32 cell pair	A9.32*
https://www.aniseed.fr/aniseed/experiment/show_insitu_by_biomaterial?biomaterial_id=26175	Stage 12 (mid gastrula)	KH2012:KH.C6.145 (CHRD; CHRDL1; CHRDL2)	a9.49 cell pair	a9.49
https://www.aniseed.fr/aniseed/experiment/show_insitu_by_biomaterial?biomaterial_id=26175	Stage 12 (mid gastrula)	KH2012:KH.C6.145 (CHRD; CHRDL1; CHRDL2)	a9.49 cell pair	a9.49*
https://www.aniseed.fr/aniseed/experiment/show_insitu_by_biomaterial?biomaterial_id=26175	Stage 12 (mid gastrula)	KH2012:KH.C6.145 (CHRD; CHRDL1; CHRDL2)	a9.50 cell pair	a9.50
https://www.aniseed.fr/aniseed/experiment/show_insitu_by_biomaterial?biomaterial_id=26175	Stage 12 (mid gastrula)	KH2012:KH.C6.145 (CHRD; CHRDL1; CHRDL2)	a9.50 cell pair	a9.50*
https://www.aniseed.fr/aniseed/experiment/show_insitu_by_biomaterial?biomaterial_id=26175	Stage 12 (mid gastrula)	KH2012:KH.C6.145 (CHRD; CHRDL1; CHRDL2)	a9.51 cell pair	a9.51
https://www.aniseed.fr/aniseed/experiment/show_insitu_by_biomaterial?biomaterial_id=26175	Stage 12 (mid gastrula)	KH2012:KH.C6.145 (CHRD; CHRDL1; CHRDL2)	a9.51 cell pair	a9.51*
https://www.aniseed.fr/aniseed/experiment/show_insitu_by_biomaterial?biomaterial_id=26175	Stage 12 (mid gastrula)	KH2012:KH.C6.145 (CHRD; CHRDL1; CHRDL2)	a9.52 cell pair	a9.52
https://www.aniseed.fr/aniseed/experiment/show_insitu_by_biomaterial?biomaterial_id=26175	Stage 12 (mid gastrula)	KH2012:KH.C6.145 (CHRD; CHRDL1; CHRDL2)	a9.52 cell pair	a9.52*
https://www.aniseed.fr/aniseed/experiment/show_insitu_by_biomaterial?biomaterial_id=28397	Stage 12 (mid gastrula)	KH2012:KH.C6.145 (CHRD; CHRDL1; CHRDL2)	A9.29 cell pair	A9.29
https://www.aniseed.fr/aniseed/experiment/show_insitu_by_biomaterial?biomaterial_id=28397	Stage 12 (mid gastrula)	KH2012:KH.C6.145 (CHRD; CHRDL1; CHRDL2)	A9.29 cell pair	A9.29*
https://www.aniseed.fr/aniseed/experiment/show_insitu_by_biomaterial?biomaterial_id=28397	Stage 12 (mid gastrula)	KH2012:KH.C6.145 (CHRD; CHRDL1; CHRDL2)	A9.30 cell pair	A9.30
https://www.aniseed.fr/aniseed/experiment/show_insitu_by_biomaterial?biomaterial_id=28397	Stage 12 (mid gastrula)	KH2012:KH.C6.145 (CHRD; CHRDL1; CHRDL2)	A9.30 cell pair	A9.30*
https://www.aniseed.fr/aniseed/experiment/show_insitu_by_biomaterial?biomaterial_id=28397	Stage 12 (mid gastrula)	KH2012:KH.C6.145 (CHRD; CHRDL1; CHRDL2)	A9.32 cell pair	A9.32
https://www.aniseed.fr/aniseed/experiment/show_insitu_by_biomaterial?biomaterial_id=28397	Stage 12 (mid gastrula)	KH2012:KH.C6.145 (CHRD; CHRDL1; CHRDL2)	A9.32 cell pair	A9.32*
https://www.aniseed.fr/aniseed/experiment/show_insitu_by_biomaterial?biomaterial_id=28397	Stage 12 (mid gastrula)	KH2012:KH.C6.145 (CHRD; CHRDL1; CHRDL2)	a9.49 cell pair	a9.49
https://www.aniseed.fr/aniseed/experiment/show_insitu_by_biomaterial?biomaterial_id=28397	Stage 12 (mid gastrula)	KH2012:KH.C6.145 (CHRD; CHRDL1; CHRDL2)	a9.49 cell pair	a9.49*
https://www.aniseed.fr/aniseed/experiment/show_insitu_by_biomaterial?biomaterial_id=28397	Stage 12 (mid gastrula)	KH2012:KH.C6.145 (CHRD; CHRDL1; CHRDL2)	a9.50 cell pair	a9.50
https://www.aniseed.fr/aniseed/experiment/show_insitu_by_biomaterial?biomaterial_id=28397	Stage 12 (mid gastrula)	KH2012:KH.C6.145 (CHRD; CHRDL1; CHRDL2)	a9.50 cell pair	a9.50*
https://www.aniseed.fr/aniseed/experiment/show_insitu_by_biomaterial?biomaterial_id=28397	Stage 12 (mid gastrula)	KH2012:KH.C6.145 (CHRD; CHRDL1; CHRDL2)	a9.51 cell pair	a9.51
https://www.aniseed.fr/aniseed/experiment/show_insitu_by_biomaterial?biomaterial_id=28397	Stage 12 (mid gastrula)	KH2012:KH.C6.145 (CHRD; CHRDL1; CHRDL2)	a9.51 cell pair	a9.51*
https://www.aniseed.fr/aniseed/experiment/show_insitu_by_biomaterial?biomaterial_id=28397	Stage 12 (mid gastrula)	KH2012:KH.C6.145 (CHRD; CHRDL1; CHRDL2)	a9.52 cell pair	a9.52
https://www.aniseed.fr/aniseed/experiment/show_insitu_by_biomaterial?biomaterial_id=28397	Stage 12 (mid gastrula)	KH2012:KH.C6.145 (CHRD; CHRDL1; CHRDL2)	a9.52 cell pair	a9.52*
https://www.aniseed.fr/aniseed/experiment/show_insitu_by_biomaterial?biomaterial_id=28444	Stage 12 (mid gastrula)	KH2012:KH.C6.145 (CHRD; CHRDL1; CHRDL2)	A9.29 cell pair	A9.29
https://www.aniseed.fr/aniseed/experiment/show_insitu_by_biomaterial?biomaterial_id=28444	Stage 12 (mid gastrula)	KH2012:KH.C6.145 (CHRD; CHRDL1; CHRDL2)	A9.29 cell pair	A9.29*
https://www.aniseed.fr/aniseed/experiment/show_insitu_by_biomaterial?biomaterial_id=28444	Stage 12 (mid gastrula)	KH2012:KH.C6.145 (CHRD; CHRDL1; CHRDL2)	A9.30 cell pair	A9.30
https://www.aniseed.fr/aniseed/experiment/show_insitu_by_biomaterial?biomaterial_id=28444	Stage 12 (mid gastrula)	KH2012:KH.C6.145 (CHRD; CHRDL1; CHRDL2)	A9.30 cell pair	A9.30*
https://www.aniseed.fr/aniseed/experiment/show_insitu_by_biomaterial?biomaterial_id=28444	Stage 12 (mid gastrula)	KH2012:KH.C6.145 (CHRD; CHRDL1; CHRDL2)	A9.32 cell pair	A9.32
https://www.aniseed.fr/aniseed/experiment/show_insitu_by_biomaterial?biomaterial_id=28444	Stage 12 (mid gastrula)	KH2012:KH.C6.145 (CHRD; CHRDL1; CHRDL2)	A9.32 cell pair	A9.32*
https://www.aniseed.fr/aniseed/experiment/show_insitu_by_biomaterial?biomaterial_id=28444	Stage 12 (mid gastrula)	KH2012:KH.C6.145 (CHRD; CHRDL1; CHRDL2)	a9.49 cell pair	a9.49
https://www.aniseed.fr/aniseed/experiment/show_insitu_by_biomaterial?biomaterial_id=28444	Stage 12 (mid gastrula)	KH2012:KH.C6.145 (CHRD; CHRDL1; CHRDL2)	a9.49 cell pair	a9.49*
https://www.aniseed.fr/aniseed/experiment/show_insitu_by_biomaterial?biomaterial_id=28444	Stage 12 (mid gastrula)	KH2012:KH.C6.145 (CHRD; CHRDL1; CHRDL2)	a9.50 cell pair	a9.50
https://www.aniseed.fr/aniseed/experiment/show_insitu_by_biomaterial?biomaterial_id=28444	Stage 12 (mid gastrula)	KH2012:KH.C6.145 (CHRD; CHRDL1; CHRDL2)	a9.50 cell pair	a9.50*
https://www.aniseed.fr/aniseed/experiment/show_insitu_by_biomaterial?biomaterial_id=28444	Stage 12 (mid gastrula)	KH2012:KH.C6.145 (CHRD; CHRDL1; CHRDL2)	a9.51 cell pair	a9.51
https://www.aniseed.fr/aniseed/experiment/show_insitu_by_biomaterial?biomaterial_id=28444	Stage 12 (mid gastrula)	KH2012:KH.C6.145 (CHRD; CHRDL1; CHRDL2)	a9.51 cell pair	a9.51*
https://www.aniseed.fr/aniseed/experiment/show_insitu_by_biomaterial?biomaterial_id=28444	Stage 12 (mid gastrula)	KH2012:KH.C6.145 (CHRD; CHRDL1; CHRDL2)	a9.52 cell pair	a9.52
https://www.aniseed.fr/aniseed/experiment/show_insitu_by_biomaterial?biomaterial_id=28444	Stage 12 (mid gastrula)	KH2012:KH.C6.145 (CHRD; CHRDL1; CHRDL2)	a9.52 cell pair	a9.52*
https://www.aniseed.fr/aniseed/experiment/show_insitu_by_biomaterial?biomaterial_id=17562	Stage 13 (late gastrula)	KH2012:KH.C6.145 (CHRD; CHRDL1; CHRDL2)	A9.29 cell pair	A9.29
https://www.aniseed.fr/aniseed/experiment/show_insitu_by_biomaterial?biomaterial_id=17562	Stage 13 (late gastrula)	KH2012:KH.C6.145 (CHRD; CHRDL1; CHRDL2)	A9.29 cell pair	A9.29*
https://www.aniseed.fr/aniseed/experiment/show_insitu_by_biomaterial?biomaterial_id=17562	Stage 13 (late gastrula)	KH2012:KH.C6.145 (CHRD; CHRDL1; CHRDL2)	A9.30 cell pair	A9.30
https://www.aniseed.fr/aniseed/experiment/show_insitu_by_biomaterial?biomaterial_id=17562	Stage 13 (late gastrula)	KH2012:KH.C6.145 (CHRD; CHRDL1; CHRDL2)	A9.30 cell pair	A9.30*
https://www.aniseed.fr/aniseed/experiment/show_insitu_by_biomaterial?biomaterial_id=17562	Stage 13 (late gastrula)	KH2012:KH.C6.145 (CHRD; CHRDL1; CHRDL2)	A9.32 cell pair	A9.32
https://www.aniseed.fr/aniseed/experiment/show_insitu_by_biomaterial?biomaterial_id=17562	Stage 13 (late gastrula)	KH2012:KH.C6.145 (CHRD; CHRDL1; CHRDL2)	A9.32 cell pair	A9.32*
https://www.aniseed.fr/aniseed/experiment/show_insitu_by_biomaterial?biomaterial_id=17562	Stage 13 (late gastrula)	KH2012:KH.C6.145 (CHRD; CHRDL1; CHRDL2)	a9.49 cell pair	a9.49
https://www.aniseed.fr/aniseed/experiment/show_insitu_by_biomaterial?biomaterial_id=17562	Stage 13 (late gastrula)	KH2012:KH.C6.145 (CHRD; CHRDL1; CHRDL2)	a9.49 cell pair	a9.49*
https://www.aniseed.fr/aniseed/experiment/show_insitu_by_biomaterial?biomaterial_id=17562	Stage 13 (late gastrula)	KH2012:KH.C6.145 (CHRD; CHRDL1; CHRDL2)	a9.50 cell pair	a9.50
https://www.aniseed.fr/aniseed/experiment/show_insitu_by_biomaterial?biomaterial_id=17562	Stage 13 (late gastrula)	KH2012:KH.C6.145 (CHRD; CHRDL1; CHRDL2)	a9.50 cell pair	a9.50*
https://www.aniseed.fr/aniseed/experiment/show_insitu_by_biomaterial?biomaterial_id=17562	Stage 13 (late gastrula)	KH2012:KH.C6.145 (CHRD; CHRDL1; CHRDL2)	a9.51 cell pair	a9.51
https://www.aniseed.fr/aniseed/experiment/show_insitu_by_biomaterial?biomaterial_id=17562	Stage 13 (late gastrula)	KH2012:KH.C6.145 (CHRD; CHRDL1; CHRDL2)	a9.51 cell pair	a9.51*
https://www.aniseed.fr/aniseed/experiment/show_insitu_by_biomaterial?biomaterial_id=17562	Stage 13 (late gastrula)	KH2012:KH.C6.145 (CHRD; CHRDL1; CHRDL2)	a9.52 cell pair	a9.52
https://www.aniseed.fr/aniseed/experiment/show_insitu_by_biomaterial?biomaterial_id=17562	Stage 13 (late gastrula)	KH2012:KH.C6.145 (CHRD; CHRDL1; CHRDL2)	a9.52 cell pair	a9.52*
https://www.aniseed.fr/aniseed/experiment/show_insitu_by_biomaterial?biomaterial_id=23626	Stage 13 (late gastrula)	KH2012:KH.C6.145 (CHRD; CHRDL1; CHRDL2)	A9.29 cell pair	A9.29
https://www.aniseed.fr/aniseed/experiment/show_insitu_by_biomaterial?biomaterial_id=23626	Stage 13 (late gastrula)	KH2012:KH.C6.145 (CHRD; CHRDL1; CHRDL2)	A9.29 cell pair	A9.29*
https://www.aniseed.fr/aniseed/experiment/show_insitu_by_biomaterial?biomaterial_id=23626	Stage 13 (late gastrula)	KH2012:KH.C6.145 (CHRD; CHRDL1; CHRDL2)	A9.30 cell pair	A9.30
https://www.aniseed.fr/aniseed/experiment/show_insitu_by_biomaterial?biomaterial_id=23626	Stage 13 (late gastrula)	KH2012:KH.C6.145 (CHRD; CHRDL1; CHRDL2)	A9.30 cell pair	A9.30*
https://www.aniseed.fr/aniseed/experiment/show_insitu_by_biomaterial?biomaterial_id=23626	Stage 13 (late gastrula)	KH2012:KH.C6.145 (CHRD; CHRDL1; CHRDL2)	A9.32 cell pair	A9.32
https://www.aniseed.fr/aniseed/experiment/show_insitu_by_biomaterial?biomaterial_id=23626	Stage 13 (late gastrula)	KH2012:KH.C6.145 (CHRD; CHRDL1; CHRDL2)	A9.32 cell pair	A9.32*
https://www.aniseed.fr/aniseed/experiment/show_insitu_by_biomaterial?biomaterial_id=23626	Stage 13 (late gastrula)	KH2012:KH.C6.145 (CHRD; CHRDL1; CHRDL2)	a9.49 cell pair	a9.49
https://www.aniseed.fr/aniseed/experiment/show_insitu_by_biomaterial?biomaterial_id=23626	Stage 13 (late gastrula)	KH2012:KH.C6.145 (CHRD; CHRDL1; CHRDL2)	a9.49 cell pair	a9.49*
https://www.aniseed.fr/aniseed/experiment/show_insitu_by_biomaterial?biomaterial_id=23626	Stage 13 (late gastrula)	KH2012:KH.C6.145 (CHRD; CHRDL1; CHRDL2)	a9.50 cell pair	a9.50
https://www.aniseed.fr/aniseed/experiment/show_insitu_by_biomaterial?biomaterial_id=23626	Stage 13 (late gastrula)	KH2012:KH.C6.145 (CHRD; CHRDL1; CHRDL2)	a9.50 cell pair	a9.50*
https://www.aniseed.fr/aniseed/experiment/show_insitu_by_biomaterial?biomaterial_id=23626	Stage 13 (late gastrula)	KH2012:KH.C6.145 (CHRD; CHRDL1; CHRDL2)	a9.51 cell pair	a9.51
https://www.aniseed.fr/aniseed/experiment/show_insitu_by_biomaterial?biomaterial_id=23626	Stage 13 (late gastrula)	KH2012:KH.C6.145 (CHRD; CHRDL1; CHRDL2)	a9.51 cell pair	a9.51*
https://www.aniseed.fr/aniseed/experiment/show_insitu_by_biomaterial?biomaterial_id=23626	Stage 13 (late gastrula)	KH2012:KH.C6.145 (CHRD; CHRDL1; CHRDL2)	a9.52 cell pair	a9.52
https://www.aniseed.fr/aniseed/experiment/show_insitu_by_biomaterial?biomaterial_id=23626	Stage 13 (late gastrula)	KH2012:KH.C6.145 (CHRD; CHRDL1; CHRDL2)	a9.52 cell pair	a9.52*
https://www.aniseed.fr/aniseed/experiment/show_insitu_by_biomaterial?biomaterial_id=25359	Stage 13 (late gastrula)	KH2012:KH.C6.145 (CHRD; CHRDL1; CHRDL2)	A9.29 cell pair	A9.29
https://www.aniseed.fr/aniseed/experiment/show_insitu_by_biomaterial?biomaterial_id=25359	Stage 13 (late gastrula)	KH2012:KH.C6.145 (CHRD; CHRDL1; CHRDL2)	A9.29 cell pair	A9.29*
https://www.aniseed.fr/aniseed/experiment/show_insitu_by_biomaterial?biomaterial_id=25359	Stage 13 (late gastrula)	KH2012:KH.C6.145 (CHRD; CHRDL1; CHRDL2)	A9.30 cell pair	A9.30
https://www.aniseed.fr/aniseed/experiment/show_insitu_by_biomaterial?biomaterial_id=25359	Stage 13 (late gastrula)	KH2012:KH.C6.145 (CHRD; CHRDL1; CHRDL2)	A9.30 cell pair	A9.30*
https://www.aniseed.fr/aniseed/experiment/show_insitu_by_biomaterial?biomaterial_id=25359	Stage 13 (late gastrula)	KH2012:KH.C6.145 (CHRD; CHRDL1; CHRDL2)	A9.32 cell pair	A9.32
https://www.aniseed.fr/aniseed/experiment/show_insitu_by_biomaterial?biomaterial_id=25359	Stage 13 (late gastrula)	KH2012:KH.C6.145 (CHRD; CHRDL1; CHRDL2)	A9.32 cell pair	A9.32*
https://www.aniseed.fr/aniseed/experiment/show_insitu_by_biomaterial?biomaterial_id=25359	Stage 13 (late gastrula)	KH2012:KH.C6.145 (CHRD; CHRDL1; CHRDL2)	a9.49 cell pair	a9.49
https://www.aniseed.fr/aniseed/experiment/show_insitu_by_biomaterial?biomaterial_id=25359	Stage 13 (late gastrula)	KH2012:KH.C6.145 (CHRD; CHRDL1; CHRDL2)	a9.49 cell pair	a9.49*
https://www.aniseed.fr/aniseed/experiment/show_insitu_by_biomaterial?biomaterial_id=25359	Stage 13 (late gastrula)	KH2012:KH.C6.145 (CHRD; CHRDL1; CHRDL2)	a9.50 cell pair	a9.50
https://www.aniseed.fr/aniseed/experiment/show_insitu_by_biomaterial?biomaterial_id=25359	Stage 13 (late gastrula)	KH2012:KH.C6.145 (CHRD; CHRDL1; CHRDL2)	a9.50 cell pair	a9.50*
https://www.aniseed.fr/aniseed/experiment/show_insitu_by_biomaterial?biomaterial_id=25359	Stage 13 (late gastrula)	KH2012:KH.C6.145 (CHRD; CHRDL1; CHRDL2)	a9.51 cell pair	a9.51
https://www.aniseed.fr/aniseed/experiment/show_insitu_by_biomaterial?biomaterial_id=25359	Stage 13 (late gastrula)	KH2012:KH.C6.145 (CHRD; CHRDL1; CHRDL2)	a9.51 cell pair	a9.51*
https://www.aniseed.fr/aniseed/experiment/show_insitu_by_biomaterial?biomaterial_id=25359	Stage 13 (late gastrula)	KH2012:KH.C6.145 (CHRD; CHRDL1; CHRDL2)	a9.52 cell pair	a9.52
https://www.aniseed.fr/aniseed/experiment/show_insitu_by_biomaterial?biomaterial_id=25359	Stage 13 (late gastrula)	KH2012:KH.C6.145 (CHRD; CHRDL1; CHRDL2)	a9.52 cell pair	a9.52*
https://www.aniseed.fr/aniseed/experiment/show_insitu_by_biomaterial?biomaterial_id=28117	Stage 14 (early neurula)	KH2012:KH.C6.145 (CHRD; CHRDL1; CHRDL2)	A10.57 cell pair	A10.57
https://www.aniseed.fr/aniseed/experiment/show_insitu_by_biomaterial?biomaterial_id=28117	Stage 14 (early neurula)	KH2012:KH.C6.145 (CHRD; CHRDL1; CHRDL2)	A10.57 cell pair	A10.57*
https://www.aniseed.fr/aniseed/experiment/show_insitu_by_biomaterial?biomaterial_id=28117	Stage 14 (early neurula)	KH2012:KH.C6.145 (CHRD; CHRDL1; CHRDL2)	A10.58 cell pair	A10.58
https://www.aniseed.fr/aniseed/experiment/show_insitu_by_biomaterial?biomaterial_id=28117	Stage 14 (early neurula)	KH2012:KH.C6.145 (CHRD; CHRDL1; CHRDL2)	A10.58 cell pair	A10.58*
https://www.aniseed.fr/aniseed/experiment/show_insitu_by_biomaterial?biomaterial_id=28117	Stage 14 (early neurula)	KH2012:KH.C6.145 (CHRD; CHRDL1; CHRDL2)	A10.59 cell pair	A10.59
https://www.aniseed.fr/aniseed/experiment/show_insitu_by_biomaterial?biomaterial_id=28117	Stage 14 (early neurula)	KH2012:KH.C6.145 (CHRD; CHRDL1; CHRDL2)	A10.59 cell pair	A10.59*
https://www.aniseed.fr/aniseed/experiment/show_insitu_by_biomaterial?biomaterial_id=28117	Stage 14 (early neurula)	KH2012:KH.C6.145 (CHRD; CHRDL1; CHRDL2)	A10.60 cell pair	A10.60
https://www.aniseed.fr/aniseed/experiment/show_insitu_by_biomaterial?biomaterial_id=28117	Stage 14 (early neurula)	KH2012:KH.C6.145 (CHRD; CHRDL1; CHRDL2)	A10.60 cell pair	A10.60*
https://www.aniseed.fr/aniseed/experiment/show_insitu_by_biomaterial?biomaterial_id=28117	Stage 14 (early neurula)	KH2012:KH.C6.145 (CHRD; CHRDL1; CHRDL2)	a9.50 cell pair	a9.50
https://www.aniseed.fr/aniseed/experiment/show_insitu_by_biomaterial?biomaterial_id=28117	Stage 14 (early neurula)	KH2012:KH.C6.145 (CHRD; CHRDL1; CHRDL2)	a9.50 cell pair	a9.50*
https://www.aniseed.fr/aniseed/experiment/show_insitu_by_biomaterial?biomaterial_id=28117	Stage 14 (early neurula)	KH2012:KH.C6.145 (CHRD; CHRDL1; CHRDL2)	a9.51 cell pair	a9.51
https://www.aniseed.fr/aniseed/experiment/show_insitu_by_biomaterial?biomaterial_id=28117	Stage 14 (early neurula)	KH2012:KH.C6.145 (CHRD; CHRDL1; CHRDL2)	a9.51 cell pair	a9.51*
https://www.aniseed.fr/aniseed/experiment/show_insitu_by_biomaterial?biomaterial_id=28665	Stage 13 (late gastrula)	KH2012:KH.C6.185 (ONECUT1; ONECUT2; ONECUT3)	A9.32 cell pair	A9.32
https://www.aniseed.fr/aniseed/experiment/show_insitu_by_biomaterial?biomaterial_id=28665	Stage 13 (late gastrula)	KH2012:KH.C6.185 (ONECUT1; ONECUT2; ONECUT3)	A9.32 cell pair	A9.32*
https://www.aniseed.fr/aniseed/experiment/show_insitu_by_biomaterial?biomaterial_id=28665	Stage 13 (late gastrula)	KH2012:KH.C6.185 (ONECUT1; ONECUT2; ONECUT3)	a9.36 cell pair	a9.36
https://www.aniseed.fr/aniseed/experiment/show_insitu_by_biomaterial?biomaterial_id=28665	Stage 13 (late gastrula)	KH2012:KH.C6.185 (ONECUT1; ONECUT2; ONECUT3)	a9.36 cell pair	a9.36*
https://www.aniseed.fr/aniseed/experiment/show_insitu_by_biomaterial?biomaterial_id=28665	Stage 13 (late gastrula)	KH2012:KH.C6.185 (ONECUT1; ONECUT2; ONECUT3)	a9.40 cell pair	a9.40
https://www.aniseed.fr/aniseed/experiment/show_insitu_by_biomaterial?biomaterial_id=28665	Stage 13 (late gastrula)	KH2012:KH.C6.185 (ONECUT1; ONECUT2; ONECUT3)	a9.40 cell pair	a9.40*
https://www.aniseed.fr/aniseed/experiment/show_insitu_by_biomaterial?biomaterial_id=28671	Stage 13 (late gastrula)	KH2012:KH.C6.185 (ONECUT1; ONECUT2; ONECUT3)	A9.32 cell pair	A9.32
https://www.aniseed.fr/aniseed/experiment/show_insitu_by_biomaterial?biomaterial_id=28671	Stage 13 (late gastrula)	KH2012:KH.C6.185 (ONECUT1; ONECUT2; ONECUT3)	A9.32 cell pair	A9.32*
https://www.aniseed.fr/aniseed/experiment/show_insitu_by_biomaterial?biomaterial_id=28671	Stage 13 (late gastrula)	KH2012:KH.C6.185 (ONECUT1; ONECUT2; ONECUT3)	a9.36 cell pair	a9.36
https://www.aniseed.fr/aniseed/experiment/show_insitu_by_biomaterial?biomaterial_id=28671	Stage 13 (late gastrula)	KH2012:KH.C6.185 (ONECUT1; ONECUT2; ONECUT3)	a9.36 cell pair	a9.36*
https://www.aniseed.fr/aniseed/experiment/show_insitu_by_biomaterial?biomaterial_id=28671	Stage 13 (late gastrula)	KH2012:KH.C6.185 (ONECUT1; ONECUT2; ONECUT3)	a9.40 cell pair	a9.40
https://www.aniseed.fr/aniseed/experiment/show_insitu_by_biomaterial?biomaterial_id=28671	Stage 13 (late gastrula)	KH2012:KH.C6.185 (ONECUT1; ONECUT2; ONECUT3)	a9.40 cell pair	a9.40*
https://www.aniseed.fr/aniseed/experiment/show_insitu_by_biomaterial?biomaterial_id=24042	Stage 12 (mid gastrula)	KH2012:KH.C7.140 (KH.C7.140)	A9.29 cell pair	A9.29
https://www.aniseed.fr/aniseed/experiment/show_insitu_by_biomaterial?biomaterial_id=24042	Stage 12 (mid gastrula)	KH2012:KH.C7.140 (KH.C7.140)	A9.29 cell pair	A9.29*
https://www.aniseed.fr/aniseed/experiment/show_insitu_by_biomaterial?biomaterial_id=24042	Stage 12 (mid gastrula)	KH2012:KH.C7.140 (KH.C7.140)	A9.30 cell pair	A9.30
https://www.aniseed.fr/aniseed/experiment/show_insitu_by_biomaterial?biomaterial_id=24042	Stage 12 (mid gastrula)	KH2012:KH.C7.140 (KH.C7.140)	A9.30 cell pair	A9.30*
https://www.aniseed.fr/aniseed/experiment/show_insitu_by_biomaterial?biomaterial_id=24042	Stage 12 (mid gastrula)	KH2012:KH.C7.140 (KH.C7.140)	row III neural plate	a9.33
https://www.aniseed.fr/aniseed/experiment/show_insitu_by_biomaterial?biomaterial_id=24042	Stage 12 (mid gastrula)	KH2012:KH.C7.140 (KH.C7.140)	row III neural plate	a9.33*
https://www.aniseed.fr/aniseed/experiment/show_insitu_by_biomaterial?biomaterial_id=24042	Stage 12 (mid gastrula)	KH2012:KH.C7.140 (KH.C7.140)	row III neural plate	a9.37
https://www.aniseed.fr/aniseed/experiment/show_insitu_by_biomaterial?biomaterial_id=24042	Stage 12 (mid gastrula)	KH2012:KH.C7.140 (KH.C7.140)	row III neural plate	a9.37*
https://www.aniseed.fr/aniseed/experiment/show_insitu_by_biomaterial?biomaterial_id=24042	Stage 12 (mid gastrula)	KH2012:KH.C7.140 (KH.C7.140)	row III neural plate	a9.49
https://www.aniseed.fr/aniseed/experiment/show_insitu_by_biomaterial?biomaterial_id=24042	Stage 12 (mid gastrula)	KH2012:KH.C7.140 (KH.C7.140)	row III neural plate	a9.49*
https://www.aniseed.fr/aniseed/experiment/show_insitu_by_biomaterial?biomaterial_id=24042	Stage 12 (mid gastrula)	KH2012:KH.C7.140 (KH.C7.140)	row IV neural plate	a9.34
https://www.aniseed.fr/aniseed/experiment/show_insitu_by_biomaterial?biomaterial_id=24042	Stage 12 (mid gastrula)	KH2012:KH.C7.140 (KH.C7.140)	row IV neural plate	a9.34*
https://www.aniseed.fr/aniseed/experiment/show_insitu_by_biomaterial?biomaterial_id=24042	Stage 12 (mid gastrula)	KH2012:KH.C7.140 (KH.C7.140)	row IV neural plate	a9.38
https://www.aniseed.fr/aniseed/experiment/show_insitu_by_biomaterial?biomaterial_id=24042	Stage 12 (mid gastrula)	KH2012:KH.C7.140 (KH.C7.140)	row IV neural plate	a9.38*
https://www.aniseed.fr/aniseed/experiment/show_insitu_by_biomaterial?biomaterial_id=24042	Stage 12 (mid gastrula)	KH2012:KH.C7.140 (KH.C7.140)	row IV neural plate	a9.50
https://www.aniseed.fr/aniseed/experiment/show_insitu_by_biomaterial?biomaterial_id=24042	Stage 12 (mid gastrula)	KH2012:KH.C7.140 (KH.C7.140)	row IV neural plate	a9.50*
https://www.aniseed.fr/aniseed/experiment/show_insitu_by_biomaterial?biomaterial_id=24193	Stage 12 (mid gastrula)	KH2012:KH.C7.140 (KH.C7.140)	A line neural plate	A9.14
https://www.aniseed.fr/aniseed/experiment/show_insitu_by_biomaterial?biomaterial_id=24193	Stage 12 (mid gastrula)	KH2012:KH.C7.140 (KH.C7.140)	A line neural plate	A9.14*
https://www.aniseed.fr/aniseed/experiment/show_insitu_by_biomaterial?biomaterial_id=24193	Stage 12 (mid gastrula)	KH2012:KH.C7.140 (KH.C7.140)	A line neural plate	A9.16
https://www.aniseed.fr/aniseed/experiment/show_insitu_by_biomaterial?biomaterial_id=24193	Stage 12 (mid gastrula)	KH2012:KH.C7.140 (KH.C7.140)	A line neural plate	A9.16*
https://www.aniseed.fr/aniseed/experiment/show_insitu_by_biomaterial?biomaterial_id=24193	Stage 12 (mid gastrula)	KH2012:KH.C7.140 (KH.C7.140)	A line neural plate	A9.30
https://www.aniseed.fr/aniseed/experiment/show_insitu_by_biomaterial?biomaterial_id=24193	Stage 12 (mid gastrula)	KH2012:KH.C7.140 (KH.C7.140)	A line neural plate	A9.30*
https://www.aniseed.fr/aniseed/experiment/show_insitu_by_biomaterial?biomaterial_id=24193	Stage 12 (mid gastrula)	KH2012:KH.C7.140 (KH.C7.140)	A line neural plate	A9.32
https://www.aniseed.fr/aniseed/experiment/show_insitu_by_biomaterial?biomaterial_id=24193	Stage 12 (mid gastrula)	KH2012:KH.C7.140 (KH.C7.140)	A line neural plate	A9.32*
https://www.aniseed.fr/aniseed/experiment/show_insitu_by_biomaterial?biomaterial_id=24193	Stage 12 (mid gastrula)	KH2012:KH.C7.140 (KH.C7.140)	A line neural plate	A9.13
https://www.aniseed.fr/aniseed/experiment/show_insitu_by_biomaterial?biomaterial_id=24193	Stage 12 (mid gastrula)	KH2012:KH.C7.140 (KH.C7.140)	A line neural plate	A9.13*
https://www.aniseed.fr/aniseed/experiment/show_insitu_by_biomaterial?biomaterial_id=24193	Stage 12 (mid gastrula)	KH2012:KH.C7.140 (KH.C7.140)	A line neural plate	A9.15
https://www.aniseed.fr/aniseed/experiment/show_insitu_by_biomaterial?biomaterial_id=24193	Stage 12 (mid gastrula)	KH2012:KH.C7.140 (KH.C7.140)	A line neural plate	A9.15*
https://www.aniseed.fr/aniseed/experiment/show_insitu_by_biomaterial?biomaterial_id=24193	Stage 12 (mid gastrula)	KH2012:KH.C7.140 (KH.C7.140)	A line neural plate	A9.29
https://www.aniseed.fr/aniseed/experiment/show_insitu_by_biomaterial?biomaterial_id=24193	Stage 12 (mid gastrula)	KH2012:KH.C7.140 (KH.C7.140)	A line neural plate	A9.29*
https://www.aniseed.fr/aniseed/experiment/show_insitu_by_biomaterial?biomaterial_id=24694	Stage 12 (mid gastrula)	KH2012:KH.C7.140 (KH.C7.140)	A line neural plate	A9.14
https://www.aniseed.fr/aniseed/experiment/show_insitu_by_biomaterial?biomaterial_id=24694	Stage 12 (mid gastrula)	KH2012:KH.C7.140 (KH.C7.140)	A line neural plate	A9.14*
https://www.aniseed.fr/aniseed/experiment/show_insitu_by_biomaterial?biomaterial_id=24694	Stage 12 (mid gastrula)	KH2012:KH.C7.140 (KH.C7.140)	A line neural plate	A9.13
https://www.aniseed.fr/aniseed/experiment/show_insitu_by_biomaterial?biomaterial_id=24694	Stage 12 (mid gastrula)	KH2012:KH.C7.140 (KH.C7.140)	A line neural plate	A9.13*
https://www.aniseed.fr/aniseed/experiment/show_insitu_by_biomaterial?biomaterial_id=15269	Stage 12 (mid gastrula)	KH2012:KH.C7.157 (ID1; ID2; ID3)	A9.16 cell pair	A9.16
https://www.aniseed.fr/aniseed/experiment/show_insitu_by_biomaterial?biomaterial_id=15269	Stage 12 (mid gastrula)	KH2012:KH.C7.157 (ID1; ID2; ID3)	A9.16 cell pair	A9.16*
https://www.aniseed.fr/aniseed/experiment/show_insitu_by_biomaterial?biomaterial_id=15269	Stage 12 (mid gastrula)	KH2012:KH.C7.157 (ID1; ID2; ID3)	A9.32 cell pair	A9.32
https://www.aniseed.fr/aniseed/experiment/show_insitu_by_biomaterial?biomaterial_id=15269	Stage 12 (mid gastrula)	KH2012:KH.C7.157 (ID1; ID2; ID3)	A9.32 cell pair	A9.32*
https://www.aniseed.fr/aniseed/experiment/show_insitu_by_biomaterial?biomaterial_id=15269	Stage 12 (mid gastrula)	KH2012:KH.C7.157 (ID1; ID2; ID3)	a9.33 cell pair	a9.33
https://www.aniseed.fr/aniseed/experiment/show_insitu_by_biomaterial?biomaterial_id=15269	Stage 12 (mid gastrula)	KH2012:KH.C7.157 (ID1; ID2; ID3)	a9.33 cell pair	a9.33*
https://www.aniseed.fr/aniseed/experiment/show_insitu_by_biomaterial?biomaterial_id=15269	Stage 12 (mid gastrula)	KH2012:KH.C7.157 (ID1; ID2; ID3)	a9.34 cell pair	a9.34
https://www.aniseed.fr/aniseed/experiment/show_insitu_by_biomaterial?biomaterial_id=15269	Stage 12 (mid gastrula)	KH2012:KH.C7.157 (ID1; ID2; ID3)	a9.34 cell pair	a9.34*
https://www.aniseed.fr/aniseed/experiment/show_insitu_by_biomaterial?biomaterial_id=15269	Stage 12 (mid gastrula)	KH2012:KH.C7.157 (ID1; ID2; ID3)	a9.49 cell pair	a9.49
https://www.aniseed.fr/aniseed/experiment/show_insitu_by_biomaterial?biomaterial_id=15269	Stage 12 (mid gastrula)	KH2012:KH.C7.157 (ID1; ID2; ID3)	a9.49 cell pair	a9.49*
https://www.aniseed.fr/aniseed/experiment/show_insitu_by_biomaterial?biomaterial_id=15269	Stage 12 (mid gastrula)	KH2012:KH.C7.157 (ID1; ID2; ID3)	a9.50 cell pair	a9.50
https://www.aniseed.fr/aniseed/experiment/show_insitu_by_biomaterial?biomaterial_id=15269	Stage 12 (mid gastrula)	KH2012:KH.C7.157 (ID1; ID2; ID3)	a9.50 cell pair	a9.50*
https://www.aniseed.fr/aniseed/experiment/show_insitu_by_biomaterial?biomaterial_id=16792	Stage 13 (late gastrula)	KH2012:KH.C7.157 (ID1; ID2; ID3)	A10.31 cell pair	A10.31
https://www.aniseed.fr/aniseed/experiment/show_insitu_by_biomaterial?biomaterial_id=16792	Stage 13 (late gastrula)	KH2012:KH.C7.157 (ID1; ID2; ID3)	A10.31 cell pair	A10.31*
https://www.aniseed.fr/aniseed/experiment/show_insitu_by_biomaterial?biomaterial_id=16792	Stage 13 (late gastrula)	KH2012:KH.C7.157 (ID1; ID2; ID3)	A10.32 cell pair	A10.32
https://www.aniseed.fr/aniseed/experiment/show_insitu_by_biomaterial?biomaterial_id=16792	Stage 13 (late gastrula)	KH2012:KH.C7.157 (ID1; ID2; ID3)	A10.32 cell pair	A10.32*
https://www.aniseed.fr/aniseed/experiment/show_insitu_by_biomaterial?biomaterial_id=16792	Stage 13 (late gastrula)	KH2012:KH.C7.157 (ID1; ID2; ID3)	a9.33 cell pair	a9.33
https://www.aniseed.fr/aniseed/experiment/show_insitu_by_biomaterial?biomaterial_id=16792	Stage 13 (late gastrula)	KH2012:KH.C7.157 (ID1; ID2; ID3)	a9.33 cell pair	a9.33*
https://www.aniseed.fr/aniseed/experiment/show_insitu_by_biomaterial?biomaterial_id=16792	Stage 13 (late gastrula)	KH2012:KH.C7.157 (ID1; ID2; ID3)	a9.34 cell pair	a9.34
https://www.aniseed.fr/aniseed/experiment/show_insitu_by_biomaterial?biomaterial_id=16792	Stage 13 (late gastrula)	KH2012:KH.C7.157 (ID1; ID2; ID3)	a9.34 cell pair	a9.34*
https://www.aniseed.fr/aniseed/experiment/show_insitu_by_biomaterial?biomaterial_id=16792	Stage 13 (late gastrula)	KH2012:KH.C7.157 (ID1; ID2; ID3)	a9.49 cell pair	a9.49
https://www.aniseed.fr/aniseed/experiment/show_insitu_by_biomaterial?biomaterial_id=16792	Stage 13 (late gastrula)	KH2012:KH.C7.157 (ID1; ID2; ID3)	a9.49 cell pair	a9.49*
https://www.aniseed.fr/aniseed/experiment/show_insitu_by_biomaterial?biomaterial_id=16792	Stage 13 (late gastrula)	KH2012:KH.C7.157 (ID1; ID2; ID3)	a9.50 cell pair	a9.50
https://www.aniseed.fr/aniseed/experiment/show_insitu_by_biomaterial?biomaterial_id=16792	Stage 13 (late gastrula)	KH2012:KH.C7.157 (ID1; ID2; ID3)	a9.50 cell pair	a9.50*
https://www.aniseed.fr/aniseed/experiment/show_insitu_by_biomaterial?biomaterial_id=16886	Stage 13 (late gastrula)	KH2012:KH.C7.157 (ID1; ID2; ID3)	a9.35 cell pair	a9.35
https://www.aniseed.fr/aniseed/experiment/show_insitu_by_biomaterial?biomaterial_id=16886	Stage 13 (late gastrula)	KH2012:KH.C7.157 (ID1; ID2; ID3)	a9.35 cell pair	a9.35*
https://www.aniseed.fr/aniseed/experiment/show_insitu_by_biomaterial?biomaterial_id=16886	Stage 13 (late gastrula)	KH2012:KH.C7.157 (ID1; ID2; ID3)	a9.39 cell pair	a9.39
https://www.aniseed.fr/aniseed/experiment/show_insitu_by_biomaterial?biomaterial_id=16886	Stage 13 (late gastrula)	KH2012:KH.C7.157 (ID1; ID2; ID3)	a9.39 cell pair	a9.39*
https://www.aniseed.fr/aniseed/experiment/show_insitu_by_biomaterial?biomaterial_id=17679	Stage 13 (late gastrula)	KH2012:KH.C7.157 (ID1; ID2; ID3)	A10.31 cell pair	A10.31
https://www.aniseed.fr/aniseed/experiment/show_insitu_by_biomaterial?biomaterial_id=17679	Stage 13 (late gastrula)	KH2012:KH.C7.157 (ID1; ID2; ID3)	A10.31 cell pair	A10.31*
https://www.aniseed.fr/aniseed/experiment/show_insitu_by_biomaterial?biomaterial_id=17679	Stage 13 (late gastrula)	KH2012:KH.C7.157 (ID1; ID2; ID3)	A10.32 cell pair	A10.32
https://www.aniseed.fr/aniseed/experiment/show_insitu_by_biomaterial?biomaterial_id=17679	Stage 13 (late gastrula)	KH2012:KH.C7.157 (ID1; ID2; ID3)	A10.32 cell pair	A10.32*
https://www.aniseed.fr/aniseed/experiment/show_insitu_by_biomaterial?biomaterial_id=17679	Stage 13 (late gastrula)	KH2012:KH.C7.157 (ID1; ID2; ID3)	a9.33 cell pair	a9.33
https://www.aniseed.fr/aniseed/experiment/show_insitu_by_biomaterial?biomaterial_id=17679	Stage 13 (late gastrula)	KH2012:KH.C7.157 (ID1; ID2; ID3)	a9.33 cell pair	a9.33*
https://www.aniseed.fr/aniseed/experiment/show_insitu_by_biomaterial?biomaterial_id=17679	Stage 13 (late gastrula)	KH2012:KH.C7.157 (ID1; ID2; ID3)	a9.34 cell pair	a9.34
https://www.aniseed.fr/aniseed/experiment/show_insitu_by_biomaterial?biomaterial_id=17679	Stage 13 (late gastrula)	KH2012:KH.C7.157 (ID1; ID2; ID3)	a9.34 cell pair	a9.34*
https://www.aniseed.fr/aniseed/experiment/show_insitu_by_biomaterial?biomaterial_id=17679	Stage 13 (late gastrula)	KH2012:KH.C7.157 (ID1; ID2; ID3)	a9.49 cell pair	a9.49
https://www.aniseed.fr/aniseed/experiment/show_insitu_by_biomaterial?biomaterial_id=17679	Stage 13 (late gastrula)	KH2012:KH.C7.157 (ID1; ID2; ID3)	a9.49 cell pair	a9.49*
https://www.aniseed.fr/aniseed/experiment/show_insitu_by_biomaterial?biomaterial_id=17679	Stage 13 (late gastrula)	KH2012:KH.C7.157 (ID1; ID2; ID3)	a9.50 cell pair	a9.50
https://www.aniseed.fr/aniseed/experiment/show_insitu_by_biomaterial?biomaterial_id=17679	Stage 13 (late gastrula)	KH2012:KH.C7.157 (ID1; ID2; ID3)	a9.50 cell pair	a9.50*
https://www.aniseed.fr/aniseed/experiment/show_insitu_by_biomaterial?biomaterial_id=24034	Stage 13 (late gastrula)	KH2012:KH.C7.243 (DLX1; DLX2; DLX5)	row V neural plate	a9.35
https://www.aniseed.fr/aniseed/experiment/show_insitu_by_biomaterial?biomaterial_id=24034	Stage 13 (late gastrula)	KH2012:KH.C7.243 (DLX1; DLX2; DLX5)	row V neural plate	a9.35*
https://www.aniseed.fr/aniseed/experiment/show_insitu_by_biomaterial?biomaterial_id=24034	Stage 13 (late gastrula)	KH2012:KH.C7.243 (DLX1; DLX2; DLX5)	row V neural plate	a9.39
https://www.aniseed.fr/aniseed/experiment/show_insitu_by_biomaterial?biomaterial_id=24034	Stage 13 (late gastrula)	KH2012:KH.C7.243 (DLX1; DLX2; DLX5)	row V neural plate	a9.39*
https://www.aniseed.fr/aniseed/experiment/show_insitu_by_biomaterial?biomaterial_id=24034	Stage 13 (late gastrula)	KH2012:KH.C7.243 (DLX1; DLX2; DLX5)	row V neural plate	a9.51
https://www.aniseed.fr/aniseed/experiment/show_insitu_by_biomaterial?biomaterial_id=24034	Stage 13 (late gastrula)	KH2012:KH.C7.243 (DLX1; DLX2; DLX5)	row V neural plate	a9.51*
https://www.aniseed.fr/aniseed/experiment/show_insitu_by_biomaterial?biomaterial_id=24034	Stage 13 (late gastrula)	KH2012:KH.C7.243 (DLX1; DLX2; DLX5)	row VI neural plate	a9.36
https://www.aniseed.fr/aniseed/experiment/show_insitu_by_biomaterial?biomaterial_id=24034	Stage 13 (late gastrula)	KH2012:KH.C7.243 (DLX1; DLX2; DLX5)	row VI neural plate	a9.36*
https://www.aniseed.fr/aniseed/experiment/show_insitu_by_biomaterial?biomaterial_id=24034	Stage 13 (late gastrula)	KH2012:KH.C7.243 (DLX1; DLX2; DLX5)	row VI neural plate	a9.40
https://www.aniseed.fr/aniseed/experiment/show_insitu_by_biomaterial?biomaterial_id=24034	Stage 13 (late gastrula)	KH2012:KH.C7.243 (DLX1; DLX2; DLX5)	row VI neural plate	a9.40*
https://www.aniseed.fr/aniseed/experiment/show_insitu_by_biomaterial?biomaterial_id=24034	Stage 13 (late gastrula)	KH2012:KH.C7.243 (DLX1; DLX2; DLX5)	row VI neural plate	a9.52
https://www.aniseed.fr/aniseed/experiment/show_insitu_by_biomaterial?biomaterial_id=24034	Stage 13 (late gastrula)	KH2012:KH.C7.243 (DLX1; DLX2; DLX5)	row VI neural plate	a9.52*
https://www.aniseed.fr/aniseed/experiment/show_insitu_by_biomaterial?biomaterial_id=20922	Stage 15 (mid neurula)	KH2012:KH.C7.243 (DLX1; DLX2; DLX5)	row VI neural plate	a9.36
https://www.aniseed.fr/aniseed/experiment/show_insitu_by_biomaterial?biomaterial_id=20922	Stage 15 (mid neurula)	KH2012:KH.C7.243 (DLX1; DLX2; DLX5)	row VI neural plate	a9.36*
https://www.aniseed.fr/aniseed/experiment/show_insitu_by_biomaterial?biomaterial_id=20922	Stage 15 (mid neurula)	KH2012:KH.C7.243 (DLX1; DLX2; DLX5)	row VI neural plate	a9.40
https://www.aniseed.fr/aniseed/experiment/show_insitu_by_biomaterial?biomaterial_id=20922	Stage 15 (mid neurula)	KH2012:KH.C7.243 (DLX1; DLX2; DLX5)	row VI neural plate	a9.40*
https://www.aniseed.fr/aniseed/experiment/show_insitu_by_biomaterial?biomaterial_id=24037	Stage 15 (mid neurula)	KH2012:KH.C7.243 (DLX1; DLX2; DLX5)	a9.36 cell pair	a9.36
https://www.aniseed.fr/aniseed/experiment/show_insitu_by_biomaterial?biomaterial_id=24037	Stage 15 (mid neurula)	KH2012:KH.C7.243 (DLX1; DLX2; DLX5)	a9.36 cell pair	a9.36*
https://www.aniseed.fr/aniseed/experiment/show_insitu_by_biomaterial?biomaterial_id=24037	Stage 15 (mid neurula)	KH2012:KH.C7.243 (DLX1; DLX2; DLX5)	a9.40 cell pair	a9.40
https://www.aniseed.fr/aniseed/experiment/show_insitu_by_biomaterial?biomaterial_id=24037	Stage 15 (mid neurula)	KH2012:KH.C7.243 (DLX1; DLX2; DLX5)	a9.40 cell pair	a9.40*
https://www.aniseed.fr/aniseed/experiment/show_insitu_by_biomaterial?biomaterial_id=24036	Stage 16 (late neurula)	KH2012:KH.C7.243 (DLX1; DLX2; DLX5)	a10.71 cell pair	a10.71
https://www.aniseed.fr/aniseed/experiment/show_insitu_by_biomaterial?biomaterial_id=24036	Stage 16 (late neurula)	KH2012:KH.C7.243 (DLX1; DLX2; DLX5)	a10.71 cell pair	a10.71*
https://www.aniseed.fr/aniseed/experiment/show_insitu_by_biomaterial?biomaterial_id=24036	Stage 16 (late neurula)	KH2012:KH.C7.243 (DLX1; DLX2; DLX5)	a10.72 cell pair	a10.72
https://www.aniseed.fr/aniseed/experiment/show_insitu_by_biomaterial?biomaterial_id=24036	Stage 16 (late neurula)	KH2012:KH.C7.243 (DLX1; DLX2; DLX5)	a10.72 cell pair	a10.72*
https://www.aniseed.fr/aniseed/experiment/show_insitu_by_biomaterial?biomaterial_id=16777	Stage 13 (late gastrula)	KH2012:KH.C7.523 (SOX11; SOX12; SOX4)	a9.33 cell pair	a9.33
https://www.aniseed.fr/aniseed/experiment/show_insitu_by_biomaterial?biomaterial_id=16777	Stage 13 (late gastrula)	KH2012:KH.C7.523 (SOX11; SOX12; SOX4)	a9.33 cell pair	a9.33*
https://www.aniseed.fr/aniseed/experiment/show_insitu_by_biomaterial?biomaterial_id=16777	Stage 13 (late gastrula)	KH2012:KH.C7.523 (SOX11; SOX12; SOX4)	a9.34 cell pair	a9.34
https://www.aniseed.fr/aniseed/experiment/show_insitu_by_biomaterial?biomaterial_id=16777	Stage 13 (late gastrula)	KH2012:KH.C7.523 (SOX11; SOX12; SOX4)	a9.34 cell pair	a9.34*
https://www.aniseed.fr/aniseed/experiment/show_insitu_by_biomaterial?biomaterial_id=16777	Stage 13 (late gastrula)	KH2012:KH.C7.523 (SOX11; SOX12; SOX4)	a9.35 cell pair	a9.35
https://www.aniseed.fr/aniseed/experiment/show_insitu_by_biomaterial?biomaterial_id=16777	Stage 13 (late gastrula)	KH2012:KH.C7.523 (SOX11; SOX12; SOX4)	a9.35 cell pair	a9.35*
https://www.aniseed.fr/aniseed/experiment/show_insitu_by_biomaterial?biomaterial_id=16777	Stage 13 (late gastrula)	KH2012:KH.C7.523 (SOX11; SOX12; SOX4)	a9.36 cell pair	a9.36
https://www.aniseed.fr/aniseed/experiment/show_insitu_by_biomaterial?biomaterial_id=16777	Stage 13 (late gastrula)	KH2012:KH.C7.523 (SOX11; SOX12; SOX4)	a9.36 cell pair	a9.36*
https://www.aniseed.fr/aniseed/experiment/show_insitu_by_biomaterial?biomaterial_id=16777	Stage 13 (late gastrula)	KH2012:KH.C7.523 (SOX11; SOX12; SOX4)	a9.37 cell pair	a9.37
https://www.aniseed.fr/aniseed/experiment/show_insitu_by_biomaterial?biomaterial_id=16777	Stage 13 (late gastrula)	KH2012:KH.C7.523 (SOX11; SOX12; SOX4)	a9.37 cell pair	a9.37*
https://www.aniseed.fr/aniseed/experiment/show_insitu_by_biomaterial?biomaterial_id=16777	Stage 13 (late gastrula)	KH2012:KH.C7.523 (SOX11; SOX12; SOX4)	a9.38 cell pair	a9.38
https://www.aniseed.fr/aniseed/experiment/show_insitu_by_biomaterial?biomaterial_id=16777	Stage 13 (late gastrula)	KH2012:KH.C7.523 (SOX11; SOX12; SOX4)	a9.38 cell pair	a9.38*
https://www.aniseed.fr/aniseed/experiment/show_insitu_by_biomaterial?biomaterial_id=16777	Stage 13 (late gastrula)	KH2012:KH.C7.523 (SOX11; SOX12; SOX4)	a9.39 cell pair	a9.39
https://www.aniseed.fr/aniseed/experiment/show_insitu_by_biomaterial?biomaterial_id=16777	Stage 13 (late gastrula)	KH2012:KH.C7.523 (SOX11; SOX12; SOX4)	a9.39 cell pair	a9.39*
https://www.aniseed.fr/aniseed/experiment/show_insitu_by_biomaterial?biomaterial_id=16777	Stage 13 (late gastrula)	KH2012:KH.C7.523 (SOX11; SOX12; SOX4)	a9.40 cell pair	a9.40
https://www.aniseed.fr/aniseed/experiment/show_insitu_by_biomaterial?biomaterial_id=16777	Stage 13 (late gastrula)	KH2012:KH.C7.523 (SOX11; SOX12; SOX4)	a9.40 cell pair	a9.40*
https://www.aniseed.fr/aniseed/experiment/show_insitu_by_biomaterial?biomaterial_id=15237	Stage 12 (mid gastrula)	KH2012:KH.C8.101 (MUSK; ROR1; ROR2)	row III neural plate	a9.33
https://www.aniseed.fr/aniseed/experiment/show_insitu_by_biomaterial?biomaterial_id=15237	Stage 12 (mid gastrula)	KH2012:KH.C8.101 (MUSK; ROR1; ROR2)	row III neural plate	a9.33*
https://www.aniseed.fr/aniseed/experiment/show_insitu_by_biomaterial?biomaterial_id=15237	Stage 12 (mid gastrula)	KH2012:KH.C8.101 (MUSK; ROR1; ROR2)	row III neural plate	a9.37
https://www.aniseed.fr/aniseed/experiment/show_insitu_by_biomaterial?biomaterial_id=15237	Stage 12 (mid gastrula)	KH2012:KH.C8.101 (MUSK; ROR1; ROR2)	row III neural plate	a9.37*
https://www.aniseed.fr/aniseed/experiment/show_insitu_by_biomaterial?biomaterial_id=15237	Stage 12 (mid gastrula)	KH2012:KH.C8.101 (MUSK; ROR1; ROR2)	row III neural plate	a9.49
https://www.aniseed.fr/aniseed/experiment/show_insitu_by_biomaterial?biomaterial_id=15237	Stage 12 (mid gastrula)	KH2012:KH.C8.101 (MUSK; ROR1; ROR2)	row III neural plate	a9.49*
https://www.aniseed.fr/aniseed/experiment/show_insitu_by_biomaterial?biomaterial_id=15237	Stage 12 (mid gastrula)	KH2012:KH.C8.101 (MUSK; ROR1; ROR2)	row IV neural plate	a9.34
https://www.aniseed.fr/aniseed/experiment/show_insitu_by_biomaterial?biomaterial_id=15237	Stage 12 (mid gastrula)	KH2012:KH.C8.101 (MUSK; ROR1; ROR2)	row IV neural plate	a9.34*
https://www.aniseed.fr/aniseed/experiment/show_insitu_by_biomaterial?biomaterial_id=15237	Stage 12 (mid gastrula)	KH2012:KH.C8.101 (MUSK; ROR1; ROR2)	row IV neural plate	a9.38
https://www.aniseed.fr/aniseed/experiment/show_insitu_by_biomaterial?biomaterial_id=15237	Stage 12 (mid gastrula)	KH2012:KH.C8.101 (MUSK; ROR1; ROR2)	row IV neural plate	a9.38*
https://www.aniseed.fr/aniseed/experiment/show_insitu_by_biomaterial?biomaterial_id=15237	Stage 12 (mid gastrula)	KH2012:KH.C8.101 (MUSK; ROR1; ROR2)	row IV neural plate	a9.50
https://www.aniseed.fr/aniseed/experiment/show_insitu_by_biomaterial?biomaterial_id=15237	Stage 12 (mid gastrula)	KH2012:KH.C8.101 (MUSK; ROR1; ROR2)	row IV neural plate	a9.50*
https://www.aniseed.fr/aniseed/experiment/show_insitu_by_biomaterial?biomaterial_id=15237	Stage 12 (mid gastrula)	KH2012:KH.C8.101 (MUSK; ROR1; ROR2)	row V neural plate	a9.35
https://www.aniseed.fr/aniseed/experiment/show_insitu_by_biomaterial?biomaterial_id=15237	Stage 12 (mid gastrula)	KH2012:KH.C8.101 (MUSK; ROR1; ROR2)	row V neural plate	a9.35*
https://www.aniseed.fr/aniseed/experiment/show_insitu_by_biomaterial?biomaterial_id=15237	Stage 12 (mid gastrula)	KH2012:KH.C8.101 (MUSK; ROR1; ROR2)	row V neural plate	a9.39
https://www.aniseed.fr/aniseed/experiment/show_insitu_by_biomaterial?biomaterial_id=15237	Stage 12 (mid gastrula)	KH2012:KH.C8.101 (MUSK; ROR1; ROR2)	row V neural plate	a9.39*
https://www.aniseed.fr/aniseed/experiment/show_insitu_by_biomaterial?biomaterial_id=15237	Stage 12 (mid gastrula)	KH2012:KH.C8.101 (MUSK; ROR1; ROR2)	row V neural plate	a9.51
https://www.aniseed.fr/aniseed/experiment/show_insitu_by_biomaterial?biomaterial_id=15237	Stage 12 (mid gastrula)	KH2012:KH.C8.101 (MUSK; ROR1; ROR2)	row V neural plate	a9.51*
https://www.aniseed.fr/aniseed/experiment/show_insitu_by_biomaterial?biomaterial_id=15237	Stage 12 (mid gastrula)	KH2012:KH.C8.101 (MUSK; ROR1; ROR2)	row VI neural plate	a9.36
https://www.aniseed.fr/aniseed/experiment/show_insitu_by_biomaterial?biomaterial_id=15237	Stage 12 (mid gastrula)	KH2012:KH.C8.101 (MUSK; ROR1; ROR2)	row VI neural plate	a9.36*
https://www.aniseed.fr/aniseed/experiment/show_insitu_by_biomaterial?biomaterial_id=15237	Stage 12 (mid gastrula)	KH2012:KH.C8.101 (MUSK; ROR1; ROR2)	row VI neural plate	a9.40
https://www.aniseed.fr/aniseed/experiment/show_insitu_by_biomaterial?biomaterial_id=15237	Stage 12 (mid gastrula)	KH2012:KH.C8.101 (MUSK; ROR1; ROR2)	row VI neural plate	a9.40*
https://www.aniseed.fr/aniseed/experiment/show_insitu_by_biomaterial?biomaterial_id=15237	Stage 12 (mid gastrula)	KH2012:KH.C8.101 (MUSK; ROR1; ROR2)	row VI neural plate	a9.52
https://www.aniseed.fr/aniseed/experiment/show_insitu_by_biomaterial?biomaterial_id=15237	Stage 12 (mid gastrula)	KH2012:KH.C8.101 (MUSK; ROR1; ROR2)	row VI neural plate	a9.52*
https://www.aniseed.fr/aniseed/experiment/show_insitu_by_biomaterial?biomaterial_id=15341	Stage 12 (mid gastrula)	KH2012:KH.C8.101 (MUSK; ROR1; ROR2)	a line neural plate	a9.36
https://www.aniseed.fr/aniseed/experiment/show_insitu_by_biomaterial?biomaterial_id=15341	Stage 12 (mid gastrula)	KH2012:KH.C8.101 (MUSK; ROR1; ROR2)	a line neural plate	a9.36*
https://www.aniseed.fr/aniseed/experiment/show_insitu_by_biomaterial?biomaterial_id=15341	Stage 12 (mid gastrula)	KH2012:KH.C8.101 (MUSK; ROR1; ROR2)	a line neural plate	a9.40
https://www.aniseed.fr/aniseed/experiment/show_insitu_by_biomaterial?biomaterial_id=15341	Stage 12 (mid gastrula)	KH2012:KH.C8.101 (MUSK; ROR1; ROR2)	a line neural plate	a9.40*
https://www.aniseed.fr/aniseed/experiment/show_insitu_by_biomaterial?biomaterial_id=15341	Stage 12 (mid gastrula)	KH2012:KH.C8.101 (MUSK; ROR1; ROR2)	a line neural plate	a9.52
https://www.aniseed.fr/aniseed/experiment/show_insitu_by_biomaterial?biomaterial_id=15341	Stage 12 (mid gastrula)	KH2012:KH.C8.101 (MUSK; ROR1; ROR2)	a line neural plate	a9.52*
https://www.aniseed.fr/aniseed/experiment/show_insitu_by_biomaterial?biomaterial_id=15347	Stage 12 (mid gastrula)	KH2012:KH.C8.101 (MUSK; ROR1; ROR2)	a line neural plate	a9.36
https://www.aniseed.fr/aniseed/experiment/show_insitu_by_biomaterial?biomaterial_id=15347	Stage 12 (mid gastrula)	KH2012:KH.C8.101 (MUSK; ROR1; ROR2)	a line neural plate	a9.36*
https://www.aniseed.fr/aniseed/experiment/show_insitu_by_biomaterial?biomaterial_id=15347	Stage 12 (mid gastrula)	KH2012:KH.C8.101 (MUSK; ROR1; ROR2)	a line neural plate	a9.40
https://www.aniseed.fr/aniseed/experiment/show_insitu_by_biomaterial?biomaterial_id=15347	Stage 12 (mid gastrula)	KH2012:KH.C8.101 (MUSK; ROR1; ROR2)	a line neural plate	a9.40*
https://www.aniseed.fr/aniseed/experiment/show_insitu_by_biomaterial?biomaterial_id=15347	Stage 12 (mid gastrula)	KH2012:KH.C8.101 (MUSK; ROR1; ROR2)	a line neural plate	a9.52
https://www.aniseed.fr/aniseed/experiment/show_insitu_by_biomaterial?biomaterial_id=15347	Stage 12 (mid gastrula)	KH2012:KH.C8.101 (MUSK; ROR1; ROR2)	a line neural plate	a9.52*
https://www.aniseed.fr/aniseed/experiment/show_insitu_by_biomaterial?biomaterial_id=15352	Stage 12 (mid gastrula)	KH2012:KH.C8.101 (MUSK; ROR1; ROR2)	a line neural plate	a9.33
https://www.aniseed.fr/aniseed/experiment/show_insitu_by_biomaterial?biomaterial_id=15352	Stage 12 (mid gastrula)	KH2012:KH.C8.101 (MUSK; ROR1; ROR2)	a line neural plate	a9.33*
https://www.aniseed.fr/aniseed/experiment/show_insitu_by_biomaterial?biomaterial_id=15352	Stage 12 (mid gastrula)	KH2012:KH.C8.101 (MUSK; ROR1; ROR2)	a line neural plate	a9.37
https://www.aniseed.fr/aniseed/experiment/show_insitu_by_biomaterial?biomaterial_id=15352	Stage 12 (mid gastrula)	KH2012:KH.C8.101 (MUSK; ROR1; ROR2)	a line neural plate	a9.37*
https://www.aniseed.fr/aniseed/experiment/show_insitu_by_biomaterial?biomaterial_id=15352	Stage 12 (mid gastrula)	KH2012:KH.C8.101 (MUSK; ROR1; ROR2)	a line neural plate	a9.35
https://www.aniseed.fr/aniseed/experiment/show_insitu_by_biomaterial?biomaterial_id=15352	Stage 12 (mid gastrula)	KH2012:KH.C8.101 (MUSK; ROR1; ROR2)	a line neural plate	a9.35*
https://www.aniseed.fr/aniseed/experiment/show_insitu_by_biomaterial?biomaterial_id=15352	Stage 12 (mid gastrula)	KH2012:KH.C8.101 (MUSK; ROR1; ROR2)	a line neural plate	a9.39
https://www.aniseed.fr/aniseed/experiment/show_insitu_by_biomaterial?biomaterial_id=15352	Stage 12 (mid gastrula)	KH2012:KH.C8.101 (MUSK; ROR1; ROR2)	a line neural plate	a9.39*
https://www.aniseed.fr/aniseed/experiment/show_insitu_by_biomaterial?biomaterial_id=15352	Stage 12 (mid gastrula)	KH2012:KH.C8.101 (MUSK; ROR1; ROR2)	a line neural plate	a9.49
https://www.aniseed.fr/aniseed/experiment/show_insitu_by_biomaterial?biomaterial_id=15352	Stage 12 (mid gastrula)	KH2012:KH.C8.101 (MUSK; ROR1; ROR2)	a line neural plate	a9.49*
https://www.aniseed.fr/aniseed/experiment/show_insitu_by_biomaterial?biomaterial_id=15352	Stage 12 (mid gastrula)	KH2012:KH.C8.101 (MUSK; ROR1; ROR2)	a line neural plate	a9.34
https://www.aniseed.fr/aniseed/experiment/show_insitu_by_biomaterial?biomaterial_id=15352	Stage 12 (mid gastrula)	KH2012:KH.C8.101 (MUSK; ROR1; ROR2)	a line neural plate	a9.34*
https://www.aniseed.fr/aniseed/experiment/show_insitu_by_biomaterial?biomaterial_id=15352	Stage 12 (mid gastrula)	KH2012:KH.C8.101 (MUSK; ROR1; ROR2)	a line neural plate	a9.38
https://www.aniseed.fr/aniseed/experiment/show_insitu_by_biomaterial?biomaterial_id=15352	Stage 12 (mid gastrula)	KH2012:KH.C8.101 (MUSK; ROR1; ROR2)	a line neural plate	a9.38*
https://www.aniseed.fr/aniseed/experiment/show_insitu_by_biomaterial?biomaterial_id=15352	Stage 12 (mid gastrula)	KH2012:KH.C8.101 (MUSK; ROR1; ROR2)	a line neural plate	a9.50
https://www.aniseed.fr/aniseed/experiment/show_insitu_by_biomaterial?biomaterial_id=15352	Stage 12 (mid gastrula)	KH2012:KH.C8.101 (MUSK; ROR1; ROR2)	a line neural plate	a9.50*
https://www.aniseed.fr/aniseed/experiment/show_insitu_by_biomaterial?biomaterial_id=15352	Stage 12 (mid gastrula)	KH2012:KH.C8.101 (MUSK; ROR1; ROR2)	a line neural plate	a9.36
https://www.aniseed.fr/aniseed/experiment/show_insitu_by_biomaterial?biomaterial_id=15352	Stage 12 (mid gastrula)	KH2012:KH.C8.101 (MUSK; ROR1; ROR2)	a line neural plate	a9.36*
https://www.aniseed.fr/aniseed/experiment/show_insitu_by_biomaterial?biomaterial_id=15352	Stage 12 (mid gastrula)	KH2012:KH.C8.101 (MUSK; ROR1; ROR2)	a line neural plate	a9.40
https://www.aniseed.fr/aniseed/experiment/show_insitu_by_biomaterial?biomaterial_id=15352	Stage 12 (mid gastrula)	KH2012:KH.C8.101 (MUSK; ROR1; ROR2)	a line neural plate	a9.40*
https://www.aniseed.fr/aniseed/experiment/show_insitu_by_biomaterial?biomaterial_id=15352	Stage 12 (mid gastrula)	KH2012:KH.C8.101 (MUSK; ROR1; ROR2)	a line neural plate	a9.52
https://www.aniseed.fr/aniseed/experiment/show_insitu_by_biomaterial?biomaterial_id=15352	Stage 12 (mid gastrula)	KH2012:KH.C8.101 (MUSK; ROR1; ROR2)	a line neural plate	a9.52*
https://www.aniseed.fr/aniseed/experiment/show_insitu_by_biomaterial?biomaterial_id=15352	Stage 12 (mid gastrula)	KH2012:KH.C8.101 (MUSK; ROR1; ROR2)	a line neural plate	a9.51
https://www.aniseed.fr/aniseed/experiment/show_insitu_by_biomaterial?biomaterial_id=15352	Stage 12 (mid gastrula)	KH2012:KH.C8.101 (MUSK; ROR1; ROR2)	a line neural plate	a9.51*
https://www.aniseed.fr/aniseed/experiment/show_insitu_by_biomaterial?biomaterial_id=15342	Stage 13 (late gastrula)	KH2012:KH.C8.101 (MUSK; ROR1; ROR2)	a line neural plate	a9.33
https://www.aniseed.fr/aniseed/experiment/show_insitu_by_biomaterial?biomaterial_id=15342	Stage 13 (late gastrula)	KH2012:KH.C8.101 (MUSK; ROR1; ROR2)	a line neural plate	a9.33*
https://www.aniseed.fr/aniseed/experiment/show_insitu_by_biomaterial?biomaterial_id=15342	Stage 13 (late gastrula)	KH2012:KH.C8.101 (MUSK; ROR1; ROR2)	a line neural plate	a9.37
https://www.aniseed.fr/aniseed/experiment/show_insitu_by_biomaterial?biomaterial_id=15342	Stage 13 (late gastrula)	KH2012:KH.C8.101 (MUSK; ROR1; ROR2)	a line neural plate	a9.37*
https://www.aniseed.fr/aniseed/experiment/show_insitu_by_biomaterial?biomaterial_id=15342	Stage 13 (late gastrula)	KH2012:KH.C8.101 (MUSK; ROR1; ROR2)	a line neural plate	a9.35
https://www.aniseed.fr/aniseed/experiment/show_insitu_by_biomaterial?biomaterial_id=15342	Stage 13 (late gastrula)	KH2012:KH.C8.101 (MUSK; ROR1; ROR2)	a line neural plate	a9.35*
https://www.aniseed.fr/aniseed/experiment/show_insitu_by_biomaterial?biomaterial_id=15342	Stage 13 (late gastrula)	KH2012:KH.C8.101 (MUSK; ROR1; ROR2)	a line neural plate	a9.39
https://www.aniseed.fr/aniseed/experiment/show_insitu_by_biomaterial?biomaterial_id=15342	Stage 13 (late gastrula)	KH2012:KH.C8.101 (MUSK; ROR1; ROR2)	a line neural plate	a9.39*
https://www.aniseed.fr/aniseed/experiment/show_insitu_by_biomaterial?biomaterial_id=15342	Stage 13 (late gastrula)	KH2012:KH.C8.101 (MUSK; ROR1; ROR2)	a line neural plate	a9.49
https://www.aniseed.fr/aniseed/experiment/show_insitu_by_biomaterial?biomaterial_id=15342	Stage 13 (late gastrula)	KH2012:KH.C8.101 (MUSK; ROR1; ROR2)	a line neural plate	a9.49*
https://www.aniseed.fr/aniseed/experiment/show_insitu_by_biomaterial?biomaterial_id=15342	Stage 13 (late gastrula)	KH2012:KH.C8.101 (MUSK; ROR1; ROR2)	a line neural plate	a9.34
https://www.aniseed.fr/aniseed/experiment/show_insitu_by_biomaterial?biomaterial_id=15342	Stage 13 (late gastrula)	KH2012:KH.C8.101 (MUSK; ROR1; ROR2)	a line neural plate	a9.34*
https://www.aniseed.fr/aniseed/experiment/show_insitu_by_biomaterial?biomaterial_id=15342	Stage 13 (late gastrula)	KH2012:KH.C8.101 (MUSK; ROR1; ROR2)	a line neural plate	a9.38
https://www.aniseed.fr/aniseed/experiment/show_insitu_by_biomaterial?biomaterial_id=15342	Stage 13 (late gastrula)	KH2012:KH.C8.101 (MUSK; ROR1; ROR2)	a line neural plate	a9.38*
https://www.aniseed.fr/aniseed/experiment/show_insitu_by_biomaterial?biomaterial_id=15342	Stage 13 (late gastrula)	KH2012:KH.C8.101 (MUSK; ROR1; ROR2)	a line neural plate	a9.50
https://www.aniseed.fr/aniseed/experiment/show_insitu_by_biomaterial?biomaterial_id=15342	Stage 13 (late gastrula)	KH2012:KH.C8.101 (MUSK; ROR1; ROR2)	a line neural plate	a9.50*
https://www.aniseed.fr/aniseed/experiment/show_insitu_by_biomaterial?biomaterial_id=15342	Stage 13 (late gastrula)	KH2012:KH.C8.101 (MUSK; ROR1; ROR2)	a line neural plate	a9.36
https://www.aniseed.fr/aniseed/experiment/show_insitu_by_biomaterial?biomaterial_id=15342	Stage 13 (late gastrula)	KH2012:KH.C8.101 (MUSK; ROR1; ROR2)	a line neural plate	a9.36*
https://www.aniseed.fr/aniseed/experiment/show_insitu_by_biomaterial?biomaterial_id=15342	Stage 13 (late gastrula)	KH2012:KH.C8.101 (MUSK; ROR1; ROR2)	a line neural plate	a9.40
https://www.aniseed.fr/aniseed/experiment/show_insitu_by_biomaterial?biomaterial_id=15342	Stage 13 (late gastrula)	KH2012:KH.C8.101 (MUSK; ROR1; ROR2)	a line neural plate	a9.40*
https://www.aniseed.fr/aniseed/experiment/show_insitu_by_biomaterial?biomaterial_id=15342	Stage 13 (late gastrula)	KH2012:KH.C8.101 (MUSK; ROR1; ROR2)	a line neural plate	a9.52
https://www.aniseed.fr/aniseed/experiment/show_insitu_by_biomaterial?biomaterial_id=15342	Stage 13 (late gastrula)	KH2012:KH.C8.101 (MUSK; ROR1; ROR2)	a line neural plate	a9.52*
https://www.aniseed.fr/aniseed/experiment/show_insitu_by_biomaterial?biomaterial_id=15342	Stage 13 (late gastrula)	KH2012:KH.C8.101 (MUSK; ROR1; ROR2)	a line neural plate	a9.51
https://www.aniseed.fr/aniseed/experiment/show_insitu_by_biomaterial?biomaterial_id=15342	Stage 13 (late gastrula)	KH2012:KH.C8.101 (MUSK; ROR1; ROR2)	a line neural plate	a9.51*
https://www.aniseed.fr/aniseed/experiment/show_insitu_by_biomaterial?biomaterial_id=15348	Stage 13 (late gastrula)	KH2012:KH.C8.101 (MUSK; ROR1; ROR2)	a line neural plate	a9.33
https://www.aniseed.fr/aniseed/experiment/show_insitu_by_biomaterial?biomaterial_id=15348	Stage 13 (late gastrula)	KH2012:KH.C8.101 (MUSK; ROR1; ROR2)	a line neural plate	a9.33*
https://www.aniseed.fr/aniseed/experiment/show_insitu_by_biomaterial?biomaterial_id=15348	Stage 13 (late gastrula)	KH2012:KH.C8.101 (MUSK; ROR1; ROR2)	a line neural plate	a9.37
https://www.aniseed.fr/aniseed/experiment/show_insitu_by_biomaterial?biomaterial_id=15348	Stage 13 (late gastrula)	KH2012:KH.C8.101 (MUSK; ROR1; ROR2)	a line neural plate	a9.37*
https://www.aniseed.fr/aniseed/experiment/show_insitu_by_biomaterial?biomaterial_id=15348	Stage 13 (late gastrula)	KH2012:KH.C8.101 (MUSK; ROR1; ROR2)	a line neural plate	a9.35
https://www.aniseed.fr/aniseed/experiment/show_insitu_by_biomaterial?biomaterial_id=15348	Stage 13 (late gastrula)	KH2012:KH.C8.101 (MUSK; ROR1; ROR2)	a line neural plate	a9.35*
https://www.aniseed.fr/aniseed/experiment/show_insitu_by_biomaterial?biomaterial_id=15348	Stage 13 (late gastrula)	KH2012:KH.C8.101 (MUSK; ROR1; ROR2)	a line neural plate	a9.39
https://www.aniseed.fr/aniseed/experiment/show_insitu_by_biomaterial?biomaterial_id=15348	Stage 13 (late gastrula)	KH2012:KH.C8.101 (MUSK; ROR1; ROR2)	a line neural plate	a9.39*
https://www.aniseed.fr/aniseed/experiment/show_insitu_by_biomaterial?biomaterial_id=15348	Stage 13 (late gastrula)	KH2012:KH.C8.101 (MUSK; ROR1; ROR2)	a line neural plate	a9.49
https://www.aniseed.fr/aniseed/experiment/show_insitu_by_biomaterial?biomaterial_id=15348	Stage 13 (late gastrula)	KH2012:KH.C8.101 (MUSK; ROR1; ROR2)	a line neural plate	a9.49*
https://www.aniseed.fr/aniseed/experiment/show_insitu_by_biomaterial?biomaterial_id=15348	Stage 13 (late gastrula)	KH2012:KH.C8.101 (MUSK; ROR1; ROR2)	a line neural plate	a9.34
https://www.aniseed.fr/aniseed/experiment/show_insitu_by_biomaterial?biomaterial_id=15348	Stage 13 (late gastrula)	KH2012:KH.C8.101 (MUSK; ROR1; ROR2)	a line neural plate	a9.34*
https://www.aniseed.fr/aniseed/experiment/show_insitu_by_biomaterial?biomaterial_id=15348	Stage 13 (late gastrula)	KH2012:KH.C8.101 (MUSK; ROR1; ROR2)	a line neural plate	a9.38
https://www.aniseed.fr/aniseed/experiment/show_insitu_by_biomaterial?biomaterial_id=15348	Stage 13 (late gastrula)	KH2012:KH.C8.101 (MUSK; ROR1; ROR2)	a line neural plate	a9.38*
https://www.aniseed.fr/aniseed/experiment/show_insitu_by_biomaterial?biomaterial_id=15348	Stage 13 (late gastrula)	KH2012:KH.C8.101 (MUSK; ROR1; ROR2)	a line neural plate	a9.50
https://www.aniseed.fr/aniseed/experiment/show_insitu_by_biomaterial?biomaterial_id=15348	Stage 13 (late gastrula)	KH2012:KH.C8.101 (MUSK; ROR1; ROR2)	a line neural plate	a9.50*
https://www.aniseed.fr/aniseed/experiment/show_insitu_by_biomaterial?biomaterial_id=15348	Stage 13 (late gastrula)	KH2012:KH.C8.101 (MUSK; ROR1; ROR2)	a line neural plate	a9.36
https://www.aniseed.fr/aniseed/experiment/show_insitu_by_biomaterial?biomaterial_id=15348	Stage 13 (late gastrula)	KH2012:KH.C8.101 (MUSK; ROR1; ROR2)	a line neural plate	a9.36*
https://www.aniseed.fr/aniseed/experiment/show_insitu_by_biomaterial?biomaterial_id=15348	Stage 13 (late gastrula)	KH2012:KH.C8.101 (MUSK; ROR1; ROR2)	a line neural plate	a9.40
https://www.aniseed.fr/aniseed/experiment/show_insitu_by_biomaterial?biomaterial_id=15348	Stage 13 (late gastrula)	KH2012:KH.C8.101 (MUSK; ROR1; ROR2)	a line neural plate	a9.40*
https://www.aniseed.fr/aniseed/experiment/show_insitu_by_biomaterial?biomaterial_id=15348	Stage 13 (late gastrula)	KH2012:KH.C8.101 (MUSK; ROR1; ROR2)	a line neural plate	a9.52
https://www.aniseed.fr/aniseed/experiment/show_insitu_by_biomaterial?biomaterial_id=15348	Stage 13 (late gastrula)	KH2012:KH.C8.101 (MUSK; ROR1; ROR2)	a line neural plate	a9.52*
https://www.aniseed.fr/aniseed/experiment/show_insitu_by_biomaterial?biomaterial_id=15348	Stage 13 (late gastrula)	KH2012:KH.C8.101 (MUSK; ROR1; ROR2)	a line neural plate	a9.51
https://www.aniseed.fr/aniseed/experiment/show_insitu_by_biomaterial?biomaterial_id=15348	Stage 13 (late gastrula)	KH2012:KH.C8.101 (MUSK; ROR1; ROR2)	a line neural plate	a9.51*
https://www.aniseed.fr/aniseed/experiment/show_insitu_by_biomaterial?biomaterial_id=15353	Stage 13 (late gastrula)	KH2012:KH.C8.101 (MUSK; ROR1; ROR2)	a line neural plate	a9.33
https://www.aniseed.fr/aniseed/experiment/show_insitu_by_biomaterial?biomaterial_id=15353	Stage 13 (late gastrula)	KH2012:KH.C8.101 (MUSK; ROR1; ROR2)	a line neural plate	a9.33*
https://www.aniseed.fr/aniseed/experiment/show_insitu_by_biomaterial?biomaterial_id=15353	Stage 13 (late gastrula)	KH2012:KH.C8.101 (MUSK; ROR1; ROR2)	a line neural plate	a9.37
https://www.aniseed.fr/aniseed/experiment/show_insitu_by_biomaterial?biomaterial_id=15353	Stage 13 (late gastrula)	KH2012:KH.C8.101 (MUSK; ROR1; ROR2)	a line neural plate	a9.37*
https://www.aniseed.fr/aniseed/experiment/show_insitu_by_biomaterial?biomaterial_id=15353	Stage 13 (late gastrula)	KH2012:KH.C8.101 (MUSK; ROR1; ROR2)	a line neural plate	a9.35
https://www.aniseed.fr/aniseed/experiment/show_insitu_by_biomaterial?biomaterial_id=15353	Stage 13 (late gastrula)	KH2012:KH.C8.101 (MUSK; ROR1; ROR2)	a line neural plate	a9.35*
https://www.aniseed.fr/aniseed/experiment/show_insitu_by_biomaterial?biomaterial_id=15353	Stage 13 (late gastrula)	KH2012:KH.C8.101 (MUSK; ROR1; ROR2)	a line neural plate	a9.39
https://www.aniseed.fr/aniseed/experiment/show_insitu_by_biomaterial?biomaterial_id=15353	Stage 13 (late gastrula)	KH2012:KH.C8.101 (MUSK; ROR1; ROR2)	a line neural plate	a9.39*
https://www.aniseed.fr/aniseed/experiment/show_insitu_by_biomaterial?biomaterial_id=15353	Stage 13 (late gastrula)	KH2012:KH.C8.101 (MUSK; ROR1; ROR2)	a line neural plate	a9.49
https://www.aniseed.fr/aniseed/experiment/show_insitu_by_biomaterial?biomaterial_id=15353	Stage 13 (late gastrula)	KH2012:KH.C8.101 (MUSK; ROR1; ROR2)	a line neural plate	a9.49*
https://www.aniseed.fr/aniseed/experiment/show_insitu_by_biomaterial?biomaterial_id=15353	Stage 13 (late gastrula)	KH2012:KH.C8.101 (MUSK; ROR1; ROR2)	a line neural plate	a9.34
https://www.aniseed.fr/aniseed/experiment/show_insitu_by_biomaterial?biomaterial_id=15353	Stage 13 (late gastrula)	KH2012:KH.C8.101 (MUSK; ROR1; ROR2)	a line neural plate	a9.34*
https://www.aniseed.fr/aniseed/experiment/show_insitu_by_biomaterial?biomaterial_id=15353	Stage 13 (late gastrula)	KH2012:KH.C8.101 (MUSK; ROR1; ROR2)	a line neural plate	a9.38
https://www.aniseed.fr/aniseed/experiment/show_insitu_by_biomaterial?biomaterial_id=15353	Stage 13 (late gastrula)	KH2012:KH.C8.101 (MUSK; ROR1; ROR2)	a line neural plate	a9.38*
https://www.aniseed.fr/aniseed/experiment/show_insitu_by_biomaterial?biomaterial_id=15353	Stage 13 (late gastrula)	KH2012:KH.C8.101 (MUSK; ROR1; ROR2)	a line neural plate	a9.50
https://www.aniseed.fr/aniseed/experiment/show_insitu_by_biomaterial?biomaterial_id=15353	Stage 13 (late gastrula)	KH2012:KH.C8.101 (MUSK; ROR1; ROR2)	a line neural plate	a9.50*
https://www.aniseed.fr/aniseed/experiment/show_insitu_by_biomaterial?biomaterial_id=15353	Stage 13 (late gastrula)	KH2012:KH.C8.101 (MUSK; ROR1; ROR2)	a line neural plate	a9.36
https://www.aniseed.fr/aniseed/experiment/show_insitu_by_biomaterial?biomaterial_id=15353	Stage 13 (late gastrula)	KH2012:KH.C8.101 (MUSK; ROR1; ROR2)	a line neural plate	a9.36*
https://www.aniseed.fr/aniseed/experiment/show_insitu_by_biomaterial?biomaterial_id=15353	Stage 13 (late gastrula)	KH2012:KH.C8.101 (MUSK; ROR1; ROR2)	a line neural plate	a9.40
https://www.aniseed.fr/aniseed/experiment/show_insitu_by_biomaterial?biomaterial_id=15353	Stage 13 (late gastrula)	KH2012:KH.C8.101 (MUSK; ROR1; ROR2)	a line neural plate	a9.40*
https://www.aniseed.fr/aniseed/experiment/show_insitu_by_biomaterial?biomaterial_id=15353	Stage 13 (late gastrula)	KH2012:KH.C8.101 (MUSK; ROR1; ROR2)	a line neural plate	a9.52
https://www.aniseed.fr/aniseed/experiment/show_insitu_by_biomaterial?biomaterial_id=15353	Stage 13 (late gastrula)	KH2012:KH.C8.101 (MUSK; ROR1; ROR2)	a line neural plate	a9.52*
https://www.aniseed.fr/aniseed/experiment/show_insitu_by_biomaterial?biomaterial_id=15353	Stage 13 (late gastrula)	KH2012:KH.C8.101 (MUSK; ROR1; ROR2)	a line neural plate	a9.51
https://www.aniseed.fr/aniseed/experiment/show_insitu_by_biomaterial?biomaterial_id=15353	Stage 13 (late gastrula)	KH2012:KH.C8.101 (MUSK; ROR1; ROR2)	a line neural plate	a9.51*
https://www.aniseed.fr/aniseed/experiment/show_insitu_by_biomaterial?biomaterial_id=15343	Stage 14 (early neurula)	KH2012:KH.C8.101 (MUSK; ROR1; ROR2)	a line neural plate	a9.49
https://www.aniseed.fr/aniseed/experiment/show_insitu_by_biomaterial?biomaterial_id=15343	Stage 14 (early neurula)	KH2012:KH.C8.101 (MUSK; ROR1; ROR2)	a line neural plate	a9.49*
https://www.aniseed.fr/aniseed/experiment/show_insitu_by_biomaterial?biomaterial_id=15343	Stage 14 (early neurula)	KH2012:KH.C8.101 (MUSK; ROR1; ROR2)	a line neural plate	a9.34
https://www.aniseed.fr/aniseed/experiment/show_insitu_by_biomaterial?biomaterial_id=15343	Stage 14 (early neurula)	KH2012:KH.C8.101 (MUSK; ROR1; ROR2)	a line neural plate	a9.34*
https://www.aniseed.fr/aniseed/experiment/show_insitu_by_biomaterial?biomaterial_id=15343	Stage 14 (early neurula)	KH2012:KH.C8.101 (MUSK; ROR1; ROR2)	a line neural plate	a9.38
https://www.aniseed.fr/aniseed/experiment/show_insitu_by_biomaterial?biomaterial_id=15343	Stage 14 (early neurula)	KH2012:KH.C8.101 (MUSK; ROR1; ROR2)	a line neural plate	a9.38*
https://www.aniseed.fr/aniseed/experiment/show_insitu_by_biomaterial?biomaterial_id=15343	Stage 14 (early neurula)	KH2012:KH.C8.101 (MUSK; ROR1; ROR2)	a line neural plate	a10.65
https://www.aniseed.fr/aniseed/experiment/show_insitu_by_biomaterial?biomaterial_id=15343	Stage 14 (early neurula)	KH2012:KH.C8.101 (MUSK; ROR1; ROR2)	a line neural plate	a10.65*
https://www.aniseed.fr/aniseed/experiment/show_insitu_by_biomaterial?biomaterial_id=15343	Stage 14 (early neurula)	KH2012:KH.C8.101 (MUSK; ROR1; ROR2)	a line neural plate	a10.73
https://www.aniseed.fr/aniseed/experiment/show_insitu_by_biomaterial?biomaterial_id=15343	Stage 14 (early neurula)	KH2012:KH.C8.101 (MUSK; ROR1; ROR2)	a line neural plate	a10.73*
https://www.aniseed.fr/aniseed/experiment/show_insitu_by_biomaterial?biomaterial_id=15343	Stage 14 (early neurula)	KH2012:KH.C8.101 (MUSK; ROR1; ROR2)	a line neural plate	a10.66
https://www.aniseed.fr/aniseed/experiment/show_insitu_by_biomaterial?biomaterial_id=15343	Stage 14 (early neurula)	KH2012:KH.C8.101 (MUSK; ROR1; ROR2)	a line neural plate	a10.66*
https://www.aniseed.fr/aniseed/experiment/show_insitu_by_biomaterial?biomaterial_id=15343	Stage 14 (early neurula)	KH2012:KH.C8.101 (MUSK; ROR1; ROR2)	a line neural plate	a10.74
https://www.aniseed.fr/aniseed/experiment/show_insitu_by_biomaterial?biomaterial_id=15343	Stage 14 (early neurula)	KH2012:KH.C8.101 (MUSK; ROR1; ROR2)	a line neural plate	a10.74*
https://www.aniseed.fr/aniseed/experiment/show_insitu_by_biomaterial?biomaterial_id=15343	Stage 14 (early neurula)	KH2012:KH.C8.101 (MUSK; ROR1; ROR2)	a line neural plate	a10.69
https://www.aniseed.fr/aniseed/experiment/show_insitu_by_biomaterial?biomaterial_id=15343	Stage 14 (early neurula)	KH2012:KH.C8.101 (MUSK; ROR1; ROR2)	a line neural plate	a10.69*
https://www.aniseed.fr/aniseed/experiment/show_insitu_by_biomaterial?biomaterial_id=15343	Stage 14 (early neurula)	KH2012:KH.C8.101 (MUSK; ROR1; ROR2)	a line neural plate	a10.77
https://www.aniseed.fr/aniseed/experiment/show_insitu_by_biomaterial?biomaterial_id=15343	Stage 14 (early neurula)	KH2012:KH.C8.101 (MUSK; ROR1; ROR2)	a line neural plate	a10.77*
https://www.aniseed.fr/aniseed/experiment/show_insitu_by_biomaterial?biomaterial_id=15343	Stage 14 (early neurula)	KH2012:KH.C8.101 (MUSK; ROR1; ROR2)	a line neural plate	a10.70
https://www.aniseed.fr/aniseed/experiment/show_insitu_by_biomaterial?biomaterial_id=15343	Stage 14 (early neurula)	KH2012:KH.C8.101 (MUSK; ROR1; ROR2)	a line neural plate	a10.70*
https://www.aniseed.fr/aniseed/experiment/show_insitu_by_biomaterial?biomaterial_id=15343	Stage 14 (early neurula)	KH2012:KH.C8.101 (MUSK; ROR1; ROR2)	a line neural plate	a10.78
https://www.aniseed.fr/aniseed/experiment/show_insitu_by_biomaterial?biomaterial_id=15343	Stage 14 (early neurula)	KH2012:KH.C8.101 (MUSK; ROR1; ROR2)	a line neural plate	a10.78*
https://www.aniseed.fr/aniseed/experiment/show_insitu_by_biomaterial?biomaterial_id=15343	Stage 14 (early neurula)	KH2012:KH.C8.101 (MUSK; ROR1; ROR2)	a line neural plate	a9.50
https://www.aniseed.fr/aniseed/experiment/show_insitu_by_biomaterial?biomaterial_id=15343	Stage 14 (early neurula)	KH2012:KH.C8.101 (MUSK; ROR1; ROR2)	a line neural plate	a9.50*
https://www.aniseed.fr/aniseed/experiment/show_insitu_by_biomaterial?biomaterial_id=15343	Stage 14 (early neurula)	KH2012:KH.C8.101 (MUSK; ROR1; ROR2)	a line neural plate	a9.36
https://www.aniseed.fr/aniseed/experiment/show_insitu_by_biomaterial?biomaterial_id=15343	Stage 14 (early neurula)	KH2012:KH.C8.101 (MUSK; ROR1; ROR2)	a line neural plate	a9.36*
https://www.aniseed.fr/aniseed/experiment/show_insitu_by_biomaterial?biomaterial_id=15343	Stage 14 (early neurula)	KH2012:KH.C8.101 (MUSK; ROR1; ROR2)	a line neural plate	a9.40
https://www.aniseed.fr/aniseed/experiment/show_insitu_by_biomaterial?biomaterial_id=15343	Stage 14 (early neurula)	KH2012:KH.C8.101 (MUSK; ROR1; ROR2)	a line neural plate	a9.40*
https://www.aniseed.fr/aniseed/experiment/show_insitu_by_biomaterial?biomaterial_id=15343	Stage 14 (early neurula)	KH2012:KH.C8.101 (MUSK; ROR1; ROR2)	a line neural plate	a9.52
https://www.aniseed.fr/aniseed/experiment/show_insitu_by_biomaterial?biomaterial_id=15343	Stage 14 (early neurula)	KH2012:KH.C8.101 (MUSK; ROR1; ROR2)	a line neural plate	a9.52*
https://www.aniseed.fr/aniseed/experiment/show_insitu_by_biomaterial?biomaterial_id=15343	Stage 14 (early neurula)	KH2012:KH.C8.101 (MUSK; ROR1; ROR2)	a line neural plate	a9.51
https://www.aniseed.fr/aniseed/experiment/show_insitu_by_biomaterial?biomaterial_id=15343	Stage 14 (early neurula)	KH2012:KH.C8.101 (MUSK; ROR1; ROR2)	a line neural plate	a9.51*
https://www.aniseed.fr/aniseed/experiment/show_insitu_by_biomaterial?biomaterial_id=15344	Stage 16 (late neurula)	KH2012:KH.C8.101 (MUSK; ROR1; ROR2)	row V neural plate	a10.101
https://www.aniseed.fr/aniseed/experiment/show_insitu_by_biomaterial?biomaterial_id=15344	Stage 16 (late neurula)	KH2012:KH.C8.101 (MUSK; ROR1; ROR2)	row V neural plate	a10.101*
https://www.aniseed.fr/aniseed/experiment/show_insitu_by_biomaterial?biomaterial_id=15344	Stage 16 (late neurula)	KH2012:KH.C8.101 (MUSK; ROR1; ROR2)	row V neural plate	a10.102
https://www.aniseed.fr/aniseed/experiment/show_insitu_by_biomaterial?biomaterial_id=15344	Stage 16 (late neurula)	KH2012:KH.C8.101 (MUSK; ROR1; ROR2)	row V neural plate	a10.102*
https://www.aniseed.fr/aniseed/experiment/show_insitu_by_biomaterial?biomaterial_id=15344	Stage 16 (late neurula)	KH2012:KH.C8.101 (MUSK; ROR1; ROR2)	row VI neural plate	a10.103
https://www.aniseed.fr/aniseed/experiment/show_insitu_by_biomaterial?biomaterial_id=15344	Stage 16 (late neurula)	KH2012:KH.C8.101 (MUSK; ROR1; ROR2)	row VI neural plate	a10.103*
https://www.aniseed.fr/aniseed/experiment/show_insitu_by_biomaterial?biomaterial_id=15344	Stage 16 (late neurula)	KH2012:KH.C8.101 (MUSK; ROR1; ROR2)	row VI neural plate	a10.71
https://www.aniseed.fr/aniseed/experiment/show_insitu_by_biomaterial?biomaterial_id=15344	Stage 16 (late neurula)	KH2012:KH.C8.101 (MUSK; ROR1; ROR2)	row VI neural plate	a10.71*
https://www.aniseed.fr/aniseed/experiment/show_insitu_by_biomaterial?biomaterial_id=15344	Stage 16 (late neurula)	KH2012:KH.C8.101 (MUSK; ROR1; ROR2)	row VI neural plate	a10.79
https://www.aniseed.fr/aniseed/experiment/show_insitu_by_biomaterial?biomaterial_id=15344	Stage 16 (late neurula)	KH2012:KH.C8.101 (MUSK; ROR1; ROR2)	row VI neural plate	a10.79*
https://www.aniseed.fr/aniseed/experiment/show_insitu_by_biomaterial?biomaterial_id=15344	Stage 16 (late neurula)	KH2012:KH.C8.101 (MUSK; ROR1; ROR2)	row VI neural plate	a10.104
https://www.aniseed.fr/aniseed/experiment/show_insitu_by_biomaterial?biomaterial_id=15344	Stage 16 (late neurula)	KH2012:KH.C8.101 (MUSK; ROR1; ROR2)	row VI neural plate	a10.104*
https://www.aniseed.fr/aniseed/experiment/show_insitu_by_biomaterial?biomaterial_id=15344	Stage 16 (late neurula)	KH2012:KH.C8.101 (MUSK; ROR1; ROR2)	row VI neural plate	a10.72
https://www.aniseed.fr/aniseed/experiment/show_insitu_by_biomaterial?biomaterial_id=15344	Stage 16 (late neurula)	KH2012:KH.C8.101 (MUSK; ROR1; ROR2)	row VI neural plate	a10.72*
https://www.aniseed.fr/aniseed/experiment/show_insitu_by_biomaterial?biomaterial_id=15344	Stage 16 (late neurula)	KH2012:KH.C8.101 (MUSK; ROR1; ROR2)	row VI neural plate	a10.80
https://www.aniseed.fr/aniseed/experiment/show_insitu_by_biomaterial?biomaterial_id=15344	Stage 16 (late neurula)	KH2012:KH.C8.101 (MUSK; ROR1; ROR2)	row VI neural plate	a10.80*
https://www.aniseed.fr/aniseed/experiment/show_insitu_by_biomaterial?biomaterial_id=28629	Stage 12 (mid gastrula)	KH2012:KH.C8.247 (ELK1; ELK3; ELK4)	row I neural plate	A9.13
https://www.aniseed.fr/aniseed/experiment/show_insitu_by_biomaterial?biomaterial_id=28629	Stage 12 (mid gastrula)	KH2012:KH.C8.247 (ELK1; ELK3; ELK4)	row I neural plate	A9.13*
https://www.aniseed.fr/aniseed/experiment/show_insitu_by_biomaterial?biomaterial_id=28629	Stage 12 (mid gastrula)	KH2012:KH.C8.247 (ELK1; ELK3; ELK4)	row I neural plate	A9.15
https://www.aniseed.fr/aniseed/experiment/show_insitu_by_biomaterial?biomaterial_id=28629	Stage 12 (mid gastrula)	KH2012:KH.C8.247 (ELK1; ELK3; ELK4)	row I neural plate	A9.15*
https://www.aniseed.fr/aniseed/experiment/show_insitu_by_biomaterial?biomaterial_id=28629	Stage 12 (mid gastrula)	KH2012:KH.C8.247 (ELK1; ELK3; ELK4)	row I neural plate	A9.29
https://www.aniseed.fr/aniseed/experiment/show_insitu_by_biomaterial?biomaterial_id=28629	Stage 12 (mid gastrula)	KH2012:KH.C8.247 (ELK1; ELK3; ELK4)	row I neural plate	A9.29*
https://www.aniseed.fr/aniseed/experiment/show_insitu_by_biomaterial?biomaterial_id=28629	Stage 12 (mid gastrula)	KH2012:KH.C8.247 (ELK1; ELK3; ELK4)	row III neural plate	a9.33
https://www.aniseed.fr/aniseed/experiment/show_insitu_by_biomaterial?biomaterial_id=28629	Stage 12 (mid gastrula)	KH2012:KH.C8.247 (ELK1; ELK3; ELK4)	row III neural plate	a9.33*
https://www.aniseed.fr/aniseed/experiment/show_insitu_by_biomaterial?biomaterial_id=28629	Stage 12 (mid gastrula)	KH2012:KH.C8.247 (ELK1; ELK3; ELK4)	row III neural plate	a9.37
https://www.aniseed.fr/aniseed/experiment/show_insitu_by_biomaterial?biomaterial_id=28629	Stage 12 (mid gastrula)	KH2012:KH.C8.247 (ELK1; ELK3; ELK4)	row III neural plate	a9.37*
https://www.aniseed.fr/aniseed/experiment/show_insitu_by_biomaterial?biomaterial_id=28629	Stage 12 (mid gastrula)	KH2012:KH.C8.247 (ELK1; ELK3; ELK4)	row III neural plate	a9.49
https://www.aniseed.fr/aniseed/experiment/show_insitu_by_biomaterial?biomaterial_id=28629	Stage 12 (mid gastrula)	KH2012:KH.C8.247 (ELK1; ELK3; ELK4)	row III neural plate	a9.49*
https://www.aniseed.fr/aniseed/experiment/show_insitu_by_biomaterial?biomaterial_id=28629	Stage 12 (mid gastrula)	KH2012:KH.C8.247 (ELK1; ELK3; ELK4)	row IV neural plate	a9.34
https://www.aniseed.fr/aniseed/experiment/show_insitu_by_biomaterial?biomaterial_id=28629	Stage 12 (mid gastrula)	KH2012:KH.C8.247 (ELK1; ELK3; ELK4)	row IV neural plate	a9.34*
https://www.aniseed.fr/aniseed/experiment/show_insitu_by_biomaterial?biomaterial_id=28629	Stage 12 (mid gastrula)	KH2012:KH.C8.247 (ELK1; ELK3; ELK4)	row IV neural plate	a9.38
https://www.aniseed.fr/aniseed/experiment/show_insitu_by_biomaterial?biomaterial_id=28629	Stage 12 (mid gastrula)	KH2012:KH.C8.247 (ELK1; ELK3; ELK4)	row IV neural plate	a9.38*
https://www.aniseed.fr/aniseed/experiment/show_insitu_by_biomaterial?biomaterial_id=28629	Stage 12 (mid gastrula)	KH2012:KH.C8.247 (ELK1; ELK3; ELK4)	row IV neural plate	a9.50
https://www.aniseed.fr/aniseed/experiment/show_insitu_by_biomaterial?biomaterial_id=28629	Stage 12 (mid gastrula)	KH2012:KH.C8.247 (ELK1; ELK3; ELK4)	row IV neural plate	a9.50*
https://www.aniseed.fr/aniseed/experiment/show_insitu_by_biomaterial?biomaterial_id=15588	Stage 13 (late gastrula)	KH2012:KH.C8.316 (PRICKLE1; PRICKLE2; PRICKLE3)	A9.29 cell pair	A9.29
https://www.aniseed.fr/aniseed/experiment/show_insitu_by_biomaterial?biomaterial_id=15588	Stage 13 (late gastrula)	KH2012:KH.C8.316 (PRICKLE1; PRICKLE2; PRICKLE3)	A9.29 cell pair	A9.29*
https://www.aniseed.fr/aniseed/experiment/show_insitu_by_biomaterial?biomaterial_id=15588	Stage 13 (late gastrula)	KH2012:KH.C8.316 (PRICKLE1; PRICKLE2; PRICKLE3)	A9.30 cell pair	A9.30
https://www.aniseed.fr/aniseed/experiment/show_insitu_by_biomaterial?biomaterial_id=15588	Stage 13 (late gastrula)	KH2012:KH.C8.316 (PRICKLE1; PRICKLE2; PRICKLE3)	A9.30 cell pair	A9.30*
https://www.aniseed.fr/aniseed/experiment/show_insitu_by_biomaterial?biomaterial_id=15588	Stage 13 (late gastrula)	KH2012:KH.C8.316 (PRICKLE1; PRICKLE2; PRICKLE3)	A9.32 cell pair	A9.32
https://www.aniseed.fr/aniseed/experiment/show_insitu_by_biomaterial?biomaterial_id=15588	Stage 13 (late gastrula)	KH2012:KH.C8.316 (PRICKLE1; PRICKLE2; PRICKLE3)	A9.32 cell pair	A9.32*
https://www.aniseed.fr/aniseed/experiment/show_insitu_by_biomaterial?biomaterial_id=1895	Stage 15 (mid neurula)	KH2012:KH.C8.316 (PRICKLE1; PRICKLE2; PRICKLE3)	A10.30 cell pair	A10.30
https://www.aniseed.fr/aniseed/experiment/show_insitu_by_biomaterial?biomaterial_id=1895	Stage 15 (mid neurula)	KH2012:KH.C8.316 (PRICKLE1; PRICKLE2; PRICKLE3)	A10.30 cell pair	A10.30*
https://www.aniseed.fr/aniseed/experiment/show_insitu_by_biomaterial?biomaterial_id=1895	Stage 15 (mid neurula)	KH2012:KH.C8.316 (PRICKLE1; PRICKLE2; PRICKLE3)	A10.63 cell pair	A10.63
https://www.aniseed.fr/aniseed/experiment/show_insitu_by_biomaterial?biomaterial_id=1895	Stage 15 (mid neurula)	KH2012:KH.C8.316 (PRICKLE1; PRICKLE2; PRICKLE3)	A10.63 cell pair	A10.63*
https://www.aniseed.fr/aniseed/experiment/show_insitu_by_biomaterial?biomaterial_id=1895	Stage 15 (mid neurula)	KH2012:KH.C8.316 (PRICKLE1; PRICKLE2; PRICKLE3)	A10.64 cell pair	A10.64
https://www.aniseed.fr/aniseed/experiment/show_insitu_by_biomaterial?biomaterial_id=1895	Stage 15 (mid neurula)	KH2012:KH.C8.316 (PRICKLE1; PRICKLE2; PRICKLE3)	A10.64 cell pair	A10.64*
https://www.aniseed.fr/aniseed/experiment/show_insitu_by_biomaterial?biomaterial_id=1895	Stage 15 (mid neurula)	KH2012:KH.C8.316 (PRICKLE1; PRICKLE2; PRICKLE3)	row I A neural plate	A10.25
https://www.aniseed.fr/aniseed/experiment/show_insitu_by_biomaterial?biomaterial_id=1895	Stage 15 (mid neurula)	KH2012:KH.C8.316 (PRICKLE1; PRICKLE2; PRICKLE3)	row I A neural plate	A10.25*
https://www.aniseed.fr/aniseed/experiment/show_insitu_by_biomaterial?biomaterial_id=1895	Stage 15 (mid neurula)	KH2012:KH.C8.316 (PRICKLE1; PRICKLE2; PRICKLE3)	row I A neural plate	A10.29
https://www.aniseed.fr/aniseed/experiment/show_insitu_by_biomaterial?biomaterial_id=1895	Stage 15 (mid neurula)	KH2012:KH.C8.316 (PRICKLE1; PRICKLE2; PRICKLE3)	row I A neural plate	A10.29*
https://www.aniseed.fr/aniseed/experiment/show_insitu_by_biomaterial?biomaterial_id=1895	Stage 15 (mid neurula)	KH2012:KH.C8.316 (PRICKLE1; PRICKLE2; PRICKLE3)	A10.26 cell pair	A10.26
https://www.aniseed.fr/aniseed/experiment/show_insitu_by_biomaterial?biomaterial_id=1895	Stage 15 (mid neurula)	KH2012:KH.C8.316 (PRICKLE1; PRICKLE2; PRICKLE3)	A10.26 cell pair	A10.26*
https://www.aniseed.fr/aniseed/experiment/show_insitu_by_biomaterial?biomaterial_id=1895	Stage 15 (mid neurula)	KH2012:KH.C8.316 (PRICKLE1; PRICKLE2; PRICKLE3)	A10.30 cell pair	A10.30
https://www.aniseed.fr/aniseed/experiment/show_insitu_by_biomaterial?biomaterial_id=1895	Stage 15 (mid neurula)	KH2012:KH.C8.316 (PRICKLE1; PRICKLE2; PRICKLE3)	A10.30 cell pair	A10.30*
https://www.aniseed.fr/aniseed/experiment/show_insitu_by_biomaterial?biomaterial_id=16448	Stage 13 (late gastrula)	KH2012:KH.C8.551 (CYP26A1; CYP26B1; CYP26C1)	a line neural plate	a9.33
https://www.aniseed.fr/aniseed/experiment/show_insitu_by_biomaterial?biomaterial_id=16448	Stage 13 (late gastrula)	KH2012:KH.C8.551 (CYP26A1; CYP26B1; CYP26C1)	a line neural plate	a9.33*
https://www.aniseed.fr/aniseed/experiment/show_insitu_by_biomaterial?biomaterial_id=16448	Stage 13 (late gastrula)	KH2012:KH.C8.551 (CYP26A1; CYP26B1; CYP26C1)	a line neural plate	a9.37
https://www.aniseed.fr/aniseed/experiment/show_insitu_by_biomaterial?biomaterial_id=16448	Stage 13 (late gastrula)	KH2012:KH.C8.551 (CYP26A1; CYP26B1; CYP26C1)	a line neural plate	a9.37*
https://www.aniseed.fr/aniseed/experiment/show_insitu_by_biomaterial?biomaterial_id=16448	Stage 13 (late gastrula)	KH2012:KH.C8.551 (CYP26A1; CYP26B1; CYP26C1)	a line neural plate	a9.35
https://www.aniseed.fr/aniseed/experiment/show_insitu_by_biomaterial?biomaterial_id=16448	Stage 13 (late gastrula)	KH2012:KH.C8.551 (CYP26A1; CYP26B1; CYP26C1)	a line neural plate	a9.35*
https://www.aniseed.fr/aniseed/experiment/show_insitu_by_biomaterial?biomaterial_id=16448	Stage 13 (late gastrula)	KH2012:KH.C8.551 (CYP26A1; CYP26B1; CYP26C1)	a line neural plate	a9.39
https://www.aniseed.fr/aniseed/experiment/show_insitu_by_biomaterial?biomaterial_id=16448	Stage 13 (late gastrula)	KH2012:KH.C8.551 (CYP26A1; CYP26B1; CYP26C1)	a line neural plate	a9.39*
https://www.aniseed.fr/aniseed/experiment/show_insitu_by_biomaterial?biomaterial_id=16448	Stage 13 (late gastrula)	KH2012:KH.C8.551 (CYP26A1; CYP26B1; CYP26C1)	a line neural plate	a9.49
https://www.aniseed.fr/aniseed/experiment/show_insitu_by_biomaterial?biomaterial_id=16448	Stage 13 (late gastrula)	KH2012:KH.C8.551 (CYP26A1; CYP26B1; CYP26C1)	a line neural plate	a9.49*
https://www.aniseed.fr/aniseed/experiment/show_insitu_by_biomaterial?biomaterial_id=16448	Stage 13 (late gastrula)	KH2012:KH.C8.551 (CYP26A1; CYP26B1; CYP26C1)	a line neural plate	a9.34
https://www.aniseed.fr/aniseed/experiment/show_insitu_by_biomaterial?biomaterial_id=16448	Stage 13 (late gastrula)	KH2012:KH.C8.551 (CYP26A1; CYP26B1; CYP26C1)	a line neural plate	a9.34*
https://www.aniseed.fr/aniseed/experiment/show_insitu_by_biomaterial?biomaterial_id=16448	Stage 13 (late gastrula)	KH2012:KH.C8.551 (CYP26A1; CYP26B1; CYP26C1)	a line neural plate	a9.38
https://www.aniseed.fr/aniseed/experiment/show_insitu_by_biomaterial?biomaterial_id=16448	Stage 13 (late gastrula)	KH2012:KH.C8.551 (CYP26A1; CYP26B1; CYP26C1)	a line neural plate	a9.38*
https://www.aniseed.fr/aniseed/experiment/show_insitu_by_biomaterial?biomaterial_id=16448	Stage 13 (late gastrula)	KH2012:KH.C8.551 (CYP26A1; CYP26B1; CYP26C1)	a line neural plate	a9.50
https://www.aniseed.fr/aniseed/experiment/show_insitu_by_biomaterial?biomaterial_id=16448	Stage 13 (late gastrula)	KH2012:KH.C8.551 (CYP26A1; CYP26B1; CYP26C1)	a line neural plate	a9.50*
https://www.aniseed.fr/aniseed/experiment/show_insitu_by_biomaterial?biomaterial_id=16448	Stage 13 (late gastrula)	KH2012:KH.C8.551 (CYP26A1; CYP26B1; CYP26C1)	a line neural plate	a9.36
https://www.aniseed.fr/aniseed/experiment/show_insitu_by_biomaterial?biomaterial_id=16448	Stage 13 (late gastrula)	KH2012:KH.C8.551 (CYP26A1; CYP26B1; CYP26C1)	a line neural plate	a9.36*
https://www.aniseed.fr/aniseed/experiment/show_insitu_by_biomaterial?biomaterial_id=16448	Stage 13 (late gastrula)	KH2012:KH.C8.551 (CYP26A1; CYP26B1; CYP26C1)	a line neural plate	a9.40
https://www.aniseed.fr/aniseed/experiment/show_insitu_by_biomaterial?biomaterial_id=16448	Stage 13 (late gastrula)	KH2012:KH.C8.551 (CYP26A1; CYP26B1; CYP26C1)	a line neural plate	a9.40*
https://www.aniseed.fr/aniseed/experiment/show_insitu_by_biomaterial?biomaterial_id=16448	Stage 13 (late gastrula)	KH2012:KH.C8.551 (CYP26A1; CYP26B1; CYP26C1)	a line neural plate	a9.52
https://www.aniseed.fr/aniseed/experiment/show_insitu_by_biomaterial?biomaterial_id=16448	Stage 13 (late gastrula)	KH2012:KH.C8.551 (CYP26A1; CYP26B1; CYP26C1)	a line neural plate	a9.52*
https://www.aniseed.fr/aniseed/experiment/show_insitu_by_biomaterial?biomaterial_id=16448	Stage 13 (late gastrula)	KH2012:KH.C8.551 (CYP26A1; CYP26B1; CYP26C1)	a line neural plate	a9.51
https://www.aniseed.fr/aniseed/experiment/show_insitu_by_biomaterial?biomaterial_id=16448	Stage 13 (late gastrula)	KH2012:KH.C8.551 (CYP26A1; CYP26B1; CYP26C1)	a line neural plate	a9.51*
https://www.aniseed.fr/aniseed/experiment/show_insitu_by_biomaterial?biomaterial_id=26734	Stage 13 (late gastrula)	KH2012:KH.C8.551 (CYP26A1; CYP26B1; CYP26C1)	a line neural plate	a9.33
https://www.aniseed.fr/aniseed/experiment/show_insitu_by_biomaterial?biomaterial_id=26734	Stage 13 (late gastrula)	KH2012:KH.C8.551 (CYP26A1; CYP26B1; CYP26C1)	a line neural plate	a9.33*
https://www.aniseed.fr/aniseed/experiment/show_insitu_by_biomaterial?biomaterial_id=26734	Stage 13 (late gastrula)	KH2012:KH.C8.551 (CYP26A1; CYP26B1; CYP26C1)	a line neural plate	a9.37
https://www.aniseed.fr/aniseed/experiment/show_insitu_by_biomaterial?biomaterial_id=26734	Stage 13 (late gastrula)	KH2012:KH.C8.551 (CYP26A1; CYP26B1; CYP26C1)	a line neural plate	a9.37*
https://www.aniseed.fr/aniseed/experiment/show_insitu_by_biomaterial?biomaterial_id=26734	Stage 13 (late gastrula)	KH2012:KH.C8.551 (CYP26A1; CYP26B1; CYP26C1)	a line neural plate	a9.35
https://www.aniseed.fr/aniseed/experiment/show_insitu_by_biomaterial?biomaterial_id=26734	Stage 13 (late gastrula)	KH2012:KH.C8.551 (CYP26A1; CYP26B1; CYP26C1)	a line neural plate	a9.35*
https://www.aniseed.fr/aniseed/experiment/show_insitu_by_biomaterial?biomaterial_id=26734	Stage 13 (late gastrula)	KH2012:KH.C8.551 (CYP26A1; CYP26B1; CYP26C1)	a line neural plate	a9.39
https://www.aniseed.fr/aniseed/experiment/show_insitu_by_biomaterial?biomaterial_id=26734	Stage 13 (late gastrula)	KH2012:KH.C8.551 (CYP26A1; CYP26B1; CYP26C1)	a line neural plate	a9.39*
https://www.aniseed.fr/aniseed/experiment/show_insitu_by_biomaterial?biomaterial_id=26734	Stage 13 (late gastrula)	KH2012:KH.C8.551 (CYP26A1; CYP26B1; CYP26C1)	a line neural plate	a9.49
https://www.aniseed.fr/aniseed/experiment/show_insitu_by_biomaterial?biomaterial_id=26734	Stage 13 (late gastrula)	KH2012:KH.C8.551 (CYP26A1; CYP26B1; CYP26C1)	a line neural plate	a9.49*
https://www.aniseed.fr/aniseed/experiment/show_insitu_by_biomaterial?biomaterial_id=26734	Stage 13 (late gastrula)	KH2012:KH.C8.551 (CYP26A1; CYP26B1; CYP26C1)	a line neural plate	a9.34
https://www.aniseed.fr/aniseed/experiment/show_insitu_by_biomaterial?biomaterial_id=26734	Stage 13 (late gastrula)	KH2012:KH.C8.551 (CYP26A1; CYP26B1; CYP26C1)	a line neural plate	a9.34*
https://www.aniseed.fr/aniseed/experiment/show_insitu_by_biomaterial?biomaterial_id=26734	Stage 13 (late gastrula)	KH2012:KH.C8.551 (CYP26A1; CYP26B1; CYP26C1)	a line neural plate	a9.38
https://www.aniseed.fr/aniseed/experiment/show_insitu_by_biomaterial?biomaterial_id=26734	Stage 13 (late gastrula)	KH2012:KH.C8.551 (CYP26A1; CYP26B1; CYP26C1)	a line neural plate	a9.38*
https://www.aniseed.fr/aniseed/experiment/show_insitu_by_biomaterial?biomaterial_id=26734	Stage 13 (late gastrula)	KH2012:KH.C8.551 (CYP26A1; CYP26B1; CYP26C1)	a line neural plate	a9.50
https://www.aniseed.fr/aniseed/experiment/show_insitu_by_biomaterial?biomaterial_id=26734	Stage 13 (late gastrula)	KH2012:KH.C8.551 (CYP26A1; CYP26B1; CYP26C1)	a line neural plate	a9.50*
https://www.aniseed.fr/aniseed/experiment/show_insitu_by_biomaterial?biomaterial_id=26734	Stage 13 (late gastrula)	KH2012:KH.C8.551 (CYP26A1; CYP26B1; CYP26C1)	a line neural plate	a9.36
https://www.aniseed.fr/aniseed/experiment/show_insitu_by_biomaterial?biomaterial_id=26734	Stage 13 (late gastrula)	KH2012:KH.C8.551 (CYP26A1; CYP26B1; CYP26C1)	a line neural plate	a9.36*
https://www.aniseed.fr/aniseed/experiment/show_insitu_by_biomaterial?biomaterial_id=26734	Stage 13 (late gastrula)	KH2012:KH.C8.551 (CYP26A1; CYP26B1; CYP26C1)	a line neural plate	a9.40
https://www.aniseed.fr/aniseed/experiment/show_insitu_by_biomaterial?biomaterial_id=26734	Stage 13 (late gastrula)	KH2012:KH.C8.551 (CYP26A1; CYP26B1; CYP26C1)	a line neural plate	a9.40*
https://www.aniseed.fr/aniseed/experiment/show_insitu_by_biomaterial?biomaterial_id=26734	Stage 13 (late gastrula)	KH2012:KH.C8.551 (CYP26A1; CYP26B1; CYP26C1)	a line neural plate	a9.52
https://www.aniseed.fr/aniseed/experiment/show_insitu_by_biomaterial?biomaterial_id=26734	Stage 13 (late gastrula)	KH2012:KH.C8.551 (CYP26A1; CYP26B1; CYP26C1)	a line neural plate	a9.52*
https://www.aniseed.fr/aniseed/experiment/show_insitu_by_biomaterial?biomaterial_id=26734	Stage 13 (late gastrula)	KH2012:KH.C8.551 (CYP26A1; CYP26B1; CYP26C1)	a line neural plate	a9.51
https://www.aniseed.fr/aniseed/experiment/show_insitu_by_biomaterial?biomaterial_id=26734	Stage 13 (late gastrula)	KH2012:KH.C8.551 (CYP26A1; CYP26B1; CYP26C1)	a line neural plate	a9.51*
https://www.aniseed.fr/aniseed/experiment/show_insitu_by_biomaterial?biomaterial_id=15334	Stage 12 (mid gastrula)	KH2012:KH.C8.737 (MUSK; ROR1; ROR2)	a line neural plate	a9.33
https://www.aniseed.fr/aniseed/experiment/show_insitu_by_biomaterial?biomaterial_id=15334	Stage 12 (mid gastrula)	KH2012:KH.C8.737 (MUSK; ROR1; ROR2)	a line neural plate	a9.33*
https://www.aniseed.fr/aniseed/experiment/show_insitu_by_biomaterial?biomaterial_id=15334	Stage 12 (mid gastrula)	KH2012:KH.C8.737 (MUSK; ROR1; ROR2)	a line neural plate	a9.37
https://www.aniseed.fr/aniseed/experiment/show_insitu_by_biomaterial?biomaterial_id=15334	Stage 12 (mid gastrula)	KH2012:KH.C8.737 (MUSK; ROR1; ROR2)	a line neural plate	a9.37*
https://www.aniseed.fr/aniseed/experiment/show_insitu_by_biomaterial?biomaterial_id=15334	Stage 12 (mid gastrula)	KH2012:KH.C8.737 (MUSK; ROR1; ROR2)	a line neural plate	a9.35
https://www.aniseed.fr/aniseed/experiment/show_insitu_by_biomaterial?biomaterial_id=15334	Stage 12 (mid gastrula)	KH2012:KH.C8.737 (MUSK; ROR1; ROR2)	a line neural plate	a9.35*
https://www.aniseed.fr/aniseed/experiment/show_insitu_by_biomaterial?biomaterial_id=15334	Stage 12 (mid gastrula)	KH2012:KH.C8.737 (MUSK; ROR1; ROR2)	a line neural plate	a9.39
https://www.aniseed.fr/aniseed/experiment/show_insitu_by_biomaterial?biomaterial_id=15334	Stage 12 (mid gastrula)	KH2012:KH.C8.737 (MUSK; ROR1; ROR2)	a line neural plate	a9.39*
https://www.aniseed.fr/aniseed/experiment/show_insitu_by_biomaterial?biomaterial_id=15334	Stage 12 (mid gastrula)	KH2012:KH.C8.737 (MUSK; ROR1; ROR2)	a line neural plate	a9.49
https://www.aniseed.fr/aniseed/experiment/show_insitu_by_biomaterial?biomaterial_id=15334	Stage 12 (mid gastrula)	KH2012:KH.C8.737 (MUSK; ROR1; ROR2)	a line neural plate	a9.49*
https://www.aniseed.fr/aniseed/experiment/show_insitu_by_biomaterial?biomaterial_id=15334	Stage 12 (mid gastrula)	KH2012:KH.C8.737 (MUSK; ROR1; ROR2)	a line neural plate	a9.34
https://www.aniseed.fr/aniseed/experiment/show_insitu_by_biomaterial?biomaterial_id=15334	Stage 12 (mid gastrula)	KH2012:KH.C8.737 (MUSK; ROR1; ROR2)	a line neural plate	a9.34*
https://www.aniseed.fr/aniseed/experiment/show_insitu_by_biomaterial?biomaterial_id=15334	Stage 12 (mid gastrula)	KH2012:KH.C8.737 (MUSK; ROR1; ROR2)	a line neural plate	a9.38
https://www.aniseed.fr/aniseed/experiment/show_insitu_by_biomaterial?biomaterial_id=15334	Stage 12 (mid gastrula)	KH2012:KH.C8.737 (MUSK; ROR1; ROR2)	a line neural plate	a9.38*
https://www.aniseed.fr/aniseed/experiment/show_insitu_by_biomaterial?biomaterial_id=15334	Stage 12 (mid gastrula)	KH2012:KH.C8.737 (MUSK; ROR1; ROR2)	a line neural plate	a9.50
https://www.aniseed.fr/aniseed/experiment/show_insitu_by_biomaterial?biomaterial_id=15334	Stage 12 (mid gastrula)	KH2012:KH.C8.737 (MUSK; ROR1; ROR2)	a line neural plate	a9.50*
https://www.aniseed.fr/aniseed/experiment/show_insitu_by_biomaterial?biomaterial_id=15334	Stage 12 (mid gastrula)	KH2012:KH.C8.737 (MUSK; ROR1; ROR2)	a line neural plate	a9.36
https://www.aniseed.fr/aniseed/experiment/show_insitu_by_biomaterial?biomaterial_id=15334	Stage 12 (mid gastrula)	KH2012:KH.C8.737 (MUSK; ROR1; ROR2)	a line neural plate	a9.36*
https://www.aniseed.fr/aniseed/experiment/show_insitu_by_biomaterial?biomaterial_id=15334	Stage 12 (mid gastrula)	KH2012:KH.C8.737 (MUSK; ROR1; ROR2)	a line neural plate	a9.40
https://www.aniseed.fr/aniseed/experiment/show_insitu_by_biomaterial?biomaterial_id=15334	Stage 12 (mid gastrula)	KH2012:KH.C8.737 (MUSK; ROR1; ROR2)	a line neural plate	a9.40*
https://www.aniseed.fr/aniseed/experiment/show_insitu_by_biomaterial?biomaterial_id=15334	Stage 12 (mid gastrula)	KH2012:KH.C8.737 (MUSK; ROR1; ROR2)	a line neural plate	a9.52
https://www.aniseed.fr/aniseed/experiment/show_insitu_by_biomaterial?biomaterial_id=15334	Stage 12 (mid gastrula)	KH2012:KH.C8.737 (MUSK; ROR1; ROR2)	a line neural plate	a9.52*
https://www.aniseed.fr/aniseed/experiment/show_insitu_by_biomaterial?biomaterial_id=15334	Stage 12 (mid gastrula)	KH2012:KH.C8.737 (MUSK; ROR1; ROR2)	a line neural plate	a9.51
https://www.aniseed.fr/aniseed/experiment/show_insitu_by_biomaterial?biomaterial_id=15334	Stage 12 (mid gastrula)	KH2012:KH.C8.737 (MUSK; ROR1; ROR2)	a line neural plate	a9.51*
https://www.aniseed.fr/aniseed/experiment/show_insitu_by_biomaterial?biomaterial_id=15335	Stage 13 (late gastrula)	KH2012:KH.C8.737 (MUSK; ROR1; ROR2)	a line neural plate	a9.33
https://www.aniseed.fr/aniseed/experiment/show_insitu_by_biomaterial?biomaterial_id=15335	Stage 13 (late gastrula)	KH2012:KH.C8.737 (MUSK; ROR1; ROR2)	a line neural plate	a9.33*
https://www.aniseed.fr/aniseed/experiment/show_insitu_by_biomaterial?biomaterial_id=15335	Stage 13 (late gastrula)	KH2012:KH.C8.737 (MUSK; ROR1; ROR2)	a line neural plate	a9.37
https://www.aniseed.fr/aniseed/experiment/show_insitu_by_biomaterial?biomaterial_id=15335	Stage 13 (late gastrula)	KH2012:KH.C8.737 (MUSK; ROR1; ROR2)	a line neural plate	a9.37*
https://www.aniseed.fr/aniseed/experiment/show_insitu_by_biomaterial?biomaterial_id=15335	Stage 13 (late gastrula)	KH2012:KH.C8.737 (MUSK; ROR1; ROR2)	a line neural plate	a9.35
https://www.aniseed.fr/aniseed/experiment/show_insitu_by_biomaterial?biomaterial_id=15335	Stage 13 (late gastrula)	KH2012:KH.C8.737 (MUSK; ROR1; ROR2)	a line neural plate	a9.35*
https://www.aniseed.fr/aniseed/experiment/show_insitu_by_biomaterial?biomaterial_id=15335	Stage 13 (late gastrula)	KH2012:KH.C8.737 (MUSK; ROR1; ROR2)	a line neural plate	a9.39
https://www.aniseed.fr/aniseed/experiment/show_insitu_by_biomaterial?biomaterial_id=15335	Stage 13 (late gastrula)	KH2012:KH.C8.737 (MUSK; ROR1; ROR2)	a line neural plate	a9.39*
https://www.aniseed.fr/aniseed/experiment/show_insitu_by_biomaterial?biomaterial_id=15335	Stage 13 (late gastrula)	KH2012:KH.C8.737 (MUSK; ROR1; ROR2)	a line neural plate	a9.49
https://www.aniseed.fr/aniseed/experiment/show_insitu_by_biomaterial?biomaterial_id=15335	Stage 13 (late gastrula)	KH2012:KH.C8.737 (MUSK; ROR1; ROR2)	a line neural plate	a9.49*
https://www.aniseed.fr/aniseed/experiment/show_insitu_by_biomaterial?biomaterial_id=15335	Stage 13 (late gastrula)	KH2012:KH.C8.737 (MUSK; ROR1; ROR2)	a line neural plate	a9.34
https://www.aniseed.fr/aniseed/experiment/show_insitu_by_biomaterial?biomaterial_id=15335	Stage 13 (late gastrula)	KH2012:KH.C8.737 (MUSK; ROR1; ROR2)	a line neural plate	a9.34*
https://www.aniseed.fr/aniseed/experiment/show_insitu_by_biomaterial?biomaterial_id=15335	Stage 13 (late gastrula)	KH2012:KH.C8.737 (MUSK; ROR1; ROR2)	a line neural plate	a9.38
https://www.aniseed.fr/aniseed/experiment/show_insitu_by_biomaterial?biomaterial_id=15335	Stage 13 (late gastrula)	KH2012:KH.C8.737 (MUSK; ROR1; ROR2)	a line neural plate	a9.38*
https://www.aniseed.fr/aniseed/experiment/show_insitu_by_biomaterial?biomaterial_id=15335	Stage 13 (late gastrula)	KH2012:KH.C8.737 (MUSK; ROR1; ROR2)	a line neural plate	a9.50
https://www.aniseed.fr/aniseed/experiment/show_insitu_by_biomaterial?biomaterial_id=15335	Stage 13 (late gastrula)	KH2012:KH.C8.737 (MUSK; ROR1; ROR2)	a line neural plate	a9.50*
https://www.aniseed.fr/aniseed/experiment/show_insitu_by_biomaterial?biomaterial_id=15335	Stage 13 (late gastrula)	KH2012:KH.C8.737 (MUSK; ROR1; ROR2)	a line neural plate	a9.36
https://www.aniseed.fr/aniseed/experiment/show_insitu_by_biomaterial?biomaterial_id=15335	Stage 13 (late gastrula)	KH2012:KH.C8.737 (MUSK; ROR1; ROR2)	a line neural plate	a9.36*
https://www.aniseed.fr/aniseed/experiment/show_insitu_by_biomaterial?biomaterial_id=15335	Stage 13 (late gastrula)	KH2012:KH.C8.737 (MUSK; ROR1; ROR2)	a line neural plate	a9.40
https://www.aniseed.fr/aniseed/experiment/show_insitu_by_biomaterial?biomaterial_id=15335	Stage 13 (late gastrula)	KH2012:KH.C8.737 (MUSK; ROR1; ROR2)	a line neural plate	a9.40*
https://www.aniseed.fr/aniseed/experiment/show_insitu_by_biomaterial?biomaterial_id=15335	Stage 13 (late gastrula)	KH2012:KH.C8.737 (MUSK; ROR1; ROR2)	a line neural plate	a9.52
https://www.aniseed.fr/aniseed/experiment/show_insitu_by_biomaterial?biomaterial_id=15335	Stage 13 (late gastrula)	KH2012:KH.C8.737 (MUSK; ROR1; ROR2)	a line neural plate	a9.52*
https://www.aniseed.fr/aniseed/experiment/show_insitu_by_biomaterial?biomaterial_id=15335	Stage 13 (late gastrula)	KH2012:KH.C8.737 (MUSK; ROR1; ROR2)	a line neural plate	a9.51
https://www.aniseed.fr/aniseed/experiment/show_insitu_by_biomaterial?biomaterial_id=15335	Stage 13 (late gastrula)	KH2012:KH.C8.737 (MUSK; ROR1; ROR2)	a line neural plate	a9.51*
https://www.aniseed.fr/aniseed/experiment/show_insitu_by_biomaterial?biomaterial_id=15367	Stage 13 (late gastrula)	KH2012:KH.C8.737 (MUSK; ROR1; ROR2)	a line neural plate	a9.33
https://www.aniseed.fr/aniseed/experiment/show_insitu_by_biomaterial?biomaterial_id=15367	Stage 13 (late gastrula)	KH2012:KH.C8.737 (MUSK; ROR1; ROR2)	a line neural plate	a9.33*
https://www.aniseed.fr/aniseed/experiment/show_insitu_by_biomaterial?biomaterial_id=15367	Stage 13 (late gastrula)	KH2012:KH.C8.737 (MUSK; ROR1; ROR2)	a line neural plate	a9.37
https://www.aniseed.fr/aniseed/experiment/show_insitu_by_biomaterial?biomaterial_id=15367	Stage 13 (late gastrula)	KH2012:KH.C8.737 (MUSK; ROR1; ROR2)	a line neural plate	a9.37*
https://www.aniseed.fr/aniseed/experiment/show_insitu_by_biomaterial?biomaterial_id=15367	Stage 13 (late gastrula)	KH2012:KH.C8.737 (MUSK; ROR1; ROR2)	a line neural plate	a9.35
https://www.aniseed.fr/aniseed/experiment/show_insitu_by_biomaterial?biomaterial_id=15367	Stage 13 (late gastrula)	KH2012:KH.C8.737 (MUSK; ROR1; ROR2)	a line neural plate	a9.35*
https://www.aniseed.fr/aniseed/experiment/show_insitu_by_biomaterial?biomaterial_id=15367	Stage 13 (late gastrula)	KH2012:KH.C8.737 (MUSK; ROR1; ROR2)	a line neural plate	a9.39
https://www.aniseed.fr/aniseed/experiment/show_insitu_by_biomaterial?biomaterial_id=15367	Stage 13 (late gastrula)	KH2012:KH.C8.737 (MUSK; ROR1; ROR2)	a line neural plate	a9.39*
https://www.aniseed.fr/aniseed/experiment/show_insitu_by_biomaterial?biomaterial_id=15367	Stage 13 (late gastrula)	KH2012:KH.C8.737 (MUSK; ROR1; ROR2)	a line neural plate	a9.49
https://www.aniseed.fr/aniseed/experiment/show_insitu_by_biomaterial?biomaterial_id=15367	Stage 13 (late gastrula)	KH2012:KH.C8.737 (MUSK; ROR1; ROR2)	a line neural plate	a9.49*
https://www.aniseed.fr/aniseed/experiment/show_insitu_by_biomaterial?biomaterial_id=15367	Stage 13 (late gastrula)	KH2012:KH.C8.737 (MUSK; ROR1; ROR2)	a line neural plate	a9.34
https://www.aniseed.fr/aniseed/experiment/show_insitu_by_biomaterial?biomaterial_id=15367	Stage 13 (late gastrula)	KH2012:KH.C8.737 (MUSK; ROR1; ROR2)	a line neural plate	a9.34*
https://www.aniseed.fr/aniseed/experiment/show_insitu_by_biomaterial?biomaterial_id=15367	Stage 13 (late gastrula)	KH2012:KH.C8.737 (MUSK; ROR1; ROR2)	a line neural plate	a9.38
https://www.aniseed.fr/aniseed/experiment/show_insitu_by_biomaterial?biomaterial_id=15367	Stage 13 (late gastrula)	KH2012:KH.C8.737 (MUSK; ROR1; ROR2)	a line neural plate	a9.38*
https://www.aniseed.fr/aniseed/experiment/show_insitu_by_biomaterial?biomaterial_id=15367	Stage 13 (late gastrula)	KH2012:KH.C8.737 (MUSK; ROR1; ROR2)	a line neural plate	a9.50
https://www.aniseed.fr/aniseed/experiment/show_insitu_by_biomaterial?biomaterial_id=15367	Stage 13 (late gastrula)	KH2012:KH.C8.737 (MUSK; ROR1; ROR2)	a line neural plate	a9.50*
https://www.aniseed.fr/aniseed/experiment/show_insitu_by_biomaterial?biomaterial_id=15367	Stage 13 (late gastrula)	KH2012:KH.C8.737 (MUSK; ROR1; ROR2)	a line neural plate	a9.36
https://www.aniseed.fr/aniseed/experiment/show_insitu_by_biomaterial?biomaterial_id=15367	Stage 13 (late gastrula)	KH2012:KH.C8.737 (MUSK; ROR1; ROR2)	a line neural plate	a9.36*
https://www.aniseed.fr/aniseed/experiment/show_insitu_by_biomaterial?biomaterial_id=15367	Stage 13 (late gastrula)	KH2012:KH.C8.737 (MUSK; ROR1; ROR2)	a line neural plate	a9.40
https://www.aniseed.fr/aniseed/experiment/show_insitu_by_biomaterial?biomaterial_id=15367	Stage 13 (late gastrula)	KH2012:KH.C8.737 (MUSK; ROR1; ROR2)	a line neural plate	a9.40*
https://www.aniseed.fr/aniseed/experiment/show_insitu_by_biomaterial?biomaterial_id=15367	Stage 13 (late gastrula)	KH2012:KH.C8.737 (MUSK; ROR1; ROR2)	a line neural plate	a9.52
https://www.aniseed.fr/aniseed/experiment/show_insitu_by_biomaterial?biomaterial_id=15367	Stage 13 (late gastrula)	KH2012:KH.C8.737 (MUSK; ROR1; ROR2)	a line neural plate	a9.52*
https://www.aniseed.fr/aniseed/experiment/show_insitu_by_biomaterial?biomaterial_id=15367	Stage 13 (late gastrula)	KH2012:KH.C8.737 (MUSK; ROR1; ROR2)	a line neural plate	a9.51
https://www.aniseed.fr/aniseed/experiment/show_insitu_by_biomaterial?biomaterial_id=15367	Stage 13 (late gastrula)	KH2012:KH.C8.737 (MUSK; ROR1; ROR2)	a line neural plate	a9.51*
https://www.aniseed.fr/aniseed/experiment/show_insitu_by_biomaterial?biomaterial_id=15336	Stage 15 (mid neurula)	KH2012:KH.C8.737 (MUSK; ROR1; ROR2)	a line neural plate	a10.65
https://www.aniseed.fr/aniseed/experiment/show_insitu_by_biomaterial?biomaterial_id=15336	Stage 15 (mid neurula)	KH2012:KH.C8.737 (MUSK; ROR1; ROR2)	a line neural plate	a10.65*
https://www.aniseed.fr/aniseed/experiment/show_insitu_by_biomaterial?biomaterial_id=15336	Stage 15 (mid neurula)	KH2012:KH.C8.737 (MUSK; ROR1; ROR2)	a line neural plate	a10.73
https://www.aniseed.fr/aniseed/experiment/show_insitu_by_biomaterial?biomaterial_id=15336	Stage 15 (mid neurula)	KH2012:KH.C8.737 (MUSK; ROR1; ROR2)	a line neural plate	a10.73*
https://www.aniseed.fr/aniseed/experiment/show_insitu_by_biomaterial?biomaterial_id=15336	Stage 15 (mid neurula)	KH2012:KH.C8.737 (MUSK; ROR1; ROR2)	a line neural plate	a10.66
https://www.aniseed.fr/aniseed/experiment/show_insitu_by_biomaterial?biomaterial_id=15336	Stage 15 (mid neurula)	KH2012:KH.C8.737 (MUSK; ROR1; ROR2)	a line neural plate	a10.66*
https://www.aniseed.fr/aniseed/experiment/show_insitu_by_biomaterial?biomaterial_id=15336	Stage 15 (mid neurula)	KH2012:KH.C8.737 (MUSK; ROR1; ROR2)	a line neural plate	a10.74
https://www.aniseed.fr/aniseed/experiment/show_insitu_by_biomaterial?biomaterial_id=15336	Stage 15 (mid neurula)	KH2012:KH.C8.737 (MUSK; ROR1; ROR2)	a line neural plate	a10.74*
https://www.aniseed.fr/aniseed/experiment/show_insitu_by_biomaterial?biomaterial_id=15336	Stage 15 (mid neurula)	KH2012:KH.C8.737 (MUSK; ROR1; ROR2)	a line neural plate	a10.69
https://www.aniseed.fr/aniseed/experiment/show_insitu_by_biomaterial?biomaterial_id=15336	Stage 15 (mid neurula)	KH2012:KH.C8.737 (MUSK; ROR1; ROR2)	a line neural plate	a10.69*
https://www.aniseed.fr/aniseed/experiment/show_insitu_by_biomaterial?biomaterial_id=15336	Stage 15 (mid neurula)	KH2012:KH.C8.737 (MUSK; ROR1; ROR2)	a line neural plate	a10.77
https://www.aniseed.fr/aniseed/experiment/show_insitu_by_biomaterial?biomaterial_id=15336	Stage 15 (mid neurula)	KH2012:KH.C8.737 (MUSK; ROR1; ROR2)	a line neural plate	a10.77*
https://www.aniseed.fr/aniseed/experiment/show_insitu_by_biomaterial?biomaterial_id=15336	Stage 15 (mid neurula)	KH2012:KH.C8.737 (MUSK; ROR1; ROR2)	a line neural plate	a10.70
https://www.aniseed.fr/aniseed/experiment/show_insitu_by_biomaterial?biomaterial_id=15336	Stage 15 (mid neurula)	KH2012:KH.C8.737 (MUSK; ROR1; ROR2)	a line neural plate	a10.70*
https://www.aniseed.fr/aniseed/experiment/show_insitu_by_biomaterial?biomaterial_id=15336	Stage 15 (mid neurula)	KH2012:KH.C8.737 (MUSK; ROR1; ROR2)	a line neural plate	a10.78
https://www.aniseed.fr/aniseed/experiment/show_insitu_by_biomaterial?biomaterial_id=15336	Stage 15 (mid neurula)	KH2012:KH.C8.737 (MUSK; ROR1; ROR2)	a line neural plate	a10.78*
https://www.aniseed.fr/aniseed/experiment/show_insitu_by_biomaterial?biomaterial_id=15336	Stage 15 (mid neurula)	KH2012:KH.C8.737 (MUSK; ROR1; ROR2)	a line neural plate	a10.97
https://www.aniseed.fr/aniseed/experiment/show_insitu_by_biomaterial?biomaterial_id=15336	Stage 15 (mid neurula)	KH2012:KH.C8.737 (MUSK; ROR1; ROR2)	a line neural plate	a10.97*
https://www.aniseed.fr/aniseed/experiment/show_insitu_by_biomaterial?biomaterial_id=15336	Stage 15 (mid neurula)	KH2012:KH.C8.737 (MUSK; ROR1; ROR2)	a line neural plate	a10.98
https://www.aniseed.fr/aniseed/experiment/show_insitu_by_biomaterial?biomaterial_id=15336	Stage 15 (mid neurula)	KH2012:KH.C8.737 (MUSK; ROR1; ROR2)	a line neural plate	a10.98*
https://www.aniseed.fr/aniseed/experiment/show_insitu_by_biomaterial?biomaterial_id=15336	Stage 15 (mid neurula)	KH2012:KH.C8.737 (MUSK; ROR1; ROR2)	a line neural plate	a10.67
https://www.aniseed.fr/aniseed/experiment/show_insitu_by_biomaterial?biomaterial_id=15336	Stage 15 (mid neurula)	KH2012:KH.C8.737 (MUSK; ROR1; ROR2)	a line neural plate	a10.67*
https://www.aniseed.fr/aniseed/experiment/show_insitu_by_biomaterial?biomaterial_id=15336	Stage 15 (mid neurula)	KH2012:KH.C8.737 (MUSK; ROR1; ROR2)	a line neural plate	a10.75
https://www.aniseed.fr/aniseed/experiment/show_insitu_by_biomaterial?biomaterial_id=15336	Stage 15 (mid neurula)	KH2012:KH.C8.737 (MUSK; ROR1; ROR2)	a line neural plate	a10.75*
https://www.aniseed.fr/aniseed/experiment/show_insitu_by_biomaterial?biomaterial_id=15336	Stage 15 (mid neurula)	KH2012:KH.C8.737 (MUSK; ROR1; ROR2)	a line neural plate	a10.68
https://www.aniseed.fr/aniseed/experiment/show_insitu_by_biomaterial?biomaterial_id=15336	Stage 15 (mid neurula)	KH2012:KH.C8.737 (MUSK; ROR1; ROR2)	a line neural plate	a10.68*
https://www.aniseed.fr/aniseed/experiment/show_insitu_by_biomaterial?biomaterial_id=15336	Stage 15 (mid neurula)	KH2012:KH.C8.737 (MUSK; ROR1; ROR2)	a line neural plate	a10.76
https://www.aniseed.fr/aniseed/experiment/show_insitu_by_biomaterial?biomaterial_id=15336	Stage 15 (mid neurula)	KH2012:KH.C8.737 (MUSK; ROR1; ROR2)	a line neural plate	a10.76*
https://www.aniseed.fr/aniseed/experiment/show_insitu_by_biomaterial?biomaterial_id=15336	Stage 15 (mid neurula)	KH2012:KH.C8.737 (MUSK; ROR1; ROR2)	a line neural plate	a9.50
https://www.aniseed.fr/aniseed/experiment/show_insitu_by_biomaterial?biomaterial_id=15336	Stage 15 (mid neurula)	KH2012:KH.C8.737 (MUSK; ROR1; ROR2)	a line neural plate	a9.50*
https://www.aniseed.fr/aniseed/experiment/show_insitu_by_biomaterial?biomaterial_id=15336	Stage 15 (mid neurula)	KH2012:KH.C8.737 (MUSK; ROR1; ROR2)	a line neural plate	a9.36
https://www.aniseed.fr/aniseed/experiment/show_insitu_by_biomaterial?biomaterial_id=15336	Stage 15 (mid neurula)	KH2012:KH.C8.737 (MUSK; ROR1; ROR2)	a line neural plate	a9.36*
https://www.aniseed.fr/aniseed/experiment/show_insitu_by_biomaterial?biomaterial_id=15336	Stage 15 (mid neurula)	KH2012:KH.C8.737 (MUSK; ROR1; ROR2)	a line neural plate	a9.40
https://www.aniseed.fr/aniseed/experiment/show_insitu_by_biomaterial?biomaterial_id=15336	Stage 15 (mid neurula)	KH2012:KH.C8.737 (MUSK; ROR1; ROR2)	a line neural plate	a9.40*
https://www.aniseed.fr/aniseed/experiment/show_insitu_by_biomaterial?biomaterial_id=15336	Stage 15 (mid neurula)	KH2012:KH.C8.737 (MUSK; ROR1; ROR2)	a line neural plate	a9.52
https://www.aniseed.fr/aniseed/experiment/show_insitu_by_biomaterial?biomaterial_id=15336	Stage 15 (mid neurula)	KH2012:KH.C8.737 (MUSK; ROR1; ROR2)	a line neural plate	a9.52*
https://www.aniseed.fr/aniseed/experiment/show_insitu_by_biomaterial?biomaterial_id=15336	Stage 15 (mid neurula)	KH2012:KH.C8.737 (MUSK; ROR1; ROR2)	a line neural plate	a9.51
https://www.aniseed.fr/aniseed/experiment/show_insitu_by_biomaterial?biomaterial_id=15336	Stage 15 (mid neurula)	KH2012:KH.C8.737 (MUSK; ROR1; ROR2)	a line neural plate	a9.51*
https://www.aniseed.fr/aniseed/experiment/show_insitu_by_biomaterial?biomaterial_id=25756	Stage 13 (late gastrula)	KH2012:KH.C9.247 (PCDH12; PCDH18; PCDH19)	A9.32 cell pair	A9.32
https://www.aniseed.fr/aniseed/experiment/show_insitu_by_biomaterial?biomaterial_id=25756	Stage 13 (late gastrula)	KH2012:KH.C9.247 (PCDH12; PCDH18; PCDH19)	A9.32 cell pair	A9.32*
https://www.aniseed.fr/aniseed/experiment/show_insitu_by_biomaterial?biomaterial_id=25756	Stage 13 (late gastrula)	KH2012:KH.C9.247 (PCDH12; PCDH18; PCDH19)	a9.35 cell pair	a9.35
https://www.aniseed.fr/aniseed/experiment/show_insitu_by_biomaterial?biomaterial_id=25756	Stage 13 (late gastrula)	KH2012:KH.C9.247 (PCDH12; PCDH18; PCDH19)	a9.35 cell pair	a9.35*
https://www.aniseed.fr/aniseed/experiment/show_insitu_by_biomaterial?biomaterial_id=25756	Stage 13 (late gastrula)	KH2012:KH.C9.247 (PCDH12; PCDH18; PCDH19)	a9.36 cell pair	a9.36
https://www.aniseed.fr/aniseed/experiment/show_insitu_by_biomaterial?biomaterial_id=25756	Stage 13 (late gastrula)	KH2012:KH.C9.247 (PCDH12; PCDH18; PCDH19)	a9.36 cell pair	a9.36*
https://www.aniseed.fr/aniseed/experiment/show_insitu_by_biomaterial?biomaterial_id=25756	Stage 13 (late gastrula)	KH2012:KH.C9.247 (PCDH12; PCDH18; PCDH19)	a9.39 cell pair	a9.39
https://www.aniseed.fr/aniseed/experiment/show_insitu_by_biomaterial?biomaterial_id=25756	Stage 13 (late gastrula)	KH2012:KH.C9.247 (PCDH12; PCDH18; PCDH19)	a9.39 cell pair	a9.39*
https://www.aniseed.fr/aniseed/experiment/show_insitu_by_biomaterial?biomaterial_id=25756	Stage 13 (late gastrula)	KH2012:KH.C9.247 (PCDH12; PCDH18; PCDH19)	a9.40 cell pair	a9.40
https://www.aniseed.fr/aniseed/experiment/show_insitu_by_biomaterial?biomaterial_id=25756	Stage 13 (late gastrula)	KH2012:KH.C9.247 (PCDH12; PCDH18; PCDH19)	a9.40 cell pair	a9.40*
https://www.aniseed.fr/aniseed/experiment/show_insitu_by_biomaterial?biomaterial_id=25756	Stage 13 (late gastrula)	KH2012:KH.C9.247 (PCDH12; PCDH18; PCDH19)	a9.51 cell pair	a9.51
https://www.aniseed.fr/aniseed/experiment/show_insitu_by_biomaterial?biomaterial_id=25756	Stage 13 (late gastrula)	KH2012:KH.C9.247 (PCDH12; PCDH18; PCDH19)	a9.51 cell pair	a9.51*
https://www.aniseed.fr/aniseed/experiment/show_insitu_by_biomaterial?biomaterial_id=25756	Stage 13 (late gastrula)	KH2012:KH.C9.247 (PCDH12; PCDH18; PCDH19)	a9.52 cell pair	a9.52
https://www.aniseed.fr/aniseed/experiment/show_insitu_by_biomaterial?biomaterial_id=25756	Stage 13 (late gastrula)	KH2012:KH.C9.247 (PCDH12; PCDH18; PCDH19)	a9.52 cell pair	a9.52*
https://www.aniseed.fr/aniseed/experiment/show_insitu_by_biomaterial?biomaterial_id=25775	Stage 13 (late gastrula)	KH2012:KH.C9.32 (PCDH18; PCDH19; PCDHA6)	a9.35 cell pair	a9.35
https://www.aniseed.fr/aniseed/experiment/show_insitu_by_biomaterial?biomaterial_id=25775	Stage 13 (late gastrula)	KH2012:KH.C9.32 (PCDH18; PCDH19; PCDHA6)	a9.35 cell pair	a9.35*
https://www.aniseed.fr/aniseed/experiment/show_insitu_by_biomaterial?biomaterial_id=25775	Stage 13 (late gastrula)	KH2012:KH.C9.32 (PCDH18; PCDH19; PCDHA6)	a9.39 cell pair	a9.39
https://www.aniseed.fr/aniseed/experiment/show_insitu_by_biomaterial?biomaterial_id=25775	Stage 13 (late gastrula)	KH2012:KH.C9.32 (PCDH18; PCDH19; PCDHA6)	a9.39 cell pair	a9.39*
https://www.aniseed.fr/aniseed/experiment/show_insitu_by_biomaterial?biomaterial_id=25868	Stage 13 (late gastrula)	KH2012:KH.C9.417 (PCDH18; PCDH19; PCDHGC4)	row II neural plate	A9.32
https://www.aniseed.fr/aniseed/experiment/show_insitu_by_biomaterial?biomaterial_id=25868	Stage 13 (late gastrula)	KH2012:KH.C9.417 (PCDH18; PCDH19; PCDHGC4)	row II neural plate	A9.32*
https://www.aniseed.fr/aniseed/experiment/show_insitu_by_biomaterial?biomaterial_id=26768	Stage 12 (mid gastrula)	KH2012:KH.C9.616 (LHX1; LMX1A; LMX1B)	A9.30 cell pair	A9.30
https://www.aniseed.fr/aniseed/experiment/show_insitu_by_biomaterial?biomaterial_id=26768	Stage 12 (mid gastrula)	KH2012:KH.C9.616 (LHX1; LMX1A; LMX1B)	A9.30 cell pair	A9.30*
https://www.aniseed.fr/aniseed/experiment/show_insitu_by_biomaterial?biomaterial_id=26768	Stage 12 (mid gastrula)	KH2012:KH.C9.616 (LHX1; LMX1A; LMX1B)	A9.32 cell pair	A9.32
https://www.aniseed.fr/aniseed/experiment/show_insitu_by_biomaterial?biomaterial_id=26768	Stage 12 (mid gastrula)	KH2012:KH.C9.616 (LHX1; LMX1A; LMX1B)	A9.32 cell pair	A9.32*
https://www.aniseed.fr/aniseed/experiment/show_insitu_by_biomaterial?biomaterial_id=26739	Stage 13 (late gastrula)	KH2012:KH.C9.616 (LHX1; LMX1A; LMX1B)	A9.30 cell pair	A9.30
https://www.aniseed.fr/aniseed/experiment/show_insitu_by_biomaterial?biomaterial_id=26739	Stage 13 (late gastrula)	KH2012:KH.C9.616 (LHX1; LMX1A; LMX1B)	A9.30 cell pair	A9.30*
https://www.aniseed.fr/aniseed/experiment/show_insitu_by_biomaterial?biomaterial_id=26739	Stage 13 (late gastrula)	KH2012:KH.C9.616 (LHX1; LMX1A; LMX1B)	A9.32 cell pair	A9.32
https://www.aniseed.fr/aniseed/experiment/show_insitu_by_biomaterial?biomaterial_id=26739	Stage 13 (late gastrula)	KH2012:KH.C9.616 (LHX1; LMX1A; LMX1B)	A9.32 cell pair	A9.32*
https://www.aniseed.fr/aniseed/experiment/show_insitu_by_biomaterial?biomaterial_id=26739	Stage 13 (late gastrula)	KH2012:KH.C9.616 (LHX1; LMX1A; LMX1B)	a9.49 cell pair	a9.49
https://www.aniseed.fr/aniseed/experiment/show_insitu_by_biomaterial?biomaterial_id=26739	Stage 13 (late gastrula)	KH2012:KH.C9.616 (LHX1; LMX1A; LMX1B)	a9.49 cell pair	a9.49*
https://www.aniseed.fr/aniseed/experiment/show_insitu_by_biomaterial?biomaterial_id=26739	Stage 13 (late gastrula)	KH2012:KH.C9.616 (LHX1; LMX1A; LMX1B)	a9.50 cell pair	a9.50
https://www.aniseed.fr/aniseed/experiment/show_insitu_by_biomaterial?biomaterial_id=26739	Stage 13 (late gastrula)	KH2012:KH.C9.616 (LHX1; LMX1A; LMX1B)	a9.50 cell pair	a9.50*
https://www.aniseed.fr/aniseed/experiment/show_insitu_by_biomaterial?biomaterial_id=26740	Stage 14 (early neurula)	KH2012:KH.C9.616 (LHX1; LMX1A; LMX1B)	A10.59 cell pair	A10.59
https://www.aniseed.fr/aniseed/experiment/show_insitu_by_biomaterial?biomaterial_id=26740	Stage 14 (early neurula)	KH2012:KH.C9.616 (LHX1; LMX1A; LMX1B)	A10.59 cell pair	A10.59*
https://www.aniseed.fr/aniseed/experiment/show_insitu_by_biomaterial?biomaterial_id=26740	Stage 14 (early neurula)	KH2012:KH.C9.616 (LHX1; LMX1A; LMX1B)	A10.60 cell pair	A10.60
https://www.aniseed.fr/aniseed/experiment/show_insitu_by_biomaterial?biomaterial_id=26740	Stage 14 (early neurula)	KH2012:KH.C9.616 (LHX1; LMX1A; LMX1B)	A10.60 cell pair	A10.60*
https://www.aniseed.fr/aniseed/experiment/show_insitu_by_biomaterial?biomaterial_id=26740	Stage 14 (early neurula)	KH2012:KH.C9.616 (LHX1; LMX1A; LMX1B)	A10.63 cell pair	A10.63
https://www.aniseed.fr/aniseed/experiment/show_insitu_by_biomaterial?biomaterial_id=26740	Stage 14 (early neurula)	KH2012:KH.C9.616 (LHX1; LMX1A; LMX1B)	A10.63 cell pair	A10.63*
https://www.aniseed.fr/aniseed/experiment/show_insitu_by_biomaterial?biomaterial_id=26740	Stage 14 (early neurula)	KH2012:KH.C9.616 (LHX1; LMX1A; LMX1B)	A10.64 cell pair	A10.64
https://www.aniseed.fr/aniseed/experiment/show_insitu_by_biomaterial?biomaterial_id=26740	Stage 14 (early neurula)	KH2012:KH.C9.616 (LHX1; LMX1A; LMX1B)	A10.64 cell pair	A10.64*
https://www.aniseed.fr/aniseed/experiment/show_insitu_by_biomaterial?biomaterial_id=26740	Stage 14 (early neurula)	KH2012:KH.C9.616 (LHX1; LMX1A; LMX1B)	a9.49 cell pair	a9.49
https://www.aniseed.fr/aniseed/experiment/show_insitu_by_biomaterial?biomaterial_id=26740	Stage 14 (early neurula)	KH2012:KH.C9.616 (LHX1; LMX1A; LMX1B)	a9.49 cell pair	a9.49*
https://www.aniseed.fr/aniseed/experiment/show_insitu_by_biomaterial?biomaterial_id=26740	Stage 14 (early neurula)	KH2012:KH.C9.616 (LHX1; LMX1A; LMX1B)	a9.50 cell pair	a9.50
https://www.aniseed.fr/aniseed/experiment/show_insitu_by_biomaterial?biomaterial_id=26740	Stage 14 (early neurula)	KH2012:KH.C9.616 (LHX1; LMX1A; LMX1B)	a9.50 cell pair	a9.50*
https://www.aniseed.fr/aniseed/experiment/show_insitu_by_biomaterial?biomaterial_id=15278	Stage 12 (mid gastrula)	KH2012:KH.C9.68 (PAX3; PAX4; PAX6)	A9.16 cell pair	A9.16
https://www.aniseed.fr/aniseed/experiment/show_insitu_by_biomaterial?biomaterial_id=15278	Stage 12 (mid gastrula)	KH2012:KH.C9.68 (PAX3; PAX4; PAX6)	A9.16 cell pair	A9.16*
https://www.aniseed.fr/aniseed/experiment/show_insitu_by_biomaterial?biomaterial_id=15278	Stage 12 (mid gastrula)	KH2012:KH.C9.68 (PAX3; PAX4; PAX6)	A9.30 cell pair	A9.30
https://www.aniseed.fr/aniseed/experiment/show_insitu_by_biomaterial?biomaterial_id=15278	Stage 12 (mid gastrula)	KH2012:KH.C9.68 (PAX3; PAX4; PAX6)	A9.30 cell pair	A9.30*
https://www.aniseed.fr/aniseed/experiment/show_insitu_by_biomaterial?biomaterial_id=16721	Stage 12 (mid gastrula)	KH2012:KH.C9.68 (PAX3; PAX4; PAX6)	A9.16 cell pair	A9.16
https://www.aniseed.fr/aniseed/experiment/show_insitu_by_biomaterial?biomaterial_id=16721	Stage 12 (mid gastrula)	KH2012:KH.C9.68 (PAX3; PAX4; PAX6)	A9.16 cell pair	A9.16*
https://www.aniseed.fr/aniseed/experiment/show_insitu_by_biomaterial?biomaterial_id=16721	Stage 12 (mid gastrula)	KH2012:KH.C9.68 (PAX3; PAX4; PAX6)	A9.30 cell pair	A9.30
https://www.aniseed.fr/aniseed/experiment/show_insitu_by_biomaterial?biomaterial_id=16721	Stage 12 (mid gastrula)	KH2012:KH.C9.68 (PAX3; PAX4; PAX6)	A9.30 cell pair	A9.30*
https://www.aniseed.fr/aniseed/experiment/show_insitu_by_biomaterial?biomaterial_id=25869	Stage 12 (mid gastrula)	KH2012:KH.C9.68 (PAX3; PAX4; PAX6)	A9.30 cell pair	A9.30
https://www.aniseed.fr/aniseed/experiment/show_insitu_by_biomaterial?biomaterial_id=25869	Stage 12 (mid gastrula)	KH2012:KH.C9.68 (PAX3; PAX4; PAX6)	A9.30 cell pair	A9.30*
https://www.aniseed.fr/aniseed/experiment/show_insitu_by_biomaterial?biomaterial_id=21323	Stage 13 (late gastrula)	KH2012:KH.C9.68 (PAX3; PAX4; PAX6)	A10.31 cell pair	A10.31
https://www.aniseed.fr/aniseed/experiment/show_insitu_by_biomaterial?biomaterial_id=21323	Stage 13 (late gastrula)	KH2012:KH.C9.68 (PAX3; PAX4; PAX6)	A10.31 cell pair	A10.31*
https://www.aniseed.fr/aniseed/experiment/show_insitu_by_biomaterial?biomaterial_id=21323	Stage 13 (late gastrula)	KH2012:KH.C9.68 (PAX3; PAX4; PAX6)	A10.32 cell pair	A10.32
https://www.aniseed.fr/aniseed/experiment/show_insitu_by_biomaterial?biomaterial_id=21323	Stage 13 (late gastrula)	KH2012:KH.C9.68 (PAX3; PAX4; PAX6)	A10.32 cell pair	A10.32*
https://www.aniseed.fr/aniseed/experiment/show_insitu_by_biomaterial?biomaterial_id=21323	Stage 13 (late gastrula)	KH2012:KH.C9.68 (PAX3; PAX4; PAX6)	A9.30 cell pair	A9.30
https://www.aniseed.fr/aniseed/experiment/show_insitu_by_biomaterial?biomaterial_id=21323	Stage 13 (late gastrula)	KH2012:KH.C9.68 (PAX3; PAX4; PAX6)	A9.30 cell pair	A9.30*
https://www.aniseed.fr/aniseed/experiment/show_insitu_by_biomaterial?biomaterial_id=23138	Stage 14 (early neurula)	KH2012:KH.C9.68 (PAX3; PAX4; PAX6)	row II neural plate	A10.31
https://www.aniseed.fr/aniseed/experiment/show_insitu_by_biomaterial?biomaterial_id=23138	Stage 14 (early neurula)	KH2012:KH.C9.68 (PAX3; PAX4; PAX6)	row II neural plate	A10.31*
https://www.aniseed.fr/aniseed/experiment/show_insitu_by_biomaterial?biomaterial_id=23138	Stage 14 (early neurula)	KH2012:KH.C9.68 (PAX3; PAX4; PAX6)	row II neural plate	A10.32
https://www.aniseed.fr/aniseed/experiment/show_insitu_by_biomaterial?biomaterial_id=23138	Stage 14 (early neurula)	KH2012:KH.C9.68 (PAX3; PAX4; PAX6)	row II neural plate	A10.32*
https://www.aniseed.fr/aniseed/experiment/show_insitu_by_biomaterial?biomaterial_id=23138	Stage 14 (early neurula)	KH2012:KH.C9.68 (PAX3; PAX4; PAX6)	row II neural plate	A10.59
https://www.aniseed.fr/aniseed/experiment/show_insitu_by_biomaterial?biomaterial_id=23138	Stage 14 (early neurula)	KH2012:KH.C9.68 (PAX3; PAX4; PAX6)	row II neural plate	A10.59*
https://www.aniseed.fr/aniseed/experiment/show_insitu_by_biomaterial?biomaterial_id=23138	Stage 14 (early neurula)	KH2012:KH.C9.68 (PAX3; PAX4; PAX6)	row II neural plate	A10.60
https://www.aniseed.fr/aniseed/experiment/show_insitu_by_biomaterial?biomaterial_id=23138	Stage 14 (early neurula)	KH2012:KH.C9.68 (PAX3; PAX4; PAX6)	row II neural plate	A10.60*
https://www.aniseed.fr/aniseed/experiment/show_insitu_by_biomaterial?biomaterial_id=23138	Stage 14 (early neurula)	KH2012:KH.C9.68 (PAX3; PAX4; PAX6)	row III neural plate	a9.49
https://www.aniseed.fr/aniseed/experiment/show_insitu_by_biomaterial?biomaterial_id=23138	Stage 14 (early neurula)	KH2012:KH.C9.68 (PAX3; PAX4; PAX6)	row III neural plate	a9.49*
https://www.aniseed.fr/aniseed/experiment/show_insitu_by_biomaterial?biomaterial_id=23138	Stage 14 (early neurula)	KH2012:KH.C9.68 (PAX3; PAX4; PAX6)	row IV neural plate	a9.50
https://www.aniseed.fr/aniseed/experiment/show_insitu_by_biomaterial?biomaterial_id=23138	Stage 14 (early neurula)	KH2012:KH.C9.68 (PAX3; PAX4; PAX6)	row IV neural plate	a9.50*
https://www.aniseed.fr/aniseed/experiment/show_insitu_by_biomaterial?biomaterial_id=20882	Stage 15 (mid neurula)	KH2012:KH.C9.68 (PAX3; PAX4; PAX6)	A line neural plate	A10.31
https://www.aniseed.fr/aniseed/experiment/show_insitu_by_biomaterial?biomaterial_id=20882	Stage 15 (mid neurula)	KH2012:KH.C9.68 (PAX3; PAX4; PAX6)	A line neural plate	A10.31*
https://www.aniseed.fr/aniseed/experiment/show_insitu_by_biomaterial?biomaterial_id=20882	Stage 15 (mid neurula)	KH2012:KH.C9.68 (PAX3; PAX4; PAX6)	A line neural plate	A10.32
https://www.aniseed.fr/aniseed/experiment/show_insitu_by_biomaterial?biomaterial_id=20882	Stage 15 (mid neurula)	KH2012:KH.C9.68 (PAX3; PAX4; PAX6)	A line neural plate	A10.32*
https://www.aniseed.fr/aniseed/experiment/show_insitu_by_biomaterial?biomaterial_id=20882	Stage 15 (mid neurula)	KH2012:KH.C9.68 (PAX3; PAX4; PAX6)	A line neural plate	A10.59
https://www.aniseed.fr/aniseed/experiment/show_insitu_by_biomaterial?biomaterial_id=20882	Stage 15 (mid neurula)	KH2012:KH.C9.68 (PAX3; PAX4; PAX6)	A line neural plate	A10.59*
https://www.aniseed.fr/aniseed/experiment/show_insitu_by_biomaterial?biomaterial_id=20882	Stage 15 (mid neurula)	KH2012:KH.C9.68 (PAX3; PAX4; PAX6)	A line neural plate	A10.60
https://www.aniseed.fr/aniseed/experiment/show_insitu_by_biomaterial?biomaterial_id=20882	Stage 15 (mid neurula)	KH2012:KH.C9.68 (PAX3; PAX4; PAX6)	A line neural plate	A10.60*
https://www.aniseed.fr/aniseed/experiment/show_insitu_by_biomaterial?biomaterial_id=20882	Stage 15 (mid neurula)	KH2012:KH.C9.68 (PAX3; PAX4; PAX6)	a10.97 cell pair	a10.97
https://www.aniseed.fr/aniseed/experiment/show_insitu_by_biomaterial?biomaterial_id=20882	Stage 15 (mid neurula)	KH2012:KH.C9.68 (PAX3; PAX4; PAX6)	a10.97 cell pair	a10.97*
https://www.aniseed.fr/aniseed/experiment/show_insitu_by_biomaterial?biomaterial_id=20882	Stage 15 (mid neurula)	KH2012:KH.C9.68 (PAX3; PAX4; PAX6)	a10.98 cell pair	a10.98
https://www.aniseed.fr/aniseed/experiment/show_insitu_by_biomaterial?biomaterial_id=20882	Stage 15 (mid neurula)	KH2012:KH.C9.68 (PAX3; PAX4; PAX6)	a10.98 cell pair	a10.98*
https://www.aniseed.fr/aniseed/experiment/show_insitu_by_biomaterial?biomaterial_id=20882	Stage 15 (mid neurula)	KH2012:KH.C9.68 (PAX3; PAX4; PAX6)	a9.50 cell pair	a9.50
https://www.aniseed.fr/aniseed/experiment/show_insitu_by_biomaterial?biomaterial_id=20882	Stage 15 (mid neurula)	KH2012:KH.C9.68 (PAX3; PAX4; PAX6)	a9.50 cell pair	a9.50*
https://www.aniseed.fr/aniseed/experiment/show_insitu_by_biomaterial?biomaterial_id=25871	Stage 15 (mid neurula)	KH2012:KH.C9.68 (PAX3; PAX4; PAX6)	A10.59 cell pair	A10.59
https://www.aniseed.fr/aniseed/experiment/show_insitu_by_biomaterial?biomaterial_id=25871	Stage 15 (mid neurula)	KH2012:KH.C9.68 (PAX3; PAX4; PAX6)	A10.59 cell pair	A10.59*
https://www.aniseed.fr/aniseed/experiment/show_insitu_by_biomaterial?biomaterial_id=25871	Stage 15 (mid neurula)	KH2012:KH.C9.68 (PAX3; PAX4; PAX6)	A10.60 cell pair	A10.60
https://www.aniseed.fr/aniseed/experiment/show_insitu_by_biomaterial?biomaterial_id=25871	Stage 15 (mid neurula)	KH2012:KH.C9.68 (PAX3; PAX4; PAX6)	A10.60 cell pair	A10.60*
https://www.aniseed.fr/aniseed/experiment/show_insitu_by_biomaterial?biomaterial_id=15298	Stage 12 (mid gastrula)	KH2012:KH.L128.12 (HOXA3; HOXB3; MNX1)	A9.13 cell pair	A9.13
https://www.aniseed.fr/aniseed/experiment/show_insitu_by_biomaterial?biomaterial_id=15298	Stage 12 (mid gastrula)	KH2012:KH.L128.12 (HOXA3; HOXB3; MNX1)	A9.13 cell pair	A9.13*
https://www.aniseed.fr/aniseed/experiment/show_insitu_by_biomaterial?biomaterial_id=15298	Stage 12 (mid gastrula)	KH2012:KH.L128.12 (HOXA3; HOXB3; MNX1)	A9.15 cell pair	A9.15
https://www.aniseed.fr/aniseed/experiment/show_insitu_by_biomaterial?biomaterial_id=15298	Stage 12 (mid gastrula)	KH2012:KH.L128.12 (HOXA3; HOXB3; MNX1)	A9.15 cell pair	A9.15*
https://www.aniseed.fr/aniseed/experiment/show_insitu_by_biomaterial?biomaterial_id=26198	Stage 12 (mid gastrula)	KH2012:KH.L128.12 (HOXA3; HOXB3; MNX1)	A9.13 cell pair	A9.13
https://www.aniseed.fr/aniseed/experiment/show_insitu_by_biomaterial?biomaterial_id=26198	Stage 12 (mid gastrula)	KH2012:KH.L128.12 (HOXA3; HOXB3; MNX1)	A9.13 cell pair	A9.13*
https://www.aniseed.fr/aniseed/experiment/show_insitu_by_biomaterial?biomaterial_id=26198	Stage 12 (mid gastrula)	KH2012:KH.L128.12 (HOXA3; HOXB3; MNX1)	A9.15 cell pair	A9.15
https://www.aniseed.fr/aniseed/experiment/show_insitu_by_biomaterial?biomaterial_id=26198	Stage 12 (mid gastrula)	KH2012:KH.L128.12 (HOXA3; HOXB3; MNX1)	A9.15 cell pair	A9.15*
https://www.aniseed.fr/aniseed/experiment/show_insitu_by_biomaterial?biomaterial_id=27595	Stage 12 (mid gastrula)	KH2012:KH.L128.12 (HOXA3; HOXB3; MNX1)	A9.13 cell pair	A9.13
https://www.aniseed.fr/aniseed/experiment/show_insitu_by_biomaterial?biomaterial_id=27595	Stage 12 (mid gastrula)	KH2012:KH.L128.12 (HOXA3; HOXB3; MNX1)	A9.13 cell pair	A9.13*
https://www.aniseed.fr/aniseed/experiment/show_insitu_by_biomaterial?biomaterial_id=27595	Stage 12 (mid gastrula)	KH2012:KH.L128.12 (HOXA3; HOXB3; MNX1)	A9.15 cell pair	A9.15
https://www.aniseed.fr/aniseed/experiment/show_insitu_by_biomaterial?biomaterial_id=27595	Stage 12 (mid gastrula)	KH2012:KH.L128.12 (HOXA3; HOXB3; MNX1)	A9.15 cell pair	A9.15*
https://www.aniseed.fr/aniseed/experiment/show_insitu_by_biomaterial?biomaterial_id=28454	Stage 12 (mid gastrula)	KH2012:KH.L128.12 (HOXA3; HOXB3; MNX1)	A9.13 cell pair	A9.13
https://www.aniseed.fr/aniseed/experiment/show_insitu_by_biomaterial?biomaterial_id=28454	Stage 12 (mid gastrula)	KH2012:KH.L128.12 (HOXA3; HOXB3; MNX1)	A9.13 cell pair	A9.13*
https://www.aniseed.fr/aniseed/experiment/show_insitu_by_biomaterial?biomaterial_id=28454	Stage 12 (mid gastrula)	KH2012:KH.L128.12 (HOXA3; HOXB3; MNX1)	A9.15 cell pair	A9.15
https://www.aniseed.fr/aniseed/experiment/show_insitu_by_biomaterial?biomaterial_id=28454	Stage 12 (mid gastrula)	KH2012:KH.L128.12 (HOXA3; HOXB3; MNX1)	A9.15 cell pair	A9.15*
https://www.aniseed.fr/aniseed/experiment/show_insitu_by_biomaterial?biomaterial_id=21337	Stage 13 (late gastrula)	KH2012:KH.L128.12 (HOXA3; HOXB3; MNX1)	A9.13 cell pair	A9.13
https://www.aniseed.fr/aniseed/experiment/show_insitu_by_biomaterial?biomaterial_id=21337	Stage 13 (late gastrula)	KH2012:KH.L128.12 (HOXA3; HOXB3; MNX1)	A9.13 cell pair	A9.13*
https://www.aniseed.fr/aniseed/experiment/show_insitu_by_biomaterial?biomaterial_id=21337	Stage 13 (late gastrula)	KH2012:KH.L128.12 (HOXA3; HOXB3; MNX1)	A9.15 cell pair	A9.15
https://www.aniseed.fr/aniseed/experiment/show_insitu_by_biomaterial?biomaterial_id=21337	Stage 13 (late gastrula)	KH2012:KH.L128.12 (HOXA3; HOXB3; MNX1)	A9.15 cell pair	A9.15*
https://www.aniseed.fr/aniseed/experiment/show_insitu_by_biomaterial?biomaterial_id=25363	Stage 13 (late gastrula)	KH2012:KH.L128.12 (HOXA3; HOXB3; MNX1)	A9.13 cell pair	A9.13
https://www.aniseed.fr/aniseed/experiment/show_insitu_by_biomaterial?biomaterial_id=25363	Stage 13 (late gastrula)	KH2012:KH.L128.12 (HOXA3; HOXB3; MNX1)	A9.13 cell pair	A9.13*
https://www.aniseed.fr/aniseed/experiment/show_insitu_by_biomaterial?biomaterial_id=25363	Stage 13 (late gastrula)	KH2012:KH.L128.12 (HOXA3; HOXB3; MNX1)	A9.15 cell pair	A9.15
https://www.aniseed.fr/aniseed/experiment/show_insitu_by_biomaterial?biomaterial_id=25363	Stage 13 (late gastrula)	KH2012:KH.L128.12 (HOXA3; HOXB3; MNX1)	A9.15 cell pair	A9.15*
https://www.aniseed.fr/aniseed/experiment/show_insitu_by_biomaterial?biomaterial_id=25401	Stage 13 (late gastrula)	KH2012:KH.L128.12 (HOXA3; HOXB3; MNX1)	A9.13 cell pair	A9.13
https://www.aniseed.fr/aniseed/experiment/show_insitu_by_biomaterial?biomaterial_id=25401	Stage 13 (late gastrula)	KH2012:KH.L128.12 (HOXA3; HOXB3; MNX1)	A9.13 cell pair	A9.13*
https://www.aniseed.fr/aniseed/experiment/show_insitu_by_biomaterial?biomaterial_id=25401	Stage 13 (late gastrula)	KH2012:KH.L128.12 (HOXA3; HOXB3; MNX1)	A9.15 cell pair	A9.15
https://www.aniseed.fr/aniseed/experiment/show_insitu_by_biomaterial?biomaterial_id=25401	Stage 13 (late gastrula)	KH2012:KH.L128.12 (HOXA3; HOXB3; MNX1)	A9.15 cell pair	A9.15*
https://www.aniseed.fr/aniseed/experiment/show_insitu_by_biomaterial?biomaterial_id=25405	Stage 13 (late gastrula)	KH2012:KH.L128.12 (HOXA3; HOXB3; MNX1)	A9.13 cell pair	A9.13
https://www.aniseed.fr/aniseed/experiment/show_insitu_by_biomaterial?biomaterial_id=25405	Stage 13 (late gastrula)	KH2012:KH.L128.12 (HOXA3; HOXB3; MNX1)	A9.13 cell pair	A9.13*
https://www.aniseed.fr/aniseed/experiment/show_insitu_by_biomaterial?biomaterial_id=25405	Stage 13 (late gastrula)	KH2012:KH.L128.12 (HOXA3; HOXB3; MNX1)	A9.15 cell pair	A9.15
https://www.aniseed.fr/aniseed/experiment/show_insitu_by_biomaterial?biomaterial_id=25405	Stage 13 (late gastrula)	KH2012:KH.L128.12 (HOXA3; HOXB3; MNX1)	A9.15 cell pair	A9.15*
https://www.aniseed.fr/aniseed/experiment/show_insitu_by_biomaterial?biomaterial_id=26270	Stage 13 (late gastrula)	KH2012:KH.L128.12 (HOXA3; HOXB3; MNX1)	A9.13 cell pair	A9.13
https://www.aniseed.fr/aniseed/experiment/show_insitu_by_biomaterial?biomaterial_id=26270	Stage 13 (late gastrula)	KH2012:KH.L128.12 (HOXA3; HOXB3; MNX1)	A9.13 cell pair	A9.13*
https://www.aniseed.fr/aniseed/experiment/show_insitu_by_biomaterial?biomaterial_id=26270	Stage 13 (late gastrula)	KH2012:KH.L128.12 (HOXA3; HOXB3; MNX1)	A9.15 cell pair	A9.15
https://www.aniseed.fr/aniseed/experiment/show_insitu_by_biomaterial?biomaterial_id=26270	Stage 13 (late gastrula)	KH2012:KH.L128.12 (HOXA3; HOXB3; MNX1)	A9.15 cell pair	A9.15*
https://www.aniseed.fr/aniseed/experiment/show_insitu_by_biomaterial?biomaterial_id=20957	Stage 15 (mid neurula)	KH2012:KH.L13.24 (FOXN1; FOXN2; FOXN3)	a9.36 cell pair	a9.36
https://www.aniseed.fr/aniseed/experiment/show_insitu_by_biomaterial?biomaterial_id=20957	Stage 15 (mid neurula)	KH2012:KH.L13.24 (FOXN1; FOXN2; FOXN3)	a9.36 cell pair	a9.36*
https://www.aniseed.fr/aniseed/experiment/show_insitu_by_biomaterial?biomaterial_id=20957	Stage 15 (mid neurula)	KH2012:KH.L13.24 (FOXN1; FOXN2; FOXN3)	a9.40 cell pair	a9.40
https://www.aniseed.fr/aniseed/experiment/show_insitu_by_biomaterial?biomaterial_id=20957	Stage 15 (mid neurula)	KH2012:KH.L13.24 (FOXN1; FOXN2; FOXN3)	a9.40 cell pair	a9.40*
https://www.aniseed.fr/aniseed/experiment/show_insitu_by_biomaterial?biomaterial_id=20921	Stage 15 (mid neurula)	KH2012:KH.L142.14 (EMX1; EMX2; VAX1)	row V neural plate	a9.51
https://www.aniseed.fr/aniseed/experiment/show_insitu_by_biomaterial?biomaterial_id=20921	Stage 15 (mid neurula)	KH2012:KH.L142.14 (EMX1; EMX2; VAX1)	row V neural plate	a9.51*
https://www.aniseed.fr/aniseed/experiment/show_insitu_by_biomaterial?biomaterial_id=20921	Stage 15 (mid neurula)	KH2012:KH.L142.14 (EMX1; EMX2; VAX1)	row VI neural plate	a9.36
https://www.aniseed.fr/aniseed/experiment/show_insitu_by_biomaterial?biomaterial_id=20921	Stage 15 (mid neurula)	KH2012:KH.L142.14 (EMX1; EMX2; VAX1)	row VI neural plate	a9.36*
https://www.aniseed.fr/aniseed/experiment/show_insitu_by_biomaterial?biomaterial_id=20921	Stage 15 (mid neurula)	KH2012:KH.L142.14 (EMX1; EMX2; VAX1)	row VI neural plate	a9.40
https://www.aniseed.fr/aniseed/experiment/show_insitu_by_biomaterial?biomaterial_id=20921	Stage 15 (mid neurula)	KH2012:KH.L142.14 (EMX1; EMX2; VAX1)	row VI neural plate	a9.40*
https://www.aniseed.fr/aniseed/experiment/show_insitu_by_biomaterial?biomaterial_id=20921	Stage 15 (mid neurula)	KH2012:KH.L142.14 (EMX1; EMX2; VAX1)	row VI neural plate	a9.52
https://www.aniseed.fr/aniseed/experiment/show_insitu_by_biomaterial?biomaterial_id=20921	Stage 15 (mid neurula)	KH2012:KH.L142.14 (EMX1; EMX2; VAX1)	row VI neural plate	a9.52*
https://www.aniseed.fr/aniseed/experiment/show_insitu_by_biomaterial?biomaterial_id=26415	Stage 12 (mid gastrula)	KH2012:KH.L171.5 (SFRP1; SFRP2; SFRP5)	a line neural plate	a9.33
https://www.aniseed.fr/aniseed/experiment/show_insitu_by_biomaterial?biomaterial_id=26415	Stage 12 (mid gastrula)	KH2012:KH.L171.5 (SFRP1; SFRP2; SFRP5)	a line neural plate	a9.33*
https://www.aniseed.fr/aniseed/experiment/show_insitu_by_biomaterial?biomaterial_id=26415	Stage 12 (mid gastrula)	KH2012:KH.L171.5 (SFRP1; SFRP2; SFRP5)	a line neural plate	a9.37
https://www.aniseed.fr/aniseed/experiment/show_insitu_by_biomaterial?biomaterial_id=26415	Stage 12 (mid gastrula)	KH2012:KH.L171.5 (SFRP1; SFRP2; SFRP5)	a line neural plate	a9.37*
https://www.aniseed.fr/aniseed/experiment/show_insitu_by_biomaterial?biomaterial_id=26415	Stage 12 (mid gastrula)	KH2012:KH.L171.5 (SFRP1; SFRP2; SFRP5)	a line neural plate	a9.35
https://www.aniseed.fr/aniseed/experiment/show_insitu_by_biomaterial?biomaterial_id=26415	Stage 12 (mid gastrula)	KH2012:KH.L171.5 (SFRP1; SFRP2; SFRP5)	a line neural plate	a9.35*
https://www.aniseed.fr/aniseed/experiment/show_insitu_by_biomaterial?biomaterial_id=26415	Stage 12 (mid gastrula)	KH2012:KH.L171.5 (SFRP1; SFRP2; SFRP5)	a line neural plate	a9.39
https://www.aniseed.fr/aniseed/experiment/show_insitu_by_biomaterial?biomaterial_id=26415	Stage 12 (mid gastrula)	KH2012:KH.L171.5 (SFRP1; SFRP2; SFRP5)	a line neural plate	a9.39*
https://www.aniseed.fr/aniseed/experiment/show_insitu_by_biomaterial?biomaterial_id=26415	Stage 12 (mid gastrula)	KH2012:KH.L171.5 (SFRP1; SFRP2; SFRP5)	a line neural plate	a9.49
https://www.aniseed.fr/aniseed/experiment/show_insitu_by_biomaterial?biomaterial_id=26415	Stage 12 (mid gastrula)	KH2012:KH.L171.5 (SFRP1; SFRP2; SFRP5)	a line neural plate	a9.49*
https://www.aniseed.fr/aniseed/experiment/show_insitu_by_biomaterial?biomaterial_id=26415	Stage 12 (mid gastrula)	KH2012:KH.L171.5 (SFRP1; SFRP2; SFRP5)	a line neural plate	a9.34
https://www.aniseed.fr/aniseed/experiment/show_insitu_by_biomaterial?biomaterial_id=26415	Stage 12 (mid gastrula)	KH2012:KH.L171.5 (SFRP1; SFRP2; SFRP5)	a line neural plate	a9.34*
https://www.aniseed.fr/aniseed/experiment/show_insitu_by_biomaterial?biomaterial_id=26415	Stage 12 (mid gastrula)	KH2012:KH.L171.5 (SFRP1; SFRP2; SFRP5)	a line neural plate	a9.38
https://www.aniseed.fr/aniseed/experiment/show_insitu_by_biomaterial?biomaterial_id=26415	Stage 12 (mid gastrula)	KH2012:KH.L171.5 (SFRP1; SFRP2; SFRP5)	a line neural plate	a9.38*
https://www.aniseed.fr/aniseed/experiment/show_insitu_by_biomaterial?biomaterial_id=26415	Stage 12 (mid gastrula)	KH2012:KH.L171.5 (SFRP1; SFRP2; SFRP5)	a line neural plate	a9.50
https://www.aniseed.fr/aniseed/experiment/show_insitu_by_biomaterial?biomaterial_id=26415	Stage 12 (mid gastrula)	KH2012:KH.L171.5 (SFRP1; SFRP2; SFRP5)	a line neural plate	a9.50*
https://www.aniseed.fr/aniseed/experiment/show_insitu_by_biomaterial?biomaterial_id=26415	Stage 12 (mid gastrula)	KH2012:KH.L171.5 (SFRP1; SFRP2; SFRP5)	a line neural plate	a9.36
https://www.aniseed.fr/aniseed/experiment/show_insitu_by_biomaterial?biomaterial_id=26415	Stage 12 (mid gastrula)	KH2012:KH.L171.5 (SFRP1; SFRP2; SFRP5)	a line neural plate	a9.36*
https://www.aniseed.fr/aniseed/experiment/show_insitu_by_biomaterial?biomaterial_id=26415	Stage 12 (mid gastrula)	KH2012:KH.L171.5 (SFRP1; SFRP2; SFRP5)	a line neural plate	a9.40
https://www.aniseed.fr/aniseed/experiment/show_insitu_by_biomaterial?biomaterial_id=26415	Stage 12 (mid gastrula)	KH2012:KH.L171.5 (SFRP1; SFRP2; SFRP5)	a line neural plate	a9.40*
https://www.aniseed.fr/aniseed/experiment/show_insitu_by_biomaterial?biomaterial_id=26415	Stage 12 (mid gastrula)	KH2012:KH.L171.5 (SFRP1; SFRP2; SFRP5)	a line neural plate	a9.52
https://www.aniseed.fr/aniseed/experiment/show_insitu_by_biomaterial?biomaterial_id=26415	Stage 12 (mid gastrula)	KH2012:KH.L171.5 (SFRP1; SFRP2; SFRP5)	a line neural plate	a9.52*
https://www.aniseed.fr/aniseed/experiment/show_insitu_by_biomaterial?biomaterial_id=26415	Stage 12 (mid gastrula)	KH2012:KH.L171.5 (SFRP1; SFRP2; SFRP5)	a line neural plate	a9.51
https://www.aniseed.fr/aniseed/experiment/show_insitu_by_biomaterial?biomaterial_id=26415	Stage 12 (mid gastrula)	KH2012:KH.L171.5 (SFRP1; SFRP2; SFRP5)	a line neural plate	a9.51*
https://www.aniseed.fr/aniseed/experiment/show_insitu_by_biomaterial?biomaterial_id=26417	Stage 12 (mid gastrula)	KH2012:KH.L171.5 (SFRP1; SFRP2; SFRP5)	a line neural plate	a9.33
https://www.aniseed.fr/aniseed/experiment/show_insitu_by_biomaterial?biomaterial_id=26417	Stage 12 (mid gastrula)	KH2012:KH.L171.5 (SFRP1; SFRP2; SFRP5)	a line neural plate	a9.33*
https://www.aniseed.fr/aniseed/experiment/show_insitu_by_biomaterial?biomaterial_id=26417	Stage 12 (mid gastrula)	KH2012:KH.L171.5 (SFRP1; SFRP2; SFRP5)	a line neural plate	a9.37
https://www.aniseed.fr/aniseed/experiment/show_insitu_by_biomaterial?biomaterial_id=26417	Stage 12 (mid gastrula)	KH2012:KH.L171.5 (SFRP1; SFRP2; SFRP5)	a line neural plate	a9.37*
https://www.aniseed.fr/aniseed/experiment/show_insitu_by_biomaterial?biomaterial_id=26417	Stage 12 (mid gastrula)	KH2012:KH.L171.5 (SFRP1; SFRP2; SFRP5)	a line neural plate	a9.35
https://www.aniseed.fr/aniseed/experiment/show_insitu_by_biomaterial?biomaterial_id=26417	Stage 12 (mid gastrula)	KH2012:KH.L171.5 (SFRP1; SFRP2; SFRP5)	a line neural plate	a9.35*
https://www.aniseed.fr/aniseed/experiment/show_insitu_by_biomaterial?biomaterial_id=26417	Stage 12 (mid gastrula)	KH2012:KH.L171.5 (SFRP1; SFRP2; SFRP5)	a line neural plate	a9.39
https://www.aniseed.fr/aniseed/experiment/show_insitu_by_biomaterial?biomaterial_id=26417	Stage 12 (mid gastrula)	KH2012:KH.L171.5 (SFRP1; SFRP2; SFRP5)	a line neural plate	a9.39*
https://www.aniseed.fr/aniseed/experiment/show_insitu_by_biomaterial?biomaterial_id=26417	Stage 12 (mid gastrula)	KH2012:KH.L171.5 (SFRP1; SFRP2; SFRP5)	a line neural plate	a9.49
https://www.aniseed.fr/aniseed/experiment/show_insitu_by_biomaterial?biomaterial_id=26417	Stage 12 (mid gastrula)	KH2012:KH.L171.5 (SFRP1; SFRP2; SFRP5)	a line neural plate	a9.49*
https://www.aniseed.fr/aniseed/experiment/show_insitu_by_biomaterial?biomaterial_id=26417	Stage 12 (mid gastrula)	KH2012:KH.L171.5 (SFRP1; SFRP2; SFRP5)	a line neural plate	a9.34
https://www.aniseed.fr/aniseed/experiment/show_insitu_by_biomaterial?biomaterial_id=26417	Stage 12 (mid gastrula)	KH2012:KH.L171.5 (SFRP1; SFRP2; SFRP5)	a line neural plate	a9.34*
https://www.aniseed.fr/aniseed/experiment/show_insitu_by_biomaterial?biomaterial_id=26417	Stage 12 (mid gastrula)	KH2012:KH.L171.5 (SFRP1; SFRP2; SFRP5)	a line neural plate	a9.38
https://www.aniseed.fr/aniseed/experiment/show_insitu_by_biomaterial?biomaterial_id=26417	Stage 12 (mid gastrula)	KH2012:KH.L171.5 (SFRP1; SFRP2; SFRP5)	a line neural plate	a9.38*
https://www.aniseed.fr/aniseed/experiment/show_insitu_by_biomaterial?biomaterial_id=26417	Stage 12 (mid gastrula)	KH2012:KH.L171.5 (SFRP1; SFRP2; SFRP5)	a line neural plate	a9.50
https://www.aniseed.fr/aniseed/experiment/show_insitu_by_biomaterial?biomaterial_id=26417	Stage 12 (mid gastrula)	KH2012:KH.L171.5 (SFRP1; SFRP2; SFRP5)	a line neural plate	a9.50*
https://www.aniseed.fr/aniseed/experiment/show_insitu_by_biomaterial?biomaterial_id=26417	Stage 12 (mid gastrula)	KH2012:KH.L171.5 (SFRP1; SFRP2; SFRP5)	a line neural plate	a9.36
https://www.aniseed.fr/aniseed/experiment/show_insitu_by_biomaterial?biomaterial_id=26417	Stage 12 (mid gastrula)	KH2012:KH.L171.5 (SFRP1; SFRP2; SFRP5)	a line neural plate	a9.36*
https://www.aniseed.fr/aniseed/experiment/show_insitu_by_biomaterial?biomaterial_id=26417	Stage 12 (mid gastrula)	KH2012:KH.L171.5 (SFRP1; SFRP2; SFRP5)	a line neural plate	a9.40
https://www.aniseed.fr/aniseed/experiment/show_insitu_by_biomaterial?biomaterial_id=26417	Stage 12 (mid gastrula)	KH2012:KH.L171.5 (SFRP1; SFRP2; SFRP5)	a line neural plate	a9.40*
https://www.aniseed.fr/aniseed/experiment/show_insitu_by_biomaterial?biomaterial_id=26417	Stage 12 (mid gastrula)	KH2012:KH.L171.5 (SFRP1; SFRP2; SFRP5)	a line neural plate	a9.52
https://www.aniseed.fr/aniseed/experiment/show_insitu_by_biomaterial?biomaterial_id=26417	Stage 12 (mid gastrula)	KH2012:KH.L171.5 (SFRP1; SFRP2; SFRP5)	a line neural plate	a9.52*
https://www.aniseed.fr/aniseed/experiment/show_insitu_by_biomaterial?biomaterial_id=26417	Stage 12 (mid gastrula)	KH2012:KH.L171.5 (SFRP1; SFRP2; SFRP5)	a line neural plate	a9.51
https://www.aniseed.fr/aniseed/experiment/show_insitu_by_biomaterial?biomaterial_id=26417	Stage 12 (mid gastrula)	KH2012:KH.L171.5 (SFRP1; SFRP2; SFRP5)	a line neural plate	a9.51*
https://www.aniseed.fr/aniseed/experiment/show_insitu_by_biomaterial?biomaterial_id=26419	Stage 12 (mid gastrula)	KH2012:KH.L171.5 (SFRP1; SFRP2; SFRP5)	a line neural plate	a9.33
https://www.aniseed.fr/aniseed/experiment/show_insitu_by_biomaterial?biomaterial_id=26419	Stage 12 (mid gastrula)	KH2012:KH.L171.5 (SFRP1; SFRP2; SFRP5)	a line neural plate	a9.33*
https://www.aniseed.fr/aniseed/experiment/show_insitu_by_biomaterial?biomaterial_id=26419	Stage 12 (mid gastrula)	KH2012:KH.L171.5 (SFRP1; SFRP2; SFRP5)	a line neural plate	a9.37
https://www.aniseed.fr/aniseed/experiment/show_insitu_by_biomaterial?biomaterial_id=26419	Stage 12 (mid gastrula)	KH2012:KH.L171.5 (SFRP1; SFRP2; SFRP5)	a line neural plate	a9.37*
https://www.aniseed.fr/aniseed/experiment/show_insitu_by_biomaterial?biomaterial_id=26419	Stage 12 (mid gastrula)	KH2012:KH.L171.5 (SFRP1; SFRP2; SFRP5)	a line neural plate	a9.35
https://www.aniseed.fr/aniseed/experiment/show_insitu_by_biomaterial?biomaterial_id=26419	Stage 12 (mid gastrula)	KH2012:KH.L171.5 (SFRP1; SFRP2; SFRP5)	a line neural plate	a9.35*
https://www.aniseed.fr/aniseed/experiment/show_insitu_by_biomaterial?biomaterial_id=26419	Stage 12 (mid gastrula)	KH2012:KH.L171.5 (SFRP1; SFRP2; SFRP5)	a line neural plate	a9.39
https://www.aniseed.fr/aniseed/experiment/show_insitu_by_biomaterial?biomaterial_id=26419	Stage 12 (mid gastrula)	KH2012:KH.L171.5 (SFRP1; SFRP2; SFRP5)	a line neural plate	a9.39*
https://www.aniseed.fr/aniseed/experiment/show_insitu_by_biomaterial?biomaterial_id=26419	Stage 12 (mid gastrula)	KH2012:KH.L171.5 (SFRP1; SFRP2; SFRP5)	a line neural plate	a9.49
https://www.aniseed.fr/aniseed/experiment/show_insitu_by_biomaterial?biomaterial_id=26419	Stage 12 (mid gastrula)	KH2012:KH.L171.5 (SFRP1; SFRP2; SFRP5)	a line neural plate	a9.49*
https://www.aniseed.fr/aniseed/experiment/show_insitu_by_biomaterial?biomaterial_id=26419	Stage 12 (mid gastrula)	KH2012:KH.L171.5 (SFRP1; SFRP2; SFRP5)	a line neural plate	a9.34
https://www.aniseed.fr/aniseed/experiment/show_insitu_by_biomaterial?biomaterial_id=26419	Stage 12 (mid gastrula)	KH2012:KH.L171.5 (SFRP1; SFRP2; SFRP5)	a line neural plate	a9.34*
https://www.aniseed.fr/aniseed/experiment/show_insitu_by_biomaterial?biomaterial_id=26419	Stage 12 (mid gastrula)	KH2012:KH.L171.5 (SFRP1; SFRP2; SFRP5)	a line neural plate	a9.38
https://www.aniseed.fr/aniseed/experiment/show_insitu_by_biomaterial?biomaterial_id=26419	Stage 12 (mid gastrula)	KH2012:KH.L171.5 (SFRP1; SFRP2; SFRP5)	a line neural plate	a9.38*
https://www.aniseed.fr/aniseed/experiment/show_insitu_by_biomaterial?biomaterial_id=26419	Stage 12 (mid gastrula)	KH2012:KH.L171.5 (SFRP1; SFRP2; SFRP5)	a line neural plate	a9.50
https://www.aniseed.fr/aniseed/experiment/show_insitu_by_biomaterial?biomaterial_id=26419	Stage 12 (mid gastrula)	KH2012:KH.L171.5 (SFRP1; SFRP2; SFRP5)	a line neural plate	a9.50*
https://www.aniseed.fr/aniseed/experiment/show_insitu_by_biomaterial?biomaterial_id=26419	Stage 12 (mid gastrula)	KH2012:KH.L171.5 (SFRP1; SFRP2; SFRP5)	a line neural plate	a9.36
https://www.aniseed.fr/aniseed/experiment/show_insitu_by_biomaterial?biomaterial_id=26419	Stage 12 (mid gastrula)	KH2012:KH.L171.5 (SFRP1; SFRP2; SFRP5)	a line neural plate	a9.36*
https://www.aniseed.fr/aniseed/experiment/show_insitu_by_biomaterial?biomaterial_id=26419	Stage 12 (mid gastrula)	KH2012:KH.L171.5 (SFRP1; SFRP2; SFRP5)	a line neural plate	a9.40
https://www.aniseed.fr/aniseed/experiment/show_insitu_by_biomaterial?biomaterial_id=26419	Stage 12 (mid gastrula)	KH2012:KH.L171.5 (SFRP1; SFRP2; SFRP5)	a line neural plate	a9.40*
https://www.aniseed.fr/aniseed/experiment/show_insitu_by_biomaterial?biomaterial_id=26419	Stage 12 (mid gastrula)	KH2012:KH.L171.5 (SFRP1; SFRP2; SFRP5)	a line neural plate	a9.52
https://www.aniseed.fr/aniseed/experiment/show_insitu_by_biomaterial?biomaterial_id=26419	Stage 12 (mid gastrula)	KH2012:KH.L171.5 (SFRP1; SFRP2; SFRP5)	a line neural plate	a9.52*
https://www.aniseed.fr/aniseed/experiment/show_insitu_by_biomaterial?biomaterial_id=26419	Stage 12 (mid gastrula)	KH2012:KH.L171.5 (SFRP1; SFRP2; SFRP5)	a line neural plate	a9.51
https://www.aniseed.fr/aniseed/experiment/show_insitu_by_biomaterial?biomaterial_id=26419	Stage 12 (mid gastrula)	KH2012:KH.L171.5 (SFRP1; SFRP2; SFRP5)	a line neural plate	a9.51*
https://www.aniseed.fr/aniseed/experiment/show_insitu_by_biomaterial?biomaterial_id=15262	Stage 12 (mid gastrula)	KH2012:KH.L24.10 (EBF1; EBF2; EBF3)	A9.32 cell pair	A9.32
https://www.aniseed.fr/aniseed/experiment/show_insitu_by_biomaterial?biomaterial_id=15262	Stage 12 (mid gastrula)	KH2012:KH.L24.10 (EBF1; EBF2; EBF3)	A9.32 cell pair	A9.32*
https://www.aniseed.fr/aniseed/experiment/show_insitu_by_biomaterial?biomaterial_id=25548	Stage 12 (mid gastrula)	KH2012:KH.L24.10 (EBF1; EBF2; EBF3)	A9.32 cell pair	A9.32
https://www.aniseed.fr/aniseed/experiment/show_insitu_by_biomaterial?biomaterial_id=25548	Stage 12 (mid gastrula)	KH2012:KH.L24.10 (EBF1; EBF2; EBF3)	A9.32 cell pair	A9.32*
https://www.aniseed.fr/aniseed/experiment/show_insitu_by_biomaterial?biomaterial_id=26115	Stage 12 (mid gastrula)	KH2012:KH.L24.10 (EBF1; EBF2; EBF3)	A9.32 cell pair	A9.32
https://www.aniseed.fr/aniseed/experiment/show_insitu_by_biomaterial?biomaterial_id=26115	Stage 12 (mid gastrula)	KH2012:KH.L24.10 (EBF1; EBF2; EBF3)	A9.32 cell pair	A9.32*
https://www.aniseed.fr/aniseed/experiment/show_insitu_by_biomaterial?biomaterial_id=26120	Stage 12 (mid gastrula)	KH2012:KH.L24.10 (EBF1; EBF2; EBF3)	A9.32 cell pair	A9.32
https://www.aniseed.fr/aniseed/experiment/show_insitu_by_biomaterial?biomaterial_id=26120	Stage 12 (mid gastrula)	KH2012:KH.L24.10 (EBF1; EBF2; EBF3)	A9.32 cell pair	A9.32*
https://www.aniseed.fr/aniseed/experiment/show_insitu_by_biomaterial?biomaterial_id=27585	Stage 12 (mid gastrula)	KH2012:KH.L24.10 (EBF1; EBF2; EBF3)	A9.32 cell pair	A9.32
https://www.aniseed.fr/aniseed/experiment/show_insitu_by_biomaterial?biomaterial_id=27585	Stage 12 (mid gastrula)	KH2012:KH.L24.10 (EBF1; EBF2; EBF3)	A9.32 cell pair	A9.32*
https://www.aniseed.fr/aniseed/experiment/show_insitu_by_biomaterial?biomaterial_id=28429	Stage 12 (mid gastrula)	KH2012:KH.L24.10 (EBF1; EBF2; EBF3)	A9.32 cell pair	A9.32
https://www.aniseed.fr/aniseed/experiment/show_insitu_by_biomaterial?biomaterial_id=28429	Stage 12 (mid gastrula)	KH2012:KH.L24.10 (EBF1; EBF2; EBF3)	A9.32 cell pair	A9.32*
https://www.aniseed.fr/aniseed/experiment/show_insitu_by_biomaterial?biomaterial_id=21477	Stage 13 (late gastrula)	KH2012:KH.L24.10 (EBF1; EBF2; EBF3)	A9.32 cell pair	A9.32
https://www.aniseed.fr/aniseed/experiment/show_insitu_by_biomaterial?biomaterial_id=21477	Stage 13 (late gastrula)	KH2012:KH.L24.10 (EBF1; EBF2; EBF3)	A9.32 cell pair	A9.32*
https://www.aniseed.fr/aniseed/experiment/show_insitu_by_biomaterial?biomaterial_id=23602	Stage 13 (late gastrula)	KH2012:KH.L24.10 (EBF1; EBF2; EBF3)	A9.32 cell pair	A9.32
https://www.aniseed.fr/aniseed/experiment/show_insitu_by_biomaterial?biomaterial_id=23602	Stage 13 (late gastrula)	KH2012:KH.L24.10 (EBF1; EBF2; EBF3)	A9.32 cell pair	A9.32*
https://www.aniseed.fr/aniseed/experiment/show_insitu_by_biomaterial?biomaterial_id=25556	Stage 13 (late gastrula)	KH2012:KH.L24.10 (EBF1; EBF2; EBF3)	A9.32 cell pair	A9.32
https://www.aniseed.fr/aniseed/experiment/show_insitu_by_biomaterial?biomaterial_id=25556	Stage 13 (late gastrula)	KH2012:KH.L24.10 (EBF1; EBF2; EBF3)	A9.32 cell pair	A9.32*
https://www.aniseed.fr/aniseed/experiment/show_insitu_by_biomaterial?biomaterial_id=25580	Stage 13 (late gastrula)	KH2012:KH.L24.10 (EBF1; EBF2; EBF3)	A9.32 cell pair	A9.32
https://www.aniseed.fr/aniseed/experiment/show_insitu_by_biomaterial?biomaterial_id=25580	Stage 13 (late gastrula)	KH2012:KH.L24.10 (EBF1; EBF2; EBF3)	A9.32 cell pair	A9.32*
https://www.aniseed.fr/aniseed/experiment/show_insitu_by_biomaterial?biomaterial_id=25557	Stage 15 (mid neurula)	KH2012:KH.L24.10 (EBF1; EBF2; EBF3)	A line neural plate	A10.63
https://www.aniseed.fr/aniseed/experiment/show_insitu_by_biomaterial?biomaterial_id=25557	Stage 15 (mid neurula)	KH2012:KH.L24.10 (EBF1; EBF2; EBF3)	A line neural plate	A10.63*
https://www.aniseed.fr/aniseed/experiment/show_insitu_by_biomaterial?biomaterial_id=25557	Stage 15 (mid neurula)	KH2012:KH.L24.10 (EBF1; EBF2; EBF3)	A line neural plate	A10.64
https://www.aniseed.fr/aniseed/experiment/show_insitu_by_biomaterial?biomaterial_id=25557	Stage 15 (mid neurula)	KH2012:KH.L24.10 (EBF1; EBF2; EBF3)	A line neural plate	A10.64*
https://www.aniseed.fr/aniseed/experiment/show_insitu_by_biomaterial?biomaterial_id=21248	Stage 13 (late gastrula)	KH2012:KH.L39.1 (FOXF1; FOXH1; FOXQ1)	a line neural plate	a9.33
https://www.aniseed.fr/aniseed/experiment/show_insitu_by_biomaterial?biomaterial_id=21248	Stage 13 (late gastrula)	KH2012:KH.L39.1 (FOXF1; FOXH1; FOXQ1)	a line neural plate	a9.33*
https://www.aniseed.fr/aniseed/experiment/show_insitu_by_biomaterial?biomaterial_id=21248	Stage 13 (late gastrula)	KH2012:KH.L39.1 (FOXF1; FOXH1; FOXQ1)	a line neural plate	a9.37
https://www.aniseed.fr/aniseed/experiment/show_insitu_by_biomaterial?biomaterial_id=21248	Stage 13 (late gastrula)	KH2012:KH.L39.1 (FOXF1; FOXH1; FOXQ1)	a line neural plate	a9.37*
https://www.aniseed.fr/aniseed/experiment/show_insitu_by_biomaterial?biomaterial_id=21248	Stage 13 (late gastrula)	KH2012:KH.L39.1 (FOXF1; FOXH1; FOXQ1)	a line neural plate	a9.35
https://www.aniseed.fr/aniseed/experiment/show_insitu_by_biomaterial?biomaterial_id=21248	Stage 13 (late gastrula)	KH2012:KH.L39.1 (FOXF1; FOXH1; FOXQ1)	a line neural plate	a9.35*
https://www.aniseed.fr/aniseed/experiment/show_insitu_by_biomaterial?biomaterial_id=21248	Stage 13 (late gastrula)	KH2012:KH.L39.1 (FOXF1; FOXH1; FOXQ1)	a line neural plate	a9.39
https://www.aniseed.fr/aniseed/experiment/show_insitu_by_biomaterial?biomaterial_id=21248	Stage 13 (late gastrula)	KH2012:KH.L39.1 (FOXF1; FOXH1; FOXQ1)	a line neural plate	a9.39*
https://www.aniseed.fr/aniseed/experiment/show_insitu_by_biomaterial?biomaterial_id=21248	Stage 13 (late gastrula)	KH2012:KH.L39.1 (FOXF1; FOXH1; FOXQ1)	a line neural plate	a9.49
https://www.aniseed.fr/aniseed/experiment/show_insitu_by_biomaterial?biomaterial_id=21248	Stage 13 (late gastrula)	KH2012:KH.L39.1 (FOXF1; FOXH1; FOXQ1)	a line neural plate	a9.49*
https://www.aniseed.fr/aniseed/experiment/show_insitu_by_biomaterial?biomaterial_id=21248	Stage 13 (late gastrula)	KH2012:KH.L39.1 (FOXF1; FOXH1; FOXQ1)	a line neural plate	a9.34
https://www.aniseed.fr/aniseed/experiment/show_insitu_by_biomaterial?biomaterial_id=21248	Stage 13 (late gastrula)	KH2012:KH.L39.1 (FOXF1; FOXH1; FOXQ1)	a line neural plate	a9.34*
https://www.aniseed.fr/aniseed/experiment/show_insitu_by_biomaterial?biomaterial_id=21248	Stage 13 (late gastrula)	KH2012:KH.L39.1 (FOXF1; FOXH1; FOXQ1)	a line neural plate	a9.38
https://www.aniseed.fr/aniseed/experiment/show_insitu_by_biomaterial?biomaterial_id=21248	Stage 13 (late gastrula)	KH2012:KH.L39.1 (FOXF1; FOXH1; FOXQ1)	a line neural plate	a9.38*
https://www.aniseed.fr/aniseed/experiment/show_insitu_by_biomaterial?biomaterial_id=21248	Stage 13 (late gastrula)	KH2012:KH.L39.1 (FOXF1; FOXH1; FOXQ1)	a line neural plate	a9.50
https://www.aniseed.fr/aniseed/experiment/show_insitu_by_biomaterial?biomaterial_id=21248	Stage 13 (late gastrula)	KH2012:KH.L39.1 (FOXF1; FOXH1; FOXQ1)	a line neural plate	a9.50*
https://www.aniseed.fr/aniseed/experiment/show_insitu_by_biomaterial?biomaterial_id=21248	Stage 13 (late gastrula)	KH2012:KH.L39.1 (FOXF1; FOXH1; FOXQ1)	a line neural plate	a9.36
https://www.aniseed.fr/aniseed/experiment/show_insitu_by_biomaterial?biomaterial_id=21248	Stage 13 (late gastrula)	KH2012:KH.L39.1 (FOXF1; FOXH1; FOXQ1)	a line neural plate	a9.36*
https://www.aniseed.fr/aniseed/experiment/show_insitu_by_biomaterial?biomaterial_id=21248	Stage 13 (late gastrula)	KH2012:KH.L39.1 (FOXF1; FOXH1; FOXQ1)	a line neural plate	a9.40
https://www.aniseed.fr/aniseed/experiment/show_insitu_by_biomaterial?biomaterial_id=21248	Stage 13 (late gastrula)	KH2012:KH.L39.1 (FOXF1; FOXH1; FOXQ1)	a line neural plate	a9.40*
https://www.aniseed.fr/aniseed/experiment/show_insitu_by_biomaterial?biomaterial_id=21248	Stage 13 (late gastrula)	KH2012:KH.L39.1 (FOXF1; FOXH1; FOXQ1)	a line neural plate	a9.52
https://www.aniseed.fr/aniseed/experiment/show_insitu_by_biomaterial?biomaterial_id=21248	Stage 13 (late gastrula)	KH2012:KH.L39.1 (FOXF1; FOXH1; FOXQ1)	a line neural plate	a9.52*
https://www.aniseed.fr/aniseed/experiment/show_insitu_by_biomaterial?biomaterial_id=21248	Stage 13 (late gastrula)	KH2012:KH.L39.1 (FOXF1; FOXH1; FOXQ1)	a line neural plate	a9.51
https://www.aniseed.fr/aniseed/experiment/show_insitu_by_biomaterial?biomaterial_id=21248	Stage 13 (late gastrula)	KH2012:KH.L39.1 (FOXF1; FOXH1; FOXQ1)	a line neural plate	a9.51*
https://www.aniseed.fr/aniseed/experiment/show_insitu_by_biomaterial?biomaterial_id=15281	Stage 12 (mid gastrula)	KH2012:KH.L50.6 (DLK2; DLL1)	A9.32 cell pair	A9.32
https://www.aniseed.fr/aniseed/experiment/show_insitu_by_biomaterial?biomaterial_id=15281	Stage 12 (mid gastrula)	KH2012:KH.L50.6 (DLK2; DLL1)	A9.32 cell pair	A9.32*
https://www.aniseed.fr/aniseed/experiment/show_insitu_by_biomaterial?biomaterial_id=16784	Stage 13 (late gastrula)	KH2012:KH.L50.6 (DLK2; DLL1)	A9.29 cell pair	A9.29
https://www.aniseed.fr/aniseed/experiment/show_insitu_by_biomaterial?biomaterial_id=16784	Stage 13 (late gastrula)	KH2012:KH.L50.6 (DLK2; DLL1)	A9.29 cell pair	A9.29*
https://www.aniseed.fr/aniseed/experiment/show_insitu_by_biomaterial?biomaterial_id=16784	Stage 13 (late gastrula)	KH2012:KH.L50.6 (DLK2; DLL1)	A9.30 cell pair	A9.30
https://www.aniseed.fr/aniseed/experiment/show_insitu_by_biomaterial?biomaterial_id=16784	Stage 13 (late gastrula)	KH2012:KH.L50.6 (DLK2; DLL1)	A9.30 cell pair	A9.30*
https://www.aniseed.fr/aniseed/experiment/show_insitu_by_biomaterial?biomaterial_id=16784	Stage 13 (late gastrula)	KH2012:KH.L50.6 (DLK2; DLL1)	A9.32 cell pair	A9.32
https://www.aniseed.fr/aniseed/experiment/show_insitu_by_biomaterial?biomaterial_id=16784	Stage 13 (late gastrula)	KH2012:KH.L50.6 (DLK2; DLL1)	A9.32 cell pair	A9.32*
https://www.aniseed.fr/aniseed/experiment/show_insitu_by_biomaterial?biomaterial_id=16796	Stage 13 (late gastrula)	KH2012:KH.L50.6 (DLK2; DLL1)	A9.32 cell pair	A9.32
https://www.aniseed.fr/aniseed/experiment/show_insitu_by_biomaterial?biomaterial_id=16796	Stage 13 (late gastrula)	KH2012:KH.L50.6 (DLK2; DLL1)	A9.32 cell pair	A9.32*
https://www.aniseed.fr/aniseed/experiment/show_insitu_by_biomaterial?biomaterial_id=16796	Stage 13 (late gastrula)	KH2012:KH.L50.6 (DLK2; DLL1)	a9.49 cell pair	a9.49
https://www.aniseed.fr/aniseed/experiment/show_insitu_by_biomaterial?biomaterial_id=16796	Stage 13 (late gastrula)	KH2012:KH.L50.6 (DLK2; DLL1)	a9.49 cell pair	a9.49*
https://www.aniseed.fr/aniseed/experiment/show_insitu_by_biomaterial?biomaterial_id=36477	Stage 13 (late gastrula)	KH2012:KH.L50.6 (DLK2; DLL1)	A9.32 cell pair	A9.32
https://www.aniseed.fr/aniseed/experiment/show_insitu_by_biomaterial?biomaterial_id=36477	Stage 13 (late gastrula)	KH2012:KH.L50.6 (DLK2; DLL1)	A9.32 cell pair	A9.32*
https://www.aniseed.fr/aniseed/experiment/show_insitu_by_biomaterial?biomaterial_id=36477	Stage 13 (late gastrula)	KH2012:KH.L50.6 (DLK2; DLL1)	a9.49 cell pair	a9.49
https://www.aniseed.fr/aniseed/experiment/show_insitu_by_biomaterial?biomaterial_id=36477	Stage 13 (late gastrula)	KH2012:KH.L50.6 (DLK2; DLL1)	a9.49 cell pair	a9.49*
https://www.aniseed.fr/aniseed/experiment/show_insitu_by_biomaterial?biomaterial_id=36477	Stage 13 (late gastrula)	KH2012:KH.L50.6 (DLK2; DLL1)	a9.50 cell pair	a9.50
https://www.aniseed.fr/aniseed/experiment/show_insitu_by_biomaterial?biomaterial_id=36477	Stage 13 (late gastrula)	KH2012:KH.L50.6 (DLK2; DLL1)	a9.50 cell pair	a9.50*
https://www.aniseed.fr/aniseed/experiment/show_insitu_by_biomaterial?biomaterial_id=36486	Stage 13 (late gastrula)	KH2012:KH.L50.6 (DLK2; DLL1)	A9.32 cell pair	A9.32
https://www.aniseed.fr/aniseed/experiment/show_insitu_by_biomaterial?biomaterial_id=36486	Stage 13 (late gastrula)	KH2012:KH.L50.6 (DLK2; DLL1)	A9.32 cell pair	A9.32*
https://www.aniseed.fr/aniseed/experiment/show_insitu_by_biomaterial?biomaterial_id=36486	Stage 13 (late gastrula)	KH2012:KH.L50.6 (DLK2; DLL1)	a9.49 cell pair	a9.49
https://www.aniseed.fr/aniseed/experiment/show_insitu_by_biomaterial?biomaterial_id=36486	Stage 13 (late gastrula)	KH2012:KH.L50.6 (DLK2; DLL1)	a9.49 cell pair	a9.49*
https://www.aniseed.fr/aniseed/experiment/show_insitu_by_biomaterial?biomaterial_id=15235	Stage 12 (mid gastrula)	KH2012:KH.L57.25 (FOXC1; FOXC2; FOXL1)	row V neural plate	a9.35
https://www.aniseed.fr/aniseed/experiment/show_insitu_by_biomaterial?biomaterial_id=15235	Stage 12 (mid gastrula)	KH2012:KH.L57.25 (FOXC1; FOXC2; FOXL1)	row V neural plate	a9.35*
https://www.aniseed.fr/aniseed/experiment/show_insitu_by_biomaterial?biomaterial_id=15235	Stage 12 (mid gastrula)	KH2012:KH.L57.25 (FOXC1; FOXC2; FOXL1)	row V neural plate	a9.39
https://www.aniseed.fr/aniseed/experiment/show_insitu_by_biomaterial?biomaterial_id=15235	Stage 12 (mid gastrula)	KH2012:KH.L57.25 (FOXC1; FOXC2; FOXL1)	row V neural plate	a9.39*
https://www.aniseed.fr/aniseed/experiment/show_insitu_by_biomaterial?biomaterial_id=15235	Stage 12 (mid gastrula)	KH2012:KH.L57.25 (FOXC1; FOXC2; FOXL1)	row V neural plate	a9.51
https://www.aniseed.fr/aniseed/experiment/show_insitu_by_biomaterial?biomaterial_id=15235	Stage 12 (mid gastrula)	KH2012:KH.L57.25 (FOXC1; FOXC2; FOXL1)	row VI neural plate	a9.36*
https://www.aniseed.fr/aniseed/experiment/show_insitu_by_biomaterial?biomaterial_id=15235	Stage 12 (mid gastrula)	KH2012:KH.L57.25 (FOXC1; FOXC2; FOXL1)	row VI neural plate	a9.40
https://www.aniseed.fr/aniseed/experiment/show_insitu_by_biomaterial?biomaterial_id=15235	Stage 12 (mid gastrula)	KH2012:KH.L57.25 (FOXC1; FOXC2; FOXL1)	row VI neural plate	a9.40*
https://www.aniseed.fr/aniseed/experiment/show_insitu_by_biomaterial?biomaterial_id=28091	Stage 12 (mid gastrula)	KH2012:KH.L57.25 (FOXC1; FOXC2; FOXL1)	row V neural plate	a9.35
https://www.aniseed.fr/aniseed/experiment/show_insitu_by_biomaterial?biomaterial_id=28091	Stage 12 (mid gastrula)	KH2012:KH.L57.25 (FOXC1; FOXC2; FOXL1)	row V neural plate	a9.35*
https://www.aniseed.fr/aniseed/experiment/show_insitu_by_biomaterial?biomaterial_id=28091	Stage 12 (mid gastrula)	KH2012:KH.L57.25 (FOXC1; FOXC2; FOXL1)	row V neural plate	a9.39
https://www.aniseed.fr/aniseed/experiment/show_insitu_by_biomaterial?biomaterial_id=28091	Stage 12 (mid gastrula)	KH2012:KH.L57.25 (FOXC1; FOXC2; FOXL1)	row V neural plate	a9.39*
https://www.aniseed.fr/aniseed/experiment/show_insitu_by_biomaterial?biomaterial_id=28091	Stage 12 (mid gastrula)	KH2012:KH.L57.25 (FOXC1; FOXC2; FOXL1)	row VI neural plate	a9.36
https://www.aniseed.fr/aniseed/experiment/show_insitu_by_biomaterial?biomaterial_id=28091	Stage 12 (mid gastrula)	KH2012:KH.L57.25 (FOXC1; FOXC2; FOXL1)	row VI neural plate	a9.36*
https://www.aniseed.fr/aniseed/experiment/show_insitu_by_biomaterial?biomaterial_id=28091	Stage 12 (mid gastrula)	KH2012:KH.L57.25 (FOXC1; FOXC2; FOXL1)	row VI neural plate	a9.40
https://www.aniseed.fr/aniseed/experiment/show_insitu_by_biomaterial?biomaterial_id=28091	Stage 12 (mid gastrula)	KH2012:KH.L57.25 (FOXC1; FOXC2; FOXL1)	row VI neural plate	a9.40*
https://www.aniseed.fr/aniseed/experiment/show_insitu_by_biomaterial?biomaterial_id=15306	Stage 13 (late gastrula)	KH2012:KH.L57.25 (FOXC1; FOXC2; FOXL1)	a9.35 cell pair	a9.35
https://www.aniseed.fr/aniseed/experiment/show_insitu_by_biomaterial?biomaterial_id=15306	Stage 13 (late gastrula)	KH2012:KH.L57.25 (FOXC1; FOXC2; FOXL1)	a9.35 cell pair	a9.35*
https://www.aniseed.fr/aniseed/experiment/show_insitu_by_biomaterial?biomaterial_id=15306	Stage 13 (late gastrula)	KH2012:KH.L57.25 (FOXC1; FOXC2; FOXL1)	a9.36 cell pair	a9.36
https://www.aniseed.fr/aniseed/experiment/show_insitu_by_biomaterial?biomaterial_id=15306	Stage 13 (late gastrula)	KH2012:KH.L57.25 (FOXC1; FOXC2; FOXL1)	a9.36 cell pair	a9.36*
https://www.aniseed.fr/aniseed/experiment/show_insitu_by_biomaterial?biomaterial_id=15306	Stage 13 (late gastrula)	KH2012:KH.L57.25 (FOXC1; FOXC2; FOXL1)	a9.39 cell pair	a9.39
https://www.aniseed.fr/aniseed/experiment/show_insitu_by_biomaterial?biomaterial_id=15306	Stage 13 (late gastrula)	KH2012:KH.L57.25 (FOXC1; FOXC2; FOXL1)	a9.39 cell pair	a9.39*
https://www.aniseed.fr/aniseed/experiment/show_insitu_by_biomaterial?biomaterial_id=15306	Stage 13 (late gastrula)	KH2012:KH.L57.25 (FOXC1; FOXC2; FOXL1)	a9.40 cell pair	a9.40
https://www.aniseed.fr/aniseed/experiment/show_insitu_by_biomaterial?biomaterial_id=15306	Stage 13 (late gastrula)	KH2012:KH.L57.25 (FOXC1; FOXC2; FOXL1)	a9.40 cell pair	a9.40*
https://www.aniseed.fr/aniseed/experiment/show_insitu_by_biomaterial?biomaterial_id=16246	Stage 13 (late gastrula)	KH2012:KH.L57.25 (FOXC1; FOXC2; FOXL1)	a9.35 cell pair	a9.35
https://www.aniseed.fr/aniseed/experiment/show_insitu_by_biomaterial?biomaterial_id=16246	Stage 13 (late gastrula)	KH2012:KH.L57.25 (FOXC1; FOXC2; FOXL1)	a9.35 cell pair	a9.35*
https://www.aniseed.fr/aniseed/experiment/show_insitu_by_biomaterial?biomaterial_id=16246	Stage 13 (late gastrula)	KH2012:KH.L57.25 (FOXC1; FOXC2; FOXL1)	a9.36 cell pair	a9.36
https://www.aniseed.fr/aniseed/experiment/show_insitu_by_biomaterial?biomaterial_id=16246	Stage 13 (late gastrula)	KH2012:KH.L57.25 (FOXC1; FOXC2; FOXL1)	a9.36 cell pair	a9.36*
https://www.aniseed.fr/aniseed/experiment/show_insitu_by_biomaterial?biomaterial_id=16246	Stage 13 (late gastrula)	KH2012:KH.L57.25 (FOXC1; FOXC2; FOXL1)	a9.39 cell pair	a9.39
https://www.aniseed.fr/aniseed/experiment/show_insitu_by_biomaterial?biomaterial_id=16246	Stage 13 (late gastrula)	KH2012:KH.L57.25 (FOXC1; FOXC2; FOXL1)	a9.39 cell pair	a9.39*
https://www.aniseed.fr/aniseed/experiment/show_insitu_by_biomaterial?biomaterial_id=16246	Stage 13 (late gastrula)	KH2012:KH.L57.25 (FOXC1; FOXC2; FOXL1)	a9.40 cell pair	a9.40
https://www.aniseed.fr/aniseed/experiment/show_insitu_by_biomaterial?biomaterial_id=16246	Stage 13 (late gastrula)	KH2012:KH.L57.25 (FOXC1; FOXC2; FOXL1)	a9.40 cell pair	a9.40*
https://www.aniseed.fr/aniseed/experiment/show_insitu_by_biomaterial?biomaterial_id=17661	Stage 13 (late gastrula)	KH2012:KH.L57.25 (FOXC1; FOXC2; FOXL1)	a9.35 cell pair	a9.35
https://www.aniseed.fr/aniseed/experiment/show_insitu_by_biomaterial?biomaterial_id=17661	Stage 13 (late gastrula)	KH2012:KH.L57.25 (FOXC1; FOXC2; FOXL1)	a9.35 cell pair	a9.35*
https://www.aniseed.fr/aniseed/experiment/show_insitu_by_biomaterial?biomaterial_id=17661	Stage 13 (late gastrula)	KH2012:KH.L57.25 (FOXC1; FOXC2; FOXL1)	a9.36 cell pair	a9.36
https://www.aniseed.fr/aniseed/experiment/show_insitu_by_biomaterial?biomaterial_id=17661	Stage 13 (late gastrula)	KH2012:KH.L57.25 (FOXC1; FOXC2; FOXL1)	a9.36 cell pair	a9.36*
https://www.aniseed.fr/aniseed/experiment/show_insitu_by_biomaterial?biomaterial_id=17661	Stage 13 (late gastrula)	KH2012:KH.L57.25 (FOXC1; FOXC2; FOXL1)	a9.39 cell pair	a9.39
https://www.aniseed.fr/aniseed/experiment/show_insitu_by_biomaterial?biomaterial_id=17661	Stage 13 (late gastrula)	KH2012:KH.L57.25 (FOXC1; FOXC2; FOXL1)	a9.39 cell pair	a9.39*
https://www.aniseed.fr/aniseed/experiment/show_insitu_by_biomaterial?biomaterial_id=17661	Stage 13 (late gastrula)	KH2012:KH.L57.25 (FOXC1; FOXC2; FOXL1)	a9.40 cell pair	a9.40
https://www.aniseed.fr/aniseed/experiment/show_insitu_by_biomaterial?biomaterial_id=17661	Stage 13 (late gastrula)	KH2012:KH.L57.25 (FOXC1; FOXC2; FOXL1)	a9.40 cell pair	a9.40*
https://www.aniseed.fr/aniseed/experiment/show_insitu_by_biomaterial?biomaterial_id=21410	Stage 13 (late gastrula)	KH2012:KH.L57.25 (FOXC1; FOXC2; FOXL1)	a9.35 cell pair	a9.35
https://www.aniseed.fr/aniseed/experiment/show_insitu_by_biomaterial?biomaterial_id=21410	Stage 13 (late gastrula)	KH2012:KH.L57.25 (FOXC1; FOXC2; FOXL1)	a9.35 cell pair	a9.35*
https://www.aniseed.fr/aniseed/experiment/show_insitu_by_biomaterial?biomaterial_id=21410	Stage 13 (late gastrula)	KH2012:KH.L57.25 (FOXC1; FOXC2; FOXL1)	a9.36 cell pair	a9.36
https://www.aniseed.fr/aniseed/experiment/show_insitu_by_biomaterial?biomaterial_id=21410	Stage 13 (late gastrula)	KH2012:KH.L57.25 (FOXC1; FOXC2; FOXL1)	a9.36 cell pair	a9.36*
https://www.aniseed.fr/aniseed/experiment/show_insitu_by_biomaterial?biomaterial_id=21410	Stage 13 (late gastrula)	KH2012:KH.L57.25 (FOXC1; FOXC2; FOXL1)	a9.39 cell pair	a9.39
https://www.aniseed.fr/aniseed/experiment/show_insitu_by_biomaterial?biomaterial_id=21410	Stage 13 (late gastrula)	KH2012:KH.L57.25 (FOXC1; FOXC2; FOXL1)	a9.39 cell pair	a9.39*
https://www.aniseed.fr/aniseed/experiment/show_insitu_by_biomaterial?biomaterial_id=21410	Stage 13 (late gastrula)	KH2012:KH.L57.25 (FOXC1; FOXC2; FOXL1)	a9.40 cell pair	a9.40
https://www.aniseed.fr/aniseed/experiment/show_insitu_by_biomaterial?biomaterial_id=21410	Stage 13 (late gastrula)	KH2012:KH.L57.25 (FOXC1; FOXC2; FOXL1)	a9.40 cell pair	a9.40*
https://www.aniseed.fr/aniseed/experiment/show_insitu_by_biomaterial?biomaterial_id=25368	Stage 13 (late gastrula)	KH2012:KH.L57.25 (FOXC1; FOXC2; FOXL1)	a9.35 cell pair	a9.35
https://www.aniseed.fr/aniseed/experiment/show_insitu_by_biomaterial?biomaterial_id=25368	Stage 13 (late gastrula)	KH2012:KH.L57.25 (FOXC1; FOXC2; FOXL1)	a9.35 cell pair	a9.35*
https://www.aniseed.fr/aniseed/experiment/show_insitu_by_biomaterial?biomaterial_id=25368	Stage 13 (late gastrula)	KH2012:KH.L57.25 (FOXC1; FOXC2; FOXL1)	a9.36 cell pair	a9.36
https://www.aniseed.fr/aniseed/experiment/show_insitu_by_biomaterial?biomaterial_id=25368	Stage 13 (late gastrula)	KH2012:KH.L57.25 (FOXC1; FOXC2; FOXL1)	a9.36 cell pair	a9.36*
https://www.aniseed.fr/aniseed/experiment/show_insitu_by_biomaterial?biomaterial_id=25368	Stage 13 (late gastrula)	KH2012:KH.L57.25 (FOXC1; FOXC2; FOXL1)	a9.39 cell pair	a9.39
https://www.aniseed.fr/aniseed/experiment/show_insitu_by_biomaterial?biomaterial_id=25368	Stage 13 (late gastrula)	KH2012:KH.L57.25 (FOXC1; FOXC2; FOXL1)	a9.39 cell pair	a9.39*
https://www.aniseed.fr/aniseed/experiment/show_insitu_by_biomaterial?biomaterial_id=25368	Stage 13 (late gastrula)	KH2012:KH.L57.25 (FOXC1; FOXC2; FOXL1)	a9.40 cell pair	a9.40
https://www.aniseed.fr/aniseed/experiment/show_insitu_by_biomaterial?biomaterial_id=25368	Stage 13 (late gastrula)	KH2012:KH.L57.25 (FOXC1; FOXC2; FOXL1)	a9.40 cell pair	a9.40*
https://www.aniseed.fr/aniseed/experiment/show_insitu_by_biomaterial?biomaterial_id=28077	Stage 13 (late gastrula)	KH2012:KH.L57.25 (FOXC1; FOXC2; FOXL1)	a9.35 cell pair	a9.35
https://www.aniseed.fr/aniseed/experiment/show_insitu_by_biomaterial?biomaterial_id=28077	Stage 13 (late gastrula)	KH2012:KH.L57.25 (FOXC1; FOXC2; FOXL1)	a9.35 cell pair	a9.35*
https://www.aniseed.fr/aniseed/experiment/show_insitu_by_biomaterial?biomaterial_id=28077	Stage 13 (late gastrula)	KH2012:KH.L57.25 (FOXC1; FOXC2; FOXL1)	a9.36 cell pair	a9.36
https://www.aniseed.fr/aniseed/experiment/show_insitu_by_biomaterial?biomaterial_id=28077	Stage 13 (late gastrula)	KH2012:KH.L57.25 (FOXC1; FOXC2; FOXL1)	a9.36 cell pair	a9.36*
https://www.aniseed.fr/aniseed/experiment/show_insitu_by_biomaterial?biomaterial_id=28077	Stage 13 (late gastrula)	KH2012:KH.L57.25 (FOXC1; FOXC2; FOXL1)	a9.39 cell pair	a9.39
https://www.aniseed.fr/aniseed/experiment/show_insitu_by_biomaterial?biomaterial_id=28077	Stage 13 (late gastrula)	KH2012:KH.L57.25 (FOXC1; FOXC2; FOXL1)	a9.39 cell pair	a9.39*
https://www.aniseed.fr/aniseed/experiment/show_insitu_by_biomaterial?biomaterial_id=28077	Stage 13 (late gastrula)	KH2012:KH.L57.25 (FOXC1; FOXC2; FOXL1)	a9.40 cell pair	a9.40
https://www.aniseed.fr/aniseed/experiment/show_insitu_by_biomaterial?biomaterial_id=28077	Stage 13 (late gastrula)	KH2012:KH.L57.25 (FOXC1; FOXC2; FOXL1)	a9.40 cell pair	a9.40*
https://www.aniseed.fr/aniseed/experiment/show_insitu_by_biomaterial?biomaterial_id=20969	Stage 15 (mid neurula)	KH2012:KH.L57.25 (FOXC1; FOXC2; FOXL1)	a9.36 cell pair	a9.36
https://www.aniseed.fr/aniseed/experiment/show_insitu_by_biomaterial?biomaterial_id=20969	Stage 15 (mid neurula)	KH2012:KH.L57.25 (FOXC1; FOXC2; FOXL1)	a9.36 cell pair	a9.36*
https://www.aniseed.fr/aniseed/experiment/show_insitu_by_biomaterial?biomaterial_id=20969	Stage 15 (mid neurula)	KH2012:KH.L57.25 (FOXC1; FOXC2; FOXL1)	a9.40 cell pair	a9.40
https://www.aniseed.fr/aniseed/experiment/show_insitu_by_biomaterial?biomaterial_id=20969	Stage 15 (mid neurula)	KH2012:KH.L57.25 (FOXC1; FOXC2; FOXL1)	a9.40 cell pair	a9.40*
https://www.aniseed.fr/aniseed/experiment/show_insitu_by_biomaterial?biomaterial_id=24200	Stage 12 (mid gastrula)	KH2012:KH.L57.28 (NPBWR1; RGR; RRH)	row III neural plate	a9.33
https://www.aniseed.fr/aniseed/experiment/show_insitu_by_biomaterial?biomaterial_id=24200	Stage 12 (mid gastrula)	KH2012:KH.L57.28 (NPBWR1; RGR; RRH)	row III neural plate	a9.33*
https://www.aniseed.fr/aniseed/experiment/show_insitu_by_biomaterial?biomaterial_id=24200	Stage 12 (mid gastrula)	KH2012:KH.L57.28 (NPBWR1; RGR; RRH)	row III neural plate	a9.37
https://www.aniseed.fr/aniseed/experiment/show_insitu_by_biomaterial?biomaterial_id=24200	Stage 12 (mid gastrula)	KH2012:KH.L57.28 (NPBWR1; RGR; RRH)	row III neural plate	a9.37*
https://www.aniseed.fr/aniseed/experiment/show_insitu_by_biomaterial?biomaterial_id=24200	Stage 12 (mid gastrula)	KH2012:KH.L57.28 (NPBWR1; RGR; RRH)	row IV neural plate	a9.34
https://www.aniseed.fr/aniseed/experiment/show_insitu_by_biomaterial?biomaterial_id=24200	Stage 12 (mid gastrula)	KH2012:KH.L57.28 (NPBWR1; RGR; RRH)	row IV neural plate	a9.34*
https://www.aniseed.fr/aniseed/experiment/show_insitu_by_biomaterial?biomaterial_id=24200	Stage 12 (mid gastrula)	KH2012:KH.L57.28 (NPBWR1; RGR; RRH)	row IV neural plate	a9.38
https://www.aniseed.fr/aniseed/experiment/show_insitu_by_biomaterial?biomaterial_id=24200	Stage 12 (mid gastrula)	KH2012:KH.L57.28 (NPBWR1; RGR; RRH)	row IV neural plate	a9.38*
https://www.aniseed.fr/aniseed/experiment/show_insitu_by_biomaterial?biomaterial_id=23151	Stage 14 (early neurula)	KH2012:KH.S1363.2 (KH.S1363.2)	A10.32 cell pair	A10.32
https://www.aniseed.fr/aniseed/experiment/show_insitu_by_biomaterial?biomaterial_id=23151	Stage 14 (early neurula)	KH2012:KH.S1363.2 (KH.S1363.2)	A10.32 cell pair	A10.32*
https://www.aniseed.fr/aniseed/experiment/show_insitu_by_biomaterial?biomaterial_id=20885	Stage 15 (mid neurula)	KH2012:KH.S1363.2 (KH.S1363.2)	A10.32 cell pair	A10.32
https://www.aniseed.fr/aniseed/experiment/show_insitu_by_biomaterial?biomaterial_id=20885	Stage 15 (mid neurula)	KH2012:KH.S1363.2 (KH.S1363.2)	A10.32 cell pair	A10.32*
https://www.aniseed.fr/aniseed/experiment/show_insitu_by_biomaterial?biomaterial_id=23174	Stage 15 (mid neurula)	KH2012:KH.S1462.1 (BMPER; KCP; VWF)	a9.36 cell pair	a9.36
https://www.aniseed.fr/aniseed/experiment/show_insitu_by_biomaterial?biomaterial_id=23174	Stage 15 (mid neurula)	KH2012:KH.S1462.1 (BMPER; KCP; VWF)	a9.36 cell pair	a9.36*
https://www.aniseed.fr/aniseed/experiment/show_insitu_by_biomaterial?biomaterial_id=23174	Stage 15 (mid neurula)	KH2012:KH.S1462.1 (BMPER; KCP; VWF)	a9.40 cell pair	a9.40
https://www.aniseed.fr/aniseed/experiment/show_insitu_by_biomaterial?biomaterial_id=23174	Stage 15 (mid neurula)	KH2012:KH.S1462.1 (BMPER; KCP; VWF)	a9.40 cell pair	a9.40*
https://www.aniseed.fr/aniseed/experiment/show_insitu_by_biomaterial?biomaterial_id=28055	Stage 12 (mid gastrula)	KH2012:KH.S544.3 (DMRT1; DMRTA1; DMRTA2)	a line neural plate	a9.33
https://www.aniseed.fr/aniseed/experiment/show_insitu_by_biomaterial?biomaterial_id=28055	Stage 12 (mid gastrula)	KH2012:KH.S544.3 (DMRT1; DMRTA1; DMRTA2)	a line neural plate	a9.33*
https://www.aniseed.fr/aniseed/experiment/show_insitu_by_biomaterial?biomaterial_id=28055	Stage 12 (mid gastrula)	KH2012:KH.S544.3 (DMRT1; DMRTA1; DMRTA2)	a line neural plate	a9.37
https://www.aniseed.fr/aniseed/experiment/show_insitu_by_biomaterial?biomaterial_id=28055	Stage 12 (mid gastrula)	KH2012:KH.S544.3 (DMRT1; DMRTA1; DMRTA2)	a line neural plate	a9.37*
https://www.aniseed.fr/aniseed/experiment/show_insitu_by_biomaterial?biomaterial_id=28055	Stage 12 (mid gastrula)	KH2012:KH.S544.3 (DMRT1; DMRTA1; DMRTA2)	a line neural plate	a9.35
https://www.aniseed.fr/aniseed/experiment/show_insitu_by_biomaterial?biomaterial_id=28055	Stage 12 (mid gastrula)	KH2012:KH.S544.3 (DMRT1; DMRTA1; DMRTA2)	a line neural plate	a9.35*
https://www.aniseed.fr/aniseed/experiment/show_insitu_by_biomaterial?biomaterial_id=28055	Stage 12 (mid gastrula)	KH2012:KH.S544.3 (DMRT1; DMRTA1; DMRTA2)	a line neural plate	a9.39
https://www.aniseed.fr/aniseed/experiment/show_insitu_by_biomaterial?biomaterial_id=28055	Stage 12 (mid gastrula)	KH2012:KH.S544.3 (DMRT1; DMRTA1; DMRTA2)	a line neural plate	a9.39*
https://www.aniseed.fr/aniseed/experiment/show_insitu_by_biomaterial?biomaterial_id=28055	Stage 12 (mid gastrula)	KH2012:KH.S544.3 (DMRT1; DMRTA1; DMRTA2)	a line neural plate	a9.49
https://www.aniseed.fr/aniseed/experiment/show_insitu_by_biomaterial?biomaterial_id=28055	Stage 12 (mid gastrula)	KH2012:KH.S544.3 (DMRT1; DMRTA1; DMRTA2)	a line neural plate	a9.49*
https://www.aniseed.fr/aniseed/experiment/show_insitu_by_biomaterial?biomaterial_id=28055	Stage 12 (mid gastrula)	KH2012:KH.S544.3 (DMRT1; DMRTA1; DMRTA2)	a line neural plate	a9.34
https://www.aniseed.fr/aniseed/experiment/show_insitu_by_biomaterial?biomaterial_id=28055	Stage 12 (mid gastrula)	KH2012:KH.S544.3 (DMRT1; DMRTA1; DMRTA2)	a line neural plate	a9.34*
https://www.aniseed.fr/aniseed/experiment/show_insitu_by_biomaterial?biomaterial_id=28055	Stage 12 (mid gastrula)	KH2012:KH.S544.3 (DMRT1; DMRTA1; DMRTA2)	a line neural plate	a9.38
https://www.aniseed.fr/aniseed/experiment/show_insitu_by_biomaterial?biomaterial_id=28055	Stage 12 (mid gastrula)	KH2012:KH.S544.3 (DMRT1; DMRTA1; DMRTA2)	a line neural plate	a9.38*
https://www.aniseed.fr/aniseed/experiment/show_insitu_by_biomaterial?biomaterial_id=28055	Stage 12 (mid gastrula)	KH2012:KH.S544.3 (DMRT1; DMRTA1; DMRTA2)	a line neural plate	a9.50
https://www.aniseed.fr/aniseed/experiment/show_insitu_by_biomaterial?biomaterial_id=28055	Stage 12 (mid gastrula)	KH2012:KH.S544.3 (DMRT1; DMRTA1; DMRTA2)	a line neural plate	a9.50*
https://www.aniseed.fr/aniseed/experiment/show_insitu_by_biomaterial?biomaterial_id=28055	Stage 12 (mid gastrula)	KH2012:KH.S544.3 (DMRT1; DMRTA1; DMRTA2)	a line neural plate	a9.36
https://www.aniseed.fr/aniseed/experiment/show_insitu_by_biomaterial?biomaterial_id=28055	Stage 12 (mid gastrula)	KH2012:KH.S544.3 (DMRT1; DMRTA1; DMRTA2)	a line neural plate	a9.36*
https://www.aniseed.fr/aniseed/experiment/show_insitu_by_biomaterial?biomaterial_id=28055	Stage 12 (mid gastrula)	KH2012:KH.S544.3 (DMRT1; DMRTA1; DMRTA2)	a line neural plate	a9.40
https://www.aniseed.fr/aniseed/experiment/show_insitu_by_biomaterial?biomaterial_id=28055	Stage 12 (mid gastrula)	KH2012:KH.S544.3 (DMRT1; DMRTA1; DMRTA2)	a line neural plate	a9.40*
https://www.aniseed.fr/aniseed/experiment/show_insitu_by_biomaterial?biomaterial_id=28055	Stage 12 (mid gastrula)	KH2012:KH.S544.3 (DMRT1; DMRTA1; DMRTA2)	a line neural plate	a9.52
https://www.aniseed.fr/aniseed/experiment/show_insitu_by_biomaterial?biomaterial_id=28055	Stage 12 (mid gastrula)	KH2012:KH.S544.3 (DMRT1; DMRTA1; DMRTA2)	a line neural plate	a9.52*
https://www.aniseed.fr/aniseed/experiment/show_insitu_by_biomaterial?biomaterial_id=28055	Stage 12 (mid gastrula)	KH2012:KH.S544.3 (DMRT1; DMRTA1; DMRTA2)	a line neural plate	a9.51
https://www.aniseed.fr/aniseed/experiment/show_insitu_by_biomaterial?biomaterial_id=28055	Stage 12 (mid gastrula)	KH2012:KH.S544.3 (DMRT1; DMRTA1; DMRTA2)	a line neural plate	a9.51*
https://www.aniseed.fr/aniseed/experiment/show_insitu_by_biomaterial?biomaterial_id=28071	Stage 12 (mid gastrula)	KH2012:KH.S544.3 (DMRT1; DMRTA1; DMRTA2)	row III neural plate	a9.33
https://www.aniseed.fr/aniseed/experiment/show_insitu_by_biomaterial?biomaterial_id=28071	Stage 12 (mid gastrula)	KH2012:KH.S544.3 (DMRT1; DMRTA1; DMRTA2)	row III neural plate	a9.33*
https://www.aniseed.fr/aniseed/experiment/show_insitu_by_biomaterial?biomaterial_id=28071	Stage 12 (mid gastrula)	KH2012:KH.S544.3 (DMRT1; DMRTA1; DMRTA2)	row III neural plate	a9.37
https://www.aniseed.fr/aniseed/experiment/show_insitu_by_biomaterial?biomaterial_id=28071	Stage 12 (mid gastrula)	KH2012:KH.S544.3 (DMRT1; DMRTA1; DMRTA2)	row III neural plate	a9.37*
https://www.aniseed.fr/aniseed/experiment/show_insitu_by_biomaterial?biomaterial_id=28071	Stage 12 (mid gastrula)	KH2012:KH.S544.3 (DMRT1; DMRTA1; DMRTA2)	row III neural plate	a9.49
https://www.aniseed.fr/aniseed/experiment/show_insitu_by_biomaterial?biomaterial_id=28071	Stage 12 (mid gastrula)	KH2012:KH.S544.3 (DMRT1; DMRTA1; DMRTA2)	row III neural plate	a9.49*
https://www.aniseed.fr/aniseed/experiment/show_insitu_by_biomaterial?biomaterial_id=28071	Stage 12 (mid gastrula)	KH2012:KH.S544.3 (DMRT1; DMRTA1; DMRTA2)	row IV neural plate	a9.34
https://www.aniseed.fr/aniseed/experiment/show_insitu_by_biomaterial?biomaterial_id=28071	Stage 12 (mid gastrula)	KH2012:KH.S544.3 (DMRT1; DMRTA1; DMRTA2)	row IV neural plate	a9.34*
https://www.aniseed.fr/aniseed/experiment/show_insitu_by_biomaterial?biomaterial_id=28071	Stage 12 (mid gastrula)	KH2012:KH.S544.3 (DMRT1; DMRTA1; DMRTA2)	row IV neural plate	a9.38
https://www.aniseed.fr/aniseed/experiment/show_insitu_by_biomaterial?biomaterial_id=28071	Stage 12 (mid gastrula)	KH2012:KH.S544.3 (DMRT1; DMRTA1; DMRTA2)	row IV neural plate	a9.38*
https://www.aniseed.fr/aniseed/experiment/show_insitu_by_biomaterial?biomaterial_id=28071	Stage 12 (mid gastrula)	KH2012:KH.S544.3 (DMRT1; DMRTA1; DMRTA2)	row IV neural plate	a9.50
https://www.aniseed.fr/aniseed/experiment/show_insitu_by_biomaterial?biomaterial_id=28071	Stage 12 (mid gastrula)	KH2012:KH.S544.3 (DMRT1; DMRTA1; DMRTA2)	row IV neural plate	a9.50*
https://www.aniseed.fr/aniseed/experiment/show_insitu_by_biomaterial?biomaterial_id=28071	Stage 12 (mid gastrula)	KH2012:KH.S544.3 (DMRT1; DMRTA1; DMRTA2)	row V neural plate	a9.35
https://www.aniseed.fr/aniseed/experiment/show_insitu_by_biomaterial?biomaterial_id=28071	Stage 12 (mid gastrula)	KH2012:KH.S544.3 (DMRT1; DMRTA1; DMRTA2)	row V neural plate	a9.35*
https://www.aniseed.fr/aniseed/experiment/show_insitu_by_biomaterial?biomaterial_id=28071	Stage 12 (mid gastrula)	KH2012:KH.S544.3 (DMRT1; DMRTA1; DMRTA2)	row V neural plate	a9.39
https://www.aniseed.fr/aniseed/experiment/show_insitu_by_biomaterial?biomaterial_id=28071	Stage 12 (mid gastrula)	KH2012:KH.S544.3 (DMRT1; DMRTA1; DMRTA2)	row V neural plate	a9.39*
https://www.aniseed.fr/aniseed/experiment/show_insitu_by_biomaterial?biomaterial_id=28071	Stage 12 (mid gastrula)	KH2012:KH.S544.3 (DMRT1; DMRTA1; DMRTA2)	row V neural plate	a9.51
https://www.aniseed.fr/aniseed/experiment/show_insitu_by_biomaterial?biomaterial_id=28071	Stage 12 (mid gastrula)	KH2012:KH.S544.3 (DMRT1; DMRTA1; DMRTA2)	row V neural plate	a9.51*
https://www.aniseed.fr/aniseed/experiment/show_insitu_by_biomaterial?biomaterial_id=28071	Stage 12 (mid gastrula)	KH2012:KH.S544.3 (DMRT1; DMRTA1; DMRTA2)	row VI neural plate	a9.36
https://www.aniseed.fr/aniseed/experiment/show_insitu_by_biomaterial?biomaterial_id=28071	Stage 12 (mid gastrula)	KH2012:KH.S544.3 (DMRT1; DMRTA1; DMRTA2)	row VI neural plate	a9.36*
https://www.aniseed.fr/aniseed/experiment/show_insitu_by_biomaterial?biomaterial_id=28071	Stage 12 (mid gastrula)	KH2012:KH.S544.3 (DMRT1; DMRTA1; DMRTA2)	row VI neural plate	a9.40
https://www.aniseed.fr/aniseed/experiment/show_insitu_by_biomaterial?biomaterial_id=28071	Stage 12 (mid gastrula)	KH2012:KH.S544.3 (DMRT1; DMRTA1; DMRTA2)	row VI neural plate	a9.40*
https://www.aniseed.fr/aniseed/experiment/show_insitu_by_biomaterial?biomaterial_id=28071	Stage 12 (mid gastrula)	KH2012:KH.S544.3 (DMRT1; DMRTA1; DMRTA2)	row VI neural plate	a9.52
https://www.aniseed.fr/aniseed/experiment/show_insitu_by_biomaterial?biomaterial_id=28071	Stage 12 (mid gastrula)	KH2012:KH.S544.3 (DMRT1; DMRTA1; DMRTA2)	row VI neural plate	a9.52*
https://www.aniseed.fr/aniseed/experiment/show_insitu_by_biomaterial?biomaterial_id=28073	Stage 12 (mid gastrula)	KH2012:KH.S544.3 (DMRT1; DMRTA1; DMRTA2)	row III neural plate	a9.33
https://www.aniseed.fr/aniseed/experiment/show_insitu_by_biomaterial?biomaterial_id=28073	Stage 12 (mid gastrula)	KH2012:KH.S544.3 (DMRT1; DMRTA1; DMRTA2)	row III neural plate	a9.33*
https://www.aniseed.fr/aniseed/experiment/show_insitu_by_biomaterial?biomaterial_id=28073	Stage 12 (mid gastrula)	KH2012:KH.S544.3 (DMRT1; DMRTA1; DMRTA2)	row III neural plate	a9.37
https://www.aniseed.fr/aniseed/experiment/show_insitu_by_biomaterial?biomaterial_id=28073	Stage 12 (mid gastrula)	KH2012:KH.S544.3 (DMRT1; DMRTA1; DMRTA2)	row III neural plate	a9.37*
https://www.aniseed.fr/aniseed/experiment/show_insitu_by_biomaterial?biomaterial_id=28073	Stage 12 (mid gastrula)	KH2012:KH.S544.3 (DMRT1; DMRTA1; DMRTA2)	row III neural plate	a9.49
https://www.aniseed.fr/aniseed/experiment/show_insitu_by_biomaterial?biomaterial_id=28073	Stage 12 (mid gastrula)	KH2012:KH.S544.3 (DMRT1; DMRTA1; DMRTA2)	row III neural plate	a9.49*
https://www.aniseed.fr/aniseed/experiment/show_insitu_by_biomaterial?biomaterial_id=28073	Stage 12 (mid gastrula)	KH2012:KH.S544.3 (DMRT1; DMRTA1; DMRTA2)	row IV neural plate	a9.34
https://www.aniseed.fr/aniseed/experiment/show_insitu_by_biomaterial?biomaterial_id=28073	Stage 12 (mid gastrula)	KH2012:KH.S544.3 (DMRT1; DMRTA1; DMRTA2)	row IV neural plate	a9.34*
https://www.aniseed.fr/aniseed/experiment/show_insitu_by_biomaterial?biomaterial_id=28073	Stage 12 (mid gastrula)	KH2012:KH.S544.3 (DMRT1; DMRTA1; DMRTA2)	row IV neural plate	a9.38
https://www.aniseed.fr/aniseed/experiment/show_insitu_by_biomaterial?biomaterial_id=28073	Stage 12 (mid gastrula)	KH2012:KH.S544.3 (DMRT1; DMRTA1; DMRTA2)	row IV neural plate	a9.38*
https://www.aniseed.fr/aniseed/experiment/show_insitu_by_biomaterial?biomaterial_id=28073	Stage 12 (mid gastrula)	KH2012:KH.S544.3 (DMRT1; DMRTA1; DMRTA2)	row IV neural plate	a9.50
https://www.aniseed.fr/aniseed/experiment/show_insitu_by_biomaterial?biomaterial_id=28073	Stage 12 (mid gastrula)	KH2012:KH.S544.3 (DMRT1; DMRTA1; DMRTA2)	row IV neural plate	a9.50*
https://www.aniseed.fr/aniseed/experiment/show_insitu_by_biomaterial?biomaterial_id=28120	Stage 12 (mid gastrula)	KH2012:KH.S544.3 (DMRT1; DMRTA1; DMRTA2)	row III neural plate	a9.33
https://www.aniseed.fr/aniseed/experiment/show_insitu_by_biomaterial?biomaterial_id=28120	Stage 12 (mid gastrula)	KH2012:KH.S544.3 (DMRT1; DMRTA1; DMRTA2)	row III neural plate	a9.33*
https://www.aniseed.fr/aniseed/experiment/show_insitu_by_biomaterial?biomaterial_id=28120	Stage 12 (mid gastrula)	KH2012:KH.S544.3 (DMRT1; DMRTA1; DMRTA2)	row III neural plate	a9.37
https://www.aniseed.fr/aniseed/experiment/show_insitu_by_biomaterial?biomaterial_id=28120	Stage 12 (mid gastrula)	KH2012:KH.S544.3 (DMRT1; DMRTA1; DMRTA2)	row III neural plate	a9.37*
https://www.aniseed.fr/aniseed/experiment/show_insitu_by_biomaterial?biomaterial_id=28120	Stage 12 (mid gastrula)	KH2012:KH.S544.3 (DMRT1; DMRTA1; DMRTA2)	row III neural plate	a9.49
https://www.aniseed.fr/aniseed/experiment/show_insitu_by_biomaterial?biomaterial_id=28120	Stage 12 (mid gastrula)	KH2012:KH.S544.3 (DMRT1; DMRTA1; DMRTA2)	row III neural plate	a9.49*
https://www.aniseed.fr/aniseed/experiment/show_insitu_by_biomaterial?biomaterial_id=28120	Stage 12 (mid gastrula)	KH2012:KH.S544.3 (DMRT1; DMRTA1; DMRTA2)	row IV neural plate	a9.34
https://www.aniseed.fr/aniseed/experiment/show_insitu_by_biomaterial?biomaterial_id=28120	Stage 12 (mid gastrula)	KH2012:KH.S544.3 (DMRT1; DMRTA1; DMRTA2)	row IV neural plate	a9.34*
https://www.aniseed.fr/aniseed/experiment/show_insitu_by_biomaterial?biomaterial_id=28120	Stage 12 (mid gastrula)	KH2012:KH.S544.3 (DMRT1; DMRTA1; DMRTA2)	row IV neural plate	a9.38
https://www.aniseed.fr/aniseed/experiment/show_insitu_by_biomaterial?biomaterial_id=28120	Stage 12 (mid gastrula)	KH2012:KH.S544.3 (DMRT1; DMRTA1; DMRTA2)	row IV neural plate	a9.38*
https://www.aniseed.fr/aniseed/experiment/show_insitu_by_biomaterial?biomaterial_id=28120	Stage 12 (mid gastrula)	KH2012:KH.S544.3 (DMRT1; DMRTA1; DMRTA2)	row IV neural plate	a9.50
https://www.aniseed.fr/aniseed/experiment/show_insitu_by_biomaterial?biomaterial_id=28120	Stage 12 (mid gastrula)	KH2012:KH.S544.3 (DMRT1; DMRTA1; DMRTA2)	row IV neural plate	a9.50*
https://www.aniseed.fr/aniseed/experiment/show_insitu_by_biomaterial?biomaterial_id=28122	Stage 12 (mid gastrula)	KH2012:KH.S544.3 (DMRT1; DMRTA1; DMRTA2)	row III neural plate	a9.33
https://www.aniseed.fr/aniseed/experiment/show_insitu_by_biomaterial?biomaterial_id=28122	Stage 12 (mid gastrula)	KH2012:KH.S544.3 (DMRT1; DMRTA1; DMRTA2)	row III neural plate	a9.33*
https://www.aniseed.fr/aniseed/experiment/show_insitu_by_biomaterial?biomaterial_id=28122	Stage 12 (mid gastrula)	KH2012:KH.S544.3 (DMRT1; DMRTA1; DMRTA2)	row III neural plate	a9.37
https://www.aniseed.fr/aniseed/experiment/show_insitu_by_biomaterial?biomaterial_id=28122	Stage 12 (mid gastrula)	KH2012:KH.S544.3 (DMRT1; DMRTA1; DMRTA2)	row III neural plate	a9.37*
https://www.aniseed.fr/aniseed/experiment/show_insitu_by_biomaterial?biomaterial_id=28122	Stage 12 (mid gastrula)	KH2012:KH.S544.3 (DMRT1; DMRTA1; DMRTA2)	row III neural plate	a9.49
https://www.aniseed.fr/aniseed/experiment/show_insitu_by_biomaterial?biomaterial_id=28122	Stage 12 (mid gastrula)	KH2012:KH.S544.3 (DMRT1; DMRTA1; DMRTA2)	row III neural plate	a9.49*
https://www.aniseed.fr/aniseed/experiment/show_insitu_by_biomaterial?biomaterial_id=28122	Stage 12 (mid gastrula)	KH2012:KH.S544.3 (DMRT1; DMRTA1; DMRTA2)	row IV neural plate	a9.34
https://www.aniseed.fr/aniseed/experiment/show_insitu_by_biomaterial?biomaterial_id=28122	Stage 12 (mid gastrula)	KH2012:KH.S544.3 (DMRT1; DMRTA1; DMRTA2)	row IV neural plate	a9.34*
https://www.aniseed.fr/aniseed/experiment/show_insitu_by_biomaterial?biomaterial_id=28122	Stage 12 (mid gastrula)	KH2012:KH.S544.3 (DMRT1; DMRTA1; DMRTA2)	row IV neural plate	a9.38
https://www.aniseed.fr/aniseed/experiment/show_insitu_by_biomaterial?biomaterial_id=28122	Stage 12 (mid gastrula)	KH2012:KH.S544.3 (DMRT1; DMRTA1; DMRTA2)	row IV neural plate	a9.38*
https://www.aniseed.fr/aniseed/experiment/show_insitu_by_biomaterial?biomaterial_id=28122	Stage 12 (mid gastrula)	KH2012:KH.S544.3 (DMRT1; DMRTA1; DMRTA2)	row IV neural plate	a9.50
https://www.aniseed.fr/aniseed/experiment/show_insitu_by_biomaterial?biomaterial_id=28122	Stage 12 (mid gastrula)	KH2012:KH.S544.3 (DMRT1; DMRTA1; DMRTA2)	row IV neural plate	a9.50*
https://www.aniseed.fr/aniseed/experiment/show_insitu_by_biomaterial?biomaterial_id=28124	Stage 12 (mid gastrula)	KH2012:KH.S544.3 (DMRT1; DMRTA1; DMRTA2)	row III neural plate	a9.33
https://www.aniseed.fr/aniseed/experiment/show_insitu_by_biomaterial?biomaterial_id=28124	Stage 12 (mid gastrula)	KH2012:KH.S544.3 (DMRT1; DMRTA1; DMRTA2)	row III neural plate	a9.33*
https://www.aniseed.fr/aniseed/experiment/show_insitu_by_biomaterial?biomaterial_id=28124	Stage 12 (mid gastrula)	KH2012:KH.S544.3 (DMRT1; DMRTA1; DMRTA2)	row III neural plate	a9.37
https://www.aniseed.fr/aniseed/experiment/show_insitu_by_biomaterial?biomaterial_id=28124	Stage 12 (mid gastrula)	KH2012:KH.S544.3 (DMRT1; DMRTA1; DMRTA2)	row III neural plate	a9.37*
https://www.aniseed.fr/aniseed/experiment/show_insitu_by_biomaterial?biomaterial_id=28124	Stage 12 (mid gastrula)	KH2012:KH.S544.3 (DMRT1; DMRTA1; DMRTA2)	row III neural plate	a9.49
https://www.aniseed.fr/aniseed/experiment/show_insitu_by_biomaterial?biomaterial_id=28124	Stage 12 (mid gastrula)	KH2012:KH.S544.3 (DMRT1; DMRTA1; DMRTA2)	row III neural plate	a9.49*
https://www.aniseed.fr/aniseed/experiment/show_insitu_by_biomaterial?biomaterial_id=28124	Stage 12 (mid gastrula)	KH2012:KH.S544.3 (DMRT1; DMRTA1; DMRTA2)	row IV neural plate	a9.34
https://www.aniseed.fr/aniseed/experiment/show_insitu_by_biomaterial?biomaterial_id=28124	Stage 12 (mid gastrula)	KH2012:KH.S544.3 (DMRT1; DMRTA1; DMRTA2)	row IV neural plate	a9.34*
https://www.aniseed.fr/aniseed/experiment/show_insitu_by_biomaterial?biomaterial_id=28124	Stage 12 (mid gastrula)	KH2012:KH.S544.3 (DMRT1; DMRTA1; DMRTA2)	row IV neural plate	a9.38
https://www.aniseed.fr/aniseed/experiment/show_insitu_by_biomaterial?biomaterial_id=28124	Stage 12 (mid gastrula)	KH2012:KH.S544.3 (DMRT1; DMRTA1; DMRTA2)	row IV neural plate	a9.38*
https://www.aniseed.fr/aniseed/experiment/show_insitu_by_biomaterial?biomaterial_id=28124	Stage 12 (mid gastrula)	KH2012:KH.S544.3 (DMRT1; DMRTA1; DMRTA2)	row IV neural plate	a9.50
https://www.aniseed.fr/aniseed/experiment/show_insitu_by_biomaterial?biomaterial_id=28124	Stage 12 (mid gastrula)	KH2012:KH.S544.3 (DMRT1; DMRTA1; DMRTA2)	row IV neural plate	a9.50*
https://www.aniseed.fr/aniseed/experiment/show_insitu_by_biomaterial?biomaterial_id=28126	Stage 12 (mid gastrula)	KH2012:KH.S544.3 (DMRT1; DMRTA1; DMRTA2)	row III neural plate	a9.33
https://www.aniseed.fr/aniseed/experiment/show_insitu_by_biomaterial?biomaterial_id=28126	Stage 12 (mid gastrula)	KH2012:KH.S544.3 (DMRT1; DMRTA1; DMRTA2)	row III neural plate	a9.33*
https://www.aniseed.fr/aniseed/experiment/show_insitu_by_biomaterial?biomaterial_id=28126	Stage 12 (mid gastrula)	KH2012:KH.S544.3 (DMRT1; DMRTA1; DMRTA2)	row III neural plate	a9.37
https://www.aniseed.fr/aniseed/experiment/show_insitu_by_biomaterial?biomaterial_id=28126	Stage 12 (mid gastrula)	KH2012:KH.S544.3 (DMRT1; DMRTA1; DMRTA2)	row III neural plate	a9.37*
https://www.aniseed.fr/aniseed/experiment/show_insitu_by_biomaterial?biomaterial_id=28126	Stage 12 (mid gastrula)	KH2012:KH.S544.3 (DMRT1; DMRTA1; DMRTA2)	row III neural plate	a9.49
https://www.aniseed.fr/aniseed/experiment/show_insitu_by_biomaterial?biomaterial_id=28126	Stage 12 (mid gastrula)	KH2012:KH.S544.3 (DMRT1; DMRTA1; DMRTA2)	row III neural plate	a9.49*
https://www.aniseed.fr/aniseed/experiment/show_insitu_by_biomaterial?biomaterial_id=28126	Stage 12 (mid gastrula)	KH2012:KH.S544.3 (DMRT1; DMRTA1; DMRTA2)	row IV neural plate	a9.34
https://www.aniseed.fr/aniseed/experiment/show_insitu_by_biomaterial?biomaterial_id=28126	Stage 12 (mid gastrula)	KH2012:KH.S544.3 (DMRT1; DMRTA1; DMRTA2)	row IV neural plate	a9.34*
https://www.aniseed.fr/aniseed/experiment/show_insitu_by_biomaterial?biomaterial_id=28126	Stage 12 (mid gastrula)	KH2012:KH.S544.3 (DMRT1; DMRTA1; DMRTA2)	row IV neural plate	a9.38
https://www.aniseed.fr/aniseed/experiment/show_insitu_by_biomaterial?biomaterial_id=28126	Stage 12 (mid gastrula)	KH2012:KH.S544.3 (DMRT1; DMRTA1; DMRTA2)	row IV neural plate	a9.38*
https://www.aniseed.fr/aniseed/experiment/show_insitu_by_biomaterial?biomaterial_id=28126	Stage 12 (mid gastrula)	KH2012:KH.S544.3 (DMRT1; DMRTA1; DMRTA2)	row IV neural plate	a9.50
https://www.aniseed.fr/aniseed/experiment/show_insitu_by_biomaterial?biomaterial_id=28126	Stage 12 (mid gastrula)	KH2012:KH.S544.3 (DMRT1; DMRTA1; DMRTA2)	row IV neural plate	a9.50*
https://www.aniseed.fr/aniseed/experiment/show_insitu_by_biomaterial?biomaterial_id=28128	Stage 12 (mid gastrula)	KH2012:KH.S544.3 (DMRT1; DMRTA1; DMRTA2)	row III neural plate	a9.33
https://www.aniseed.fr/aniseed/experiment/show_insitu_by_biomaterial?biomaterial_id=28128	Stage 12 (mid gastrula)	KH2012:KH.S544.3 (DMRT1; DMRTA1; DMRTA2)	row III neural plate	a9.33*
https://www.aniseed.fr/aniseed/experiment/show_insitu_by_biomaterial?biomaterial_id=28128	Stage 12 (mid gastrula)	KH2012:KH.S544.3 (DMRT1; DMRTA1; DMRTA2)	row III neural plate	a9.37
https://www.aniseed.fr/aniseed/experiment/show_insitu_by_biomaterial?biomaterial_id=28128	Stage 12 (mid gastrula)	KH2012:KH.S544.3 (DMRT1; DMRTA1; DMRTA2)	row III neural plate	a9.37*
https://www.aniseed.fr/aniseed/experiment/show_insitu_by_biomaterial?biomaterial_id=28128	Stage 12 (mid gastrula)	KH2012:KH.S544.3 (DMRT1; DMRTA1; DMRTA2)	row III neural plate	a9.49
https://www.aniseed.fr/aniseed/experiment/show_insitu_by_biomaterial?biomaterial_id=28128	Stage 12 (mid gastrula)	KH2012:KH.S544.3 (DMRT1; DMRTA1; DMRTA2)	row III neural plate	a9.49*
https://www.aniseed.fr/aniseed/experiment/show_insitu_by_biomaterial?biomaterial_id=28128	Stage 12 (mid gastrula)	KH2012:KH.S544.3 (DMRT1; DMRTA1; DMRTA2)	row IV neural plate	a9.34
https://www.aniseed.fr/aniseed/experiment/show_insitu_by_biomaterial?biomaterial_id=28128	Stage 12 (mid gastrula)	KH2012:KH.S544.3 (DMRT1; DMRTA1; DMRTA2)	row IV neural plate	a9.34*
https://www.aniseed.fr/aniseed/experiment/show_insitu_by_biomaterial?biomaterial_id=28128	Stage 12 (mid gastrula)	KH2012:KH.S544.3 (DMRT1; DMRTA1; DMRTA2)	row IV neural plate	a9.38
https://www.aniseed.fr/aniseed/experiment/show_insitu_by_biomaterial?biomaterial_id=28128	Stage 12 (mid gastrula)	KH2012:KH.S544.3 (DMRT1; DMRTA1; DMRTA2)	row IV neural plate	a9.38*
https://www.aniseed.fr/aniseed/experiment/show_insitu_by_biomaterial?biomaterial_id=28128	Stage 12 (mid gastrula)	KH2012:KH.S544.3 (DMRT1; DMRTA1; DMRTA2)	row IV neural plate	a9.50
https://www.aniseed.fr/aniseed/experiment/show_insitu_by_biomaterial?biomaterial_id=28128	Stage 12 (mid gastrula)	KH2012:KH.S544.3 (DMRT1; DMRTA1; DMRTA2)	row IV neural plate	a9.50*
https://www.aniseed.fr/aniseed/experiment/show_insitu_by_biomaterial?biomaterial_id=28130	Stage 12 (mid gastrula)	KH2012:KH.S544.3 (DMRT1; DMRTA1; DMRTA2)	row III neural plate	a9.33
https://www.aniseed.fr/aniseed/experiment/show_insitu_by_biomaterial?biomaterial_id=28130	Stage 12 (mid gastrula)	KH2012:KH.S544.3 (DMRT1; DMRTA1; DMRTA2)	row III neural plate	a9.33*
https://www.aniseed.fr/aniseed/experiment/show_insitu_by_biomaterial?biomaterial_id=28130	Stage 12 (mid gastrula)	KH2012:KH.S544.3 (DMRT1; DMRTA1; DMRTA2)	row III neural plate	a9.37
https://www.aniseed.fr/aniseed/experiment/show_insitu_by_biomaterial?biomaterial_id=28130	Stage 12 (mid gastrula)	KH2012:KH.S544.3 (DMRT1; DMRTA1; DMRTA2)	row III neural plate	a9.37*
https://www.aniseed.fr/aniseed/experiment/show_insitu_by_biomaterial?biomaterial_id=28130	Stage 12 (mid gastrula)	KH2012:KH.S544.3 (DMRT1; DMRTA1; DMRTA2)	row III neural plate	a9.49
https://www.aniseed.fr/aniseed/experiment/show_insitu_by_biomaterial?biomaterial_id=28130	Stage 12 (mid gastrula)	KH2012:KH.S544.3 (DMRT1; DMRTA1; DMRTA2)	row III neural plate	a9.49*
https://www.aniseed.fr/aniseed/experiment/show_insitu_by_biomaterial?biomaterial_id=28130	Stage 12 (mid gastrula)	KH2012:KH.S544.3 (DMRT1; DMRTA1; DMRTA2)	row IV neural plate	a9.34
https://www.aniseed.fr/aniseed/experiment/show_insitu_by_biomaterial?biomaterial_id=28130	Stage 12 (mid gastrula)	KH2012:KH.S544.3 (DMRT1; DMRTA1; DMRTA2)	row IV neural plate	a9.34*
https://www.aniseed.fr/aniseed/experiment/show_insitu_by_biomaterial?biomaterial_id=28130	Stage 12 (mid gastrula)	KH2012:KH.S544.3 (DMRT1; DMRTA1; DMRTA2)	row IV neural plate	a9.38
https://www.aniseed.fr/aniseed/experiment/show_insitu_by_biomaterial?biomaterial_id=28130	Stage 12 (mid gastrula)	KH2012:KH.S544.3 (DMRT1; DMRTA1; DMRTA2)	row IV neural plate	a9.38*
https://www.aniseed.fr/aniseed/experiment/show_insitu_by_biomaterial?biomaterial_id=28130	Stage 12 (mid gastrula)	KH2012:KH.S544.3 (DMRT1; DMRTA1; DMRTA2)	row IV neural plate	a9.50
https://www.aniseed.fr/aniseed/experiment/show_insitu_by_biomaterial?biomaterial_id=28130	Stage 12 (mid gastrula)	KH2012:KH.S544.3 (DMRT1; DMRTA1; DMRTA2)	row IV neural plate	a9.50*
https://www.aniseed.fr/aniseed/experiment/show_insitu_by_biomaterial?biomaterial_id=28136	Stage 12 (mid gastrula)	KH2012:KH.S544.3 (DMRT1; DMRTA1; DMRTA2)	row III neural plate	a9.33
https://www.aniseed.fr/aniseed/experiment/show_insitu_by_biomaterial?biomaterial_id=28136	Stage 12 (mid gastrula)	KH2012:KH.S544.3 (DMRT1; DMRTA1; DMRTA2)	row III neural plate	a9.33*
https://www.aniseed.fr/aniseed/experiment/show_insitu_by_biomaterial?biomaterial_id=28136	Stage 12 (mid gastrula)	KH2012:KH.S544.3 (DMRT1; DMRTA1; DMRTA2)	row III neural plate	a9.37
https://www.aniseed.fr/aniseed/experiment/show_insitu_by_biomaterial?biomaterial_id=28136	Stage 12 (mid gastrula)	KH2012:KH.S544.3 (DMRT1; DMRTA1; DMRTA2)	row III neural plate	a9.37*
https://www.aniseed.fr/aniseed/experiment/show_insitu_by_biomaterial?biomaterial_id=28136	Stage 12 (mid gastrula)	KH2012:KH.S544.3 (DMRT1; DMRTA1; DMRTA2)	row III neural plate	a9.49
https://www.aniseed.fr/aniseed/experiment/show_insitu_by_biomaterial?biomaterial_id=28136	Stage 12 (mid gastrula)	KH2012:KH.S544.3 (DMRT1; DMRTA1; DMRTA2)	row III neural plate	a9.49*
https://www.aniseed.fr/aniseed/experiment/show_insitu_by_biomaterial?biomaterial_id=28136	Stage 12 (mid gastrula)	KH2012:KH.S544.3 (DMRT1; DMRTA1; DMRTA2)	row IV neural plate	a9.34
https://www.aniseed.fr/aniseed/experiment/show_insitu_by_biomaterial?biomaterial_id=28136	Stage 12 (mid gastrula)	KH2012:KH.S544.3 (DMRT1; DMRTA1; DMRTA2)	row IV neural plate	a9.34*
https://www.aniseed.fr/aniseed/experiment/show_insitu_by_biomaterial?biomaterial_id=28136	Stage 12 (mid gastrula)	KH2012:KH.S544.3 (DMRT1; DMRTA1; DMRTA2)	row IV neural plate	a9.38
https://www.aniseed.fr/aniseed/experiment/show_insitu_by_biomaterial?biomaterial_id=28136	Stage 12 (mid gastrula)	KH2012:KH.S544.3 (DMRT1; DMRTA1; DMRTA2)	row IV neural plate	a9.38*
https://www.aniseed.fr/aniseed/experiment/show_insitu_by_biomaterial?biomaterial_id=28136	Stage 12 (mid gastrula)	KH2012:KH.S544.3 (DMRT1; DMRTA1; DMRTA2)	row IV neural plate	a9.50
https://www.aniseed.fr/aniseed/experiment/show_insitu_by_biomaterial?biomaterial_id=28136	Stage 12 (mid gastrula)	KH2012:KH.S544.3 (DMRT1; DMRTA1; DMRTA2)	row IV neural plate	a9.50*
https://www.aniseed.fr/aniseed/experiment/show_insitu_by_biomaterial?biomaterial_id=28138	Stage 12 (mid gastrula)	KH2012:KH.S544.3 (DMRT1; DMRTA1; DMRTA2)	row III neural plate	a9.33
https://www.aniseed.fr/aniseed/experiment/show_insitu_by_biomaterial?biomaterial_id=28138	Stage 12 (mid gastrula)	KH2012:KH.S544.3 (DMRT1; DMRTA1; DMRTA2)	row III neural plate	a9.33*
https://www.aniseed.fr/aniseed/experiment/show_insitu_by_biomaterial?biomaterial_id=28138	Stage 12 (mid gastrula)	KH2012:KH.S544.3 (DMRT1; DMRTA1; DMRTA2)	row III neural plate	a9.37
https://www.aniseed.fr/aniseed/experiment/show_insitu_by_biomaterial?biomaterial_id=28138	Stage 12 (mid gastrula)	KH2012:KH.S544.3 (DMRT1; DMRTA1; DMRTA2)	row III neural plate	a9.37*
https://www.aniseed.fr/aniseed/experiment/show_insitu_by_biomaterial?biomaterial_id=28138	Stage 12 (mid gastrula)	KH2012:KH.S544.3 (DMRT1; DMRTA1; DMRTA2)	row III neural plate	a9.49
https://www.aniseed.fr/aniseed/experiment/show_insitu_by_biomaterial?biomaterial_id=28138	Stage 12 (mid gastrula)	KH2012:KH.S544.3 (DMRT1; DMRTA1; DMRTA2)	row III neural plate	a9.49*
https://www.aniseed.fr/aniseed/experiment/show_insitu_by_biomaterial?biomaterial_id=28138	Stage 12 (mid gastrula)	KH2012:KH.S544.3 (DMRT1; DMRTA1; DMRTA2)	row IV neural plate	a9.34
https://www.aniseed.fr/aniseed/experiment/show_insitu_by_biomaterial?biomaterial_id=28138	Stage 12 (mid gastrula)	KH2012:KH.S544.3 (DMRT1; DMRTA1; DMRTA2)	row IV neural plate	a9.34*
https://www.aniseed.fr/aniseed/experiment/show_insitu_by_biomaterial?biomaterial_id=28138	Stage 12 (mid gastrula)	KH2012:KH.S544.3 (DMRT1; DMRTA1; DMRTA2)	row IV neural plate	a9.38
https://www.aniseed.fr/aniseed/experiment/show_insitu_by_biomaterial?biomaterial_id=28138	Stage 12 (mid gastrula)	KH2012:KH.S544.3 (DMRT1; DMRTA1; DMRTA2)	row IV neural plate	a9.38*
https://www.aniseed.fr/aniseed/experiment/show_insitu_by_biomaterial?biomaterial_id=28138	Stage 12 (mid gastrula)	KH2012:KH.S544.3 (DMRT1; DMRTA1; DMRTA2)	row IV neural plate	a9.50
https://www.aniseed.fr/aniseed/experiment/show_insitu_by_biomaterial?biomaterial_id=28138	Stage 12 (mid gastrula)	KH2012:KH.S544.3 (DMRT1; DMRTA1; DMRTA2)	row IV neural plate	a9.50*
https://www.aniseed.fr/aniseed/experiment/show_insitu_by_biomaterial?biomaterial_id=28323	Stage 12 (mid gastrula)	KH2012:KH.S544.3 (DMRT1; DMRTA1; DMRTA2)	row III neural plate	a9.33
https://www.aniseed.fr/aniseed/experiment/show_insitu_by_biomaterial?biomaterial_id=28323	Stage 12 (mid gastrula)	KH2012:KH.S544.3 (DMRT1; DMRTA1; DMRTA2)	row III neural plate	a9.33*
https://www.aniseed.fr/aniseed/experiment/show_insitu_by_biomaterial?biomaterial_id=28323	Stage 12 (mid gastrula)	KH2012:KH.S544.3 (DMRT1; DMRTA1; DMRTA2)	row III neural plate	a9.37
https://www.aniseed.fr/aniseed/experiment/show_insitu_by_biomaterial?biomaterial_id=28323	Stage 12 (mid gastrula)	KH2012:KH.S544.3 (DMRT1; DMRTA1; DMRTA2)	row III neural plate	a9.37*
https://www.aniseed.fr/aniseed/experiment/show_insitu_by_biomaterial?biomaterial_id=28323	Stage 12 (mid gastrula)	KH2012:KH.S544.3 (DMRT1; DMRTA1; DMRTA2)	row III neural plate	a9.49
https://www.aniseed.fr/aniseed/experiment/show_insitu_by_biomaterial?biomaterial_id=28323	Stage 12 (mid gastrula)	KH2012:KH.S544.3 (DMRT1; DMRTA1; DMRTA2)	row III neural plate	a9.49*
https://www.aniseed.fr/aniseed/experiment/show_insitu_by_biomaterial?biomaterial_id=28323	Stage 12 (mid gastrula)	KH2012:KH.S544.3 (DMRT1; DMRTA1; DMRTA2)	row IV neural plate	a9.34
https://www.aniseed.fr/aniseed/experiment/show_insitu_by_biomaterial?biomaterial_id=28323	Stage 12 (mid gastrula)	KH2012:KH.S544.3 (DMRT1; DMRTA1; DMRTA2)	row IV neural plate	a9.34*
https://www.aniseed.fr/aniseed/experiment/show_insitu_by_biomaterial?biomaterial_id=28323	Stage 12 (mid gastrula)	KH2012:KH.S544.3 (DMRT1; DMRTA1; DMRTA2)	row IV neural plate	a9.38
https://www.aniseed.fr/aniseed/experiment/show_insitu_by_biomaterial?biomaterial_id=28323	Stage 12 (mid gastrula)	KH2012:KH.S544.3 (DMRT1; DMRTA1; DMRTA2)	row IV neural plate	a9.38*
https://www.aniseed.fr/aniseed/experiment/show_insitu_by_biomaterial?biomaterial_id=28323	Stage 12 (mid gastrula)	KH2012:KH.S544.3 (DMRT1; DMRTA1; DMRTA2)	row IV neural plate	a9.50
https://www.aniseed.fr/aniseed/experiment/show_insitu_by_biomaterial?biomaterial_id=28323	Stage 12 (mid gastrula)	KH2012:KH.S544.3 (DMRT1; DMRTA1; DMRTA2)	row IV neural plate	a9.50*
https://www.aniseed.fr/aniseed/experiment/show_insitu_by_biomaterial?biomaterial_id=28513	Stage 12 (mid gastrula)	KH2012:KH.S544.3 (DMRT1; DMRTA1; DMRTA2)	row III neural plate	a9.33
https://www.aniseed.fr/aniseed/experiment/show_insitu_by_biomaterial?biomaterial_id=28513	Stage 12 (mid gastrula)	KH2012:KH.S544.3 (DMRT1; DMRTA1; DMRTA2)	row III neural plate	a9.33*
https://www.aniseed.fr/aniseed/experiment/show_insitu_by_biomaterial?biomaterial_id=28513	Stage 12 (mid gastrula)	KH2012:KH.S544.3 (DMRT1; DMRTA1; DMRTA2)	row III neural plate	a9.37
https://www.aniseed.fr/aniseed/experiment/show_insitu_by_biomaterial?biomaterial_id=28513	Stage 12 (mid gastrula)	KH2012:KH.S544.3 (DMRT1; DMRTA1; DMRTA2)	row III neural plate	a9.37*
https://www.aniseed.fr/aniseed/experiment/show_insitu_by_biomaterial?biomaterial_id=28513	Stage 12 (mid gastrula)	KH2012:KH.S544.3 (DMRT1; DMRTA1; DMRTA2)	row III neural plate	a9.49
https://www.aniseed.fr/aniseed/experiment/show_insitu_by_biomaterial?biomaterial_id=28513	Stage 12 (mid gastrula)	KH2012:KH.S544.3 (DMRT1; DMRTA1; DMRTA2)	row III neural plate	a9.49*
https://www.aniseed.fr/aniseed/experiment/show_insitu_by_biomaterial?biomaterial_id=28513	Stage 12 (mid gastrula)	KH2012:KH.S544.3 (DMRT1; DMRTA1; DMRTA2)	row IV neural plate	a9.34
https://www.aniseed.fr/aniseed/experiment/show_insitu_by_biomaterial?biomaterial_id=28513	Stage 12 (mid gastrula)	KH2012:KH.S544.3 (DMRT1; DMRTA1; DMRTA2)	row IV neural plate	a9.34*
https://www.aniseed.fr/aniseed/experiment/show_insitu_by_biomaterial?biomaterial_id=28513	Stage 12 (mid gastrula)	KH2012:KH.S544.3 (DMRT1; DMRTA1; DMRTA2)	row IV neural plate	a9.38
https://www.aniseed.fr/aniseed/experiment/show_insitu_by_biomaterial?biomaterial_id=28513	Stage 12 (mid gastrula)	KH2012:KH.S544.3 (DMRT1; DMRTA1; DMRTA2)	row IV neural plate	a9.38*
https://www.aniseed.fr/aniseed/experiment/show_insitu_by_biomaterial?biomaterial_id=28513	Stage 12 (mid gastrula)	KH2012:KH.S544.3 (DMRT1; DMRTA1; DMRTA2)	row IV neural plate	a9.50
https://www.aniseed.fr/aniseed/experiment/show_insitu_by_biomaterial?biomaterial_id=28513	Stage 12 (mid gastrula)	KH2012:KH.S544.3 (DMRT1; DMRTA1; DMRTA2)	row IV neural plate	a9.50*
https://www.aniseed.fr/aniseed/experiment/show_insitu_by_biomaterial?biomaterial_id=28513	Stage 12 (mid gastrula)	KH2012:KH.S544.3 (DMRT1; DMRTA1; DMRTA2)	row V neural plate	a9.35
https://www.aniseed.fr/aniseed/experiment/show_insitu_by_biomaterial?biomaterial_id=28513	Stage 12 (mid gastrula)	KH2012:KH.S544.3 (DMRT1; DMRTA1; DMRTA2)	row V neural plate	a9.35*
https://www.aniseed.fr/aniseed/experiment/show_insitu_by_biomaterial?biomaterial_id=28513	Stage 12 (mid gastrula)	KH2012:KH.S544.3 (DMRT1; DMRTA1; DMRTA2)	row V neural plate	a9.39
https://www.aniseed.fr/aniseed/experiment/show_insitu_by_biomaterial?biomaterial_id=28513	Stage 12 (mid gastrula)	KH2012:KH.S544.3 (DMRT1; DMRTA1; DMRTA2)	row V neural plate	a9.39*
https://www.aniseed.fr/aniseed/experiment/show_insitu_by_biomaterial?biomaterial_id=28513	Stage 12 (mid gastrula)	KH2012:KH.S544.3 (DMRT1; DMRTA1; DMRTA2)	row V neural plate	a9.51
https://www.aniseed.fr/aniseed/experiment/show_insitu_by_biomaterial?biomaterial_id=28513	Stage 12 (mid gastrula)	KH2012:KH.S544.3 (DMRT1; DMRTA1; DMRTA2)	row V neural plate	a9.51*
https://www.aniseed.fr/aniseed/experiment/show_insitu_by_biomaterial?biomaterial_id=28513	Stage 12 (mid gastrula)	KH2012:KH.S544.3 (DMRT1; DMRTA1; DMRTA2)	row VI neural plate	a9.36
https://www.aniseed.fr/aniseed/experiment/show_insitu_by_biomaterial?biomaterial_id=28513	Stage 12 (mid gastrula)	KH2012:KH.S544.3 (DMRT1; DMRTA1; DMRTA2)	row VI neural plate	a9.36*
https://www.aniseed.fr/aniseed/experiment/show_insitu_by_biomaterial?biomaterial_id=28513	Stage 12 (mid gastrula)	KH2012:KH.S544.3 (DMRT1; DMRTA1; DMRTA2)	row VI neural plate	a9.40
https://www.aniseed.fr/aniseed/experiment/show_insitu_by_biomaterial?biomaterial_id=28513	Stage 12 (mid gastrula)	KH2012:KH.S544.3 (DMRT1; DMRTA1; DMRTA2)	row VI neural plate	a9.40*
https://www.aniseed.fr/aniseed/experiment/show_insitu_by_biomaterial?biomaterial_id=28513	Stage 12 (mid gastrula)	KH2012:KH.S544.3 (DMRT1; DMRTA1; DMRTA2)	row VI neural plate	a9.52
https://www.aniseed.fr/aniseed/experiment/show_insitu_by_biomaterial?biomaterial_id=28513	Stage 12 (mid gastrula)	KH2012:KH.S544.3 (DMRT1; DMRTA1; DMRTA2)	row VI neural plate	a9.52*
https://www.aniseed.fr/aniseed/experiment/show_insitu_by_biomaterial?biomaterial_id=28519	Stage 12 (mid gastrula)	KH2012:KH.S544.3 (DMRT1; DMRTA1; DMRTA2)	row III neural plate	a9.33
https://www.aniseed.fr/aniseed/experiment/show_insitu_by_biomaterial?biomaterial_id=28519	Stage 12 (mid gastrula)	KH2012:KH.S544.3 (DMRT1; DMRTA1; DMRTA2)	row III neural plate	a9.33*
https://www.aniseed.fr/aniseed/experiment/show_insitu_by_biomaterial?biomaterial_id=28519	Stage 12 (mid gastrula)	KH2012:KH.S544.3 (DMRT1; DMRTA1; DMRTA2)	row III neural plate	a9.37
https://www.aniseed.fr/aniseed/experiment/show_insitu_by_biomaterial?biomaterial_id=28519	Stage 12 (mid gastrula)	KH2012:KH.S544.3 (DMRT1; DMRTA1; DMRTA2)	row III neural plate	a9.37*
https://www.aniseed.fr/aniseed/experiment/show_insitu_by_biomaterial?biomaterial_id=28519	Stage 12 (mid gastrula)	KH2012:KH.S544.3 (DMRT1; DMRTA1; DMRTA2)	row III neural plate	a9.49
https://www.aniseed.fr/aniseed/experiment/show_insitu_by_biomaterial?biomaterial_id=28519	Stage 12 (mid gastrula)	KH2012:KH.S544.3 (DMRT1; DMRTA1; DMRTA2)	row III neural plate	a9.49*
https://www.aniseed.fr/aniseed/experiment/show_insitu_by_biomaterial?biomaterial_id=28519	Stage 12 (mid gastrula)	KH2012:KH.S544.3 (DMRT1; DMRTA1; DMRTA2)	row IV neural plate	a9.34
https://www.aniseed.fr/aniseed/experiment/show_insitu_by_biomaterial?biomaterial_id=28519	Stage 12 (mid gastrula)	KH2012:KH.S544.3 (DMRT1; DMRTA1; DMRTA2)	row IV neural plate	a9.34*
https://www.aniseed.fr/aniseed/experiment/show_insitu_by_biomaterial?biomaterial_id=28519	Stage 12 (mid gastrula)	KH2012:KH.S544.3 (DMRT1; DMRTA1; DMRTA2)	row IV neural plate	a9.38
https://www.aniseed.fr/aniseed/experiment/show_insitu_by_biomaterial?biomaterial_id=28519	Stage 12 (mid gastrula)	KH2012:KH.S544.3 (DMRT1; DMRTA1; DMRTA2)	row IV neural plate	a9.38*
https://www.aniseed.fr/aniseed/experiment/show_insitu_by_biomaterial?biomaterial_id=28519	Stage 12 (mid gastrula)	KH2012:KH.S544.3 (DMRT1; DMRTA1; DMRTA2)	row IV neural plate	a9.50
https://www.aniseed.fr/aniseed/experiment/show_insitu_by_biomaterial?biomaterial_id=28519	Stage 12 (mid gastrula)	KH2012:KH.S544.3 (DMRT1; DMRTA1; DMRTA2)	row IV neural plate	a9.50*
https://www.aniseed.fr/aniseed/experiment/show_insitu_by_biomaterial?biomaterial_id=28519	Stage 12 (mid gastrula)	KH2012:KH.S544.3 (DMRT1; DMRTA1; DMRTA2)	row V neural plate	a9.35
https://www.aniseed.fr/aniseed/experiment/show_insitu_by_biomaterial?biomaterial_id=28519	Stage 12 (mid gastrula)	KH2012:KH.S544.3 (DMRT1; DMRTA1; DMRTA2)	row V neural plate	a9.35*
https://www.aniseed.fr/aniseed/experiment/show_insitu_by_biomaterial?biomaterial_id=28519	Stage 12 (mid gastrula)	KH2012:KH.S544.3 (DMRT1; DMRTA1; DMRTA2)	row V neural plate	a9.39
https://www.aniseed.fr/aniseed/experiment/show_insitu_by_biomaterial?biomaterial_id=28519	Stage 12 (mid gastrula)	KH2012:KH.S544.3 (DMRT1; DMRTA1; DMRTA2)	row V neural plate	a9.39*
https://www.aniseed.fr/aniseed/experiment/show_insitu_by_biomaterial?biomaterial_id=28519	Stage 12 (mid gastrula)	KH2012:KH.S544.3 (DMRT1; DMRTA1; DMRTA2)	row V neural plate	a9.51
https://www.aniseed.fr/aniseed/experiment/show_insitu_by_biomaterial?biomaterial_id=28519	Stage 12 (mid gastrula)	KH2012:KH.S544.3 (DMRT1; DMRTA1; DMRTA2)	row V neural plate	a9.51*
https://www.aniseed.fr/aniseed/experiment/show_insitu_by_biomaterial?biomaterial_id=28519	Stage 12 (mid gastrula)	KH2012:KH.S544.3 (DMRT1; DMRTA1; DMRTA2)	row VI neural plate	a9.36
https://www.aniseed.fr/aniseed/experiment/show_insitu_by_biomaterial?biomaterial_id=28519	Stage 12 (mid gastrula)	KH2012:KH.S544.3 (DMRT1; DMRTA1; DMRTA2)	row VI neural plate	a9.36*
https://www.aniseed.fr/aniseed/experiment/show_insitu_by_biomaterial?biomaterial_id=28519	Stage 12 (mid gastrula)	KH2012:KH.S544.3 (DMRT1; DMRTA1; DMRTA2)	row VI neural plate	a9.40
https://www.aniseed.fr/aniseed/experiment/show_insitu_by_biomaterial?biomaterial_id=28519	Stage 12 (mid gastrula)	KH2012:KH.S544.3 (DMRT1; DMRTA1; DMRTA2)	row VI neural plate	a9.40*
https://www.aniseed.fr/aniseed/experiment/show_insitu_by_biomaterial?biomaterial_id=28519	Stage 12 (mid gastrula)	KH2012:KH.S544.3 (DMRT1; DMRTA1; DMRTA2)	row VI neural plate	a9.52
https://www.aniseed.fr/aniseed/experiment/show_insitu_by_biomaterial?biomaterial_id=28519	Stage 12 (mid gastrula)	KH2012:KH.S544.3 (DMRT1; DMRTA1; DMRTA2)	row VI neural plate	a9.52*
https://www.aniseed.fr/aniseed/experiment/show_insitu_by_biomaterial?biomaterial_id=28524	Stage 12 (mid gastrula)	KH2012:KH.S544.3 (DMRT1; DMRTA1; DMRTA2)	row III neural plate	a9.33
https://www.aniseed.fr/aniseed/experiment/show_insitu_by_biomaterial?biomaterial_id=28524	Stage 12 (mid gastrula)	KH2012:KH.S544.3 (DMRT1; DMRTA1; DMRTA2)	row III neural plate	a9.33*
https://www.aniseed.fr/aniseed/experiment/show_insitu_by_biomaterial?biomaterial_id=28524	Stage 12 (mid gastrula)	KH2012:KH.S544.3 (DMRT1; DMRTA1; DMRTA2)	row III neural plate	a9.37
https://www.aniseed.fr/aniseed/experiment/show_insitu_by_biomaterial?biomaterial_id=28524	Stage 12 (mid gastrula)	KH2012:KH.S544.3 (DMRT1; DMRTA1; DMRTA2)	row III neural plate	a9.37*
https://www.aniseed.fr/aniseed/experiment/show_insitu_by_biomaterial?biomaterial_id=28524	Stage 12 (mid gastrula)	KH2012:KH.S544.3 (DMRT1; DMRTA1; DMRTA2)	row III neural plate	a9.49
https://www.aniseed.fr/aniseed/experiment/show_insitu_by_biomaterial?biomaterial_id=28524	Stage 12 (mid gastrula)	KH2012:KH.S544.3 (DMRT1; DMRTA1; DMRTA2)	row III neural plate	a9.49*
https://www.aniseed.fr/aniseed/experiment/show_insitu_by_biomaterial?biomaterial_id=28524	Stage 12 (mid gastrula)	KH2012:KH.S544.3 (DMRT1; DMRTA1; DMRTA2)	row IV neural plate	a9.34
https://www.aniseed.fr/aniseed/experiment/show_insitu_by_biomaterial?biomaterial_id=28524	Stage 12 (mid gastrula)	KH2012:KH.S544.3 (DMRT1; DMRTA1; DMRTA2)	row IV neural plate	a9.34*
https://www.aniseed.fr/aniseed/experiment/show_insitu_by_biomaterial?biomaterial_id=28524	Stage 12 (mid gastrula)	KH2012:KH.S544.3 (DMRT1; DMRTA1; DMRTA2)	row IV neural plate	a9.38
https://www.aniseed.fr/aniseed/experiment/show_insitu_by_biomaterial?biomaterial_id=28524	Stage 12 (mid gastrula)	KH2012:KH.S544.3 (DMRT1; DMRTA1; DMRTA2)	row IV neural plate	a9.38*
https://www.aniseed.fr/aniseed/experiment/show_insitu_by_biomaterial?biomaterial_id=28524	Stage 12 (mid gastrula)	KH2012:KH.S544.3 (DMRT1; DMRTA1; DMRTA2)	row IV neural plate	a9.50
https://www.aniseed.fr/aniseed/experiment/show_insitu_by_biomaterial?biomaterial_id=28524	Stage 12 (mid gastrula)	KH2012:KH.S544.3 (DMRT1; DMRTA1; DMRTA2)	row IV neural plate	a9.50*
https://www.aniseed.fr/aniseed/experiment/show_insitu_by_biomaterial?biomaterial_id=28524	Stage 12 (mid gastrula)	KH2012:KH.S544.3 (DMRT1; DMRTA1; DMRTA2)	row V neural plate	a9.35
https://www.aniseed.fr/aniseed/experiment/show_insitu_by_biomaterial?biomaterial_id=28524	Stage 12 (mid gastrula)	KH2012:KH.S544.3 (DMRT1; DMRTA1; DMRTA2)	row V neural plate	a9.35*
https://www.aniseed.fr/aniseed/experiment/show_insitu_by_biomaterial?biomaterial_id=28524	Stage 12 (mid gastrula)	KH2012:KH.S544.3 (DMRT1; DMRTA1; DMRTA2)	row V neural plate	a9.39
https://www.aniseed.fr/aniseed/experiment/show_insitu_by_biomaterial?biomaterial_id=28524	Stage 12 (mid gastrula)	KH2012:KH.S544.3 (DMRT1; DMRTA1; DMRTA2)	row V neural plate	a9.39*
https://www.aniseed.fr/aniseed/experiment/show_insitu_by_biomaterial?biomaterial_id=28524	Stage 12 (mid gastrula)	KH2012:KH.S544.3 (DMRT1; DMRTA1; DMRTA2)	row V neural plate	a9.51
https://www.aniseed.fr/aniseed/experiment/show_insitu_by_biomaterial?biomaterial_id=28524	Stage 12 (mid gastrula)	KH2012:KH.S544.3 (DMRT1; DMRTA1; DMRTA2)	row V neural plate	a9.51*
https://www.aniseed.fr/aniseed/experiment/show_insitu_by_biomaterial?biomaterial_id=28524	Stage 12 (mid gastrula)	KH2012:KH.S544.3 (DMRT1; DMRTA1; DMRTA2)	row VI neural plate	a9.36
https://www.aniseed.fr/aniseed/experiment/show_insitu_by_biomaterial?biomaterial_id=28524	Stage 12 (mid gastrula)	KH2012:KH.S544.3 (DMRT1; DMRTA1; DMRTA2)	row VI neural plate	a9.36*
https://www.aniseed.fr/aniseed/experiment/show_insitu_by_biomaterial?biomaterial_id=28524	Stage 12 (mid gastrula)	KH2012:KH.S544.3 (DMRT1; DMRTA1; DMRTA2)	row VI neural plate	a9.40
https://www.aniseed.fr/aniseed/experiment/show_insitu_by_biomaterial?biomaterial_id=28524	Stage 12 (mid gastrula)	KH2012:KH.S544.3 (DMRT1; DMRTA1; DMRTA2)	row VI neural plate	a9.40*
https://www.aniseed.fr/aniseed/experiment/show_insitu_by_biomaterial?biomaterial_id=28524	Stage 12 (mid gastrula)	KH2012:KH.S544.3 (DMRT1; DMRTA1; DMRTA2)	row VI neural plate	a9.52
https://www.aniseed.fr/aniseed/experiment/show_insitu_by_biomaterial?biomaterial_id=28524	Stage 12 (mid gastrula)	KH2012:KH.S544.3 (DMRT1; DMRTA1; DMRTA2)	row VI neural plate	a9.52*
https://www.aniseed.fr/aniseed/experiment/show_insitu_by_biomaterial?biomaterial_id=28615	Stage 12 (mid gastrula)	KH2012:KH.S544.3 (DMRT1; DMRTA1; DMRTA2)	a line neural plate	a9.33
https://www.aniseed.fr/aniseed/experiment/show_insitu_by_biomaterial?biomaterial_id=28615	Stage 12 (mid gastrula)	KH2012:KH.S544.3 (DMRT1; DMRTA1; DMRTA2)	a line neural plate	a9.33*
https://www.aniseed.fr/aniseed/experiment/show_insitu_by_biomaterial?biomaterial_id=28615	Stage 12 (mid gastrula)	KH2012:KH.S544.3 (DMRT1; DMRTA1; DMRTA2)	a line neural plate	a9.37
https://www.aniseed.fr/aniseed/experiment/show_insitu_by_biomaterial?biomaterial_id=28615	Stage 12 (mid gastrula)	KH2012:KH.S544.3 (DMRT1; DMRTA1; DMRTA2)	a line neural plate	a9.37*
https://www.aniseed.fr/aniseed/experiment/show_insitu_by_biomaterial?biomaterial_id=28615	Stage 12 (mid gastrula)	KH2012:KH.S544.3 (DMRT1; DMRTA1; DMRTA2)	a line neural plate	a9.35
https://www.aniseed.fr/aniseed/experiment/show_insitu_by_biomaterial?biomaterial_id=28615	Stage 12 (mid gastrula)	KH2012:KH.S544.3 (DMRT1; DMRTA1; DMRTA2)	a line neural plate	a9.35*
https://www.aniseed.fr/aniseed/experiment/show_insitu_by_biomaterial?biomaterial_id=28615	Stage 12 (mid gastrula)	KH2012:KH.S544.3 (DMRT1; DMRTA1; DMRTA2)	a line neural plate	a9.39
https://www.aniseed.fr/aniseed/experiment/show_insitu_by_biomaterial?biomaterial_id=28615	Stage 12 (mid gastrula)	KH2012:KH.S544.3 (DMRT1; DMRTA1; DMRTA2)	a line neural plate	a9.39*
https://www.aniseed.fr/aniseed/experiment/show_insitu_by_biomaterial?biomaterial_id=28615	Stage 12 (mid gastrula)	KH2012:KH.S544.3 (DMRT1; DMRTA1; DMRTA2)	a line neural plate	a9.49
https://www.aniseed.fr/aniseed/experiment/show_insitu_by_biomaterial?biomaterial_id=28615	Stage 12 (mid gastrula)	KH2012:KH.S544.3 (DMRT1; DMRTA1; DMRTA2)	a line neural plate	a9.49*
https://www.aniseed.fr/aniseed/experiment/show_insitu_by_biomaterial?biomaterial_id=28615	Stage 12 (mid gastrula)	KH2012:KH.S544.3 (DMRT1; DMRTA1; DMRTA2)	a line neural plate	a9.34
https://www.aniseed.fr/aniseed/experiment/show_insitu_by_biomaterial?biomaterial_id=28615	Stage 12 (mid gastrula)	KH2012:KH.S544.3 (DMRT1; DMRTA1; DMRTA2)	a line neural plate	a9.34*
https://www.aniseed.fr/aniseed/experiment/show_insitu_by_biomaterial?biomaterial_id=28615	Stage 12 (mid gastrula)	KH2012:KH.S544.3 (DMRT1; DMRTA1; DMRTA2)	a line neural plate	a9.38
https://www.aniseed.fr/aniseed/experiment/show_insitu_by_biomaterial?biomaterial_id=28615	Stage 12 (mid gastrula)	KH2012:KH.S544.3 (DMRT1; DMRTA1; DMRTA2)	a line neural plate	a9.38*
https://www.aniseed.fr/aniseed/experiment/show_insitu_by_biomaterial?biomaterial_id=28615	Stage 12 (mid gastrula)	KH2012:KH.S544.3 (DMRT1; DMRTA1; DMRTA2)	a line neural plate	a9.50
https://www.aniseed.fr/aniseed/experiment/show_insitu_by_biomaterial?biomaterial_id=28615	Stage 12 (mid gastrula)	KH2012:KH.S544.3 (DMRT1; DMRTA1; DMRTA2)	a line neural plate	a9.50*
https://www.aniseed.fr/aniseed/experiment/show_insitu_by_biomaterial?biomaterial_id=28615	Stage 12 (mid gastrula)	KH2012:KH.S544.3 (DMRT1; DMRTA1; DMRTA2)	a line neural plate	a9.36
https://www.aniseed.fr/aniseed/experiment/show_insitu_by_biomaterial?biomaterial_id=28615	Stage 12 (mid gastrula)	KH2012:KH.S544.3 (DMRT1; DMRTA1; DMRTA2)	a line neural plate	a9.36*
https://www.aniseed.fr/aniseed/experiment/show_insitu_by_biomaterial?biomaterial_id=28615	Stage 12 (mid gastrula)	KH2012:KH.S544.3 (DMRT1; DMRTA1; DMRTA2)	a line neural plate	a9.40
https://www.aniseed.fr/aniseed/experiment/show_insitu_by_biomaterial?biomaterial_id=28615	Stage 12 (mid gastrula)	KH2012:KH.S544.3 (DMRT1; DMRTA1; DMRTA2)	a line neural plate	a9.40*
https://www.aniseed.fr/aniseed/experiment/show_insitu_by_biomaterial?biomaterial_id=28615	Stage 12 (mid gastrula)	KH2012:KH.S544.3 (DMRT1; DMRTA1; DMRTA2)	a line neural plate	a9.52
https://www.aniseed.fr/aniseed/experiment/show_insitu_by_biomaterial?biomaterial_id=28615	Stage 12 (mid gastrula)	KH2012:KH.S544.3 (DMRT1; DMRTA1; DMRTA2)	a line neural plate	a9.52*
https://www.aniseed.fr/aniseed/experiment/show_insitu_by_biomaterial?biomaterial_id=28615	Stage 12 (mid gastrula)	KH2012:KH.S544.3 (DMRT1; DMRTA1; DMRTA2)	a line neural plate	a9.51
https://www.aniseed.fr/aniseed/experiment/show_insitu_by_biomaterial?biomaterial_id=28615	Stage 12 (mid gastrula)	KH2012:KH.S544.3 (DMRT1; DMRTA1; DMRTA2)	a line neural plate	a9.51*
https://www.aniseed.fr/aniseed/experiment/show_insitu_by_biomaterial?biomaterial_id=28622	Stage 12 (mid gastrula)	KH2012:KH.S544.3 (DMRT1; DMRTA1; DMRTA2)	a line neural plate	a9.33
https://www.aniseed.fr/aniseed/experiment/show_insitu_by_biomaterial?biomaterial_id=28622	Stage 12 (mid gastrula)	KH2012:KH.S544.3 (DMRT1; DMRTA1; DMRTA2)	a line neural plate	a9.33*
https://www.aniseed.fr/aniseed/experiment/show_insitu_by_biomaterial?biomaterial_id=28622	Stage 12 (mid gastrula)	KH2012:KH.S544.3 (DMRT1; DMRTA1; DMRTA2)	a line neural plate	a9.37
https://www.aniseed.fr/aniseed/experiment/show_insitu_by_biomaterial?biomaterial_id=28622	Stage 12 (mid gastrula)	KH2012:KH.S544.3 (DMRT1; DMRTA1; DMRTA2)	a line neural plate	a9.37*
https://www.aniseed.fr/aniseed/experiment/show_insitu_by_biomaterial?biomaterial_id=28622	Stage 12 (mid gastrula)	KH2012:KH.S544.3 (DMRT1; DMRTA1; DMRTA2)	a line neural plate	a9.35
https://www.aniseed.fr/aniseed/experiment/show_insitu_by_biomaterial?biomaterial_id=28622	Stage 12 (mid gastrula)	KH2012:KH.S544.3 (DMRT1; DMRTA1; DMRTA2)	a line neural plate	a9.35*
https://www.aniseed.fr/aniseed/experiment/show_insitu_by_biomaterial?biomaterial_id=28622	Stage 12 (mid gastrula)	KH2012:KH.S544.3 (DMRT1; DMRTA1; DMRTA2)	a line neural plate	a9.39
https://www.aniseed.fr/aniseed/experiment/show_insitu_by_biomaterial?biomaterial_id=28622	Stage 12 (mid gastrula)	KH2012:KH.S544.3 (DMRT1; DMRTA1; DMRTA2)	a line neural plate	a9.39*
https://www.aniseed.fr/aniseed/experiment/show_insitu_by_biomaterial?biomaterial_id=28622	Stage 12 (mid gastrula)	KH2012:KH.S544.3 (DMRT1; DMRTA1; DMRTA2)	a line neural plate	a9.49
https://www.aniseed.fr/aniseed/experiment/show_insitu_by_biomaterial?biomaterial_id=28622	Stage 12 (mid gastrula)	KH2012:KH.S544.3 (DMRT1; DMRTA1; DMRTA2)	a line neural plate	a9.49*
https://www.aniseed.fr/aniseed/experiment/show_insitu_by_biomaterial?biomaterial_id=28622	Stage 12 (mid gastrula)	KH2012:KH.S544.3 (DMRT1; DMRTA1; DMRTA2)	a line neural plate	a9.34
https://www.aniseed.fr/aniseed/experiment/show_insitu_by_biomaterial?biomaterial_id=28622	Stage 12 (mid gastrula)	KH2012:KH.S544.3 (DMRT1; DMRTA1; DMRTA2)	a line neural plate	a9.34*
https://www.aniseed.fr/aniseed/experiment/show_insitu_by_biomaterial?biomaterial_id=28622	Stage 12 (mid gastrula)	KH2012:KH.S544.3 (DMRT1; DMRTA1; DMRTA2)	a line neural plate	a9.38
https://www.aniseed.fr/aniseed/experiment/show_insitu_by_biomaterial?biomaterial_id=28622	Stage 12 (mid gastrula)	KH2012:KH.S544.3 (DMRT1; DMRTA1; DMRTA2)	a line neural plate	a9.38*
https://www.aniseed.fr/aniseed/experiment/show_insitu_by_biomaterial?biomaterial_id=28622	Stage 12 (mid gastrula)	KH2012:KH.S544.3 (DMRT1; DMRTA1; DMRTA2)	a line neural plate	a9.50
https://www.aniseed.fr/aniseed/experiment/show_insitu_by_biomaterial?biomaterial_id=28622	Stage 12 (mid gastrula)	KH2012:KH.S544.3 (DMRT1; DMRTA1; DMRTA2)	a line neural plate	a9.50*
https://www.aniseed.fr/aniseed/experiment/show_insitu_by_biomaterial?biomaterial_id=28622	Stage 12 (mid gastrula)	KH2012:KH.S544.3 (DMRT1; DMRTA1; DMRTA2)	a line neural plate	a9.36
https://www.aniseed.fr/aniseed/experiment/show_insitu_by_biomaterial?biomaterial_id=28622	Stage 12 (mid gastrula)	KH2012:KH.S544.3 (DMRT1; DMRTA1; DMRTA2)	a line neural plate	a9.36*
https://www.aniseed.fr/aniseed/experiment/show_insitu_by_biomaterial?biomaterial_id=28622	Stage 12 (mid gastrula)	KH2012:KH.S544.3 (DMRT1; DMRTA1; DMRTA2)	a line neural plate	a9.40
https://www.aniseed.fr/aniseed/experiment/show_insitu_by_biomaterial?biomaterial_id=28622	Stage 12 (mid gastrula)	KH2012:KH.S544.3 (DMRT1; DMRTA1; DMRTA2)	a line neural plate	a9.40*
https://www.aniseed.fr/aniseed/experiment/show_insitu_by_biomaterial?biomaterial_id=28622	Stage 12 (mid gastrula)	KH2012:KH.S544.3 (DMRT1; DMRTA1; DMRTA2)	a line neural plate	a9.52
https://www.aniseed.fr/aniseed/experiment/show_insitu_by_biomaterial?biomaterial_id=28622	Stage 12 (mid gastrula)	KH2012:KH.S544.3 (DMRT1; DMRTA1; DMRTA2)	a line neural plate	a9.52*
https://www.aniseed.fr/aniseed/experiment/show_insitu_by_biomaterial?biomaterial_id=28622	Stage 12 (mid gastrula)	KH2012:KH.S544.3 (DMRT1; DMRTA1; DMRTA2)	a line neural plate	a9.51
https://www.aniseed.fr/aniseed/experiment/show_insitu_by_biomaterial?biomaterial_id=28622	Stage 12 (mid gastrula)	KH2012:KH.S544.3 (DMRT1; DMRTA1; DMRTA2)	a line neural plate	a9.51*
https://www.aniseed.fr/aniseed/experiment/show_insitu_by_biomaterial?biomaterial_id=16271	Stage 13 (late gastrula)	KH2012:KH.S544.3 (DMRT1; DMRTA1; DMRTA2)	a line neural plate	a9.33
https://www.aniseed.fr/aniseed/experiment/show_insitu_by_biomaterial?biomaterial_id=16271	Stage 13 (late gastrula)	KH2012:KH.S544.3 (DMRT1; DMRTA1; DMRTA2)	a line neural plate	a9.33*
https://www.aniseed.fr/aniseed/experiment/show_insitu_by_biomaterial?biomaterial_id=16271	Stage 13 (late gastrula)	KH2012:KH.S544.3 (DMRT1; DMRTA1; DMRTA2)	a line neural plate	a9.37
https://www.aniseed.fr/aniseed/experiment/show_insitu_by_biomaterial?biomaterial_id=16271	Stage 13 (late gastrula)	KH2012:KH.S544.3 (DMRT1; DMRTA1; DMRTA2)	a line neural plate	a9.37*
https://www.aniseed.fr/aniseed/experiment/show_insitu_by_biomaterial?biomaterial_id=16271	Stage 13 (late gastrula)	KH2012:KH.S544.3 (DMRT1; DMRTA1; DMRTA2)	a line neural plate	a9.35
https://www.aniseed.fr/aniseed/experiment/show_insitu_by_biomaterial?biomaterial_id=16271	Stage 13 (late gastrula)	KH2012:KH.S544.3 (DMRT1; DMRTA1; DMRTA2)	a line neural plate	a9.35*
https://www.aniseed.fr/aniseed/experiment/show_insitu_by_biomaterial?biomaterial_id=16271	Stage 13 (late gastrula)	KH2012:KH.S544.3 (DMRT1; DMRTA1; DMRTA2)	a line neural plate	a9.39
https://www.aniseed.fr/aniseed/experiment/show_insitu_by_biomaterial?biomaterial_id=16271	Stage 13 (late gastrula)	KH2012:KH.S544.3 (DMRT1; DMRTA1; DMRTA2)	a line neural plate	a9.39*
https://www.aniseed.fr/aniseed/experiment/show_insitu_by_biomaterial?biomaterial_id=16271	Stage 13 (late gastrula)	KH2012:KH.S544.3 (DMRT1; DMRTA1; DMRTA2)	a line neural plate	a9.49
https://www.aniseed.fr/aniseed/experiment/show_insitu_by_biomaterial?biomaterial_id=16271	Stage 13 (late gastrula)	KH2012:KH.S544.3 (DMRT1; DMRTA1; DMRTA2)	a line neural plate	a9.49*
https://www.aniseed.fr/aniseed/experiment/show_insitu_by_biomaterial?biomaterial_id=16271	Stage 13 (late gastrula)	KH2012:KH.S544.3 (DMRT1; DMRTA1; DMRTA2)	a line neural plate	a9.34
https://www.aniseed.fr/aniseed/experiment/show_insitu_by_biomaterial?biomaterial_id=16271	Stage 13 (late gastrula)	KH2012:KH.S544.3 (DMRT1; DMRTA1; DMRTA2)	a line neural plate	a9.34*
https://www.aniseed.fr/aniseed/experiment/show_insitu_by_biomaterial?biomaterial_id=16271	Stage 13 (late gastrula)	KH2012:KH.S544.3 (DMRT1; DMRTA1; DMRTA2)	a line neural plate	a9.38
https://www.aniseed.fr/aniseed/experiment/show_insitu_by_biomaterial?biomaterial_id=16271	Stage 13 (late gastrula)	KH2012:KH.S544.3 (DMRT1; DMRTA1; DMRTA2)	a line neural plate	a9.38*
https://www.aniseed.fr/aniseed/experiment/show_insitu_by_biomaterial?biomaterial_id=16271	Stage 13 (late gastrula)	KH2012:KH.S544.3 (DMRT1; DMRTA1; DMRTA2)	a line neural plate	a9.50
https://www.aniseed.fr/aniseed/experiment/show_insitu_by_biomaterial?biomaterial_id=16271	Stage 13 (late gastrula)	KH2012:KH.S544.3 (DMRT1; DMRTA1; DMRTA2)	a line neural plate	a9.50*
https://www.aniseed.fr/aniseed/experiment/show_insitu_by_biomaterial?biomaterial_id=16271	Stage 13 (late gastrula)	KH2012:KH.S544.3 (DMRT1; DMRTA1; DMRTA2)	a line neural plate	a9.36
https://www.aniseed.fr/aniseed/experiment/show_insitu_by_biomaterial?biomaterial_id=16271	Stage 13 (late gastrula)	KH2012:KH.S544.3 (DMRT1; DMRTA1; DMRTA2)	a line neural plate	a9.36*
https://www.aniseed.fr/aniseed/experiment/show_insitu_by_biomaterial?biomaterial_id=16271	Stage 13 (late gastrula)	KH2012:KH.S544.3 (DMRT1; DMRTA1; DMRTA2)	a line neural plate	a9.40
https://www.aniseed.fr/aniseed/experiment/show_insitu_by_biomaterial?biomaterial_id=16271	Stage 13 (late gastrula)	KH2012:KH.S544.3 (DMRT1; DMRTA1; DMRTA2)	a line neural plate	a9.40*
https://www.aniseed.fr/aniseed/experiment/show_insitu_by_biomaterial?biomaterial_id=16271	Stage 13 (late gastrula)	KH2012:KH.S544.3 (DMRT1; DMRTA1; DMRTA2)	a line neural plate	a9.52
https://www.aniseed.fr/aniseed/experiment/show_insitu_by_biomaterial?biomaterial_id=16271	Stage 13 (late gastrula)	KH2012:KH.S544.3 (DMRT1; DMRTA1; DMRTA2)	a line neural plate	a9.52*
https://www.aniseed.fr/aniseed/experiment/show_insitu_by_biomaterial?biomaterial_id=16271	Stage 13 (late gastrula)	KH2012:KH.S544.3 (DMRT1; DMRTA1; DMRTA2)	a line neural plate	a9.51
https://www.aniseed.fr/aniseed/experiment/show_insitu_by_biomaterial?biomaterial_id=16271	Stage 13 (late gastrula)	KH2012:KH.S544.3 (DMRT1; DMRTA1; DMRTA2)	a line neural plate	a9.51*
https://www.aniseed.fr/aniseed/experiment/show_insitu_by_biomaterial?biomaterial_id=28621	Stage 13 (late gastrula)	KH2012:KH.S544.3 (DMRT1; DMRTA1; DMRTA2)	a line neural plate	a9.33
https://www.aniseed.fr/aniseed/experiment/show_insitu_by_biomaterial?biomaterial_id=28621	Stage 13 (late gastrula)	KH2012:KH.S544.3 (DMRT1; DMRTA1; DMRTA2)	a line neural plate	a9.33*
https://www.aniseed.fr/aniseed/experiment/show_insitu_by_biomaterial?biomaterial_id=28621	Stage 13 (late gastrula)	KH2012:KH.S544.3 (DMRT1; DMRTA1; DMRTA2)	a line neural plate	a9.37
https://www.aniseed.fr/aniseed/experiment/show_insitu_by_biomaterial?biomaterial_id=28621	Stage 13 (late gastrula)	KH2012:KH.S544.3 (DMRT1; DMRTA1; DMRTA2)	a line neural plate	a9.37*
https://www.aniseed.fr/aniseed/experiment/show_insitu_by_biomaterial?biomaterial_id=28621	Stage 13 (late gastrula)	KH2012:KH.S544.3 (DMRT1; DMRTA1; DMRTA2)	a line neural plate	a9.35
https://www.aniseed.fr/aniseed/experiment/show_insitu_by_biomaterial?biomaterial_id=28621	Stage 13 (late gastrula)	KH2012:KH.S544.3 (DMRT1; DMRTA1; DMRTA2)	a line neural plate	a9.35*
https://www.aniseed.fr/aniseed/experiment/show_insitu_by_biomaterial?biomaterial_id=28621	Stage 13 (late gastrula)	KH2012:KH.S544.3 (DMRT1; DMRTA1; DMRTA2)	a line neural plate	a9.39
https://www.aniseed.fr/aniseed/experiment/show_insitu_by_biomaterial?biomaterial_id=28621	Stage 13 (late gastrula)	KH2012:KH.S544.3 (DMRT1; DMRTA1; DMRTA2)	a line neural plate	a9.39*
https://www.aniseed.fr/aniseed/experiment/show_insitu_by_biomaterial?biomaterial_id=28621	Stage 13 (late gastrula)	KH2012:KH.S544.3 (DMRT1; DMRTA1; DMRTA2)	a line neural plate	a9.49
https://www.aniseed.fr/aniseed/experiment/show_insitu_by_biomaterial?biomaterial_id=28621	Stage 13 (late gastrula)	KH2012:KH.S544.3 (DMRT1; DMRTA1; DMRTA2)	a line neural plate	a9.49*
https://www.aniseed.fr/aniseed/experiment/show_insitu_by_biomaterial?biomaterial_id=28621	Stage 13 (late gastrula)	KH2012:KH.S544.3 (DMRT1; DMRTA1; DMRTA2)	a line neural plate	a9.34
https://www.aniseed.fr/aniseed/experiment/show_insitu_by_biomaterial?biomaterial_id=28621	Stage 13 (late gastrula)	KH2012:KH.S544.3 (DMRT1; DMRTA1; DMRTA2)	a line neural plate	a9.34*
https://www.aniseed.fr/aniseed/experiment/show_insitu_by_biomaterial?biomaterial_id=28621	Stage 13 (late gastrula)	KH2012:KH.S544.3 (DMRT1; DMRTA1; DMRTA2)	a line neural plate	a9.38
https://www.aniseed.fr/aniseed/experiment/show_insitu_by_biomaterial?biomaterial_id=28621	Stage 13 (late gastrula)	KH2012:KH.S544.3 (DMRT1; DMRTA1; DMRTA2)	a line neural plate	a9.38*
https://www.aniseed.fr/aniseed/experiment/show_insitu_by_biomaterial?biomaterial_id=28621	Stage 13 (late gastrula)	KH2012:KH.S544.3 (DMRT1; DMRTA1; DMRTA2)	a line neural plate	a9.50
https://www.aniseed.fr/aniseed/experiment/show_insitu_by_biomaterial?biomaterial_id=28621	Stage 13 (late gastrula)	KH2012:KH.S544.3 (DMRT1; DMRTA1; DMRTA2)	a line neural plate	a9.50*
https://www.aniseed.fr/aniseed/experiment/show_insitu_by_biomaterial?biomaterial_id=28621	Stage 13 (late gastrula)	KH2012:KH.S544.3 (DMRT1; DMRTA1; DMRTA2)	a line neural plate	a9.36
https://www.aniseed.fr/aniseed/experiment/show_insitu_by_biomaterial?biomaterial_id=28621	Stage 13 (late gastrula)	KH2012:KH.S544.3 (DMRT1; DMRTA1; DMRTA2)	a line neural plate	a9.36*
https://www.aniseed.fr/aniseed/experiment/show_insitu_by_biomaterial?biomaterial_id=28621	Stage 13 (late gastrula)	KH2012:KH.S544.3 (DMRT1; DMRTA1; DMRTA2)	a line neural plate	a9.40
https://www.aniseed.fr/aniseed/experiment/show_insitu_by_biomaterial?biomaterial_id=28621	Stage 13 (late gastrula)	KH2012:KH.S544.3 (DMRT1; DMRTA1; DMRTA2)	a line neural plate	a9.40*
https://www.aniseed.fr/aniseed/experiment/show_insitu_by_biomaterial?biomaterial_id=28621	Stage 13 (late gastrula)	KH2012:KH.S544.3 (DMRT1; DMRTA1; DMRTA2)	a line neural plate	a9.52
https://www.aniseed.fr/aniseed/experiment/show_insitu_by_biomaterial?biomaterial_id=28621	Stage 13 (late gastrula)	KH2012:KH.S544.3 (DMRT1; DMRTA1; DMRTA2)	a line neural plate	a9.52*
https://www.aniseed.fr/aniseed/experiment/show_insitu_by_biomaterial?biomaterial_id=28621	Stage 13 (late gastrula)	KH2012:KH.S544.3 (DMRT1; DMRTA1; DMRTA2)	a line neural plate	a9.51
https://www.aniseed.fr/aniseed/experiment/show_insitu_by_biomaterial?biomaterial_id=28621	Stage 13 (late gastrula)	KH2012:KH.S544.3 (DMRT1; DMRTA1; DMRTA2)	a line neural plate	a9.51*
https://www.aniseed.fr/aniseed/experiment/show_insitu_by_biomaterial?biomaterial_id=15301	Stage 12 (mid gastrula)	KH2012:KH.S816.1 (ZIC2; ZIC3; ZIC4)	A9.15 cell pair	A9.15
https://www.aniseed.fr/aniseed/experiment/show_insitu_by_biomaterial?biomaterial_id=15301	Stage 12 (mid gastrula)	KH2012:KH.S816.1 (ZIC2; ZIC3; ZIC4)	A9.15 cell pair	A9.15*
https://www.aniseed.fr/aniseed/experiment/show_insitu_by_biomaterial?biomaterial_id=15301	Stage 12 (mid gastrula)	KH2012:KH.S816.1 (ZIC2; ZIC3; ZIC4)	A9.16 cell pair	A9.16
https://www.aniseed.fr/aniseed/experiment/show_insitu_by_biomaterial?biomaterial_id=15301	Stage 12 (mid gastrula)	KH2012:KH.S816.1 (ZIC2; ZIC3; ZIC4)	A9.16 cell pair	A9.16*
https://www.aniseed.fr/aniseed/experiment/show_insitu_by_biomaterial?biomaterial_id=15301	Stage 12 (mid gastrula)	KH2012:KH.S816.1 (ZIC2; ZIC3; ZIC4)	A9.29 cell pair	A9.29
https://www.aniseed.fr/aniseed/experiment/show_insitu_by_biomaterial?biomaterial_id=15301	Stage 12 (mid gastrula)	KH2012:KH.S816.1 (ZIC2; ZIC3; ZIC4)	A9.29 cell pair	A9.29*
https://www.aniseed.fr/aniseed/experiment/show_insitu_by_biomaterial?biomaterial_id=25387	Stage 12 (mid gastrula)	KH2012:KH.S816.1 (ZIC2; ZIC3; ZIC4)	A9.13 cell pair	A9.13
https://www.aniseed.fr/aniseed/experiment/show_insitu_by_biomaterial?biomaterial_id=25387	Stage 12 (mid gastrula)	KH2012:KH.S816.1 (ZIC2; ZIC3; ZIC4)	A9.13 cell pair	A9.13*
https://www.aniseed.fr/aniseed/experiment/show_insitu_by_biomaterial?biomaterial_id=25387	Stage 12 (mid gastrula)	KH2012:KH.S816.1 (ZIC2; ZIC3; ZIC4)	A9.15 cell pair	A9.15
https://www.aniseed.fr/aniseed/experiment/show_insitu_by_biomaterial?biomaterial_id=25387	Stage 12 (mid gastrula)	KH2012:KH.S816.1 (ZIC2; ZIC3; ZIC4)	A9.15 cell pair	A9.15*
https://www.aniseed.fr/aniseed/experiment/show_insitu_by_biomaterial?biomaterial_id=25387	Stage 12 (mid gastrula)	KH2012:KH.S816.1 (ZIC2; ZIC3; ZIC4)	A9.29 cell pair	A9.29
https://www.aniseed.fr/aniseed/experiment/show_insitu_by_biomaterial?biomaterial_id=25387	Stage 12 (mid gastrula)	KH2012:KH.S816.1 (ZIC2; ZIC3; ZIC4)	A9.29 cell pair	A9.29*
https://www.aniseed.fr/aniseed/experiment/show_insitu_by_biomaterial?biomaterial_id=25387	Stage 12 (mid gastrula)	KH2012:KH.S816.1 (ZIC2; ZIC3; ZIC4)	a9.33 cell pair	a9.33
https://www.aniseed.fr/aniseed/experiment/show_insitu_by_biomaterial?biomaterial_id=25387	Stage 12 (mid gastrula)	KH2012:KH.S816.1 (ZIC2; ZIC3; ZIC4)	a9.33 cell pair	a9.33*
https://www.aniseed.fr/aniseed/experiment/show_insitu_by_biomaterial?biomaterial_id=25387	Stage 12 (mid gastrula)	KH2012:KH.S816.1 (ZIC2; ZIC3; ZIC4)	a9.34 cell pair	a9.34
https://www.aniseed.fr/aniseed/experiment/show_insitu_by_biomaterial?biomaterial_id=25387	Stage 12 (mid gastrula)	KH2012:KH.S816.1 (ZIC2; ZIC3; ZIC4)	a9.34 cell pair	a9.34*
https://www.aniseed.fr/aniseed/experiment/show_insitu_by_biomaterial?biomaterial_id=25387	Stage 12 (mid gastrula)	KH2012:KH.S816.1 (ZIC2; ZIC3; ZIC4)	a9.37 cell pair	a9.37
https://www.aniseed.fr/aniseed/experiment/show_insitu_by_biomaterial?biomaterial_id=25387	Stage 12 (mid gastrula)	KH2012:KH.S816.1 (ZIC2; ZIC3; ZIC4)	a9.37 cell pair	a9.37*
https://www.aniseed.fr/aniseed/experiment/show_insitu_by_biomaterial?biomaterial_id=25387	Stage 12 (mid gastrula)	KH2012:KH.S816.1 (ZIC2; ZIC3; ZIC4)	a9.38 cell pair	a9.38
https://www.aniseed.fr/aniseed/experiment/show_insitu_by_biomaterial?biomaterial_id=25387	Stage 12 (mid gastrula)	KH2012:KH.S816.1 (ZIC2; ZIC3; ZIC4)	a9.38 cell pair	a9.38*
https://www.aniseed.fr/aniseed/experiment/show_insitu_by_biomaterial?biomaterial_id=25387	Stage 12 (mid gastrula)	KH2012:KH.S816.1 (ZIC2; ZIC3; ZIC4)	a9.49 cell pair	a9.49
https://www.aniseed.fr/aniseed/experiment/show_insitu_by_biomaterial?biomaterial_id=25387	Stage 12 (mid gastrula)	KH2012:KH.S816.1 (ZIC2; ZIC3; ZIC4)	a9.49 cell pair	a9.49*
https://www.aniseed.fr/aniseed/experiment/show_insitu_by_biomaterial?biomaterial_id=25387	Stage 12 (mid gastrula)	KH2012:KH.S816.1 (ZIC2; ZIC3; ZIC4)	a9.50 cell pair	a9.50
https://www.aniseed.fr/aniseed/experiment/show_insitu_by_biomaterial?biomaterial_id=25387	Stage 12 (mid gastrula)	KH2012:KH.S816.1 (ZIC2; ZIC3; ZIC4)	a9.50 cell pair	a9.50*
https://www.aniseed.fr/aniseed/experiment/show_insitu_by_biomaterial?biomaterial_id=26751	Stage 12 (mid gastrula)	KH2012:KH.S816.1 (ZIC2; ZIC3; ZIC4)	row III neural plate	a9.33
https://www.aniseed.fr/aniseed/experiment/show_insitu_by_biomaterial?biomaterial_id=26751	Stage 12 (mid gastrula)	KH2012:KH.S816.1 (ZIC2; ZIC3; ZIC4)	row III neural plate	a9.33*
https://www.aniseed.fr/aniseed/experiment/show_insitu_by_biomaterial?biomaterial_id=26751	Stage 12 (mid gastrula)	KH2012:KH.S816.1 (ZIC2; ZIC3; ZIC4)	row III neural plate	a9.37
https://www.aniseed.fr/aniseed/experiment/show_insitu_by_biomaterial?biomaterial_id=26751	Stage 12 (mid gastrula)	KH2012:KH.S816.1 (ZIC2; ZIC3; ZIC4)	row III neural plate	a9.37*
https://www.aniseed.fr/aniseed/experiment/show_insitu_by_biomaterial?biomaterial_id=26751	Stage 12 (mid gastrula)	KH2012:KH.S816.1 (ZIC2; ZIC3; ZIC4)	row III neural plate	a9.49
https://www.aniseed.fr/aniseed/experiment/show_insitu_by_biomaterial?biomaterial_id=26751	Stage 12 (mid gastrula)	KH2012:KH.S816.1 (ZIC2; ZIC3; ZIC4)	row III neural plate	a9.49*
https://www.aniseed.fr/aniseed/experiment/show_insitu_by_biomaterial?biomaterial_id=26751	Stage 12 (mid gastrula)	KH2012:KH.S816.1 (ZIC2; ZIC3; ZIC4)	row IV neural plate	a9.34
https://www.aniseed.fr/aniseed/experiment/show_insitu_by_biomaterial?biomaterial_id=26751	Stage 12 (mid gastrula)	KH2012:KH.S816.1 (ZIC2; ZIC3; ZIC4)	row IV neural plate	a9.34*
https://www.aniseed.fr/aniseed/experiment/show_insitu_by_biomaterial?biomaterial_id=26751	Stage 12 (mid gastrula)	KH2012:KH.S816.1 (ZIC2; ZIC3; ZIC4)	row IV neural plate	a9.38
https://www.aniseed.fr/aniseed/experiment/show_insitu_by_biomaterial?biomaterial_id=26751	Stage 12 (mid gastrula)	KH2012:KH.S816.1 (ZIC2; ZIC3; ZIC4)	row IV neural plate	a9.38*
https://www.aniseed.fr/aniseed/experiment/show_insitu_by_biomaterial?biomaterial_id=26751	Stage 12 (mid gastrula)	KH2012:KH.S816.1 (ZIC2; ZIC3; ZIC4)	row IV neural plate	a9.50
https://www.aniseed.fr/aniseed/experiment/show_insitu_by_biomaterial?biomaterial_id=26751	Stage 12 (mid gastrula)	KH2012:KH.S816.1 (ZIC2; ZIC3; ZIC4)	row IV neural plate	a9.50*
https://www.aniseed.fr/aniseed/experiment/show_insitu_by_biomaterial?biomaterial_id=28514	Stage 12 (mid gastrula)	KH2012:KH.S816.1 (ZIC2; ZIC3; ZIC4)	row I neural plate	A9.13
https://www.aniseed.fr/aniseed/experiment/show_insitu_by_biomaterial?biomaterial_id=28514	Stage 12 (mid gastrula)	KH2012:KH.S816.1 (ZIC2; ZIC3; ZIC4)	row I neural plate	A9.13*
https://www.aniseed.fr/aniseed/experiment/show_insitu_by_biomaterial?biomaterial_id=28514	Stage 12 (mid gastrula)	KH2012:KH.S816.1 (ZIC2; ZIC3; ZIC4)	row I neural plate	A9.15
https://www.aniseed.fr/aniseed/experiment/show_insitu_by_biomaterial?biomaterial_id=28514	Stage 12 (mid gastrula)	KH2012:KH.S816.1 (ZIC2; ZIC3; ZIC4)	row I neural plate	A9.15*
https://www.aniseed.fr/aniseed/experiment/show_insitu_by_biomaterial?biomaterial_id=28514	Stage 12 (mid gastrula)	KH2012:KH.S816.1 (ZIC2; ZIC3; ZIC4)	row I neural plate	A9.29
https://www.aniseed.fr/aniseed/experiment/show_insitu_by_biomaterial?biomaterial_id=28514	Stage 12 (mid gastrula)	KH2012:KH.S816.1 (ZIC2; ZIC3; ZIC4)	row I neural plate	A9.29*
https://www.aniseed.fr/aniseed/experiment/show_insitu_by_biomaterial?biomaterial_id=28514	Stage 12 (mid gastrula)	KH2012:KH.S816.1 (ZIC2; ZIC3; ZIC4)	row II neural plate	A9.14
https://www.aniseed.fr/aniseed/experiment/show_insitu_by_biomaterial?biomaterial_id=28514	Stage 12 (mid gastrula)	KH2012:KH.S816.1 (ZIC2; ZIC3; ZIC4)	row II neural plate	A9.14*
https://www.aniseed.fr/aniseed/experiment/show_insitu_by_biomaterial?biomaterial_id=28514	Stage 12 (mid gastrula)	KH2012:KH.S816.1 (ZIC2; ZIC3; ZIC4)	row II neural plate	A9.16
https://www.aniseed.fr/aniseed/experiment/show_insitu_by_biomaterial?biomaterial_id=28514	Stage 12 (mid gastrula)	KH2012:KH.S816.1 (ZIC2; ZIC3; ZIC4)	row II neural plate	A9.16*
https://www.aniseed.fr/aniseed/experiment/show_insitu_by_biomaterial?biomaterial_id=28514	Stage 12 (mid gastrula)	KH2012:KH.S816.1 (ZIC2; ZIC3; ZIC4)	row II neural plate	A9.30
https://www.aniseed.fr/aniseed/experiment/show_insitu_by_biomaterial?biomaterial_id=28514	Stage 12 (mid gastrula)	KH2012:KH.S816.1 (ZIC2; ZIC3; ZIC4)	row II neural plate	A9.30*
https://www.aniseed.fr/aniseed/experiment/show_insitu_by_biomaterial?biomaterial_id=28514	Stage 12 (mid gastrula)	KH2012:KH.S816.1 (ZIC2; ZIC3; ZIC4)	row II neural plate	A9.32
https://www.aniseed.fr/aniseed/experiment/show_insitu_by_biomaterial?biomaterial_id=28514	Stage 12 (mid gastrula)	KH2012:KH.S816.1 (ZIC2; ZIC3; ZIC4)	row II neural plate	A9.32*
https://www.aniseed.fr/aniseed/experiment/show_insitu_by_biomaterial?biomaterial_id=28514	Stage 12 (mid gastrula)	KH2012:KH.S816.1 (ZIC2; ZIC3; ZIC4)	row III neural plate	a9.33
https://www.aniseed.fr/aniseed/experiment/show_insitu_by_biomaterial?biomaterial_id=28514	Stage 12 (mid gastrula)	KH2012:KH.S816.1 (ZIC2; ZIC3; ZIC4)	row III neural plate	a9.33*
https://www.aniseed.fr/aniseed/experiment/show_insitu_by_biomaterial?biomaterial_id=28514	Stage 12 (mid gastrula)	KH2012:KH.S816.1 (ZIC2; ZIC3; ZIC4)	row III neural plate	a9.37
https://www.aniseed.fr/aniseed/experiment/show_insitu_by_biomaterial?biomaterial_id=28514	Stage 12 (mid gastrula)	KH2012:KH.S816.1 (ZIC2; ZIC3; ZIC4)	row III neural plate	a9.37*
https://www.aniseed.fr/aniseed/experiment/show_insitu_by_biomaterial?biomaterial_id=28514	Stage 12 (mid gastrula)	KH2012:KH.S816.1 (ZIC2; ZIC3; ZIC4)	row III neural plate	a9.49
https://www.aniseed.fr/aniseed/experiment/show_insitu_by_biomaterial?biomaterial_id=28514	Stage 12 (mid gastrula)	KH2012:KH.S816.1 (ZIC2; ZIC3; ZIC4)	row III neural plate	a9.49*
https://www.aniseed.fr/aniseed/experiment/show_insitu_by_biomaterial?biomaterial_id=28514	Stage 12 (mid gastrula)	KH2012:KH.S816.1 (ZIC2; ZIC3; ZIC4)	row IV neural plate	a9.34
https://www.aniseed.fr/aniseed/experiment/show_insitu_by_biomaterial?biomaterial_id=28514	Stage 12 (mid gastrula)	KH2012:KH.S816.1 (ZIC2; ZIC3; ZIC4)	row IV neural plate	a9.34*
https://www.aniseed.fr/aniseed/experiment/show_insitu_by_biomaterial?biomaterial_id=28514	Stage 12 (mid gastrula)	KH2012:KH.S816.1 (ZIC2; ZIC3; ZIC4)	row IV neural plate	a9.38
https://www.aniseed.fr/aniseed/experiment/show_insitu_by_biomaterial?biomaterial_id=28514	Stage 12 (mid gastrula)	KH2012:KH.S816.1 (ZIC2; ZIC3; ZIC4)	row IV neural plate	a9.38*
https://www.aniseed.fr/aniseed/experiment/show_insitu_by_biomaterial?biomaterial_id=28514	Stage 12 (mid gastrula)	KH2012:KH.S816.1 (ZIC2; ZIC3; ZIC4)	row IV neural plate	a9.50
https://www.aniseed.fr/aniseed/experiment/show_insitu_by_biomaterial?biomaterial_id=28514	Stage 12 (mid gastrula)	KH2012:KH.S816.1 (ZIC2; ZIC3; ZIC4)	row IV neural plate	a9.50*
https://www.aniseed.fr/aniseed/experiment/show_insitu_by_biomaterial?biomaterial_id=28533	Stage 12 (mid gastrula)	KH2012:KH.S816.1 (ZIC2; ZIC3; ZIC4)	row I neural plate	A9.13
https://www.aniseed.fr/aniseed/experiment/show_insitu_by_biomaterial?biomaterial_id=28533	Stage 12 (mid gastrula)	KH2012:KH.S816.1 (ZIC2; ZIC3; ZIC4)	row I neural plate	A9.13*
https://www.aniseed.fr/aniseed/experiment/show_insitu_by_biomaterial?biomaterial_id=28533	Stage 12 (mid gastrula)	KH2012:KH.S816.1 (ZIC2; ZIC3; ZIC4)	row I neural plate	A9.15
https://www.aniseed.fr/aniseed/experiment/show_insitu_by_biomaterial?biomaterial_id=28533	Stage 12 (mid gastrula)	KH2012:KH.S816.1 (ZIC2; ZIC3; ZIC4)	row I neural plate	A9.15*
https://www.aniseed.fr/aniseed/experiment/show_insitu_by_biomaterial?biomaterial_id=28533	Stage 12 (mid gastrula)	KH2012:KH.S816.1 (ZIC2; ZIC3; ZIC4)	row I neural plate	A9.29
https://www.aniseed.fr/aniseed/experiment/show_insitu_by_biomaterial?biomaterial_id=28533	Stage 12 (mid gastrula)	KH2012:KH.S816.1 (ZIC2; ZIC3; ZIC4)	row I neural plate	A9.29*
https://www.aniseed.fr/aniseed/experiment/show_insitu_by_biomaterial?biomaterial_id=28533	Stage 12 (mid gastrula)	KH2012:KH.S816.1 (ZIC2; ZIC3; ZIC4)	row II neural plate	A9.14
https://www.aniseed.fr/aniseed/experiment/show_insitu_by_biomaterial?biomaterial_id=28533	Stage 12 (mid gastrula)	KH2012:KH.S816.1 (ZIC2; ZIC3; ZIC4)	row II neural plate	A9.14*
https://www.aniseed.fr/aniseed/experiment/show_insitu_by_biomaterial?biomaterial_id=28533	Stage 12 (mid gastrula)	KH2012:KH.S816.1 (ZIC2; ZIC3; ZIC4)	row II neural plate	A9.16
https://www.aniseed.fr/aniseed/experiment/show_insitu_by_biomaterial?biomaterial_id=28533	Stage 12 (mid gastrula)	KH2012:KH.S816.1 (ZIC2; ZIC3; ZIC4)	row II neural plate	A9.16*
https://www.aniseed.fr/aniseed/experiment/show_insitu_by_biomaterial?biomaterial_id=28533	Stage 12 (mid gastrula)	KH2012:KH.S816.1 (ZIC2; ZIC3; ZIC4)	row II neural plate	A9.30
https://www.aniseed.fr/aniseed/experiment/show_insitu_by_biomaterial?biomaterial_id=28533	Stage 12 (mid gastrula)	KH2012:KH.S816.1 (ZIC2; ZIC3; ZIC4)	row II neural plate	A9.30*
https://www.aniseed.fr/aniseed/experiment/show_insitu_by_biomaterial?biomaterial_id=28533	Stage 12 (mid gastrula)	KH2012:KH.S816.1 (ZIC2; ZIC3; ZIC4)	row II neural plate	A9.32
https://www.aniseed.fr/aniseed/experiment/show_insitu_by_biomaterial?biomaterial_id=28533	Stage 12 (mid gastrula)	KH2012:KH.S816.1 (ZIC2; ZIC3; ZIC4)	row II neural plate	A9.32*
https://www.aniseed.fr/aniseed/experiment/show_insitu_by_biomaterial?biomaterial_id=28533	Stage 12 (mid gastrula)	KH2012:KH.S816.1 (ZIC2; ZIC3; ZIC4)	row III neural plate	a9.33
https://www.aniseed.fr/aniseed/experiment/show_insitu_by_biomaterial?biomaterial_id=28533	Stage 12 (mid gastrula)	KH2012:KH.S816.1 (ZIC2; ZIC3; ZIC4)	row III neural plate	a9.33*
https://www.aniseed.fr/aniseed/experiment/show_insitu_by_biomaterial?biomaterial_id=28533	Stage 12 (mid gastrula)	KH2012:KH.S816.1 (ZIC2; ZIC3; ZIC4)	row III neural plate	a9.37
https://www.aniseed.fr/aniseed/experiment/show_insitu_by_biomaterial?biomaterial_id=28533	Stage 12 (mid gastrula)	KH2012:KH.S816.1 (ZIC2; ZIC3; ZIC4)	row III neural plate	a9.37*
https://www.aniseed.fr/aniseed/experiment/show_insitu_by_biomaterial?biomaterial_id=28533	Stage 12 (mid gastrula)	KH2012:KH.S816.1 (ZIC2; ZIC3; ZIC4)	row III neural plate	a9.49
https://www.aniseed.fr/aniseed/experiment/show_insitu_by_biomaterial?biomaterial_id=28533	Stage 12 (mid gastrula)	KH2012:KH.S816.1 (ZIC2; ZIC3; ZIC4)	row III neural plate	a9.49*
https://www.aniseed.fr/aniseed/experiment/show_insitu_by_biomaterial?biomaterial_id=28533	Stage 12 (mid gastrula)	KH2012:KH.S816.1 (ZIC2; ZIC3; ZIC4)	row IV neural plate	a9.34
https://www.aniseed.fr/aniseed/experiment/show_insitu_by_biomaterial?biomaterial_id=28533	Stage 12 (mid gastrula)	KH2012:KH.S816.1 (ZIC2; ZIC3; ZIC4)	row IV neural plate	a9.34*
https://www.aniseed.fr/aniseed/experiment/show_insitu_by_biomaterial?biomaterial_id=28533	Stage 12 (mid gastrula)	KH2012:KH.S816.1 (ZIC2; ZIC3; ZIC4)	row IV neural plate	a9.38
https://www.aniseed.fr/aniseed/experiment/show_insitu_by_biomaterial?biomaterial_id=28533	Stage 12 (mid gastrula)	KH2012:KH.S816.1 (ZIC2; ZIC3; ZIC4)	row IV neural plate	a9.38*
https://www.aniseed.fr/aniseed/experiment/show_insitu_by_biomaterial?biomaterial_id=28533	Stage 12 (mid gastrula)	KH2012:KH.S816.1 (ZIC2; ZIC3; ZIC4)	row IV neural plate	a9.50
https://www.aniseed.fr/aniseed/experiment/show_insitu_by_biomaterial?biomaterial_id=28533	Stage 12 (mid gastrula)	KH2012:KH.S816.1 (ZIC2; ZIC3; ZIC4)	row IV neural plate	a9.50*
https://www.aniseed.fr/aniseed/experiment/show_insitu_by_biomaterial?biomaterial_id=28535	Stage 12 (mid gastrula)	KH2012:KH.S816.1 (ZIC2; ZIC3; ZIC4)	row I neural plate	A9.13
https://www.aniseed.fr/aniseed/experiment/show_insitu_by_biomaterial?biomaterial_id=28535	Stage 12 (mid gastrula)	KH2012:KH.S816.1 (ZIC2; ZIC3; ZIC4)	row I neural plate	A9.13*
https://www.aniseed.fr/aniseed/experiment/show_insitu_by_biomaterial?biomaterial_id=28535	Stage 12 (mid gastrula)	KH2012:KH.S816.1 (ZIC2; ZIC3; ZIC4)	row I neural plate	A9.15
https://www.aniseed.fr/aniseed/experiment/show_insitu_by_biomaterial?biomaterial_id=28535	Stage 12 (mid gastrula)	KH2012:KH.S816.1 (ZIC2; ZIC3; ZIC4)	row I neural plate	A9.15*
https://www.aniseed.fr/aniseed/experiment/show_insitu_by_biomaterial?biomaterial_id=28535	Stage 12 (mid gastrula)	KH2012:KH.S816.1 (ZIC2; ZIC3; ZIC4)	row I neural plate	A9.29
https://www.aniseed.fr/aniseed/experiment/show_insitu_by_biomaterial?biomaterial_id=28535	Stage 12 (mid gastrula)	KH2012:KH.S816.1 (ZIC2; ZIC3; ZIC4)	row I neural plate	A9.29*
https://www.aniseed.fr/aniseed/experiment/show_insitu_by_biomaterial?biomaterial_id=28535	Stage 12 (mid gastrula)	KH2012:KH.S816.1 (ZIC2; ZIC3; ZIC4)	row II neural plate	A9.14
https://www.aniseed.fr/aniseed/experiment/show_insitu_by_biomaterial?biomaterial_id=28535	Stage 12 (mid gastrula)	KH2012:KH.S816.1 (ZIC2; ZIC3; ZIC4)	row II neural plate	A9.14*
https://www.aniseed.fr/aniseed/experiment/show_insitu_by_biomaterial?biomaterial_id=28535	Stage 12 (mid gastrula)	KH2012:KH.S816.1 (ZIC2; ZIC3; ZIC4)	row II neural plate	A9.16
https://www.aniseed.fr/aniseed/experiment/show_insitu_by_biomaterial?biomaterial_id=28535	Stage 12 (mid gastrula)	KH2012:KH.S816.1 (ZIC2; ZIC3; ZIC4)	row II neural plate	A9.16*
https://www.aniseed.fr/aniseed/experiment/show_insitu_by_biomaterial?biomaterial_id=28535	Stage 12 (mid gastrula)	KH2012:KH.S816.1 (ZIC2; ZIC3; ZIC4)	row II neural plate	A9.30
https://www.aniseed.fr/aniseed/experiment/show_insitu_by_biomaterial?biomaterial_id=28535	Stage 12 (mid gastrula)	KH2012:KH.S816.1 (ZIC2; ZIC3; ZIC4)	row II neural plate	A9.30*
https://www.aniseed.fr/aniseed/experiment/show_insitu_by_biomaterial?biomaterial_id=28535	Stage 12 (mid gastrula)	KH2012:KH.S816.1 (ZIC2; ZIC3; ZIC4)	row II neural plate	A9.32
https://www.aniseed.fr/aniseed/experiment/show_insitu_by_biomaterial?biomaterial_id=28535	Stage 12 (mid gastrula)	KH2012:KH.S816.1 (ZIC2; ZIC3; ZIC4)	row II neural plate	A9.32*
https://www.aniseed.fr/aniseed/experiment/show_insitu_by_biomaterial?biomaterial_id=28535	Stage 12 (mid gastrula)	KH2012:KH.S816.1 (ZIC2; ZIC3; ZIC4)	row III neural plate	a9.33
https://www.aniseed.fr/aniseed/experiment/show_insitu_by_biomaterial?biomaterial_id=28535	Stage 12 (mid gastrula)	KH2012:KH.S816.1 (ZIC2; ZIC3; ZIC4)	row III neural plate	a9.33*
https://www.aniseed.fr/aniseed/experiment/show_insitu_by_biomaterial?biomaterial_id=28535	Stage 12 (mid gastrula)	KH2012:KH.S816.1 (ZIC2; ZIC3; ZIC4)	row III neural plate	a9.37
https://www.aniseed.fr/aniseed/experiment/show_insitu_by_biomaterial?biomaterial_id=28535	Stage 12 (mid gastrula)	KH2012:KH.S816.1 (ZIC2; ZIC3; ZIC4)	row III neural plate	a9.37*
https://www.aniseed.fr/aniseed/experiment/show_insitu_by_biomaterial?biomaterial_id=28535	Stage 12 (mid gastrula)	KH2012:KH.S816.1 (ZIC2; ZIC3; ZIC4)	row III neural plate	a9.49
https://www.aniseed.fr/aniseed/experiment/show_insitu_by_biomaterial?biomaterial_id=28535	Stage 12 (mid gastrula)	KH2012:KH.S816.1 (ZIC2; ZIC3; ZIC4)	row III neural plate	a9.49*
https://www.aniseed.fr/aniseed/experiment/show_insitu_by_biomaterial?biomaterial_id=28535	Stage 12 (mid gastrula)	KH2012:KH.S816.1 (ZIC2; ZIC3; ZIC4)	row IV neural plate	a9.34
https://www.aniseed.fr/aniseed/experiment/show_insitu_by_biomaterial?biomaterial_id=28535	Stage 12 (mid gastrula)	KH2012:KH.S816.1 (ZIC2; ZIC3; ZIC4)	row IV neural plate	a9.34*
https://www.aniseed.fr/aniseed/experiment/show_insitu_by_biomaterial?biomaterial_id=28535	Stage 12 (mid gastrula)	KH2012:KH.S816.1 (ZIC2; ZIC3; ZIC4)	row IV neural plate	a9.38
https://www.aniseed.fr/aniseed/experiment/show_insitu_by_biomaterial?biomaterial_id=28535	Stage 12 (mid gastrula)	KH2012:KH.S816.1 (ZIC2; ZIC3; ZIC4)	row IV neural plate	a9.38*
https://www.aniseed.fr/aniseed/experiment/show_insitu_by_biomaterial?biomaterial_id=28535	Stage 12 (mid gastrula)	KH2012:KH.S816.1 (ZIC2; ZIC3; ZIC4)	row IV neural plate	a9.50
https://www.aniseed.fr/aniseed/experiment/show_insitu_by_biomaterial?biomaterial_id=28535	Stage 12 (mid gastrula)	KH2012:KH.S816.1 (ZIC2; ZIC3; ZIC4)	row IV neural plate	a9.50*
https://www.aniseed.fr/aniseed/experiment/show_insitu_by_biomaterial?biomaterial_id=28543	Stage 12 (mid gastrula)	KH2012:KH.S816.1 (ZIC2; ZIC3; ZIC4)	row I neural plate	A9.13
https://www.aniseed.fr/aniseed/experiment/show_insitu_by_biomaterial?biomaterial_id=28543	Stage 12 (mid gastrula)	KH2012:KH.S816.1 (ZIC2; ZIC3; ZIC4)	row I neural plate	A9.13*
https://www.aniseed.fr/aniseed/experiment/show_insitu_by_biomaterial?biomaterial_id=28543	Stage 12 (mid gastrula)	KH2012:KH.S816.1 (ZIC2; ZIC3; ZIC4)	row I neural plate	A9.15
https://www.aniseed.fr/aniseed/experiment/show_insitu_by_biomaterial?biomaterial_id=28543	Stage 12 (mid gastrula)	KH2012:KH.S816.1 (ZIC2; ZIC3; ZIC4)	row I neural plate	A9.15*
https://www.aniseed.fr/aniseed/experiment/show_insitu_by_biomaterial?biomaterial_id=28543	Stage 12 (mid gastrula)	KH2012:KH.S816.1 (ZIC2; ZIC3; ZIC4)	row I neural plate	A9.29
https://www.aniseed.fr/aniseed/experiment/show_insitu_by_biomaterial?biomaterial_id=28543	Stage 12 (mid gastrula)	KH2012:KH.S816.1 (ZIC2; ZIC3; ZIC4)	row I neural plate	A9.29*
https://www.aniseed.fr/aniseed/experiment/show_insitu_by_biomaterial?biomaterial_id=28543	Stage 12 (mid gastrula)	KH2012:KH.S816.1 (ZIC2; ZIC3; ZIC4)	row II neural plate	A9.14
https://www.aniseed.fr/aniseed/experiment/show_insitu_by_biomaterial?biomaterial_id=28543	Stage 12 (mid gastrula)	KH2012:KH.S816.1 (ZIC2; ZIC3; ZIC4)	row II neural plate	A9.14*
https://www.aniseed.fr/aniseed/experiment/show_insitu_by_biomaterial?biomaterial_id=28543	Stage 12 (mid gastrula)	KH2012:KH.S816.1 (ZIC2; ZIC3; ZIC4)	row II neural plate	A9.16
https://www.aniseed.fr/aniseed/experiment/show_insitu_by_biomaterial?biomaterial_id=28543	Stage 12 (mid gastrula)	KH2012:KH.S816.1 (ZIC2; ZIC3; ZIC4)	row II neural plate	A9.16*
https://www.aniseed.fr/aniseed/experiment/show_insitu_by_biomaterial?biomaterial_id=28543	Stage 12 (mid gastrula)	KH2012:KH.S816.1 (ZIC2; ZIC3; ZIC4)	row II neural plate	A9.30
https://www.aniseed.fr/aniseed/experiment/show_insitu_by_biomaterial?biomaterial_id=28543	Stage 12 (mid gastrula)	KH2012:KH.S816.1 (ZIC2; ZIC3; ZIC4)	row II neural plate	A9.30*
https://www.aniseed.fr/aniseed/experiment/show_insitu_by_biomaterial?biomaterial_id=28543	Stage 12 (mid gastrula)	KH2012:KH.S816.1 (ZIC2; ZIC3; ZIC4)	row II neural plate	A9.32
https://www.aniseed.fr/aniseed/experiment/show_insitu_by_biomaterial?biomaterial_id=28543	Stage 12 (mid gastrula)	KH2012:KH.S816.1 (ZIC2; ZIC3; ZIC4)	row II neural plate	A9.32*
https://www.aniseed.fr/aniseed/experiment/show_insitu_by_biomaterial?biomaterial_id=28543	Stage 12 (mid gastrula)	KH2012:KH.S816.1 (ZIC2; ZIC3; ZIC4)	row III neural plate	a9.33
https://www.aniseed.fr/aniseed/experiment/show_insitu_by_biomaterial?biomaterial_id=28543	Stage 12 (mid gastrula)	KH2012:KH.S816.1 (ZIC2; ZIC3; ZIC4)	row III neural plate	a9.33*
https://www.aniseed.fr/aniseed/experiment/show_insitu_by_biomaterial?biomaterial_id=28543	Stage 12 (mid gastrula)	KH2012:KH.S816.1 (ZIC2; ZIC3; ZIC4)	row III neural plate	a9.37
https://www.aniseed.fr/aniseed/experiment/show_insitu_by_biomaterial?biomaterial_id=28543	Stage 12 (mid gastrula)	KH2012:KH.S816.1 (ZIC2; ZIC3; ZIC4)	row III neural plate	a9.37*
https://www.aniseed.fr/aniseed/experiment/show_insitu_by_biomaterial?biomaterial_id=28543	Stage 12 (mid gastrula)	KH2012:KH.S816.1 (ZIC2; ZIC3; ZIC4)	row III neural plate	a9.49
https://www.aniseed.fr/aniseed/experiment/show_insitu_by_biomaterial?biomaterial_id=28543	Stage 12 (mid gastrula)	KH2012:KH.S816.1 (ZIC2; ZIC3; ZIC4)	row III neural plate	a9.49*
https://www.aniseed.fr/aniseed/experiment/show_insitu_by_biomaterial?biomaterial_id=28543	Stage 12 (mid gastrula)	KH2012:KH.S816.1 (ZIC2; ZIC3; ZIC4)	row IV neural plate	a9.34
https://www.aniseed.fr/aniseed/experiment/show_insitu_by_biomaterial?biomaterial_id=28543	Stage 12 (mid gastrula)	KH2012:KH.S816.1 (ZIC2; ZIC3; ZIC4)	row IV neural plate	a9.34*
https://www.aniseed.fr/aniseed/experiment/show_insitu_by_biomaterial?biomaterial_id=28543	Stage 12 (mid gastrula)	KH2012:KH.S816.1 (ZIC2; ZIC3; ZIC4)	row IV neural plate	a9.38
https://www.aniseed.fr/aniseed/experiment/show_insitu_by_biomaterial?biomaterial_id=28543	Stage 12 (mid gastrula)	KH2012:KH.S816.1 (ZIC2; ZIC3; ZIC4)	row IV neural plate	a9.38*
https://www.aniseed.fr/aniseed/experiment/show_insitu_by_biomaterial?biomaterial_id=28543	Stage 12 (mid gastrula)	KH2012:KH.S816.1 (ZIC2; ZIC3; ZIC4)	row IV neural plate	a9.50
https://www.aniseed.fr/aniseed/experiment/show_insitu_by_biomaterial?biomaterial_id=28543	Stage 12 (mid gastrula)	KH2012:KH.S816.1 (ZIC2; ZIC3; ZIC4)	row IV neural plate	a9.50*
https://www.aniseed.fr/aniseed/experiment/show_insitu_by_biomaterial?biomaterial_id=28558	Stage 12 (mid gastrula)	KH2012:KH.S816.1 (ZIC2; ZIC3; ZIC4)	row I neural plate	A9.13
https://www.aniseed.fr/aniseed/experiment/show_insitu_by_biomaterial?biomaterial_id=28558	Stage 12 (mid gastrula)	KH2012:KH.S816.1 (ZIC2; ZIC3; ZIC4)	row I neural plate	A9.13*
https://www.aniseed.fr/aniseed/experiment/show_insitu_by_biomaterial?biomaterial_id=28558	Stage 12 (mid gastrula)	KH2012:KH.S816.1 (ZIC2; ZIC3; ZIC4)	row I neural plate	A9.15
https://www.aniseed.fr/aniseed/experiment/show_insitu_by_biomaterial?biomaterial_id=28558	Stage 12 (mid gastrula)	KH2012:KH.S816.1 (ZIC2; ZIC3; ZIC4)	row I neural plate	A9.15*
https://www.aniseed.fr/aniseed/experiment/show_insitu_by_biomaterial?biomaterial_id=28558	Stage 12 (mid gastrula)	KH2012:KH.S816.1 (ZIC2; ZIC3; ZIC4)	row I neural plate	A9.29
https://www.aniseed.fr/aniseed/experiment/show_insitu_by_biomaterial?biomaterial_id=28558	Stage 12 (mid gastrula)	KH2012:KH.S816.1 (ZIC2; ZIC3; ZIC4)	row I neural plate	A9.29*
https://www.aniseed.fr/aniseed/experiment/show_insitu_by_biomaterial?biomaterial_id=28558	Stage 12 (mid gastrula)	KH2012:KH.S816.1 (ZIC2; ZIC3; ZIC4)	row II neural plate	A9.14
https://www.aniseed.fr/aniseed/experiment/show_insitu_by_biomaterial?biomaterial_id=28558	Stage 12 (mid gastrula)	KH2012:KH.S816.1 (ZIC2; ZIC3; ZIC4)	row II neural plate	A9.14*
https://www.aniseed.fr/aniseed/experiment/show_insitu_by_biomaterial?biomaterial_id=28558	Stage 12 (mid gastrula)	KH2012:KH.S816.1 (ZIC2; ZIC3; ZIC4)	row II neural plate	A9.16
https://www.aniseed.fr/aniseed/experiment/show_insitu_by_biomaterial?biomaterial_id=28558	Stage 12 (mid gastrula)	KH2012:KH.S816.1 (ZIC2; ZIC3; ZIC4)	row II neural plate	A9.16*
https://www.aniseed.fr/aniseed/experiment/show_insitu_by_biomaterial?biomaterial_id=28558	Stage 12 (mid gastrula)	KH2012:KH.S816.1 (ZIC2; ZIC3; ZIC4)	row II neural plate	A9.30
https://www.aniseed.fr/aniseed/experiment/show_insitu_by_biomaterial?biomaterial_id=28558	Stage 12 (mid gastrula)	KH2012:KH.S816.1 (ZIC2; ZIC3; ZIC4)	row II neural plate	A9.30*
https://www.aniseed.fr/aniseed/experiment/show_insitu_by_biomaterial?biomaterial_id=28558	Stage 12 (mid gastrula)	KH2012:KH.S816.1 (ZIC2; ZIC3; ZIC4)	row II neural plate	A9.32
https://www.aniseed.fr/aniseed/experiment/show_insitu_by_biomaterial?biomaterial_id=28558	Stage 12 (mid gastrula)	KH2012:KH.S816.1 (ZIC2; ZIC3; ZIC4)	row II neural plate	A9.32*
https://www.aniseed.fr/aniseed/experiment/show_insitu_by_biomaterial?biomaterial_id=28558	Stage 12 (mid gastrula)	KH2012:KH.S816.1 (ZIC2; ZIC3; ZIC4)	row III neural plate	a9.33
https://www.aniseed.fr/aniseed/experiment/show_insitu_by_biomaterial?biomaterial_id=28558	Stage 12 (mid gastrula)	KH2012:KH.S816.1 (ZIC2; ZIC3; ZIC4)	row III neural plate	a9.33*
https://www.aniseed.fr/aniseed/experiment/show_insitu_by_biomaterial?biomaterial_id=28558	Stage 12 (mid gastrula)	KH2012:KH.S816.1 (ZIC2; ZIC3; ZIC4)	row III neural plate	a9.37
https://www.aniseed.fr/aniseed/experiment/show_insitu_by_biomaterial?biomaterial_id=28558	Stage 12 (mid gastrula)	KH2012:KH.S816.1 (ZIC2; ZIC3; ZIC4)	row III neural plate	a9.37*
https://www.aniseed.fr/aniseed/experiment/show_insitu_by_biomaterial?biomaterial_id=28558	Stage 12 (mid gastrula)	KH2012:KH.S816.1 (ZIC2; ZIC3; ZIC4)	row III neural plate	a9.49
https://www.aniseed.fr/aniseed/experiment/show_insitu_by_biomaterial?biomaterial_id=28558	Stage 12 (mid gastrula)	KH2012:KH.S816.1 (ZIC2; ZIC3; ZIC4)	row III neural plate	a9.49*
https://www.aniseed.fr/aniseed/experiment/show_insitu_by_biomaterial?biomaterial_id=28558	Stage 12 (mid gastrula)	KH2012:KH.S816.1 (ZIC2; ZIC3; ZIC4)	row IV neural plate	a9.34
https://www.aniseed.fr/aniseed/experiment/show_insitu_by_biomaterial?biomaterial_id=28558	Stage 12 (mid gastrula)	KH2012:KH.S816.1 (ZIC2; ZIC3; ZIC4)	row IV neural plate	a9.34*
https://www.aniseed.fr/aniseed/experiment/show_insitu_by_biomaterial?biomaterial_id=28558	Stage 12 (mid gastrula)	KH2012:KH.S816.1 (ZIC2; ZIC3; ZIC4)	row IV neural plate	a9.38
https://www.aniseed.fr/aniseed/experiment/show_insitu_by_biomaterial?biomaterial_id=28558	Stage 12 (mid gastrula)	KH2012:KH.S816.1 (ZIC2; ZIC3; ZIC4)	row IV neural plate	a9.38*
https://www.aniseed.fr/aniseed/experiment/show_insitu_by_biomaterial?biomaterial_id=28558	Stage 12 (mid gastrula)	KH2012:KH.S816.1 (ZIC2; ZIC3; ZIC4)	row IV neural plate	a9.50
https://www.aniseed.fr/aniseed/experiment/show_insitu_by_biomaterial?biomaterial_id=28558	Stage 12 (mid gastrula)	KH2012:KH.S816.1 (ZIC2; ZIC3; ZIC4)	row IV neural plate	a9.50*
https://www.aniseed.fr/aniseed/experiment/show_insitu_by_biomaterial?biomaterial_id=28612	Stage 12 (mid gastrula)	KH2012:KH.S816.1 (ZIC2; ZIC3; ZIC4)	row I neural plate	A9.13
https://www.aniseed.fr/aniseed/experiment/show_insitu_by_biomaterial?biomaterial_id=28612	Stage 12 (mid gastrula)	KH2012:KH.S816.1 (ZIC2; ZIC3; ZIC4)	row I neural plate	A9.13*
https://www.aniseed.fr/aniseed/experiment/show_insitu_by_biomaterial?biomaterial_id=28612	Stage 12 (mid gastrula)	KH2012:KH.S816.1 (ZIC2; ZIC3; ZIC4)	row I neural plate	A9.15
https://www.aniseed.fr/aniseed/experiment/show_insitu_by_biomaterial?biomaterial_id=28612	Stage 12 (mid gastrula)	KH2012:KH.S816.1 (ZIC2; ZIC3; ZIC4)	row I neural plate	A9.15*
https://www.aniseed.fr/aniseed/experiment/show_insitu_by_biomaterial?biomaterial_id=28612	Stage 12 (mid gastrula)	KH2012:KH.S816.1 (ZIC2; ZIC3; ZIC4)	row I neural plate	A9.29
https://www.aniseed.fr/aniseed/experiment/show_insitu_by_biomaterial?biomaterial_id=28612	Stage 12 (mid gastrula)	KH2012:KH.S816.1 (ZIC2; ZIC3; ZIC4)	row I neural plate	A9.29*
https://www.aniseed.fr/aniseed/experiment/show_insitu_by_biomaterial?biomaterial_id=28612	Stage 12 (mid gastrula)	KH2012:KH.S816.1 (ZIC2; ZIC3; ZIC4)	row II neural plate	A9.14
https://www.aniseed.fr/aniseed/experiment/show_insitu_by_biomaterial?biomaterial_id=28612	Stage 12 (mid gastrula)	KH2012:KH.S816.1 (ZIC2; ZIC3; ZIC4)	row II neural plate	A9.14*
https://www.aniseed.fr/aniseed/experiment/show_insitu_by_biomaterial?biomaterial_id=28612	Stage 12 (mid gastrula)	KH2012:KH.S816.1 (ZIC2; ZIC3; ZIC4)	row II neural plate	A9.16
https://www.aniseed.fr/aniseed/experiment/show_insitu_by_biomaterial?biomaterial_id=28612	Stage 12 (mid gastrula)	KH2012:KH.S816.1 (ZIC2; ZIC3; ZIC4)	row II neural plate	A9.16*
https://www.aniseed.fr/aniseed/experiment/show_insitu_by_biomaterial?biomaterial_id=28612	Stage 12 (mid gastrula)	KH2012:KH.S816.1 (ZIC2; ZIC3; ZIC4)	row II neural plate	A9.30
https://www.aniseed.fr/aniseed/experiment/show_insitu_by_biomaterial?biomaterial_id=28612	Stage 12 (mid gastrula)	KH2012:KH.S816.1 (ZIC2; ZIC3; ZIC4)	row II neural plate	A9.30*
https://www.aniseed.fr/aniseed/experiment/show_insitu_by_biomaterial?biomaterial_id=28612	Stage 12 (mid gastrula)	KH2012:KH.S816.1 (ZIC2; ZIC3; ZIC4)	row II neural plate	A9.32
https://www.aniseed.fr/aniseed/experiment/show_insitu_by_biomaterial?biomaterial_id=28612	Stage 12 (mid gastrula)	KH2012:KH.S816.1 (ZIC2; ZIC3; ZIC4)	row II neural plate	A9.32*
https://www.aniseed.fr/aniseed/experiment/show_insitu_by_biomaterial?biomaterial_id=28612	Stage 12 (mid gastrula)	KH2012:KH.S816.1 (ZIC2; ZIC3; ZIC4)	row III neural plate	a9.33
https://www.aniseed.fr/aniseed/experiment/show_insitu_by_biomaterial?biomaterial_id=28612	Stage 12 (mid gastrula)	KH2012:KH.S816.1 (ZIC2; ZIC3; ZIC4)	row III neural plate	a9.33*
https://www.aniseed.fr/aniseed/experiment/show_insitu_by_biomaterial?biomaterial_id=28612	Stage 12 (mid gastrula)	KH2012:KH.S816.1 (ZIC2; ZIC3; ZIC4)	row III neural plate	a9.37
https://www.aniseed.fr/aniseed/experiment/show_insitu_by_biomaterial?biomaterial_id=28612	Stage 12 (mid gastrula)	KH2012:KH.S816.1 (ZIC2; ZIC3; ZIC4)	row III neural plate	a9.37*
https://www.aniseed.fr/aniseed/experiment/show_insitu_by_biomaterial?biomaterial_id=28612	Stage 12 (mid gastrula)	KH2012:KH.S816.1 (ZIC2; ZIC3; ZIC4)	row III neural plate	a9.49
https://www.aniseed.fr/aniseed/experiment/show_insitu_by_biomaterial?biomaterial_id=28612	Stage 12 (mid gastrula)	KH2012:KH.S816.1 (ZIC2; ZIC3; ZIC4)	row III neural plate	a9.49*
https://www.aniseed.fr/aniseed/experiment/show_insitu_by_biomaterial?biomaterial_id=28612	Stage 12 (mid gastrula)	KH2012:KH.S816.1 (ZIC2; ZIC3; ZIC4)	row IV neural plate	a9.34
https://www.aniseed.fr/aniseed/experiment/show_insitu_by_biomaterial?biomaterial_id=28612	Stage 12 (mid gastrula)	KH2012:KH.S816.1 (ZIC2; ZIC3; ZIC4)	row IV neural plate	a9.34*
https://www.aniseed.fr/aniseed/experiment/show_insitu_by_biomaterial?biomaterial_id=28612	Stage 12 (mid gastrula)	KH2012:KH.S816.1 (ZIC2; ZIC3; ZIC4)	row IV neural plate	a9.38
https://www.aniseed.fr/aniseed/experiment/show_insitu_by_biomaterial?biomaterial_id=28612	Stage 12 (mid gastrula)	KH2012:KH.S816.1 (ZIC2; ZIC3; ZIC4)	row IV neural plate	a9.38*
https://www.aniseed.fr/aniseed/experiment/show_insitu_by_biomaterial?biomaterial_id=28612	Stage 12 (mid gastrula)	KH2012:KH.S816.1 (ZIC2; ZIC3; ZIC4)	row IV neural plate	a9.50
https://www.aniseed.fr/aniseed/experiment/show_insitu_by_biomaterial?biomaterial_id=28612	Stage 12 (mid gastrula)	KH2012:KH.S816.1 (ZIC2; ZIC3; ZIC4)	row IV neural plate	a9.50*
https://www.aniseed.fr/aniseed/experiment/show_insitu_by_biomaterial?biomaterial_id=28626	Stage 12 (mid gastrula)	KH2012:KH.S816.1 (ZIC2; ZIC3; ZIC4)	row I neural plate	A9.13
https://www.aniseed.fr/aniseed/experiment/show_insitu_by_biomaterial?biomaterial_id=28626	Stage 12 (mid gastrula)	KH2012:KH.S816.1 (ZIC2; ZIC3; ZIC4)	row I neural plate	A9.13*
https://www.aniseed.fr/aniseed/experiment/show_insitu_by_biomaterial?biomaterial_id=28626	Stage 12 (mid gastrula)	KH2012:KH.S816.1 (ZIC2; ZIC3; ZIC4)	row I neural plate	A9.15
https://www.aniseed.fr/aniseed/experiment/show_insitu_by_biomaterial?biomaterial_id=28626	Stage 12 (mid gastrula)	KH2012:KH.S816.1 (ZIC2; ZIC3; ZIC4)	row I neural plate	A9.15*
https://www.aniseed.fr/aniseed/experiment/show_insitu_by_biomaterial?biomaterial_id=28626	Stage 12 (mid gastrula)	KH2012:KH.S816.1 (ZIC2; ZIC3; ZIC4)	row I neural plate	A9.29
https://www.aniseed.fr/aniseed/experiment/show_insitu_by_biomaterial?biomaterial_id=28626	Stage 12 (mid gastrula)	KH2012:KH.S816.1 (ZIC2; ZIC3; ZIC4)	row I neural plate	A9.29*
https://www.aniseed.fr/aniseed/experiment/show_insitu_by_biomaterial?biomaterial_id=28626	Stage 12 (mid gastrula)	KH2012:KH.S816.1 (ZIC2; ZIC3; ZIC4)	row II neural plate	A9.14
https://www.aniseed.fr/aniseed/experiment/show_insitu_by_biomaterial?biomaterial_id=28626	Stage 12 (mid gastrula)	KH2012:KH.S816.1 (ZIC2; ZIC3; ZIC4)	row II neural plate	A9.14*
https://www.aniseed.fr/aniseed/experiment/show_insitu_by_biomaterial?biomaterial_id=28626	Stage 12 (mid gastrula)	KH2012:KH.S816.1 (ZIC2; ZIC3; ZIC4)	row II neural plate	A9.16
https://www.aniseed.fr/aniseed/experiment/show_insitu_by_biomaterial?biomaterial_id=28626	Stage 12 (mid gastrula)	KH2012:KH.S816.1 (ZIC2; ZIC3; ZIC4)	row II neural plate	A9.16*
https://www.aniseed.fr/aniseed/experiment/show_insitu_by_biomaterial?biomaterial_id=28626	Stage 12 (mid gastrula)	KH2012:KH.S816.1 (ZIC2; ZIC3; ZIC4)	row II neural plate	A9.30
https://www.aniseed.fr/aniseed/experiment/show_insitu_by_biomaterial?biomaterial_id=28626	Stage 12 (mid gastrula)	KH2012:KH.S816.1 (ZIC2; ZIC3; ZIC4)	row II neural plate	A9.30*
https://www.aniseed.fr/aniseed/experiment/show_insitu_by_biomaterial?biomaterial_id=28626	Stage 12 (mid gastrula)	KH2012:KH.S816.1 (ZIC2; ZIC3; ZIC4)	row II neural plate	A9.32
https://www.aniseed.fr/aniseed/experiment/show_insitu_by_biomaterial?biomaterial_id=28626	Stage 12 (mid gastrula)	KH2012:KH.S816.1 (ZIC2; ZIC3; ZIC4)	row II neural plate	A9.32*
https://www.aniseed.fr/aniseed/experiment/show_insitu_by_biomaterial?biomaterial_id=28626	Stage 12 (mid gastrula)	KH2012:KH.S816.1 (ZIC2; ZIC3; ZIC4)	row III neural plate	a9.33
https://www.aniseed.fr/aniseed/experiment/show_insitu_by_biomaterial?biomaterial_id=28626	Stage 12 (mid gastrula)	KH2012:KH.S816.1 (ZIC2; ZIC3; ZIC4)	row III neural plate	a9.33*
https://www.aniseed.fr/aniseed/experiment/show_insitu_by_biomaterial?biomaterial_id=28626	Stage 12 (mid gastrula)	KH2012:KH.S816.1 (ZIC2; ZIC3; ZIC4)	row III neural plate	a9.37
https://www.aniseed.fr/aniseed/experiment/show_insitu_by_biomaterial?biomaterial_id=28626	Stage 12 (mid gastrula)	KH2012:KH.S816.1 (ZIC2; ZIC3; ZIC4)	row III neural plate	a9.37*
https://www.aniseed.fr/aniseed/experiment/show_insitu_by_biomaterial?biomaterial_id=28626	Stage 12 (mid gastrula)	KH2012:KH.S816.1 (ZIC2; ZIC3; ZIC4)	row III neural plate	a9.49
https://www.aniseed.fr/aniseed/experiment/show_insitu_by_biomaterial?biomaterial_id=28626	Stage 12 (mid gastrula)	KH2012:KH.S816.1 (ZIC2; ZIC3; ZIC4)	row III neural plate	a9.49*
https://www.aniseed.fr/aniseed/experiment/show_insitu_by_biomaterial?biomaterial_id=28626	Stage 12 (mid gastrula)	KH2012:KH.S816.1 (ZIC2; ZIC3; ZIC4)	row IV neural plate	a9.34
https://www.aniseed.fr/aniseed/experiment/show_insitu_by_biomaterial?biomaterial_id=28626	Stage 12 (mid gastrula)	KH2012:KH.S816.1 (ZIC2; ZIC3; ZIC4)	row IV neural plate	a9.34*
https://www.aniseed.fr/aniseed/experiment/show_insitu_by_biomaterial?biomaterial_id=28626	Stage 12 (mid gastrula)	KH2012:KH.S816.1 (ZIC2; ZIC3; ZIC4)	row IV neural plate	a9.38
https://www.aniseed.fr/aniseed/experiment/show_insitu_by_biomaterial?biomaterial_id=28626	Stage 12 (mid gastrula)	KH2012:KH.S816.1 (ZIC2; ZIC3; ZIC4)	row IV neural plate	a9.38*
https://www.aniseed.fr/aniseed/experiment/show_insitu_by_biomaterial?biomaterial_id=28626	Stage 12 (mid gastrula)	KH2012:KH.S816.1 (ZIC2; ZIC3; ZIC4)	row IV neural plate	a9.50
https://www.aniseed.fr/aniseed/experiment/show_insitu_by_biomaterial?biomaterial_id=28626	Stage 12 (mid gastrula)	KH2012:KH.S816.1 (ZIC2; ZIC3; ZIC4)	row IV neural plate	a9.50*
https://www.aniseed.fr/aniseed/experiment/show_insitu_by_biomaterial?biomaterial_id=37300	Stage 12 (mid gastrula)	KH2012:KH.S816.1 (ZIC2; ZIC3; ZIC4)	row I neural plate	A9.13
https://www.aniseed.fr/aniseed/experiment/show_insitu_by_biomaterial?biomaterial_id=37300	Stage 12 (mid gastrula)	KH2012:KH.S816.1 (ZIC2; ZIC3; ZIC4)	row I neural plate	A9.13*
https://www.aniseed.fr/aniseed/experiment/show_insitu_by_biomaterial?biomaterial_id=37300	Stage 12 (mid gastrula)	KH2012:KH.S816.1 (ZIC2; ZIC3; ZIC4)	row I neural plate	A9.15
https://www.aniseed.fr/aniseed/experiment/show_insitu_by_biomaterial?biomaterial_id=37300	Stage 12 (mid gastrula)	KH2012:KH.S816.1 (ZIC2; ZIC3; ZIC4)	row I neural plate	A9.15*
https://www.aniseed.fr/aniseed/experiment/show_insitu_by_biomaterial?biomaterial_id=37300	Stage 12 (mid gastrula)	KH2012:KH.S816.1 (ZIC2; ZIC3; ZIC4)	row I neural plate	A9.29
https://www.aniseed.fr/aniseed/experiment/show_insitu_by_biomaterial?biomaterial_id=37300	Stage 12 (mid gastrula)	KH2012:KH.S816.1 (ZIC2; ZIC3; ZIC4)	row I neural plate	A9.29*
https://www.aniseed.fr/aniseed/experiment/show_insitu_by_biomaterial?biomaterial_id=37300	Stage 12 (mid gastrula)	KH2012:KH.S816.1 (ZIC2; ZIC3; ZIC4)	row III neural plate	a9.33
https://www.aniseed.fr/aniseed/experiment/show_insitu_by_biomaterial?biomaterial_id=37300	Stage 12 (mid gastrula)	KH2012:KH.S816.1 (ZIC2; ZIC3; ZIC4)	row III neural plate	a9.33*
https://www.aniseed.fr/aniseed/experiment/show_insitu_by_biomaterial?biomaterial_id=37300	Stage 12 (mid gastrula)	KH2012:KH.S816.1 (ZIC2; ZIC3; ZIC4)	row III neural plate	a9.37
https://www.aniseed.fr/aniseed/experiment/show_insitu_by_biomaterial?biomaterial_id=37300	Stage 12 (mid gastrula)	KH2012:KH.S816.1 (ZIC2; ZIC3; ZIC4)	row III neural plate	a9.37*
https://www.aniseed.fr/aniseed/experiment/show_insitu_by_biomaterial?biomaterial_id=37300	Stage 12 (mid gastrula)	KH2012:KH.S816.1 (ZIC2; ZIC3; ZIC4)	row III neural plate	a9.49
https://www.aniseed.fr/aniseed/experiment/show_insitu_by_biomaterial?biomaterial_id=37300	Stage 12 (mid gastrula)	KH2012:KH.S816.1 (ZIC2; ZIC3; ZIC4)	row III neural plate	a9.49*
https://www.aniseed.fr/aniseed/experiment/show_insitu_by_biomaterial?biomaterial_id=37300	Stage 12 (mid gastrula)	KH2012:KH.S816.1 (ZIC2; ZIC3; ZIC4)	row IV neural plate	a9.34
https://www.aniseed.fr/aniseed/experiment/show_insitu_by_biomaterial?biomaterial_id=37300	Stage 12 (mid gastrula)	KH2012:KH.S816.1 (ZIC2; ZIC3; ZIC4)	row IV neural plate	a9.34*
https://www.aniseed.fr/aniseed/experiment/show_insitu_by_biomaterial?biomaterial_id=37300	Stage 12 (mid gastrula)	KH2012:KH.S816.1 (ZIC2; ZIC3; ZIC4)	row IV neural plate	a9.38
https://www.aniseed.fr/aniseed/experiment/show_insitu_by_biomaterial?biomaterial_id=37300	Stage 12 (mid gastrula)	KH2012:KH.S816.1 (ZIC2; ZIC3; ZIC4)	row IV neural plate	a9.38*
https://www.aniseed.fr/aniseed/experiment/show_insitu_by_biomaterial?biomaterial_id=37300	Stage 12 (mid gastrula)	KH2012:KH.S816.1 (ZIC2; ZIC3; ZIC4)	row IV neural plate	a9.50
https://www.aniseed.fr/aniseed/experiment/show_insitu_by_biomaterial?biomaterial_id=37300	Stage 12 (mid gastrula)	KH2012:KH.S816.1 (ZIC2; ZIC3; ZIC4)	row IV neural plate	a9.50*
https://www.aniseed.fr/aniseed/experiment/show_insitu_by_biomaterial?biomaterial_id=16794	Stage 13 (late gastrula)	KH2012:KH.S816.1 (ZIC2; ZIC3; ZIC4)	A9.29 cell pair	A9.29
https://www.aniseed.fr/aniseed/experiment/show_insitu_by_biomaterial?biomaterial_id=16794	Stage 13 (late gastrula)	KH2012:KH.S816.1 (ZIC2; ZIC3; ZIC4)	A9.29 cell pair	A9.29*
https://www.aniseed.fr/aniseed/experiment/show_insitu_by_biomaterial?biomaterial_id=16794	Stage 13 (late gastrula)	KH2012:KH.S816.1 (ZIC2; ZIC3; ZIC4)	a9.33 cell pair	a9.33
https://www.aniseed.fr/aniseed/experiment/show_insitu_by_biomaterial?biomaterial_id=16794	Stage 13 (late gastrula)	KH2012:KH.S816.1 (ZIC2; ZIC3; ZIC4)	a9.33 cell pair	a9.33*
https://www.aniseed.fr/aniseed/experiment/show_insitu_by_biomaterial?biomaterial_id=16794	Stage 13 (late gastrula)	KH2012:KH.S816.1 (ZIC2; ZIC3; ZIC4)	a9.34 cell pair	a9.34
https://www.aniseed.fr/aniseed/experiment/show_insitu_by_biomaterial?biomaterial_id=16794	Stage 13 (late gastrula)	KH2012:KH.S816.1 (ZIC2; ZIC3; ZIC4)	a9.34 cell pair	a9.34*
https://www.aniseed.fr/aniseed/experiment/show_insitu_by_biomaterial?biomaterial_id=16794	Stage 13 (late gastrula)	KH2012:KH.S816.1 (ZIC2; ZIC3; ZIC4)	a9.37 cell pair	a9.37
https://www.aniseed.fr/aniseed/experiment/show_insitu_by_biomaterial?biomaterial_id=16794	Stage 13 (late gastrula)	KH2012:KH.S816.1 (ZIC2; ZIC3; ZIC4)	a9.37 cell pair	a9.37*
https://www.aniseed.fr/aniseed/experiment/show_insitu_by_biomaterial?biomaterial_id=16794	Stage 13 (late gastrula)	KH2012:KH.S816.1 (ZIC2; ZIC3; ZIC4)	a9.38 cell pair	a9.38
https://www.aniseed.fr/aniseed/experiment/show_insitu_by_biomaterial?biomaterial_id=16794	Stage 13 (late gastrula)	KH2012:KH.S816.1 (ZIC2; ZIC3; ZIC4)	a9.38 cell pair	a9.38*
https://www.aniseed.fr/aniseed/experiment/show_insitu_by_biomaterial?biomaterial_id=16794	Stage 13 (late gastrula)	KH2012:KH.S816.1 (ZIC2; ZIC3; ZIC4)	a9.49 cell pair	a9.49
https://www.aniseed.fr/aniseed/experiment/show_insitu_by_biomaterial?biomaterial_id=16794	Stage 13 (late gastrula)	KH2012:KH.S816.1 (ZIC2; ZIC3; ZIC4)	a9.49 cell pair	a9.49*
https://www.aniseed.fr/aniseed/experiment/show_insitu_by_biomaterial?biomaterial_id=16794	Stage 13 (late gastrula)	KH2012:KH.S816.1 (ZIC2; ZIC3; ZIC4)	a9.50 cell pair	a9.50
https://www.aniseed.fr/aniseed/experiment/show_insitu_by_biomaterial?biomaterial_id=16794	Stage 13 (late gastrula)	KH2012:KH.S816.1 (ZIC2; ZIC3; ZIC4)	a9.50 cell pair	a9.50*
https://www.aniseed.fr/aniseed/experiment/show_insitu_by_biomaterial?biomaterial_id=21193	Stage 13 (late gastrula)	KH2012:KH.S816.1 (ZIC2; ZIC3; ZIC4)	A9.29 cell pair	A9.29
https://www.aniseed.fr/aniseed/experiment/show_insitu_by_biomaterial?biomaterial_id=21193	Stage 13 (late gastrula)	KH2012:KH.S816.1 (ZIC2; ZIC3; ZIC4)	A9.29 cell pair	A9.29*
https://www.aniseed.fr/aniseed/experiment/show_insitu_by_biomaterial?biomaterial_id=21193	Stage 13 (late gastrula)	KH2012:KH.S816.1 (ZIC2; ZIC3; ZIC4)	A9.30 cell pair	A9.30
https://www.aniseed.fr/aniseed/experiment/show_insitu_by_biomaterial?biomaterial_id=21193	Stage 13 (late gastrula)	KH2012:KH.S816.1 (ZIC2; ZIC3; ZIC4)	A9.30 cell pair	A9.30*
https://www.aniseed.fr/aniseed/experiment/show_insitu_by_biomaterial?biomaterial_id=21193	Stage 13 (late gastrula)	KH2012:KH.S816.1 (ZIC2; ZIC3; ZIC4)	A9.32 cell pair	A9.32
https://www.aniseed.fr/aniseed/experiment/show_insitu_by_biomaterial?biomaterial_id=21193	Stage 13 (late gastrula)	KH2012:KH.S816.1 (ZIC2; ZIC3; ZIC4)	A9.32 cell pair	A9.32*
https://www.aniseed.fr/aniseed/experiment/show_insitu_by_biomaterial?biomaterial_id=21193	Stage 13 (late gastrula)	KH2012:KH.S816.1 (ZIC2; ZIC3; ZIC4)	a9.33 cell pair	a9.33
https://www.aniseed.fr/aniseed/experiment/show_insitu_by_biomaterial?biomaterial_id=21193	Stage 13 (late gastrula)	KH2012:KH.S816.1 (ZIC2; ZIC3; ZIC4)	a9.33 cell pair	a9.33*
https://www.aniseed.fr/aniseed/experiment/show_insitu_by_biomaterial?biomaterial_id=21193	Stage 13 (late gastrula)	KH2012:KH.S816.1 (ZIC2; ZIC3; ZIC4)	a9.34 cell pair	a9.34
https://www.aniseed.fr/aniseed/experiment/show_insitu_by_biomaterial?biomaterial_id=21193	Stage 13 (late gastrula)	KH2012:KH.S816.1 (ZIC2; ZIC3; ZIC4)	a9.34 cell pair	a9.34*
https://www.aniseed.fr/aniseed/experiment/show_insitu_by_biomaterial?biomaterial_id=21193	Stage 13 (late gastrula)	KH2012:KH.S816.1 (ZIC2; ZIC3; ZIC4)	a9.37 cell pair	a9.37
https://www.aniseed.fr/aniseed/experiment/show_insitu_by_biomaterial?biomaterial_id=21193	Stage 13 (late gastrula)	KH2012:KH.S816.1 (ZIC2; ZIC3; ZIC4)	a9.37 cell pair	a9.37*
https://www.aniseed.fr/aniseed/experiment/show_insitu_by_biomaterial?biomaterial_id=21193	Stage 13 (late gastrula)	KH2012:KH.S816.1 (ZIC2; ZIC3; ZIC4)	a9.38 cell pair	a9.38
https://www.aniseed.fr/aniseed/experiment/show_insitu_by_biomaterial?biomaterial_id=21193	Stage 13 (late gastrula)	KH2012:KH.S816.1 (ZIC2; ZIC3; ZIC4)	a9.38 cell pair	a9.38*
https://www.aniseed.fr/aniseed/experiment/show_insitu_by_biomaterial?biomaterial_id=21193	Stage 13 (late gastrula)	KH2012:KH.S816.1 (ZIC2; ZIC3; ZIC4)	a9.49 cell pair	a9.49
https://www.aniseed.fr/aniseed/experiment/show_insitu_by_biomaterial?biomaterial_id=21193	Stage 13 (late gastrula)	KH2012:KH.S816.1 (ZIC2; ZIC3; ZIC4)	a9.49 cell pair	a9.49*
https://www.aniseed.fr/aniseed/experiment/show_insitu_by_biomaterial?biomaterial_id=21193	Stage 13 (late gastrula)	KH2012:KH.S816.1 (ZIC2; ZIC3; ZIC4)	a9.50 cell pair	a9.50
https://www.aniseed.fr/aniseed/experiment/show_insitu_by_biomaterial?biomaterial_id=21193	Stage 13 (late gastrula)	KH2012:KH.S816.1 (ZIC2; ZIC3; ZIC4)	a9.50 cell pair	a9.50*
https://www.aniseed.fr/aniseed/experiment/show_insitu_by_biomaterial?biomaterial_id=25382	Stage 13 (late gastrula)	KH2012:KH.S816.1 (ZIC2; ZIC3; ZIC4)	A9.15 cell pair	A9.15
https://www.aniseed.fr/aniseed/experiment/show_insitu_by_biomaterial?biomaterial_id=25382	Stage 13 (late gastrula)	KH2012:KH.S816.1 (ZIC2; ZIC3; ZIC4)	A9.15 cell pair	A9.15*
https://www.aniseed.fr/aniseed/experiment/show_insitu_by_biomaterial?biomaterial_id=25382	Stage 13 (late gastrula)	KH2012:KH.S816.1 (ZIC2; ZIC3; ZIC4)	A9.29 cell pair	A9.29
https://www.aniseed.fr/aniseed/experiment/show_insitu_by_biomaterial?biomaterial_id=25382	Stage 13 (late gastrula)	KH2012:KH.S816.1 (ZIC2; ZIC3; ZIC4)	A9.29 cell pair	A9.29*
https://www.aniseed.fr/aniseed/experiment/show_insitu_by_biomaterial?biomaterial_id=25382	Stage 13 (late gastrula)	KH2012:KH.S816.1 (ZIC2; ZIC3; ZIC4)	a9.33 cell pair	a9.33
https://www.aniseed.fr/aniseed/experiment/show_insitu_by_biomaterial?biomaterial_id=25382	Stage 13 (late gastrula)	KH2012:KH.S816.1 (ZIC2; ZIC3; ZIC4)	a9.33 cell pair	a9.33*
https://www.aniseed.fr/aniseed/experiment/show_insitu_by_biomaterial?biomaterial_id=25382	Stage 13 (late gastrula)	KH2012:KH.S816.1 (ZIC2; ZIC3; ZIC4)	a9.34 cell pair	a9.34
https://www.aniseed.fr/aniseed/experiment/show_insitu_by_biomaterial?biomaterial_id=25382	Stage 13 (late gastrula)	KH2012:KH.S816.1 (ZIC2; ZIC3; ZIC4)	a9.34 cell pair	a9.34*
https://www.aniseed.fr/aniseed/experiment/show_insitu_by_biomaterial?biomaterial_id=25382	Stage 13 (late gastrula)	KH2012:KH.S816.1 (ZIC2; ZIC3; ZIC4)	a9.37 cell pair	a9.37
https://www.aniseed.fr/aniseed/experiment/show_insitu_by_biomaterial?biomaterial_id=25382	Stage 13 (late gastrula)	KH2012:KH.S816.1 (ZIC2; ZIC3; ZIC4)	a9.37 cell pair	a9.37*
https://www.aniseed.fr/aniseed/experiment/show_insitu_by_biomaterial?biomaterial_id=25382	Stage 13 (late gastrula)	KH2012:KH.S816.1 (ZIC2; ZIC3; ZIC4)	a9.38 cell pair	a9.38
https://www.aniseed.fr/aniseed/experiment/show_insitu_by_biomaterial?biomaterial_id=25382	Stage 13 (late gastrula)	KH2012:KH.S816.1 (ZIC2; ZIC3; ZIC4)	a9.38 cell pair	a9.38*
https://www.aniseed.fr/aniseed/experiment/show_insitu_by_biomaterial?biomaterial_id=25382	Stage 13 (late gastrula)	KH2012:KH.S816.1 (ZIC2; ZIC3; ZIC4)	a9.49 cell pair	a9.49
https://www.aniseed.fr/aniseed/experiment/show_insitu_by_biomaterial?biomaterial_id=25382	Stage 13 (late gastrula)	KH2012:KH.S816.1 (ZIC2; ZIC3; ZIC4)	a9.49 cell pair	a9.49*
https://www.aniseed.fr/aniseed/experiment/show_insitu_by_biomaterial?biomaterial_id=25382	Stage 13 (late gastrula)	KH2012:KH.S816.1 (ZIC2; ZIC3; ZIC4)	a9.50 cell pair	a9.50
https://www.aniseed.fr/aniseed/experiment/show_insitu_by_biomaterial?biomaterial_id=25382	Stage 13 (late gastrula)	KH2012:KH.S816.1 (ZIC2; ZIC3; ZIC4)	a9.50 cell pair	a9.50*
https://www.aniseed.fr/aniseed/experiment/show_insitu_by_biomaterial?biomaterial_id=25531	Stage 13 (late gastrula)	KH2012:KH.S816.1 (ZIC2; ZIC3; ZIC4)	A9.15 cell pair	A9.15
https://www.aniseed.fr/aniseed/experiment/show_insitu_by_biomaterial?biomaterial_id=25531	Stage 13 (late gastrula)	KH2012:KH.S816.1 (ZIC2; ZIC3; ZIC4)	A9.15 cell pair	A9.15*
https://www.aniseed.fr/aniseed/experiment/show_insitu_by_biomaterial?biomaterial_id=25531	Stage 13 (late gastrula)	KH2012:KH.S816.1 (ZIC2; ZIC3; ZIC4)	A9.29 cell pair	A9.29
https://www.aniseed.fr/aniseed/experiment/show_insitu_by_biomaterial?biomaterial_id=25531	Stage 13 (late gastrula)	KH2012:KH.S816.1 (ZIC2; ZIC3; ZIC4)	A9.29 cell pair	A9.29*
https://www.aniseed.fr/aniseed/experiment/show_insitu_by_biomaterial?biomaterial_id=25531	Stage 13 (late gastrula)	KH2012:KH.S816.1 (ZIC2; ZIC3; ZIC4)	a9.33 cell pair	a9.33
https://www.aniseed.fr/aniseed/experiment/show_insitu_by_biomaterial?biomaterial_id=25531	Stage 13 (late gastrula)	KH2012:KH.S816.1 (ZIC2; ZIC3; ZIC4)	a9.33 cell pair	a9.33*
https://www.aniseed.fr/aniseed/experiment/show_insitu_by_biomaterial?biomaterial_id=25531	Stage 13 (late gastrula)	KH2012:KH.S816.1 (ZIC2; ZIC3; ZIC4)	a9.34 cell pair	a9.34
https://www.aniseed.fr/aniseed/experiment/show_insitu_by_biomaterial?biomaterial_id=25531	Stage 13 (late gastrula)	KH2012:KH.S816.1 (ZIC2; ZIC3; ZIC4)	a9.34 cell pair	a9.34*
https://www.aniseed.fr/aniseed/experiment/show_insitu_by_biomaterial?biomaterial_id=25531	Stage 13 (late gastrula)	KH2012:KH.S816.1 (ZIC2; ZIC3; ZIC4)	a9.37 cell pair	a9.37
https://www.aniseed.fr/aniseed/experiment/show_insitu_by_biomaterial?biomaterial_id=25531	Stage 13 (late gastrula)	KH2012:KH.S816.1 (ZIC2; ZIC3; ZIC4)	a9.37 cell pair	a9.37*
https://www.aniseed.fr/aniseed/experiment/show_insitu_by_biomaterial?biomaterial_id=25531	Stage 13 (late gastrula)	KH2012:KH.S816.1 (ZIC2; ZIC3; ZIC4)	a9.38 cell pair	a9.38
https://www.aniseed.fr/aniseed/experiment/show_insitu_by_biomaterial?biomaterial_id=25531	Stage 13 (late gastrula)	KH2012:KH.S816.1 (ZIC2; ZIC3; ZIC4)	a9.38 cell pair	a9.38*
https://www.aniseed.fr/aniseed/experiment/show_insitu_by_biomaterial?biomaterial_id=25531	Stage 13 (late gastrula)	KH2012:KH.S816.1 (ZIC2; ZIC3; ZIC4)	a9.49 cell pair	a9.49
https://www.aniseed.fr/aniseed/experiment/show_insitu_by_biomaterial?biomaterial_id=25531	Stage 13 (late gastrula)	KH2012:KH.S816.1 (ZIC2; ZIC3; ZIC4)	a9.49 cell pair	a9.49*
https://www.aniseed.fr/aniseed/experiment/show_insitu_by_biomaterial?biomaterial_id=25531	Stage 13 (late gastrula)	KH2012:KH.S816.1 (ZIC2; ZIC3; ZIC4)	a9.50 cell pair	a9.50
https://www.aniseed.fr/aniseed/experiment/show_insitu_by_biomaterial?biomaterial_id=25531	Stage 13 (late gastrula)	KH2012:KH.S816.1 (ZIC2; ZIC3; ZIC4)	a9.50 cell pair	a9.50*
https://www.aniseed.fr/aniseed/experiment/show_insitu_by_biomaterial?biomaterial_id=28624	Stage 13 (late gastrula)	KH2012:KH.S816.1 (ZIC2; ZIC3; ZIC4)	row I neural plate	A9.13
https://www.aniseed.fr/aniseed/experiment/show_insitu_by_biomaterial?biomaterial_id=28624	Stage 13 (late gastrula)	KH2012:KH.S816.1 (ZIC2; ZIC3; ZIC4)	row I neural plate	A9.13*
https://www.aniseed.fr/aniseed/experiment/show_insitu_by_biomaterial?biomaterial_id=28624	Stage 13 (late gastrula)	KH2012:KH.S816.1 (ZIC2; ZIC3; ZIC4)	row I neural plate	A9.15
https://www.aniseed.fr/aniseed/experiment/show_insitu_by_biomaterial?biomaterial_id=28624	Stage 13 (late gastrula)	KH2012:KH.S816.1 (ZIC2; ZIC3; ZIC4)	row I neural plate	A9.15*
https://www.aniseed.fr/aniseed/experiment/show_insitu_by_biomaterial?biomaterial_id=28624	Stage 13 (late gastrula)	KH2012:KH.S816.1 (ZIC2; ZIC3; ZIC4)	row I neural plate	A9.29
https://www.aniseed.fr/aniseed/experiment/show_insitu_by_biomaterial?biomaterial_id=28624	Stage 13 (late gastrula)	KH2012:KH.S816.1 (ZIC2; ZIC3; ZIC4)	row I neural plate	A9.29*
https://www.aniseed.fr/aniseed/experiment/show_insitu_by_biomaterial?biomaterial_id=28624	Stage 13 (late gastrula)	KH2012:KH.S816.1 (ZIC2; ZIC3; ZIC4)	row II neural plate	A9.30
https://www.aniseed.fr/aniseed/experiment/show_insitu_by_biomaterial?biomaterial_id=28624	Stage 13 (late gastrula)	KH2012:KH.S816.1 (ZIC2; ZIC3; ZIC4)	row II neural plate	A9.30*
https://www.aniseed.fr/aniseed/experiment/show_insitu_by_biomaterial?biomaterial_id=28624	Stage 13 (late gastrula)	KH2012:KH.S816.1 (ZIC2; ZIC3; ZIC4)	row II neural plate	A9.32
https://www.aniseed.fr/aniseed/experiment/show_insitu_by_biomaterial?biomaterial_id=28624	Stage 13 (late gastrula)	KH2012:KH.S816.1 (ZIC2; ZIC3; ZIC4)	row II neural plate	A9.32*
https://www.aniseed.fr/aniseed/experiment/show_insitu_by_biomaterial?biomaterial_id=28624	Stage 13 (late gastrula)	KH2012:KH.S816.1 (ZIC2; ZIC3; ZIC4)	row II neural plate	A10.27
https://www.aniseed.fr/aniseed/experiment/show_insitu_by_biomaterial?biomaterial_id=28624	Stage 13 (late gastrula)	KH2012:KH.S816.1 (ZIC2; ZIC3; ZIC4)	row II neural plate	A10.27*
https://www.aniseed.fr/aniseed/experiment/show_insitu_by_biomaterial?biomaterial_id=28624	Stage 13 (late gastrula)	KH2012:KH.S816.1 (ZIC2; ZIC3; ZIC4)	row II neural plate	A10.31
https://www.aniseed.fr/aniseed/experiment/show_insitu_by_biomaterial?biomaterial_id=28624	Stage 13 (late gastrula)	KH2012:KH.S816.1 (ZIC2; ZIC3; ZIC4)	row II neural plate	A10.31*
https://www.aniseed.fr/aniseed/experiment/show_insitu_by_biomaterial?biomaterial_id=28624	Stage 13 (late gastrula)	KH2012:KH.S816.1 (ZIC2; ZIC3; ZIC4)	row II neural plate	A10.28
https://www.aniseed.fr/aniseed/experiment/show_insitu_by_biomaterial?biomaterial_id=28624	Stage 13 (late gastrula)	KH2012:KH.S816.1 (ZIC2; ZIC3; ZIC4)	row II neural plate	A10.28*
https://www.aniseed.fr/aniseed/experiment/show_insitu_by_biomaterial?biomaterial_id=28624	Stage 13 (late gastrula)	KH2012:KH.S816.1 (ZIC2; ZIC3; ZIC4)	row II neural plate	A10.32
https://www.aniseed.fr/aniseed/experiment/show_insitu_by_biomaterial?biomaterial_id=28624	Stage 13 (late gastrula)	KH2012:KH.S816.1 (ZIC2; ZIC3; ZIC4)	row II neural plate	A10.32*
https://www.aniseed.fr/aniseed/experiment/show_insitu_by_biomaterial?biomaterial_id=28624	Stage 13 (late gastrula)	KH2012:KH.S816.1 (ZIC2; ZIC3; ZIC4)	row III neural plate	a9.33
https://www.aniseed.fr/aniseed/experiment/show_insitu_by_biomaterial?biomaterial_id=28624	Stage 13 (late gastrula)	KH2012:KH.S816.1 (ZIC2; ZIC3; ZIC4)	row III neural plate	a9.33*
https://www.aniseed.fr/aniseed/experiment/show_insitu_by_biomaterial?biomaterial_id=28624	Stage 13 (late gastrula)	KH2012:KH.S816.1 (ZIC2; ZIC3; ZIC4)	row III neural plate	a9.37
https://www.aniseed.fr/aniseed/experiment/show_insitu_by_biomaterial?biomaterial_id=28624	Stage 13 (late gastrula)	KH2012:KH.S816.1 (ZIC2; ZIC3; ZIC4)	row III neural plate	a9.37*
https://www.aniseed.fr/aniseed/experiment/show_insitu_by_biomaterial?biomaterial_id=28624	Stage 13 (late gastrula)	KH2012:KH.S816.1 (ZIC2; ZIC3; ZIC4)	row III neural plate	a9.49
https://www.aniseed.fr/aniseed/experiment/show_insitu_by_biomaterial?biomaterial_id=28624	Stage 13 (late gastrula)	KH2012:KH.S816.1 (ZIC2; ZIC3; ZIC4)	row III neural plate	a9.49*
https://www.aniseed.fr/aniseed/experiment/show_insitu_by_biomaterial?biomaterial_id=28624	Stage 13 (late gastrula)	KH2012:KH.S816.1 (ZIC2; ZIC3; ZIC4)	row IV neural plate	a9.34
https://www.aniseed.fr/aniseed/experiment/show_insitu_by_biomaterial?biomaterial_id=28624	Stage 13 (late gastrula)	KH2012:KH.S816.1 (ZIC2; ZIC3; ZIC4)	row IV neural plate	a9.34*
https://www.aniseed.fr/aniseed/experiment/show_insitu_by_biomaterial?biomaterial_id=28624	Stage 13 (late gastrula)	KH2012:KH.S816.1 (ZIC2; ZIC3; ZIC4)	row IV neural plate	a9.38
https://www.aniseed.fr/aniseed/experiment/show_insitu_by_biomaterial?biomaterial_id=28624	Stage 13 (late gastrula)	KH2012:KH.S816.1 (ZIC2; ZIC3; ZIC4)	row IV neural plate	a9.38*
https://www.aniseed.fr/aniseed/experiment/show_insitu_by_biomaterial?biomaterial_id=28624	Stage 13 (late gastrula)	KH2012:KH.S816.1 (ZIC2; ZIC3; ZIC4)	row IV neural plate	a9.50
https://www.aniseed.fr/aniseed/experiment/show_insitu_by_biomaterial?biomaterial_id=28624	Stage 13 (late gastrula)	KH2012:KH.S816.1 (ZIC2; ZIC3; ZIC4)	row IV neural plate	a9.50*