Cell	nGene	nUMI	adult	percent_mt	CellType	Cluster
DMSO_64cell_AAAAACGCTCCC	4358	11663	DMSO_U0126_64cell_adult5	0.017148247	Neural (b)	Neural (b)
DMSO_64cell_AAAAAGCTCTGG	3854	 8915	DMSO_U0126_64cell_adult3	0.000000000	Epidermis (b)	Epidermis (b)
DMSO_64cell_AAAAATACGTAA	4308	11063	DMSO_U0126_64cell_adult5	0.027117418	Epidermis (b)	Epidermis (b)
DMSO_64cell_AAAACGCCTGCC	2522	 4002	DMSO_U0126_64cell_adult3	0.000000000	1˚ Notochord	1˚ Notochord
DMSO_64cell_AAAACTACTGTT	4311	11228	DMSO_U0126_64cell_adult2	0.097969362	Epidermis (b)	Epidermis (b)
DMSO_64cell_AAAACTAGGGTA	4791	13453	DMSO_U0126_64cell_adult1	0.074332863	Neural (A)	Neural (A)
DMSO_64cell_AAAACTTACTAA	5171	17458	DMSO_U0126_64cell_adult1	0.257761485	B7.6	B7.6
DMSO_64cell_AAAAGTACGTGC	3485	 7231	DMSO_U0126_64cell_adult4	0.000000000	Neural (a)	Neural (a)
DMSO_64cell_AAAATAGACCGA	3947	 9096	DMSO_U0126_64cell_adult4	0.076956904	Epidermis (b)	Epidermis (b)
DMSO_64cell_AAAATGGAAGGG	2046	 3225	DMSO_U0126_64cell_adult1	0.031007752	B7.6	B7.6
DMSO_64cell_AAACAAACCCCG	1853	 2868	DMSO_U0126_64cell_adult3	0.000000000	Epidermis (b)	Epidermis (b)
DMSO_64cell_AAACACGAGTCT	5557	20206	DMSO_U0126_64cell_adult4	0.014847075	Epidermis (b)	Epidermis (b)
DMSO_64cell_AAACAGTCAAGA	5230	16670	DMSO_U0126_64cell_adult5	0.035992801	1˚ Notochord	1˚ Notochord
DMSO_64cell_AAACCCTTGATC	4899	14648	DMSO_U0126_64cell_adult6	0.013653741	Epidermis (b)	Epidermis (b)
DMSO_64cell_AAACCTGCACCT	4328	11156	DMSO_U0126_64cell_adult2	0.116529222	B7.8	B7.8
DMSO_64cell_AAACCTTTTTTC	3926	 9129	DMSO_U0126_64cell_adult1	0.120495125	B7.6	B7.6
DMSO_64cell_AAACGGTGATGG	3429	 6979	DMSO_U0126_64cell_adult5	0.143287004	B7.6	B7.6
DMSO_64cell_AAACTAAGTTAT	2787	 4883	DMSO_U0126_64cell_adult3	0.081916854	B7.7	B7.7
DMSO_64cell_AAACTCTCGCTG	4676	12837	DMSO_U0126_64cell_adult3	0.007789982	Epidermis (b)	Epidermis (b)
DMSO_64cell_AAACTTAAAGGG	2053	 3070	DMSO_U0126_64cell_adult3	0.065146580	Neural (A)	Neural (A)
DMSO_64cell_AAAGAAATTATA	5024	14282	DMSO_U0126_64cell_adult2	0.014003641	Endoderm	Endoderm
DMSO_64cell_AAAGAACGAATT	5788	22127	DMSO_U0126_64cell_adult1	0.063271117	Neural (a)	Neural (a)
DMSO_64cell_AAAGACCAGACA	3057	 5643	DMSO_U0126_64cell_adult4	0.035442141	Epidermis (a)	Epidermis (a)
DMSO_64cell_AAAGAGGGTGGC	3050	 5607	DMSO_U0126_64cell_adult2	0.000000000	B7.7	B7.7
DMSO_64cell_AAAGATCGGGTC	6388	30355	DMSO_U0126_64cell_adult2	0.000000000	Epidermis (b)	Epidermis (b)
DMSO_64cell_AAAGCAACTTCC	4681	12251	DMSO_U0126_64cell_adult2	0.032650396	Endoderm	Endoderm
DMSO_64cell_AAAGCAGCAGTC	5349	18887	DMSO_U0126_64cell_adult1	0.005294647	Epidermis (b)	Epidermis (b)
DMSO_64cell_AAAGCGCACGGT	2616	 4320	DMSO_U0126_64cell_adult4	0.000000000	Epidermis (b)	Epidermis (b)
DMSO_64cell_AAAGCGCATCCT	5528	20028	DMSO_U0126_64cell_adult5	0.009986020	1˚ Notochord	1˚ Notochord
DMSO_64cell_AAAGGGCCGTGG	3262	 6556	DMSO_U0126_64cell_adult5	0.000000000	Epidermis (b)	Epidermis (b)
DMSO_64cell_AAAGGTCAGATA	2970	 5440	DMSO_U0126_64cell_adult2	0.073529412	Epidermis (a)	Epidermis (a)
DMSO_64cell_AAAGTTAAATAA	4945	14667	DMSO_U0126_64cell_adult1	0.000000000	Endoderm	Endoderm
DMSO_64cell_AAATACCGACTA	2891	 5178	DMSO_U0126_64cell_adult1	0.038624952	Epidermis (b)	Epidermis (b)
DMSO_64cell_AAATCCAAACGG	2491	 4311	DMSO_U0126_64cell_adult4	0.069589422	Epidermis (b)	Epidermis (b)
DMSO_64cell_AAATCTGGTAGG	1964	 2899	DMSO_U0126_64cell_adult5	0.068989307	B7.7	B7.7
DMSO_64cell_AAATGAATGTTT	4548	12003	DMSO_U0126_64cell_adult3	0.016662501	Epidermis (b)	Epidermis (b)
DMSO_64cell_AAATGTACACAG	2648	 4477	DMSO_U0126_64cell_adult4	0.580746035	B7.5	B7.5
DMSO_64cell_AAATGTTCACCG	4761	12978	DMSO_U0126_64cell_adult2	0.023116043	Epidermis (b)	Epidermis (b)
DMSO_64cell_AAATTCTAACCA	4868	14888	DMSO_U0126_64cell_adult3	0.020150457	B7.3	B7.3
DMSO_64cell_AAATTCTCAGCG	2692	 4910	DMSO_U0126_64cell_adult4	0.061099796	B7.7	B7.7
DMSO_64cell_AAATTTTGGGAA	5261	17177	DMSO_U0126_64cell_adult3	0.023286953	A7.6	A7.6
DMSO_64cell_AACAAATTTACC	4549	12751	DMSO_U0126_64cell_adult4	0.250960709	Epidermis (b)	Epidermis (b)
DMSO_64cell_AACAAATTTTAA	4528	11863	DMSO_U0126_64cell_adult3	0.025288713	Epidermis (b)	Epidermis (b)
DMSO_64cell_AACAACGTTACG	2914	 5129	DMSO_U0126_64cell_adult1	0.038993956	Epidermis (b)	Epidermis (b)
DMSO_64cell_AACAATACTGAA	3184	 6390	DMSO_U0126_64cell_adult6	0.312989045	Epidermis (b)	Epidermis (b)
DMSO_64cell_AACACATGAGCC	3214	 6012	DMSO_U0126_64cell_adult4	0.016633400	Endoderm	Endoderm
DMSO_64cell_AACAGCAGGGAT	3471	 7222	DMSO_U0126_64cell_adult2	0.000000000	B7.7	B7.7
DMSO_64cell_AACAGGTCATGC	4327	10926	DMSO_U0126_64cell_adult3	0.009152480	Epidermis (a)	Epidermis (a)
DMSO_64cell_AACAGTAACCAG	4107	 9498	DMSO_U0126_64cell_adult2	0.042114129	Neural (A)	Neural (A)
DMSO_64cell_AACAGTGTGGTT	1819	 2657	DMSO_U0126_64cell_adult5	0.037636432	Epidermis (b)	Epidermis (b)
DMSO_64cell_AACATGACGAAT	4362	10920	DMSO_U0126_64cell_adult4	0.137362637	1˚ Notochord	1˚ Notochord
DMSO_64cell_AACATTATAACC	4481	11904	DMSO_U0126_64cell_adult2	1.142473118	B7.8	B7.8
DMSO_64cell_AACATTGCCCGA	3760	 8634	DMSO_U0126_64cell_adult4	0.034746352	B7.8	B7.8
DMSO_64cell_AACATTGGTGCA	3403	 7187	DMSO_U0126_64cell_adult1	0.000000000	Neural (A)	Neural (A)
DMSO_64cell_AACCAATAGACC	4251	10848	DMSO_U0126_64cell_adult1	0.451696165	B7.8	B7.8
DMSO_64cell_AACCACCAATGA	1932	 2900	DMSO_U0126_64cell_adult1	0.000000000	Epidermis (b)	Epidermis (b)
DMSO_64cell_AACCCTTGGATG	5999	23693	DMSO_U0126_64cell_adult1	0.012661968	Neural (a)	Neural (a)
DMSO_64cell_AACCTAAGTTAT	2179	 3503	DMSO_U0126_64cell_adult1	0.314016557	Epidermis (b)	Epidermis (b)
DMSO_64cell_AACCTCTGAGAG	2445	 4053	DMSO_U0126_64cell_adult4	0.024673082	Neural (A)	Neural (A)
DMSO_64cell_AACCTGAGTCCG	4212	10350	DMSO_U0126_64cell_adult4	0.009661836	Epidermis (a)	Epidermis (a)
DMSO_64cell_AACGAAACGGTC	4576	12642	DMSO_U0126_64cell_adult2	0.007910141	Epidermis (a)	Epidermis (a)
DMSO_64cell_AACGACCGCTCG	3270	 6613	DMSO_U0126_64cell_adult4	0.015121730	Neural (a)	Neural (a)
DMSO_64cell_AACGATTTCCAA	2787	 5023	DMSO_U0126_64cell_adult6	0.318534740	B7.5	B7.5
DMSO_64cell_AACGCCGAAATG	3345	 6600	DMSO_U0126_64cell_adult5	0.030303030	Endoderm	Endoderm
DMSO_64cell_AACGCGAGTATC	5975	27304	DMSO_U0126_64cell_adult4	0.003662467	B7.3	B7.3
DMSO_64cell_AACGGAGGGAAC	3866	 8469	DMSO_U0126_64cell_adult6	0.011807770	Epidermis (a)	Epidermis (a)
DMSO_64cell_AACGGCTCTGAG	3743	 8112	DMSO_U0126_64cell_adult1	0.024654832	Neural (b)	Neural (b)
DMSO_64cell_AACGGTCAATTC	4353	10752	DMSO_U0126_64cell_adult6	0.037202381	Epidermis (a)	Epidermis (a)
DMSO_64cell_AACGGTTTCAGA	5222	17880	DMSO_U0126_64cell_adult1	0.022371365	Epidermis (b)	Epidermis (b)
DMSO_64cell_AACGTTCCCGAA	4736	13321	DMSO_U0126_64cell_adult2	0.000000000	Epidermis (a)	Epidermis (a)
DMSO_64cell_AACGTTCCGAGG	3064	 5716	DMSO_U0126_64cell_adult1	0.017494752	Epidermis (b)	Epidermis (b)
DMSO_64cell_AACTTTCATGTA	4357	11760	DMSO_U0126_64cell_adult6	0.068027211	Epidermis (a)	Epidermis (a)
DMSO_64cell_AAGAACCAGGTT	4215	10209	DMSO_U0126_64cell_adult5	0.000000000	Endoderm	Endoderm
DMSO_64cell_AAGAAGCCGATA	4753	13859	DMSO_U0126_64cell_adult6	0.093801862	B7.5	B7.5
DMSO_64cell_AAGACAAAAGGA	2246	 3518	DMSO_U0126_64cell_adult6	0.568504832	B7.5	B7.5
DMSO_64cell_AAGACAATGCTT	3628	 7577	DMSO_U0126_64cell_adult1	0.052791342	Epidermis (b)	Epidermis (b)
DMSO_64cell_AAGACCTAGTCA	4832	13441	DMSO_U0126_64cell_adult1	0.156238375	Epidermis (a)	Epidermis (a)
DMSO_64cell_AAGACGGCAGGC	3100	 5797	DMSO_U0126_64cell_adult5	0.017250302	Epidermis (b)	Epidermis (b)
DMSO_64cell_AAGACTCTTGTG	2061	 3181	DMSO_U0126_64cell_adult3	0.094309965	B7.6	B7.6
DMSO_64cell_AAGAGCAGAATA	4111	 9623	DMSO_U0126_64cell_adult5	0.187051855	B7.7	B7.7
DMSO_64cell_AAGATCAATGAG	2369	 3951	DMSO_U0126_64cell_adult1	0.101240192	Neural (A)	Neural (A)
DMSO_64cell_AAGCAGCAGGGT	2439	 4152	DMSO_U0126_64cell_adult5	0.000000000	B7.6	B7.6
DMSO_64cell_AAGCCAGAAACG	4235	10581	DMSO_U0126_64cell_adult3	0.000000000	Epidermis (b)	Epidermis (b)
DMSO_64cell_AAGCCCCTCTCC	4556	11630	DMSO_U0126_64cell_adult3	0.042992261	Epidermis (b)	Epidermis (b)
DMSO_64cell_AAGCGATATAGG	3675	 7680	DMSO_U0126_64cell_adult3	0.091145833	Epidermis (b)	Epidermis (b)
DMSO_64cell_AAGCGCAGGCGG	1958	 3263	DMSO_U0126_64cell_adult3	0.000000000	Epidermis (b)	Epidermis (b)
DMSO_64cell_AAGCGGGGTCCT	4782	13407	DMSO_U0126_64cell_adult6	0.014917580	Neural (b)	Neural (b)
DMSO_64cell_AAGCGTGAGGAG	3338	 6580	DMSO_U0126_64cell_adult4	0.000000000	Epidermis (a)	Epidermis (a)
DMSO_64cell_AAGCGTTCGAGA	2902	 5189	DMSO_U0126_64cell_adult5	0.000000000	Epidermis (a)	Epidermis (a)
DMSO_64cell_AAGGATTGGGCA	3330	 6390	DMSO_U0126_64cell_adult4	0.000000000	Endoderm	Endoderm
DMSO_64cell_AAGGCAGATGGA	3614	 7264	DMSO_U0126_64cell_adult1	0.000000000	Neural (a)	Neural (a)
DMSO_64cell_AAGGCGCAAATA	4707	13345	DMSO_U0126_64cell_adult1	0.000000000	Epidermis (b)	Epidermis (b)
DMSO_64cell_AAGGCTACCGCC	3202	 5868	DMSO_U0126_64cell_adult2	0.051124744	B7.7	B7.7
DMSO_64cell_AAGGCTCTTTTG	3377	 6916	DMSO_U0126_64cell_adult1	0.028918450	Epidermis (a)	Epidermis (a)
DMSO_64cell_AAGGCTTATTGT	4792	13396	DMSO_U0126_64cell_adult4	0.171693043	Epidermis (b)	Epidermis (b)
DMSO_64cell_AAGGGCCGCAAA	4655	13129	DMSO_U0126_64cell_adult2	0.015233453	Neural (A)	Neural (A)
DMSO_64cell_AAGGGCTTTGAC	3757	 7977	DMSO_U0126_64cell_adult2	0.075216247	Epidermis (b)	Epidermis (b)
DMSO_64cell_AAGGGGCCGTAA	3495	 7190	DMSO_U0126_64cell_adult6	0.055632823	B7.5	B7.5
DMSO_64cell_AAGGGGGCTATA	2668	 4381	DMSO_U0126_64cell_adult5	0.000000000	Epidermis (b)	Epidermis (b)
DMSO_64cell_AAGGGTCTCGGA	4234	 9930	DMSO_U0126_64cell_adult3	0.010070493	Epidermis (b)	Epidermis (b)
DMSO_64cell_AAGGTTGAAGCG	3999	 9411	DMSO_U0126_64cell_adult1	0.031877590	B7.3	B7.3
DMSO_64cell_AAGTAACGACTC	5053	17494	DMSO_U0126_64cell_adult1	0.097176175	B7.8	B7.8
DMSO_64cell_AAGTAGGAGGGT	4390	10852	DMSO_U0126_64cell_adult3	0.092148913	B7.8	B7.8
DMSO_64cell_AAGTCCAGCGAC	3563	 7231	DMSO_U0126_64cell_adult5	0.000000000	Epidermis (a)	Epidermis (a)
DMSO_64cell_AAGTGACTCATA	3995	 9223	DMSO_U0126_64cell_adult4	0.032527377	Epidermis (b)	Epidermis (b)
DMSO_64cell_AAGTGCCCATTG	4885	14347	DMSO_U0126_64cell_adult1	0.000000000	Epidermis (b)	Epidermis (b)
DMSO_64cell_AAGTGCTACACA	4519	11860	DMSO_U0126_64cell_adult1	0.000000000	1˚ Notochord	1˚ Notochord
DMSO_64cell_AAGTTCAATTAG	5503	19467	DMSO_U0126_64cell_adult5	0.035958288	Epidermis (b)	Epidermis (b)
DMSO_64cell_AAGTTGAACGGT	2801	 4863	DMSO_U0126_64cell_adult1	0.020563438	Epidermis (b)	Epidermis (b)
DMSO_64cell_AATAACGGTATA	2098	 3084	DMSO_U0126_64cell_adult2	0.194552529	Epidermis (b)	Epidermis (b)
DMSO_64cell_AATAATAACAGA	5344	17936	DMSO_U0126_64cell_adult2	0.289919715	B7.5	B7.5
DMSO_64cell_AATACGGTTGCT	4615	12518	DMSO_U0126_64cell_adult1	0.015976993	Neural (A)	Neural (A)
DMSO_64cell_AATAGTCTTTTA	4324	10479	DMSO_U0126_64cell_adult2	0.448516080	Epidermis (b)	Epidermis (b)
DMSO_64cell_AATCACCCTCGC	4449	11653	DMSO_U0126_64cell_adult4	0.000000000	Epidermis (a)	Epidermis (a)
DMSO_64cell_AATCCCTCTGAA	4285	10653	DMSO_U0126_64cell_adult3	0.075096217	Epidermis (a)	Epidermis (a)
DMSO_64cell_AATCGAAAAAGG	5220	17441	DMSO_U0126_64cell_adult6	0.051602546	B7.7	B7.7
DMSO_64cell_AATCGACAGTAC	2784	 4921	DMSO_U0126_64cell_adult5	0.000000000	Epidermis (a)	Epidermis (a)
DMSO_64cell_AATCGTGATATG	1945	 2924	DMSO_U0126_64cell_adult2	0.410396717	B7.7	B7.7
DMSO_64cell_AATGAGGCCGTG	3413	 6669	DMSO_U0126_64cell_adult1	0.014994752	Epidermis (a)	Epidermis (a)
DMSO_64cell_AATGATACTATC	3647	 7812	DMSO_U0126_64cell_adult5	0.102406554	Epidermis (b)	Epidermis (b)
DMSO_64cell_AATGCAGTTGGT	4593	11897	DMSO_U0126_64cell_adult6	0.016810961	Endoderm	Endoderm
DMSO_64cell_AATGCCGCCCGC	4548	12630	DMSO_U0126_64cell_adult6	0.007917656	Neural (A)	Neural (A)
DMSO_64cell_AATGGTCTAGCG	3946	 8282	DMSO_U0126_64cell_adult2	0.024148756	Epidermis (a)	Epidermis (a)
DMSO_64cell_AATGTCTTAATA	4638	13346	DMSO_U0126_64cell_adult2	0.104900345	Epidermis (b)	Epidermis (b)
DMSO_64cell_AATGTTACTGAT	3925	 8696	DMSO_U0126_64cell_adult6	0.229990800	Epidermis (b)	Epidermis (b)
DMSO_64cell_AATTCCATCAGT	4526	11894	DMSO_U0126_64cell_adult5	0.445602825	B7.8	B7.8
DMSO_64cell_AATTCCTTATAG	3888	 8868	DMSO_U0126_64cell_adult3	0.101488498	Neural (a)	Neural (a)
DMSO_64cell_AATTCGGCCATA	6253	29195	DMSO_U0126_64cell_adult3	0.000000000	Epidermis (b)	Epidermis (b)
DMSO_64cell_AATTGCCGATGT	4477	11021	DMSO_U0126_64cell_adult1	0.000000000	Epidermis (a)	Epidermis (a)
DMSO_64cell_AATTTACGCACG	3455	 7214	DMSO_U0126_64cell_adult3	0.000000000	Endoderm	Endoderm
DMSO_64cell_AATTTATCTGTC	4813	13180	DMSO_U0126_64cell_adult2	0.022761760	Epidermis (a)	Epidermis (a)
DMSO_64cell_AATTTGTCTTTT	4574	12261	DMSO_U0126_64cell_adult6	0.032623766	Endoderm	Endoderm
DMSO_64cell_AATTTTGCACTG	4056	 9467	DMSO_U0126_64cell_adult2	0.021126017	Epidermis (b)	Epidermis (b)
DMSO_64cell_ACAAACACTCTC	3837	 8991	DMSO_U0126_64cell_adult4	0.111222333	Epidermis (a)	Epidermis (a)
DMSO_64cell_ACAACAAGCATT	4308	11727	DMSO_U0126_64cell_adult4	0.034109320	B7.7	B7.7
DMSO_64cell_ACAACGAAGCAT	3466	 7149	DMSO_U0126_64cell_adult5	0.013987970	Epidermis (b)	Epidermis (b)
DMSO_64cell_ACAAGGATGTGA	3727	 7986	DMSO_U0126_64cell_adult2	0.012521913	Epidermis (b)	Epidermis (b)
DMSO_64cell_ACAATAACGTTC	3026	 5471	DMSO_U0126_64cell_adult1	0.146225553	Epidermis (b)	Epidermis (b)
DMSO_64cell_ACAATCTCAGGC	2371	 4208	DMSO_U0126_64cell_adult4	0.000000000	Neural (A)	Neural (A)
DMSO_64cell_ACAATTACCGAG	4679	12799	DMSO_U0126_64cell_adult3	0.054691773	Epidermis (b)	Epidermis (b)
DMSO_64cell_ACACACCGACAT	1973	 2865	DMSO_U0126_64cell_adult2	0.034904014	B7.5	B7.5
DMSO_64cell_ACACATAGAGGT	4847	14121	DMSO_U0126_64cell_adult1	0.297429361	Epidermis (b)	Epidermis (b)
DMSO_64cell_ACACCTCCTAGA	5739	22103	DMSO_U0126_64cell_adult1	0.009048545	Epidermis (a)	Epidermis (a)
DMSO_64cell_ACACGTCAGTGT	3196	 6048	DMSO_U0126_64cell_adult1	0.000000000	A7.6	A7.6
DMSO_64cell_ACACTAAATTGC	6527	34734	DMSO_U0126_64cell_adult4	0.115160937	Neural (A)	Neural (A)
DMSO_64cell_ACACTTGCAAGG	4338	11279	DMSO_U0126_64cell_adult5	0.008866034	Epidermis (b)	Epidermis (b)
DMSO_64cell_ACAGACAAGATC	4683	13965	DMSO_U0126_64cell_adult1	0.085929108	B7.7	B7.7
DMSO_64cell_ACAGACCGGGTA	2384	 3801	DMSO_U0126_64cell_adult1	0.000000000	Epidermis (a)	Epidermis (a)
DMSO_64cell_ACAGATTAGGGC	3381	 6966	DMSO_U0126_64cell_adult4	0.028710881	B7.7	B7.7
DMSO_64cell_ACAGCATATCTT	4635	12244	DMSO_U0126_64cell_adult3	0.098007187	Epidermis (b)	Epidermis (b)
DMSO_64cell_ACAGCCCATAGT	3521	 7147	DMSO_U0126_64cell_adult5	0.013991885	1˚ Notochord	1˚ Notochord
DMSO_64cell_ACAGGAAAGATC	3452	 7046	DMSO_U0126_64cell_adult3	0.156116946	B7.6	B7.6
DMSO_64cell_ACAGGGTTCGAC	3351	 6624	DMSO_U0126_64cell_adult3	0.015096618	Epidermis (a)	Epidermis (a)
DMSO_64cell_ACAGTTAATCAA	5195	16512	DMSO_U0126_64cell_adult2	0.006056202	Epidermis (b)	Epidermis (b)
DMSO_64cell_ACATAGTACCAC	3469	 6948	DMSO_U0126_64cell_adult3	0.172711572	Epidermis (b)	Epidermis (b)
DMSO_64cell_ACATATCAAATC	3924	 9067	DMSO_U0126_64cell_adult2	0.176464101	Epidermis (b)	Epidermis (b)
DMSO_64cell_ACATCGCCGTAA	3487	 8167	DMSO_U0126_64cell_adult2	0.048977593	B7.8	B7.8
DMSO_64cell_ACATGACTCAAC	3776	 8644	DMSO_U0126_64cell_adult5	0.000000000	Epidermis (b)	Epidermis (b)
DMSO_64cell_ACATGATACTTT	5289	18589	DMSO_U0126_64cell_adult3	0.129108613	B7.4	B7.4
DMSO_64cell_ACATTAATTAGG	3219	 6614	DMSO_U0126_64cell_adult4	0.090716662	Epidermis (b)	Epidermis (b)
DMSO_64cell_ACATTATATACC	2860	 5025	DMSO_U0126_64cell_adult2	0.656716418	B7.6	B7.6
DMSO_64cell_ACATTTCAATGC	3963	 8923	DMSO_U0126_64cell_adult4	0.022413986	Epidermis (b)	Epidermis (b)
DMSO_64cell_ACATTTGTTGTG	4595	12268	DMSO_U0126_64cell_adult3	0.048907727	B7.5	B7.5
DMSO_64cell_ACCACCAGGGCA	2916	 5298	DMSO_U0126_64cell_adult1	0.000000000	Endoderm	Endoderm
DMSO_64cell_ACCACCTCTAAT	3339	 6503	DMSO_U0126_64cell_adult3	0.000000000	Endoderm	Endoderm
DMSO_64cell_ACCACTAGGACG	3297	 6259	DMSO_U0126_64cell_adult3	0.079884966	Neural (a)	Neural (a)
DMSO_64cell_ACCACTAGGATA	2795	 4863	DMSO_U0126_64cell_adult3	0.246761258	Epidermis (b)	Epidermis (b)
DMSO_64cell_ACCAGTAAATGG	3034	 5476	DMSO_U0126_64cell_adult2	0.018261505	Epidermis (b)	Epidermis (b)
DMSO_64cell_ACCAGTATAATA	2672	 4508	DMSO_U0126_64cell_adult1	0.221827862	1˚ Notochord	1˚ Notochord
DMSO_64cell_ACCATCCGAATA	3869	 9029	DMSO_U0126_64cell_adult4	0.155055931	Epidermis (a)	Epidermis (a)
DMSO_64cell_ACCATCCTAGGA	4247	10166	DMSO_U0126_64cell_adult3	0.078693685	Epidermis (a)	Epidermis (a)
DMSO_64cell_ACCATCTTCGAA	2258	 3979	DMSO_U0126_64cell_adult5	0.125659713	B7.6	B7.6
DMSO_64cell_ACCATTGCATCT	4830	13622	DMSO_U0126_64cell_adult3	0.080751725	Neural (A)	Neural (A)
DMSO_64cell_ACCCAGGTATGA	1974	 2959	DMSO_U0126_64cell_adult6	0.270361609	B7.5	B7.5
DMSO_64cell_ACCCCATCGGTC	5876	25204	DMSO_U0126_64cell_adult1	0.071417235	B7.3	B7.3
DMSO_64cell_ACCCCCCAATTC	5682	22288	DMSO_U0126_64cell_adult5	0.026920316	Neural (A)	Neural (A)
DMSO_64cell_ACCCCGGCCCAA	3847	 9052	DMSO_U0126_64cell_adult2	0.000000000	Epidermis (b)	Epidermis (b)
DMSO_64cell_ACCCCGGTCCCG	3480	 7553	DMSO_U0126_64cell_adult3	0.000000000	Epidermis (a)	Epidermis (a)
DMSO_64cell_ACCCGCAGGTGT	3957	 8935	DMSO_U0126_64cell_adult3	0.011191942	Epidermis (b)	Epidermis (b)
DMSO_64cell_ACCCGCTCTAAC	5041	16009	DMSO_U0126_64cell_adult3	0.012492973	B7.3	B7.3
DMSO_64cell_ACCCGTCATCTT	2088	 3230	DMSO_U0126_64cell_adult3	0.000000000	Neural (a)	Neural (a)
DMSO_64cell_ACCCGTCCGCCG	3282	 6589	DMSO_U0126_64cell_adult5	0.000000000	Epidermis (a)	Epidermis (a)
DMSO_64cell_ACCCTGCTCCTG	4581	12292	DMSO_U0126_64cell_adult5	0.000000000	Epidermis (b)	Epidermis (b)
DMSO_64cell_ACCCTGTATCAC	4390	11009	DMSO_U0126_64cell_adult6	0.081751294	Neural (a)	Neural (a)
DMSO_64cell_ACCGACTGCGAT	3531	 7503	DMSO_U0126_64cell_adult2	0.013328002	Endoderm	Endoderm
DMSO_64cell_ACCGAGAGCAGC	3734	 8392	DMSO_U0126_64cell_adult5	0.000000000	Epidermis (a)	Epidermis (a)
DMSO_64cell_ACCGAGTAATCA	4776	13831	DMSO_U0126_64cell_adult2	0.007230135	Neural (A)	Neural (A)
DMSO_64cell_ACCGCGCCACTG	4192	10310	DMSO_U0126_64cell_adult5	0.000000000	Neural (a)	Neural (a)
DMSO_64cell_ACCGCGGAAGGA	3987	 9308	DMSO_U0126_64cell_adult4	0.000000000	Epidermis (a)	Epidermis (a)
DMSO_64cell_ACCGCTCGCAAG	3330	 6487	DMSO_U0126_64cell_adult1	0.000000000	Epidermis (a)	Epidermis (a)
DMSO_64cell_ACCGGGTTAATA	3693	 7905	DMSO_U0126_64cell_adult2	0.025300443	Epidermis (a)	Epidermis (a)
DMSO_64cell_ACCGGTCATGAC	4015	 9541	DMSO_U0126_64cell_adult6	0.052405408	Neural (A)	Neural (A)
DMSO_64cell_ACCGGTGCTTCA	4160	10379	DMSO_U0126_64cell_adult6	0.057809037	B7.5	B7.5
DMSO_64cell_ACCGTACTCGTA	4662	12912	DMSO_U0126_64cell_adult1	0.015489467	Neural (A)	Neural (A)
DMSO_64cell_ACCGTTTATGTC	4220	10171	DMSO_U0126_64cell_adult1	0.127814374	A7.6	A7.6
DMSO_64cell_ACCTACCTGGGA	4093	 9455	DMSO_U0126_64cell_adult3	0.021152829	1˚ Notochord	1˚ Notochord
DMSO_64cell_ACCTACTCGTCA	4501	11674	DMSO_U0126_64cell_adult1	0.059962309	Neural (A)	Neural (A)
DMSO_64cell_ACCTATGGTGCC	2444	 3769	DMSO_U0126_64cell_adult2	0.000000000	Epidermis (a)	Epidermis (a)
DMSO_64cell_ACCTCACTCTCA	5364	17149	DMSO_U0126_64cell_adult2	0.011662488	Epidermis (b)	Epidermis (b)
DMSO_64cell_ACCTGAGCACAC	5170	16726	DMSO_U0126_64cell_adult5	0.011957432	Neural (A)	Neural (A)
DMSO_64cell_ACCTGGCGGCTC	4453	12530	DMSO_U0126_64cell_adult1	0.000000000	Neural (A)	Neural (A)
DMSO_64cell_ACCTGTGCATGT	4345	10837	DMSO_U0126_64cell_adult6	0.027682938	Neural (a)	Neural (a)
DMSO_64cell_ACCTTACCGTGT	5118	15941	DMSO_U0126_64cell_adult5	0.031365661	B7.3	B7.3
DMSO_64cell_ACCTTCAACGCT	2115	 3331	DMSO_U0126_64cell_adult5	0.000000000	Epidermis (a)	Epidermis (a)
DMSO_64cell_ACCTTGCCTTAG	3084	 5925	DMSO_U0126_64cell_adult4	0.000000000	Epidermis (b)	Epidermis (b)
DMSO_64cell_ACCTTTCATGCC	4863	13541	DMSO_U0126_64cell_adult3	0.007384979	Epidermis (a)	Epidermis (a)
DMSO_64cell_ACCTTTGCTAGG	2867	 5196	DMSO_U0126_64cell_adult5	0.000000000	Neural (a)	Neural (a)
DMSO_64cell_ACGAAAAACAGG	4328	10757	DMSO_U0126_64cell_adult5	0.000000000	Epidermis (a)	Epidermis (a)
DMSO_64cell_ACGAAAACGAAT	2182	 3425	DMSO_U0126_64cell_adult2	0.496350365	Epidermis (b)	Epidermis (b)
DMSO_64cell_ACGAAGGTGCTA	2540	 4153	DMSO_U0126_64cell_adult2	0.048157958	Epidermis (b)	Epidermis (b)
DMSO_64cell_ACGAATGCACGC	3522	 7198	DMSO_U0126_64cell_adult2	0.055570992	Epidermis (b)	Epidermis (b)
DMSO_64cell_ACGAGAACCGCA	3215	 6291	DMSO_U0126_64cell_adult2	0.031791448	B7.6	B7.6
DMSO_64cell_ACGAGACATGCG	4956	14214	DMSO_U0126_64cell_adult6	0.007035317	Neural (b)	Neural (b)
DMSO_64cell_ACGAGACGTTAT	3729	 7981	DMSO_U0126_64cell_adult3	0.062648791	Epidermis (b)	Epidermis (b)
DMSO_64cell_ACGAGCTTTCCC	3119	 6024	DMSO_U0126_64cell_adult6	0.049800797	A7.6	A7.6
DMSO_64cell_ACGAGGCAGATA	2206	 3266	DMSO_U0126_64cell_adult2	0.000000000	1˚ Notochord	1˚ Notochord
DMSO_64cell_ACGATACGAGAC	4269	10314	DMSO_U0126_64cell_adult3	0.000000000	Epidermis (a)	Epidermis (a)
DMSO_64cell_ACGCAGATAGGA	5264	17206	DMSO_U0126_64cell_adult5	0.046495409	Endoderm	Endoderm
DMSO_64cell_ACGCAGTAAATG	3236	 6496	DMSO_U0126_64cell_adult5	0.477216749	B7.8	B7.8
DMSO_64cell_ACGCAGTCGCTA	4352	10743	DMSO_U0126_64cell_adult3	0.027925161	Neural (b)	Neural (b)
DMSO_64cell_ACGCATCGGAGC	5317	17569	DMSO_U0126_64cell_adult3	0.005691844	Endoderm	Endoderm
DMSO_64cell_ACGCCACGAACG	5980	25296	DMSO_U0126_64cell_adult3	0.000000000	Epidermis (b)	Epidermis (b)
DMSO_64cell_ACGCCTGCCTAT	3909	 8931	DMSO_U0126_64cell_adult5	0.000000000	Epidermis (a)	Epidermis (a)
DMSO_64cell_ACGCGTTGTGGT	4024	 8895	DMSO_U0126_64cell_adult2	0.000000000	Neural (a)	Neural (a)
DMSO_64cell_ACGCTCCGTACT	3887	 8771	DMSO_U0126_64cell_adult1	0.011401209	Epidermis (b)	Epidermis (b)
DMSO_64cell_ACGCTGCCGGAG	4931	13823	DMSO_U0126_64cell_adult6	0.007234320	Neural (b)	Neural (b)
DMSO_64cell_ACGCTGTATGCT	4367	11326	DMSO_U0126_64cell_adult4	0.026487727	Epidermis (b)	Epidermis (b)
DMSO_64cell_ACGCTTCTCTCA	4371	10813	DMSO_U0126_64cell_adult5	0.027744382	Epidermis (b)	Epidermis (b)
DMSO_64cell_ACGGAAAGGTAG	4420	11220	DMSO_U0126_64cell_adult1	0.035650624	Epidermis (b)	Epidermis (b)
DMSO_64cell_ACGGAAGATCAA	2101	 3202	DMSO_U0126_64cell_adult2	0.281074329	B7.6	B7.6
DMSO_64cell_ACGGAAGTAGCC	3562	 7636	DMSO_U0126_64cell_adult5	0.091671032	B7.5	B7.5
DMSO_64cell_ACGGCCAGCGGG	3759	 8063	DMSO_U0126_64cell_adult2	0.074413990	B7.6	B7.6
DMSO_64cell_ACGGCTTGTTAC	4235	10292	DMSO_U0126_64cell_adult6	0.029148853	Epidermis (b)	Epidermis (b)
DMSO_64cell_ACGGGACCCGAG	3357	 6642	DMSO_U0126_64cell_adult4	0.000000000	Epidermis (a)	Epidermis (a)
DMSO_64cell_ACGGGGTTCAGT	2962	 5334	DMSO_U0126_64cell_adult3	0.000000000	Epidermis (a)	Epidermis (a)
DMSO_64cell_ACGGTCTCTACC	4472	10794	DMSO_U0126_64cell_adult2	0.000000000	Epidermis (b)	Epidermis (b)
DMSO_64cell_ACGTAGTTACTA	5219	17030	DMSO_U0126_64cell_adult4	0.217263652	Neural (A)	Neural (A)
DMSO_64cell_ACGTGACTTTCT	5092	16591	DMSO_U0126_64cell_adult4	0.006027364	Epidermis (b)	Epidermis (b)
DMSO_64cell_ACGTTTAAACCA	3381	 7342	DMSO_U0126_64cell_adult5	0.694633615	B7.6	B7.6
DMSO_64cell_ACGTTTACGCCA	4008	 9188	DMSO_U0126_64cell_adult5	0.010883761	Epidermis (b)	Epidermis (b)
DMSO_64cell_ACTAACAAGTTA	5527	20343	DMSO_U0126_64cell_adult4	0.521063757	Epidermis (b)	Epidermis (b)
DMSO_64cell_ACTACCAGCCGA	5757	22138	DMSO_U0126_64cell_adult1	0.004517120	Neural (A)	Neural (A)
DMSO_64cell_ACTAGTAGCGGG	3433	 6819	DMSO_U0126_64cell_adult5	0.000000000	Epidermis (b)	Epidermis (b)
DMSO_64cell_ACTATAAATACT	3868	 8452	DMSO_U0126_64cell_adult3	0.875532418	B7.5	B7.5
DMSO_64cell_ACTATATGTCCC	2686	 4526	DMSO_U0126_64cell_adult2	0.022094565	Epidermis (b)	Epidermis (b)
DMSO_64cell_ACTCAACTAATT	5238	16261	DMSO_U0126_64cell_adult1	0.166041449	Epidermis (b)	Epidermis (b)
DMSO_64cell_ACTCAAGGAAGC	4390	11467	DMSO_U0126_64cell_adult5	0.008720677	Epidermis (a)	Epidermis (a)
DMSO_64cell_ACTCAGACTGAC	3890	 8659	DMSO_U0126_64cell_adult1	0.000000000	Epidermis (b)	Epidermis (b)
DMSO_64cell_ACTCATTTACAG	3418	 6862	DMSO_U0126_64cell_adult4	0.116584086	Epidermis (b)	Epidermis (b)
DMSO_64cell_ACTCCAGTATGT	4299	10238	DMSO_U0126_64cell_adult2	0.175815589	Epidermis (b)	Epidermis (b)
DMSO_64cell_ACTCCGTTTCGA	3861	 9013	DMSO_U0126_64cell_adult4	0.044380340	Epidermis (a)	Epidermis (a)
DMSO_64cell_ACTCGATGCCTG	2482	 4068	DMSO_U0126_64cell_adult3	0.098328417	Endoderm	Endoderm
DMSO_64cell_ACTCGGCTTAGC	4958	14832	DMSO_U0126_64cell_adult1	0.000000000	Neural (A)	Neural (A)
DMSO_64cell_ACTCGGGGTAGA	4141	 9573	DMSO_U0126_64cell_adult2	0.031338139	B7.7	B7.7
DMSO_64cell_ACTCGTTAGGAT	2983	 5242	DMSO_U0126_64cell_adult2	0.000000000	Epidermis (a)	Epidermis (a)
DMSO_64cell_ACTCGTTGGTCT	5148	16343	DMSO_U0126_64cell_adult6	0.000000000	Endoderm	Endoderm
DMSO_64cell_ACTCTTCACCAC	3807	 8915	DMSO_U0126_64cell_adult1	0.022434100	B7.3	B7.3
DMSO_64cell_ACTGACTATTTT	5440	18028	DMSO_U0126_64cell_adult5	0.205236299	Epidermis (b)	Epidermis (b)
DMSO_64cell_ACTGAGCTACTA	2652	 4465	DMSO_U0126_64cell_adult3	0.000000000	1˚ Notochord	1˚ Notochord
DMSO_64cell_ACTGAGTTTTCC	2430	 4244	DMSO_U0126_64cell_adult6	0.000000000	Epidermis (b)	Epidermis (b)
DMSO_64cell_ACTGATAGAATT	2210	 3515	DMSO_U0126_64cell_adult6	0.000000000	Epidermis (b)	Epidermis (b)
DMSO_64cell_ACTGATCGCGCC	4393	11324	DMSO_U0126_64cell_adult3	0.008830802	Epidermis (b)	Epidermis (b)
DMSO_64cell_ACTGCACTCTTG	3929	 8533	DMSO_U0126_64cell_adult4	0.000000000	Neural (b)	Neural (b)
DMSO_64cell_ACTGGACCCTGA	3110	 5851	DMSO_U0126_64cell_adult5	0.017091096	Epidermis (a)	Epidermis (a)
DMSO_64cell_ACTTACACCAAT	3659	 8067	DMSO_U0126_64cell_adult1	0.099169456	Epidermis (b)	Epidermis (b)
DMSO_64cell_ACTTCGCGGTCA	3989	 9414	DMSO_U0126_64cell_adult2	0.042489909	Epidermis (b)	Epidermis (b)
DMSO_64cell_ACTTCTGCGTGA	3756	 8163	DMSO_U0126_64cell_adult4	0.000000000	Epidermis (b)	Epidermis (b)
DMSO_64cell_AGAAAACACGAG	3318	 6538	DMSO_U0126_64cell_adult1	0.076475987	Epidermis (b)	Epidermis (b)
DMSO_64cell_AGAACTCGGTTT	4050	 9257	DMSO_U0126_64cell_adult1	0.021605272	1˚ Notochord	1˚ Notochord
DMSO_64cell_AGAATATCACAA	4850	13180	DMSO_U0126_64cell_adult1	0.060698027	Epidermis (a)	Epidermis (a)
DMSO_64cell_AGACAACTAGAT	1887	 2770	DMSO_U0126_64cell_adult2	0.000000000	Epidermis (b)	Epidermis (b)
DMSO_64cell_AGACAGCCACAT	3735	 8322	DMSO_U0126_64cell_adult2	0.012016342	Epidermis (b)	Epidermis (b)
DMSO_64cell_AGACAGGGTGAA	3972	 8975	DMSO_U0126_64cell_adult1	0.033426184	1˚ Notochord	1˚ Notochord
DMSO_64cell_AGACATAATCGT	3288	 6305	DMSO_U0126_64cell_adult2	0.063441713	Epidermis (a)	Epidermis (a)
DMSO_64cell_AGACATCCCCTA	4106	 9912	DMSO_U0126_64cell_adult6	0.040355125	Epidermis (a)	Epidermis (a)
DMSO_64cell_AGACCACGTAGT	2935	 5509	DMSO_U0126_64cell_adult4	0.036304229	Epidermis (b)	Epidermis (b)
DMSO_64cell_AGACCATTGTCG	3696	 7726	DMSO_U0126_64cell_adult3	0.025886617	Endoderm	Endoderm
DMSO_64cell_AGACCCATGCAA	3274	 6510	DMSO_U0126_64cell_adult6	0.015360983	Endoderm	Endoderm
DMSO_64cell_AGACCGACGCTG	3949	 8960	DMSO_U0126_64cell_adult6	0.000000000	Epidermis (a)	Epidermis (a)
DMSO_64cell_AGACCTGGTTCG	3697	 8384	DMSO_U0126_64cell_adult3	0.000000000	B7.7	B7.7
DMSO_64cell_AGACTGCATAAT	5096	15470	DMSO_U0126_64cell_adult5	0.045248869	Neural (a)	Neural (a)
DMSO_64cell_AGAGACGAAGTG	5000	15124	DMSO_U0126_64cell_adult1	0.006612007	Epidermis (b)	Epidermis (b)
DMSO_64cell_AGAGAGGCCCCG	4967	15234	DMSO_U0126_64cell_adult3	0.000000000	Epidermis (b)	Epidermis (b)
DMSO_64cell_AGAGCACTCTCC	4647	13367	DMSO_U0126_64cell_adult5	0.007481110	Neural (b)	Neural (b)
DMSO_64cell_AGAGCTAGTGAC	2012	 2917	DMSO_U0126_64cell_adult6	0.068563593	Neural (a)	Neural (a)
DMSO_64cell_AGAGCTGAAATG	5040	14856	DMSO_U0126_64cell_adult3	0.000000000	Endoderm	Endoderm
DMSO_64cell_AGAGGTAGCGAC	2352	 3849	DMSO_U0126_64cell_adult5	0.129903871	B7.5	B7.5
DMSO_64cell_AGAGTATAATAG	2336	 3840	DMSO_U0126_64cell_adult4	0.052083333	Neural (a)	Neural (a)
DMSO_64cell_AGAGTATACTAT	2572	 4398	DMSO_U0126_64cell_adult1	0.045475216	Epidermis (b)	Epidermis (b)
DMSO_64cell_AGATGCCAAAAA	2705	 4508	DMSO_U0126_64cell_adult2	0.022182786	Epidermis (b)	Epidermis (b)
DMSO_64cell_AGATTCCATATG	3918	 8814	DMSO_U0126_64cell_adult2	0.079419106	Epidermis (b)	Epidermis (b)
DMSO_64cell_AGATTGGCAATC	4624	11745	DMSO_U0126_64cell_adult3	0.025542784	Epidermis (b)	Epidermis (b)
DMSO_64cell_AGATTTGCGAAT	3003	 5481	DMSO_U0126_64cell_adult4	0.182448458	B7.7	B7.7
DMSO_64cell_AGATTTGCTTCA	3806	 8117	DMSO_U0126_64cell_adult5	0.012319823	1˚ Notochord	1˚ Notochord
DMSO_64cell_AGCAAGTTTATA	4353	11411	DMSO_U0126_64cell_adult4	0.525808430	B7.4	B7.4
DMSO_64cell_AGCAATTTAGTC	4911	13412	DMSO_U0126_64cell_adult2	0.067104086	Endoderm	Endoderm
DMSO_64cell_AGCACATGTGAC	6242	28049	DMSO_U0126_64cell_adult2	0.000000000	Neural (a)	Neural (a)
DMSO_64cell_AGCACCACTAAC	3639	 7949	DMSO_U0126_64cell_adult1	0.000000000	B7.7	B7.7
DMSO_64cell_AGCACCGGCGAT	5480	18934	DMSO_U0126_64cell_adult1	0.010563008	Epidermis (a)	Epidermis (a)
DMSO_64cell_AGCACCGTGAGA	2228	 3527	DMSO_U0126_64cell_adult2	0.198468954	B7.7	B7.7
DMSO_64cell_AGCACTCCACCG	2543	 4169	DMSO_U0126_64cell_adult4	0.000000000	1˚ Notochord	1˚ Notochord
DMSO_64cell_AGCAGGCGAAGT	3519	 7309	DMSO_U0126_64cell_adult1	0.000000000	Epidermis (a)	Epidermis (a)
DMSO_64cell_AGCATCGGGGGC	2161	 3363	DMSO_U0126_64cell_adult3	0.000000000	B7.7	B7.7
DMSO_64cell_AGCCAATATGTG	3156	 5883	DMSO_U0126_64cell_adult2	0.016998130	Endoderm	Endoderm
DMSO_64cell_AGCCACCTCTAT	3544	 7384	DMSO_U0126_64cell_adult1	0.000000000	Epidermis (a)	Epidermis (a)
DMSO_64cell_AGCCCAGATCGA	3920	 8565	DMSO_U0126_64cell_adult1	0.023350846	Epidermis (a)	Epidermis (a)
DMSO_64cell_AGCCCATGGCCT	4377	11344	DMSO_U0126_64cell_adult6	0.026445698	Neural (A)	Neural (A)
DMSO_64cell_AGCCGAAGTAAA	3957	 8822	DMSO_U0126_64cell_adult2	0.045341192	Neural (a)	Neural (a)
DMSO_64cell_AGCCGACGTAAA	4414	11944	DMSO_U0126_64cell_adult1	0.000000000	A7.6	A7.6
DMSO_64cell_AGCCGAGTGAGC	4860	14834	DMSO_U0126_64cell_adult5	0.013482540	B7.3	B7.3
DMSO_64cell_AGCCGGACAAAG	4484	11584	DMSO_U0126_64cell_adult3	0.008632597	Epidermis (a)	Epidermis (a)
DMSO_64cell_AGCCGGTAAGCG	3364	 6598	DMSO_U0126_64cell_adult4	0.030312216	1˚ Notochord	1˚ Notochord
DMSO_64cell_AGCCGGTAGTGT	3590	 8334	DMSO_U0126_64cell_adult1	0.011999040	B7.3	B7.3
DMSO_64cell_AGCCTGCAACCT	2883	 5370	DMSO_U0126_64cell_adult5	0.000000000	B7.6	B7.6
DMSO_64cell_AGCGAAGCTCAA	2826	 4796	DMSO_U0126_64cell_adult3	0.041701418	Epidermis (b)	Epidermis (b)
DMSO_64cell_AGCGAGACCTGT	3038	 5555	DMSO_U0126_64cell_adult3	0.018001800	Epidermis (b)	Epidermis (b)
DMSO_64cell_AGCGAGTCCAAC	3309	 6357	DMSO_U0126_64cell_adult2	0.031461381	Neural (b)	Neural (b)
DMSO_64cell_AGCGATACATTG	5050	14888	DMSO_U0126_64cell_adult3	0.020150457	Epidermis (b)	Epidermis (b)
DMSO_64cell_AGCGGCATTCGG	4013	 9568	DMSO_U0126_64cell_adult5	0.010451505	Epidermis (a)	Epidermis (a)
DMSO_64cell_AGCGGCTAGTTA	2863	 5239	DMSO_U0126_64cell_adult1	0.000000000	Endoderm	Endoderm
DMSO_64cell_AGCGGGGAACTA	4093	 9698	DMSO_U0126_64cell_adult3	0.000000000	Epidermis (a)	Epidermis (a)
DMSO_64cell_AGCGTTCACGGA	3450	 6999	DMSO_U0126_64cell_adult4	0.014287755	Epidermis (a)	Epidermis (a)
DMSO_64cell_AGCGTTCTGTAG	1757	 2671	DMSO_U0126_64cell_adult5	0.000000000	Epidermis (b)	Epidermis (b)
DMSO_64cell_AGCTAACAGTGT	4407	11119	DMSO_U0126_64cell_adult3	0.026980844	Neural (A)	Neural (A)
DMSO_64cell_AGCTACCCTCCA	2258	 3667	DMSO_U0126_64cell_adult1	0.000000000	Epidermis (a)	Epidermis (a)
DMSO_64cell_AGCTAGGTTCGA	5471	18279	DMSO_U0126_64cell_adult3	0.005470759	Epidermis (a)	Epidermis (a)
DMSO_64cell_AGCTCCCACACT	4378	11679	DMSO_U0126_64cell_adult1	0.000000000	B7.7	B7.7
DMSO_64cell_AGCTCTTCGGGG	3509	 7358	DMSO_U0126_64cell_adult1	0.054362599	Neural (b)	Neural (b)
DMSO_64cell_AGCTGGAAGGGA	5837	22372	DMSO_U0126_64cell_adult6	0.000000000	Epidermis (b)	Epidermis (b)
DMSO_64cell_AGCTTCCTCTAA	2887	 5609	DMSO_U0126_64cell_adult4	0.017828490	Epidermis (b)	Epidermis (b)
DMSO_64cell_AGGAAGATGTAG	3698	 8037	DMSO_U0126_64cell_adult1	0.298618888	Epidermis (b)	Epidermis (b)
DMSO_64cell_AGGAAGGGGACG	3649	 7626	DMSO_U0126_64cell_adult1	0.039339103	Epidermis (b)	Epidermis (b)
DMSO_64cell_AGGAGACTTATG	1997	 3169	DMSO_U0126_64cell_adult3	0.410224045	Epidermis (b)	Epidermis (b)
DMSO_64cell_AGGAGAGGGTCG	3393	 6621	DMSO_U0126_64cell_adult3	0.015103459	B7.7	B7.7
DMSO_64cell_AGGAGCACCGTA	2421	 4054	DMSO_U0126_64cell_adult1	0.000000000	Epidermis (b)	Epidermis (b)
DMSO_64cell_AGGAGCCTGAAA	4334	11010	DMSO_U0126_64cell_adult5	0.009082652	A7.6	A7.6
DMSO_64cell_AGGAGTCAATCG	4301	10868	DMSO_U0126_64cell_adult6	0.018402650	Epidermis (b)	Epidermis (b)
DMSO_64cell_AGGATGGTGCTG	3210	 5832	DMSO_U0126_64cell_adult3	0.017146776	Epidermis (b)	Epidermis (b)
DMSO_64cell_AGGATTCGTGCT	3226	 6435	DMSO_U0126_64cell_adult3	0.015540016	B7.3	B7.3
DMSO_64cell_AGGATTGTGGTT	5325	17178	DMSO_U0126_64cell_adult3	0.058213995	Neural (A)	Neural (A)
DMSO_64cell_AGGATTTCATCA	5738	21308	DMSO_U0126_64cell_adult2	0.014079219	Endoderm	Endoderm
DMSO_64cell_AGGCACTGCGCT	3732	 8028	DMSO_U0126_64cell_adult5	0.024912805	Endoderm	Endoderm
DMSO_64cell_AGGCAGTTACCA	3563	 7152	DMSO_U0126_64cell_adult3	0.083892617	Neural (a)	Neural (a)
DMSO_64cell_AGGCATCATGAG	2834	 5364	DMSO_U0126_64cell_adult3	0.000000000	Epidermis (b)	Epidermis (b)
DMSO_64cell_AGGCCGATGCCC	3884	 8726	DMSO_U0126_64cell_adult4	0.022920009	Neural (a)	Neural (a)
DMSO_64cell_AGGCTGGAGCTC	3196	 6321	DMSO_U0126_64cell_adult4	0.015820282	Epidermis (a)	Epidermis (a)
DMSO_64cell_AGGCTTAGAACG	3124	 6020	DMSO_U0126_64cell_adult6	0.033222591	B7.5	B7.5
DMSO_64cell_AGGGACGCTCCA	1775	 2633	DMSO_U0126_64cell_adult5	0.075958982	Epidermis (b)	Epidermis (b)
DMSO_64cell_AGGGATATCAGG	4198	10523	DMSO_U0126_64cell_adult1	0.028508980	Neural (A)	Neural (A)
DMSO_64cell_AGGGCACTTTGC	2911	 5268	DMSO_U0126_64cell_adult5	0.018982536	Epidermis (b)	Epidermis (b)
DMSO_64cell_AGGGCGTACATA	2114	 3173	DMSO_U0126_64cell_adult5	0.031515916	Neural (a)	Neural (a)
DMSO_64cell_AGGGGGCCTTAA	4382	10548	DMSO_U0126_64cell_adult3	0.009480470	Neural (A)	Neural (A)
DMSO_64cell_AGGGTCATATAA	2269	 3561	DMSO_U0126_64cell_adult6	0.196573996	B7.5	B7.5
DMSO_64cell_AGGGTTAAGGTC	2816	 4824	DMSO_U0126_64cell_adult4	0.082918740	B7.6	B7.6
DMSO_64cell_AGGTCAGCACAA	4905	14603	DMSO_U0126_64cell_adult1	0.020543724	B7.3	B7.3
DMSO_64cell_AGGTCCCGGACA	4172	10433	DMSO_U0126_64cell_adult3	0.009584971	A7.6	A7.6
DMSO_64cell_AGGTCCGCGCTA	3095	 5437	DMSO_U0126_64cell_adult2	0.000000000	Neural (a)	Neural (a)
DMSO_64cell_AGGTGCAACGGG	2596	 4332	DMSO_U0126_64cell_adult4	0.000000000	Epidermis (b)	Epidermis (b)
DMSO_64cell_AGGTGTTACCCA	2580	 4392	DMSO_U0126_64cell_adult2	0.022768670	B7.7	B7.7
DMSO_64cell_AGGTGTTCGCCG	3597	 7827	DMSO_U0126_64cell_adult6	0.000000000	Epidermis (a)	Epidermis (a)
DMSO_64cell_AGGTGTTCTCTA	4389	10819	DMSO_U0126_64cell_adult1	0.009242998	Neural (a)	Neural (a)
DMSO_64cell_AGGTTCGCTCGA	3569	 7272	DMSO_U0126_64cell_adult1	0.000000000	Epidermis (a)	Epidermis (a)
DMSO_64cell_AGTAACTCGGAA	4525	11437	DMSO_U0126_64cell_adult2	0.026230655	Epidermis (b)	Epidermis (b)
DMSO_64cell_AGTAAGTTCTTC	2872	 5380	DMSO_U0126_64cell_adult2	0.111524164	Epidermis (b)	Epidermis (b)
DMSO_64cell_AGTACACCCGGC	4632	12869	DMSO_U0126_64cell_adult2	0.000000000	A7.6	A7.6
DMSO_64cell_AGTACGCCGCCT	4722	13046	DMSO_U0126_64cell_adult2	0.000000000	Epidermis (a)	Epidermis (a)
DMSO_64cell_AGTAGTCTCGGC	2441	 4156	DMSO_U0126_64cell_adult4	0.024061598	B7.8	B7.8
DMSO_64cell_AGTAGTTGTAGT	3766	 8043	DMSO_U0126_64cell_adult6	0.024866343	Epidermis (a)	Epidermis (a)
DMSO_64cell_AGTATAAAATCA	2927	 5390	DMSO_U0126_64cell_adult1	0.222634508	B7.8	B7.8
DMSO_64cell_AGTATCAGCAGG	2968	 5410	DMSO_U0126_64cell_adult4	0.203327172	B7.5	B7.5
DMSO_64cell_AGTATGGATACT	2906	 5169	DMSO_U0126_64cell_adult5	0.116076611	Epidermis (a)	Epidermis (a)
DMSO_64cell_AGTCACGTGCGG	2795	 5128	DMSO_U0126_64cell_adult1	0.000000000	Epidermis (b)	Epidermis (b)
DMSO_64cell_AGTCATGCGATA	2902	 5259	DMSO_U0126_64cell_adult4	0.133105153	Epidermis (b)	Epidermis (b)
DMSO_64cell_AGTCATTCGCCT	4920	14276	DMSO_U0126_64cell_adult4	0.000000000	Epidermis (b)	Epidermis (b)
DMSO_64cell_AGTCCCGTCGGG	2900	 5265	DMSO_U0126_64cell_adult3	0.000000000	Epidermis (b)	Epidermis (b)
DMSO_64cell_AGTCCCGTTTGT	3373	 6498	DMSO_U0126_64cell_adult5	0.000000000	1˚ Notochord	1˚ Notochord
DMSO_64cell_AGTCCTGAGCGC	2946	 5369	DMSO_U0126_64cell_adult5	0.000000000	Neural (a)	Neural (a)
DMSO_64cell_AGTGAGTTGCTT	4441	11019	DMSO_U0126_64cell_adult5	0.027225701	Epidermis (b)	Epidermis (b)
DMSO_64cell_AGTGATACGAAT	3176	 6373	DMSO_U0126_64cell_adult1	0.015691197	Epidermis (a)	Epidermis (a)
DMSO_64cell_AGTTAACCGACC	3697	 8066	DMSO_U0126_64cell_adult6	0.024795438	Endoderm	Endoderm
DMSO_64cell_AGTTAACGTTTT	4350	10632	DMSO_U0126_64cell_adult1	0.141083521	Epidermis (a)	Epidermis (a)
DMSO_64cell_AGTTCCAGTAGG	4377	11194	DMSO_U0126_64cell_adult3	0.000000000	B7.3	B7.3
DMSO_64cell_AGTTCTATCTTT	4499	11674	DMSO_U0126_64cell_adult1	0.316943635	B7.5	B7.5
DMSO_64cell_AGTTGGCATAGC	4738	13790	DMSO_U0126_64cell_adult1	0.050761421	B7.8	B7.8
DMSO_64cell_AGTTGTTTTTTG	6407	31796	DMSO_U0126_64cell_adult1	0.018870298	B7.7	B7.7
DMSO_64cell_AGTTTACGGGCT	2142	 3324	DMSO_U0126_64cell_adult1	0.030084236	Epidermis (a)	Epidermis (a)
DMSO_64cell_AGTTTTACTGCT	3704	 8348	DMSO_U0126_64cell_adult3	0.023957834	B7.7	B7.7
DMSO_64cell_ATAAAACCTCAT	4310	11183	DMSO_U0126_64cell_adult3	0.053652866	Neural (A)	Neural (A)
DMSO_64cell_ATAAAAGTCGCC	3472	 7404	DMSO_U0126_64cell_adult1	0.054024851	Neural (A)	Neural (A)
DMSO_64cell_ATAAAATCACAA	4300	10145	DMSO_U0126_64cell_adult2	0.029571217	1˚ Notochord	1˚ Notochord
DMSO_64cell_ATAAAGAACAGG	2941	 5375	DMSO_U0126_64cell_adult1	0.093023256	Endoderm	Endoderm
DMSO_64cell_ATAAGCGGTCGC	1752	 2439	DMSO_U0126_64cell_adult3	0.000000000	Neural (a)	Neural (a)
DMSO_64cell_ATAAGGACTTTA	4646	12316	DMSO_U0126_64cell_adult3	0.048717116	Epidermis (a)	Epidermis (a)
DMSO_64cell_ATACAAGCTTTG	5284	17491	DMSO_U0126_64cell_adult1	0.085758390	Neural (A)	Neural (A)
DMSO_64cell_ATACAGAAGGCT	4734	13043	DMSO_U0126_64cell_adult4	0.015333896	Epidermis (a)	Epidermis (a)
DMSO_64cell_ATACCGCAAATG	3088	 5738	DMSO_U0126_64cell_adult1	0.121993726	Epidermis (a)	Epidermis (a)
DMSO_64cell_ATACCTAAACGT	3076	 5999	DMSO_U0126_64cell_adult5	0.066677780	B7.7	B7.7
DMSO_64cell_ATACCTTTTTTA	2542	 4228	DMSO_U0126_64cell_adult1	0.141911069	Neural (A)	Neural (A)
DMSO_64cell_ATACGAACGCGA	5331	17927	DMSO_U0126_64cell_adult3	0.005578178	Epidermis (b)	Epidermis (b)
DMSO_64cell_ATACGGTGGTCA	2312	 3759	DMSO_U0126_64cell_adult1	0.000000000	Epidermis (a)	Epidermis (a)
DMSO_64cell_ATACGTAAGCCT	2619	 4539	DMSO_U0126_64cell_adult6	0.066093853	Epidermis (b)	Epidermis (b)
DMSO_64cell_ATACTAACTTAA	5078	14734	DMSO_U0126_64cell_adult2	0.162888557	Epidermis (b)	Epidermis (b)
DMSO_64cell_ATACTCGGTGAC	2990	 5578	DMSO_U0126_64cell_adult5	0.000000000	Epidermis (a)	Epidermis (a)
DMSO_64cell_ATACTCTAAGCA	3210	 6173	DMSO_U0126_64cell_adult5	0.323991576	Epidermis (b)	Epidermis (b)
DMSO_64cell_ATAGAAGAAGAA	3833	 8940	DMSO_U0126_64cell_adult2	0.123042506	Neural (A)	Neural (A)
DMSO_64cell_ATAGAGACAATA	3831	 8461	DMSO_U0126_64cell_adult5	0.460938423	Epidermis (b)	Epidermis (b)
DMSO_64cell_ATAGAGCCCAAA	3977	 9856	DMSO_U0126_64cell_adult1	0.111607143	B7.7	B7.7
DMSO_64cell_ATAGCCACAATA	5277	17908	DMSO_U0126_64cell_adult3	0.022336386	B7.3	B7.3
DMSO_64cell_ATAGCCACTGGA	3347	 6589	DMSO_U0126_64cell_adult2	0.060707239	B7.7	B7.7
DMSO_64cell_ATAGCTAGGTAC	3797	 8536	DMSO_U0126_64cell_adult5	0.011715089	Epidermis (a)	Epidermis (a)
DMSO_64cell_ATAGGGTACACA	3223	 6285	DMSO_U0126_64cell_adult4	0.111376293	Epidermis (b)	Epidermis (b)
DMSO_64cell_ATAGTCATTTTA	4261	10124	DMSO_U0126_64cell_adult1	0.079020150	A7.6	A7.6
DMSO_64cell_ATAGTGCAATGT	4886	14227	DMSO_U0126_64cell_adult6	0.042173332	B7.4	B7.4
DMSO_64cell_ATAGTTACTTTA	3833	 9692	DMSO_U0126_64cell_adult6	0.020635576	B7.3	B7.3
DMSO_64cell_ATATAAAGTCAT	3980	 9034	DMSO_U0126_64cell_adult3	0.066415763	Epidermis (b)	Epidermis (b)
DMSO_64cell_ATATACAGTTCG	3834	 8784	DMSO_U0126_64cell_adult1	0.045537341	B7.7	B7.7
DMSO_64cell_ATATCGGTAGAT	5543	19081	DMSO_U0126_64cell_adult2	0.115297940	B7.3	B7.3
DMSO_64cell_ATATTAAGGAGT	2465	 3949	DMSO_U0126_64cell_adult6	0.075968600	Epidermis (b)	Epidermis (b)
DMSO_64cell_ATATTAAGTCAT	4083	 9864	DMSO_U0126_64cell_adult4	0.060827251	Epidermis (b)	Epidermis (b)
DMSO_64cell_ATATTCTCGTGC	4205	10516	DMSO_U0126_64cell_adult6	0.095093191	B7.8	B7.8
DMSO_64cell_ATATTGATGGGA	3363	 6884	DMSO_U0126_64cell_adult6	0.014526438	Epidermis (a)	Epidermis (a)
DMSO_64cell_ATATTGTTTGTG	6504	30981	DMSO_U0126_64cell_adult1	0.019366709	Neural (a)	Neural (a)
DMSO_64cell_ATATTTCTGGTA	5472	18606	DMSO_U0126_64cell_adult2	0.000000000	Epidermis (b)	Epidermis (b)
DMSO_64cell_ATATTTGTGCTT	6590	34820	DMSO_U0126_64cell_adult3	0.017231476	Epidermis (b)	Epidermis (b)
DMSO_64cell_ATCAATCCAGTA	3587	 7380	DMSO_U0126_64cell_adult4	0.094850949	Endoderm	Endoderm
DMSO_64cell_ATCATACGAACT	2145	 3215	DMSO_U0126_64cell_adult5	0.311041991	Epidermis (a)	Epidermis (a)
DMSO_64cell_ATCATCTCATGC	5983	28314	DMSO_U0126_64cell_adult5	0.028254574	B7.3	B7.3
DMSO_64cell_ATCATGTTAGAG	4006	 9161	DMSO_U0126_64cell_adult3	0.000000000	Epidermis (a)	Epidermis (a)
DMSO_64cell_ATCATTCTTAGA	4307	10624	DMSO_U0126_64cell_adult5	0.047063253	Neural (a)	Neural (a)
DMSO_64cell_ATCCAAGAGAAC	4325	10800	DMSO_U0126_64cell_adult1	0.222222222	Epidermis (b)	Epidermis (b)
DMSO_64cell_ATCCACGGTAAA	5989	24460	DMSO_U0126_64cell_adult6	0.016353230	Epidermis (a)	Epidermis (a)
DMSO_64cell_ATCCAGACACCC	4567	12610	DMSO_U0126_64cell_adult4	0.023790642	Neural (a)	Neural (a)
DMSO_64cell_ATCCATGGACCC	4106	 9975	DMSO_U0126_64cell_adult6	0.030075188	Epidermis (b)	Epidermis (b)
DMSO_64cell_ATCCCACGAGCC	4045	 9924	DMSO_U0126_64cell_adult6	0.000000000	Epidermis (b)	Epidermis (b)
DMSO_64cell_ATCCGCAAAGCC	3883	 8837	DMSO_U0126_64cell_adult5	0.000000000	Epidermis (a)	Epidermis (a)
DMSO_64cell_ATCCGCAATTAC	2819	 5138	DMSO_U0126_64cell_adult2	0.077851304	B7.6	B7.6
DMSO_64cell_ATCCGCACTCGC	4323	10955	DMSO_U0126_64cell_adult3	0.000000000	Epidermis (a)	Epidermis (a)
DMSO_64cell_ATCCTAAGATGC	3843	 8723	DMSO_U0126_64cell_adult6	0.080247621	Endoderm	Endoderm
DMSO_64cell_ATCGAATGATTT	4143	 9674	DMSO_U0126_64cell_adult3	0.041347943	1˚ Notochord	1˚ Notochord
DMSO_64cell_ATCGACTTACAA	2267	 3572	DMSO_U0126_64cell_adult3	0.251959686	Epidermis (b)	Epidermis (b)
DMSO_64cell_ATCGGATCGCCC	2000	 2940	DMSO_U0126_64cell_adult3	0.034013605	Epidermis (b)	Epidermis (b)
DMSO_64cell_ATCGGCCCATGT	3171	 5876	DMSO_U0126_64cell_adult2	0.017018380	Epidermis (b)	Epidermis (b)
DMSO_64cell_ATCGTACGGGGA	3477	 7229	DMSO_U0126_64cell_adult1	0.000000000	Endoderm	Endoderm
DMSO_64cell_ATCGTGATGCTT	5453	18688	DMSO_U0126_64cell_adult1	0.010702055	Neural (A)	Neural (A)
DMSO_64cell_ATCGTGGTACTA	3171	 6096	DMSO_U0126_64cell_adult5	0.459317585	B7.8	B7.8
DMSO_64cell_ATCTAACAATAC	3720	 8242	DMSO_U0126_64cell_adult4	0.133462752	Epidermis (b)	Epidermis (b)
DMSO_64cell_ATCTGAGATGGG	3020	 5692	DMSO_U0126_64cell_adult4	0.000000000	Epidermis (b)	Epidermis (b)
DMSO_64cell_ATCTGCACACAT	4021	 9195	DMSO_U0126_64cell_adult2	0.000000000	Epidermis (a)	Epidermis (a)
DMSO_64cell_ATCTGCGGTAAG	3542	 7142	DMSO_U0126_64cell_adult4	0.000000000	Neural (a)	Neural (a)
DMSO_64cell_ATCTTCGGCATA	3548	 7345	DMSO_U0126_64cell_adult6	0.013614704	Epidermis (a)	Epidermis (a)
DMSO_64cell_ATCTTGTGGCCC	5107	15452	DMSO_U0126_64cell_adult3	0.000000000	Epidermis (a)	Epidermis (a)
DMSO_64cell_ATGAAACAGAAG	4149	10290	DMSO_U0126_64cell_adult1	0.019436346	B7.7	B7.7
DMSO_64cell_ATGAAGCCGAAA	5017	14896	DMSO_U0126_64cell_adult2	0.040279270	Neural (A)	Neural (A)
DMSO_64cell_ATGAATGATACT	2753	 5037	DMSO_U0126_64cell_adult4	0.198530872	B7.7	B7.7
DMSO_64cell_ATGACCCTCGAG	2570	 4319	DMSO_U0126_64cell_adult2	0.023153508	Epidermis (b)	Epidermis (b)
DMSO_64cell_ATGACGGAAAAG	5980	26795	DMSO_U0126_64cell_adult4	0.085836910	Neural (A)	Neural (A)
DMSO_64cell_ATGAGAAGGGCA	3027	 5637	DMSO_U0126_64cell_adult4	0.283838921	B7.7	B7.7
DMSO_64cell_ATGATAACACCA	2718	 4709	DMSO_U0126_64cell_adult5	0.254831174	Epidermis (b)	Epidermis (b)
DMSO_64cell_ATGATTCTGCCT	2037	 3163	DMSO_U0126_64cell_adult2	0.031615555	B7.6	B7.6
DMSO_64cell_ATGCACCATTCG	4652	12781	DMSO_U0126_64cell_adult3	0.070417025	B7.8	B7.8
DMSO_64cell_ATGCATAGCGTC	3012	 5501	DMSO_U0126_64cell_adult2	0.090892565	B7.5	B7.5
DMSO_64cell_ATGCATTAAGTC	4581	12247	DMSO_U0126_64cell_adult1	0.122478974	Epidermis (a)	Epidermis (a)
DMSO_64cell_ATGCCAATCACG	4333	10984	DMSO_U0126_64cell_adult6	0.018208303	Epidermis (a)	Epidermis (a)
DMSO_64cell_ATGCCCGGCCTA	3501	 7545	DMSO_U0126_64cell_adult1	0.000000000	B7.7	B7.7
DMSO_64cell_ATGCGACACGTT	5870	22811	DMSO_U0126_64cell_adult3	0.000000000	Epidermis (b)	Epidermis (b)
DMSO_64cell_ATGCTTCCTTTA	3651	 7327	DMSO_U0126_64cell_adult3	0.300259315	B7.5	B7.5
DMSO_64cell_ATGGAAGAGACT	2608	 4342	DMSO_U0126_64cell_adult4	0.069092584	Neural (a)	Neural (a)
DMSO_64cell_ATGGACGTTTCG	1996	 2970	DMSO_U0126_64cell_adult1	0.033670034	Epidermis (b)	Epidermis (b)
DMSO_64cell_ATGGGCACCGAG	5242	16852	DMSO_U0126_64cell_adult1	0.011868028	A7.6	A7.6
DMSO_64cell_ATGGGCATCAAT	3878	 8967	DMSO_U0126_64cell_adult2	0.066912011	Epidermis (b)	Epidermis (b)
DMSO_64cell_ATGGGCATTTGC	3746	 8195	DMSO_U0126_64cell_adult4	0.048810250	Epidermis (a)	Epidermis (a)
DMSO_64cell_ATGGGCCCGTTT	4205	12102	DMSO_U0126_64cell_adult2	0.000000000	B7.3	B7.3
DMSO_64cell_ATGGGGAGTACT	3714	 8024	DMSO_U0126_64cell_adult1	0.137088734	B7.8	B7.8
DMSO_64cell_ATGGGGATCTTA	5114	16264	DMSO_U0126_64cell_adult1	0.012297098	B7.3	B7.3
DMSO_64cell_ATGGGGTGAGAT	2664	 4668	DMSO_U0126_64cell_adult1	0.064267352	B7.7	B7.7
DMSO_64cell_ATGGTCTTCGGA	3698	 8234	DMSO_U0126_64cell_adult6	0.048579062	Epidermis (b)	Epidermis (b)
DMSO_64cell_ATGTAGTACTTT	4285	10813	DMSO_U0126_64cell_adult1	0.286691945	B7.5	B7.5
DMSO_64cell_ATGTCAGACAAA	4445	11875	DMSO_U0126_64cell_adult6	0.227368421	Epidermis (b)	Epidermis (b)
DMSO_64cell_ATGTCGCACTGA	3845	 8157	DMSO_U0126_64cell_adult3	0.036778227	Epidermis (a)	Epidermis (a)
DMSO_64cell_ATGTGAAATGTT	2836	 5229	DMSO_U0126_64cell_adult4	0.937081660	B7.8	B7.8
DMSO_64cell_ATGTTCAGGCTT	4419	11897	DMSO_U0126_64cell_adult5	0.176515088	B7.4	B7.4
DMSO_64cell_ATGTTTAAGGTT	5039	15319	DMSO_U0126_64cell_adult4	0.274169332	B7.8	B7.8
DMSO_64cell_ATTAAAATATGG	4211	10832	DMSO_U0126_64cell_adult6	0.064623338	B7.6	B7.6
DMSO_64cell_ATTAATCTTGAG	4788	13699	DMSO_U0126_64cell_adult6	0.051098620	Epidermis (a)	Epidermis (a)
DMSO_64cell_ATTAATGACCAC	2092	 3169	DMSO_U0126_64cell_adult3	0.000000000	Endoderm	Endoderm
DMSO_64cell_ATTAATGCTTAT	2046	 3167	DMSO_U0126_64cell_adult1	0.000000000	Neural (a)	Neural (a)
DMSO_64cell_ATTACCCCAGAA	4099	 9788	DMSO_U0126_64cell_adult4	0.183898651	Epidermis (a)	Epidermis (a)
DMSO_64cell_ATTACTTGGGTT	5926	24357	DMSO_U0126_64cell_adult6	0.012316788	Epidermis (a)	Epidermis (a)
DMSO_64cell_ATTAGGCACATG	4725	13471	DMSO_U0126_64cell_adult1	0.037116769	B7.8	B7.8
DMSO_64cell_ATTAGGCCATCC	2520	 4060	DMSO_U0126_64cell_adult5	0.024630542	1˚ Notochord	1˚ Notochord
DMSO_64cell_ATTAGTCGGCAT	4089	 9640	DMSO_U0126_64cell_adult3	0.000000000	Epidermis (a)	Epidermis (a)
DMSO_64cell_ATTATAAATGGC	5930	24264	DMSO_U0126_64cell_adult3	0.024727992	B7.3	B7.3
DMSO_64cell_ATTATAACAATC	5740	23681	DMSO_U0126_64cell_adult1	0.029559563	B7.3	B7.3
DMSO_64cell_ATTATGGGCCTT	4029	 8949	DMSO_U0126_64cell_adult3	0.067046597	Neural (a)	Neural (a)
DMSO_64cell_ATTATTGCGACT	2427	 3943	DMSO_U0126_64cell_adult3	0.025361400	Epidermis (a)	Epidermis (a)
DMSO_64cell_ATTCAACCGCGT	3053	 5949	DMSO_U0126_64cell_adult4	0.000000000	Epidermis (b)	Epidermis (b)
DMSO_64cell_ATTCAGATAGTC	4907	13681	DMSO_U0126_64cell_adult3	0.058475258	Epidermis (b)	Epidermis (b)
DMSO_64cell_ATTCCAAGCATC	6635	40105	DMSO_U0126_64cell_adult6	0.044882184	B7.3	B7.3
DMSO_64cell_ATTCCTCCCATG	5432	17657	DMSO_U0126_64cell_adult2	0.005663476	Endoderm	Endoderm
DMSO_64cell_ATTCTCCTCGGC	4939	16062	DMSO_U0126_64cell_adult2	0.006225875	B7.3	B7.3
DMSO_64cell_ATTCTCGGGTCC	4297	11589	DMSO_U0126_64cell_adult6	0.000000000	B7.4	B7.4
DMSO_64cell_ATTCTTAGAGAA	3747	 8195	DMSO_U0126_64cell_adult3	0.073215375	Epidermis (b)	Epidermis (b)
DMSO_64cell_ATTGAAGTTTGT	2821	 4806	DMSO_U0126_64cell_adult1	0.083229297	Epidermis (b)	Epidermis (b)
DMSO_64cell_ATTGCTATTTCT	4139	 9560	DMSO_U0126_64cell_adult6	0.020920502	1˚ Notochord	1˚ Notochord
DMSO_64cell_ATTGGGGCTCAG	4186	 9580	DMSO_U0126_64cell_adult3	0.000000000	A7.6	A7.6
DMSO_64cell_ATTGGTGGTCCG	3612	 7448	DMSO_U0126_64cell_adult1	0.026852846	Neural (a)	Neural (a)
DMSO_64cell_ATTGTAAAGAGG	3441	 6933	DMSO_U0126_64cell_adult2	0.014423770	Epidermis (a)	Epidermis (a)
DMSO_64cell_ATTGTCCTATGT	2128	 3207	DMSO_U0126_64cell_adult5	0.000000000	Epidermis (a)	Epidermis (a)
DMSO_64cell_ATTGTGCATTAA	4132	10350	DMSO_U0126_64cell_adult2	0.067632850	B7.7	B7.7
DMSO_64cell_ATTTACACTCGA	5698	21733	DMSO_U0126_64cell_adult5	0.018405190	Epidermis (a)	Epidermis (a)
DMSO_64cell_ATTTAGAACTAC	4708	13848	DMSO_U0126_64cell_adult6	0.231080300	Epidermis (b)	Epidermis (b)
DMSO_64cell_ATTTCCTAGATA	4541	12468	DMSO_U0126_64cell_adult5	0.393006096	Epidermis (b)	Epidermis (b)
DMSO_64cell_ATTTGAACGCAT	2982	 5312	DMSO_U0126_64cell_adult5	0.018825301	Epidermis (b)	Epidermis (b)
DMSO_64cell_ATTTGGGTAATA	3466	 7000	DMSO_U0126_64cell_adult3	0.100000000	Epidermis (a)	Epidermis (a)
DMSO_64cell_ATTTTACTGTGA	5099	15962	DMSO_U0126_64cell_adult3	0.031324395	Epidermis (a)	Epidermis (a)
DMSO_64cell_ATTTTACTTTCT	4080	 9131	DMSO_U0126_64cell_adult2	0.087613624	Neural (b)	Neural (b)
DMSO_64cell_ATTTTCCCAACG	4650	12934	DMSO_U0126_64cell_adult4	0.023194681	Epidermis (a)	Epidermis (a)
DMSO_64cell_ATTTTGAAGGCA	4186	10103	DMSO_U0126_64cell_adult1	0.000000000	Epidermis (a)	Epidermis (a)
DMSO_64cell_ATTTTTATACGC	2289	 3727	DMSO_U0126_64cell_adult2	0.053662463	B7.7	B7.7
DMSO_64cell_CAAAACAGGTTA	4486	11340	DMSO_U0126_64cell_adult5	0.044091711	1˚ Notochord	1˚ Notochord
DMSO_64cell_CAAACATGTATC	3033	 5446	DMSO_U0126_64cell_adult1	0.165258906	Neural (a)	Neural (a)
DMSO_64cell_CAAACGTGTGGG	3769	 8323	DMSO_U0126_64cell_adult1	0.000000000	Epidermis (b)	Epidermis (b)
DMSO_64cell_CAAACTATAATT	3999	 9170	DMSO_U0126_64cell_adult5	0.370774264	Epidermis (b)	Epidermis (b)
DMSO_64cell_CAAACTCCGAGC	4749	13769	DMSO_U0126_64cell_adult6	0.007262692	Epidermis (b)	Epidermis (b)
DMSO_64cell_CAAAGTACTTAA	1936	 2967	DMSO_U0126_64cell_adult1	0.000000000	1˚ Notochord	1˚ Notochord
DMSO_64cell_CAAAGTCGCTAC	6195	27927	DMSO_U0126_64cell_adult1	0.003580764	Epidermis (b)	Epidermis (b)
DMSO_64cell_CAAATTTCAGTC	3685	 8443	DMSO_U0126_64cell_adult3	0.000000000	Neural (A)	Neural (A)
DMSO_64cell_CAACACAGAACG	4586	12054	DMSO_U0126_64cell_adult2	0.000000000	Epidermis (a)	Epidermis (a)
DMSO_64cell_CAACACGATCTC	3833	 8185	DMSO_U0126_64cell_adult1	0.024434942	Epidermis (b)	Epidermis (b)
DMSO_64cell_CAACCAGCTCTT	1949	 2875	DMSO_U0126_64cell_adult1	0.139130435	Epidermis (b)	Epidermis (b)
DMSO_64cell_CAACCGACGATG	1841	 2822	DMSO_U0126_64cell_adult1	0.106307583	B7.7	B7.7
DMSO_64cell_CAACCGGGTCTT	3869	 9029	DMSO_U0126_64cell_adult4	0.022150847	Neural (A)	Neural (A)
DMSO_64cell_CAACGTTCAAGG	2614	 4293	DMSO_U0126_64cell_adult5	0.000000000	Epidermis (a)	Epidermis (a)
DMSO_64cell_CAACTCGATTCT	4545	12008	DMSO_U0126_64cell_adult1	0.008327781	Epidermis (b)	Epidermis (b)
DMSO_64cell_CAAGCCGGACGG	3976	 8966	DMSO_U0126_64cell_adult1	0.000000000	Epidermis (b)	Epidermis (b)
DMSO_64cell_CAAGTAGCCAAG	5015	15295	DMSO_U0126_64cell_adult1	0.032690422	Neural (b)	Neural (b)
DMSO_64cell_CAAGTGCAGTTT	3629	 7682	DMSO_U0126_64cell_adult3	0.026034887	A7.6	A7.6
DMSO_64cell_CAATAAAGCGAA	2551	 4465	DMSO_U0126_64cell_adult1	0.358342665	Epidermis (b)	Epidermis (b)
DMSO_64cell_CAATCTATCTCA	5865	22331	DMSO_U0126_64cell_adult1	0.058215037	B7.4	B7.4
DMSO_64cell_CAATGAGCAGCA	3837	 8800	DMSO_U0126_64cell_adult5	0.022727273	Epidermis (a)	Epidermis (a)
DMSO_64cell_CAATGGATCTAA	3988	 9115	DMSO_U0126_64cell_adult3	0.307185957	B7.6	B7.6
DMSO_64cell_CAATGTCATCGT	4217	10009	DMSO_U0126_64cell_adult6	0.019982016	Epidermis (a)	Epidermis (a)
DMSO_64cell_CAATGTTTTAAG	3886	 8648	DMSO_U0126_64cell_adult2	0.011563367	Neural (a)	Neural (a)
DMSO_64cell_CACAAAGATCTT	4393	11425	DMSO_U0126_64cell_adult4	0.262582057	Epidermis (b)	Epidermis (b)
DMSO_64cell_CACAAGGCCAAT	4242	10853	DMSO_U0126_64cell_adult1	0.000000000	Epidermis (b)	Epidermis (b)
DMSO_64cell_CACACAAAACCG	4982	14592	DMSO_U0126_64cell_adult6	0.000000000	Endoderm	Endoderm
DMSO_64cell_CACACCGGAAAT	4601	12502	DMSO_U0126_64cell_adult1	0.007998720	Epidermis (a)	Epidermis (a)
DMSO_64cell_CACAGGCGACAG	3994	 9544	DMSO_U0126_64cell_adult1	0.000000000	Epidermis (b)	Epidermis (b)
DMSO_64cell_CACATTAAGCGG	3628	 7935	DMSO_U0126_64cell_adult1	0.000000000	Epidermis (a)	Epidermis (a)
DMSO_64cell_CACCACCCTGCA	3363	 6489	DMSO_U0126_64cell_adult2	0.000000000	Neural (a)	Neural (a)
DMSO_64cell_CACCCCTATTAG	4530	11533	DMSO_U0126_64cell_adult2	0.000000000	Neural (A)	Neural (A)
DMSO_64cell_CACCGGGGCTGG	2428	 3896	DMSO_U0126_64cell_adult2	0.025667351	Epidermis (a)	Epidermis (a)
DMSO_64cell_CACCTAAAGTCG	6367	32646	DMSO_U0126_64cell_adult1	0.009189487	B7.7	B7.7
DMSO_64cell_CACCTGTATGAT	5500	19643	DMSO_U0126_64cell_adult4	0.020363488	B7.4	B7.4
DMSO_64cell_CACCTTATTCCA	2761	 4773	DMSO_U0126_64cell_adult4	0.125707102	Epidermis (a)	Epidermis (a)
DMSO_64cell_CACGAGAAAGTG	4045	 9260	DMSO_U0126_64cell_adult6	0.000000000	Epidermis (b)	Epidermis (b)
DMSO_64cell_CACGATCATTCC	2394	 4098	DMSO_U0126_64cell_adult1	0.000000000	Epidermis (b)	Epidermis (b)
DMSO_64cell_CACGATGTTGAA	3255	 6358	DMSO_U0126_64cell_adult3	0.094369299	Epidermis (a)	Epidermis (a)
DMSO_64cell_CACGCACTCCAA	4368	11288	DMSO_U0126_64cell_adult3	0.000000000	Epidermis (b)	Epidermis (b)
DMSO_64cell_CACGCTCTTGAC	3090	 5855	DMSO_U0126_64cell_adult1	0.000000000	Epidermis (b)	Epidermis (b)
DMSO_64cell_CACGGAACAGTG	3189	 6200	DMSO_U0126_64cell_adult4	0.000000000	Epidermis (b)	Epidermis (b)
DMSO_64cell_CACGGCTAAATA	1963	 3099	DMSO_U0126_64cell_adult1	0.000000000	Epidermis (b)	Epidermis (b)
DMSO_64cell_CACGTACAGACG	4246	10449	DMSO_U0126_64cell_adult5	0.086132644	Neural (A)	Neural (A)
DMSO_64cell_CACGTCTGCGGC	2455	 4135	DMSO_U0126_64cell_adult4	0.072551391	B7.8	B7.8
DMSO_64cell_CACGTGAGCTAG	3931	 8947	DMSO_U0126_64cell_adult2	0.011176931	Epidermis (a)	Epidermis (a)
DMSO_64cell_CACTCAGCTTCC	4798	13250	DMSO_U0126_64cell_adult2	0.000000000	Epidermis (a)	Epidermis (a)
DMSO_64cell_CACTCCCTACTA	2821	 5142	DMSO_U0126_64cell_adult4	0.000000000	Epidermis (a)	Epidermis (a)
DMSO_64cell_CACTCTCTTGTA	3711	 8300	DMSO_U0126_64cell_adult1	0.036144578	B7.3	B7.3
DMSO_64cell_CACTTTCCTTTC	5442	19004	DMSO_U0126_64cell_adult6	0.026310250	B7.7	B7.7
DMSO_64cell_CAGAAACGAGAT	3268	 6431	DMSO_U0126_64cell_adult5	0.062198725	Endoderm	Endoderm
DMSO_64cell_CAGAAATCAGTT	4470	11818	DMSO_U0126_64cell_adult4	0.042308343	Epidermis (a)	Epidermis (a)
DMSO_64cell_CAGAACAATGGA	5529	19356	DMSO_U0126_64cell_adult3	0.020665427	Epidermis (a)	Epidermis (a)
DMSO_64cell_CAGAAGCTCTCT	3677	 7801	DMSO_U0126_64cell_adult1	0.025637739	Epidermis (a)	Epidermis (a)
DMSO_64cell_CAGAAGTGGCCT	4639	12145	DMSO_U0126_64cell_adult3	0.016467682	Neural (a)	Neural (a)
DMSO_64cell_CAGACACGTCTA	5072	15887	DMSO_U0126_64cell_adult5	0.000000000	Epidermis (a)	Epidermis (a)
DMSO_64cell_CAGACAGACGGC	4779	13995	DMSO_U0126_64cell_adult3	0.000000000	Neural (A)	Neural (A)
DMSO_64cell_CAGACTCCTTTG	5478	19794	DMSO_U0126_64cell_adult6	0.095988683	B7.7	B7.7
DMSO_64cell_CAGAGGAGATCC	1975	 2903	DMSO_U0126_64cell_adult6	0.000000000	B7.7	B7.7
DMSO_64cell_CAGAGTCCTCGT	1775	 2486	DMSO_U0126_64cell_adult3	0.120675784	B7.7	B7.7
DMSO_64cell_CAGCATCTACGT	3791	 8017	DMSO_U0126_64cell_adult3	0.062367469	Neural (b)	Neural (b)
DMSO_64cell_CAGCCAAAACCT	5447	20307	DMSO_U0126_64cell_adult1	0.014773231	Neural (A)	Neural (A)
DMSO_64cell_CAGCCAGGGCCA	3765	 8021	DMSO_U0126_64cell_adult3	0.012467273	Epidermis (b)	Epidermis (b)
DMSO_64cell_CAGCCAGTTGCC	4429	11125	DMSO_U0126_64cell_adult1	0.000000000	Epidermis (a)	Epidermis (a)
DMSO_64cell_CAGCCGCGAAGC	5395	18441	DMSO_U0126_64cell_adult5	0.000000000	Endoderm	Endoderm
DMSO_64cell_CAGCCGGCTCAA	2356	 3983	DMSO_U0126_64cell_adult3	0.000000000	B7.6	B7.6
DMSO_64cell_CAGCTAGGGTCT	4244	10719	DMSO_U0126_64cell_adult1	0.009329228	B7.7	B7.7
DMSO_64cell_CAGCTGTATGGA	3822	 8422	DMSO_U0126_64cell_adult1	0.000000000	Epidermis (b)	Epidermis (b)
DMSO_64cell_CAGCTTCGTGAT	3471	 6915	DMSO_U0126_64cell_adult6	0.043383948	Epidermis (a)	Epidermis (a)
DMSO_64cell_CAGGACGCAGAC	2512	 3976	DMSO_U0126_64cell_adult6	0.025150905	Epidermis (b)	Epidermis (b)
DMSO_64cell_CAGGATCGCGGG	2474	 4269	DMSO_U0126_64cell_adult2	0.000000000	B7.3	B7.3
DMSO_64cell_CAGGATTGGCTA	2287	 3525	DMSO_U0126_64cell_adult2	0.141843972	Epidermis (b)	Epidermis (b)
DMSO_64cell_CAGGCGCGCGAG	2445	 3850	DMSO_U0126_64cell_adult2	0.000000000	Epidermis (b)	Epidermis (b)
DMSO_64cell_CAGGTCCTGTAA	5818	22724	DMSO_U0126_64cell_adult3	0.004400634	B7.3	B7.3
DMSO_64cell_CAGGTTATCACG	4904	13791	DMSO_U0126_64cell_adult2	0.029004423	B7.3	B7.3
DMSO_64cell_CAGTCCTTTGGT	2543	 4191	DMSO_U0126_64cell_adult5	0.000000000	Epidermis (a)	Epidermis (a)
DMSO_64cell_CAGTCGCGCTCT	4739	13903	DMSO_U0126_64cell_adult3	0.035963461	B7.8	B7.8
DMSO_64cell_CAGTGAGGAAGG	3376	 6651	DMSO_U0126_64cell_adult6	0.030070666	1˚ Notochord	1˚ Notochord
DMSO_64cell_CAGTGAGGCAGT	6093	25029	DMSO_U0126_64cell_adult3	0.015981462	Epidermis (a)	Epidermis (a)
DMSO_64cell_CAGTGAGTTACC	2648	 4928	DMSO_U0126_64cell_adult3	0.020292208	Neural (A)	Neural (A)
DMSO_64cell_CAGTTAAACATC	4310	11277	DMSO_U0126_64cell_adult1	0.053205640	Neural (A)	Neural (A)
DMSO_64cell_CAGTTCTGGAGT	2225	 3348	DMSO_U0126_64cell_adult2	0.000000000	Epidermis (b)	Epidermis (b)
DMSO_64cell_CATAAATTAGGA	3262	 6715	DMSO_U0126_64cell_adult1	0.000000000	Epidermis (a)	Epidermis (a)
DMSO_64cell_CATAACAGGGGG	5495	19141	DMSO_U0126_64cell_adult4	0.005224387	Epidermis (a)	Epidermis (a)
DMSO_64cell_CATAACGTGATT	6482	31838	DMSO_U0126_64cell_adult2	0.292103775	Epidermis (b)	Epidermis (b)
DMSO_64cell_CATACCACATAA	4897	14106	DMSO_U0126_64cell_adult6	0.063802637	Epidermis (a)	Epidermis (a)
DMSO_64cell_CATACGAACCTA	2707	 4975	DMSO_U0126_64cell_adult5	0.040201005	B7.8	B7.8
DMSO_64cell_CATACTAAGTGC	4529	11768	DMSO_U0126_64cell_adult3	0.067980965	B7.7	B7.7
DMSO_64cell_CATACTTAAGTC	3308	 6374	DMSO_U0126_64cell_adult5	0.094132413	Epidermis (a)	Epidermis (a)
DMSO_64cell_CATAGCTAGTGG	2645	 4397	DMSO_U0126_64cell_adult1	0.000000000	Endoderm	Endoderm
DMSO_64cell_CATATGTTATTC	3480	 6933	DMSO_U0126_64cell_adult3	0.173085244	Epidermis (b)	Epidermis (b)
DMSO_64cell_CATCAACTTCTA	4591	13020	DMSO_U0126_64cell_adult5	0.960061444	B7.8	B7.8
DMSO_64cell_CATCAGTAAGCC	4844	14033	DMSO_U0126_64cell_adult2	0.085512720	Neural (A)	Neural (A)
DMSO_64cell_CATCATTATTGA	5008	16352	DMSO_U0126_64cell_adult4	0.709393346	B7.8	B7.8
DMSO_64cell_CATCCTGTTGTG	4070	 9522	DMSO_U0126_64cell_adult6	0.000000000	Epidermis (a)	Epidermis (a)
DMSO_64cell_CATCGAGTGCAT	3065	 5935	DMSO_U0126_64cell_adult1	0.033698399	B7.5	B7.5
DMSO_64cell_CATCTCAGGTTC	4814	14284	DMSO_U0126_64cell_adult2	0.035004201	Epidermis (b)	Epidermis (b)
DMSO_64cell_CATCTGACGACA	4383	11195	DMSO_U0126_64cell_adult2	0.089325592	Neural (A)	Neural (A)
DMSO_64cell_CATCTGTGGTAA	3725	 8206	DMSO_U0126_64cell_adult6	0.036558616	Epidermis (b)	Epidermis (b)
DMSO_64cell_CATGACGAAGAT	3570	 7119	DMSO_U0126_64cell_adult3	0.014046917	Neural (a)	Neural (a)
DMSO_64cell_CATGCCCTCGAG	3103	 6301	DMSO_U0126_64cell_adult5	0.000000000	B7.3	B7.3
DMSO_64cell_CATGCCGGGGTG	4016	 9159	DMSO_U0126_64cell_adult3	0.010918223	A7.6	A7.6
DMSO_64cell_CATGCCTACTAA	4937	15203	DMSO_U0126_64cell_adult1	0.006577649	Neural (b)	Neural (b)
DMSO_64cell_CATGCTTACTTA	3455	 7200	DMSO_U0126_64cell_adult1	0.055555556	Epidermis (b)	Epidermis (b)
DMSO_64cell_CATGGACCTGCT	3892	 8666	DMSO_U0126_64cell_adult3	0.000000000	Neural (a)	Neural (a)
DMSO_64cell_CATGGCTGGCGT	3637	 7319	DMSO_U0126_64cell_adult1	0.000000000	Neural (a)	Neural (a)
DMSO_64cell_CATGGTCGCGAG	3744	 8295	DMSO_U0126_64cell_adult4	0.012055455	B7.7	B7.7
DMSO_64cell_CATGTCTCAGAT	3709	 7556	DMSO_U0126_64cell_adult4	0.000000000	Epidermis (a)	Epidermis (a)
DMSO_64cell_CATTCCGGAAAT	2033	 2952	DMSO_U0126_64cell_adult5	0.135501355	Epidermis (b)	Epidermis (b)
DMSO_64cell_CATTGTTCCTAA	4268	10387	DMSO_U0126_64cell_adult1	0.048137094	Epidermis (a)	Epidermis (a)
DMSO_64cell_CATTGTTCGCCG	2655	 4639	DMSO_U0126_64cell_adult1	0.000000000	Epidermis (b)	Epidermis (b)
DMSO_64cell_CATTTGTACCTG	4178	10158	DMSO_U0126_64cell_adult4	0.029533373	Epidermis (a)	Epidermis (a)
DMSO_64cell_CCAAAGTTTCGG	2415	 4042	DMSO_U0126_64cell_adult5	0.024740228	Epidermis (b)	Epidermis (b)
DMSO_64cell_CCAAATTCAATT	3735	 8355	DMSO_U0126_64cell_adult2	0.562537403	B7.6	B7.6
DMSO_64cell_CCAACATGTAAG	2486	 4175	DMSO_U0126_64cell_adult6	0.000000000	Epidermis (a)	Epidermis (a)
DMSO_64cell_CCAACGGAGTGC	3401	 7113	DMSO_U0126_64cell_adult1	0.000000000	Epidermis (a)	Epidermis (a)
DMSO_64cell_CCAAGGCAAACT	4478	12163	DMSO_U0126_64cell_adult1	0.016443312	Neural (A)	Neural (A)
DMSO_64cell_CCAAGTCTATTG	3077	 5776	DMSO_U0126_64cell_adult5	0.000000000	Endoderm	Endoderm
DMSO_64cell_CCAATTCTGGGG	3354	 6848	DMSO_U0126_64cell_adult5	0.029205607	B7.7	B7.7
DMSO_64cell_CCAATTTCCAAC	5292	18287	DMSO_U0126_64cell_adult2	0.032810193	Epidermis (b)	Epidermis (b)
DMSO_64cell_CCACAGGGAGTT	5153	19799	DMSO_U0126_64cell_adult3	0.000000000	B7.3	B7.3
DMSO_64cell_CCACAGTTATGA	2111	 3412	DMSO_U0126_64cell_adult1	0.029308324	Epidermis (b)	Epidermis (b)
DMSO_64cell_CCACATAAATTA	5557	19634	DMSO_U0126_64cell_adult3	0.208821432	Epidermis (b)	Epidermis (b)
DMSO_64cell_CCACATGCCCCG	4404	11034	DMSO_U0126_64cell_adult1	0.000000000	Epidermis (b)	Epidermis (b)
DMSO_64cell_CCACCCGGTGTC	5482	20067	DMSO_U0126_64cell_adult5	0.034883141	B7.4	B7.4
DMSO_64cell_CCACCGATACTA	5231	17526	DMSO_U0126_64cell_adult3	0.022823234	B7.7	B7.7
DMSO_64cell_CCACGACATCTT	2774	 4979	DMSO_U0126_64cell_adult1	0.020084354	A7.6	A7.6
DMSO_64cell_CCACGATGCGCC	4739	13231	DMSO_U0126_64cell_adult2	0.007558008	Epidermis (b)	Epidermis (b)
DMSO_64cell_CCACGCCAAGCA	5712	22522	DMSO_U0126_64cell_adult6	0.000000000	Epidermis (b)	Epidermis (b)
DMSO_64cell_CCACTCCTGTCG	4719	12625	DMSO_U0126_64cell_adult3	0.015841584	Epidermis (a)	Epidermis (a)
DMSO_64cell_CCACTGTATTGA	4102	 9587	DMSO_U0126_64cell_adult2	0.052153958	1˚ Notochord	1˚ Notochord
DMSO_64cell_CCAGACATCACG	3562	 7307	DMSO_U0126_64cell_adult2	0.000000000	Epidermis (b)	Epidermis (b)
DMSO_64cell_CCAGAGAGACTA	3218	 5877	DMSO_U0126_64cell_adult3	0.051046452	Epidermis (b)	Epidermis (b)
DMSO_64cell_CCAGATGAGTCC	2186	 3431	DMSO_U0126_64cell_adult3	0.000000000	Epidermis (a)	Epidermis (a)
DMSO_64cell_CCAGCTAGCTTA	3246	 6401	DMSO_U0126_64cell_adult6	0.000000000	Epidermis (a)	Epidermis (a)
DMSO_64cell_CCAGTCCATAGC	4108	 9504	DMSO_U0126_64cell_adult2	0.000000000	Epidermis (b)	Epidermis (b)
DMSO_64cell_CCAGTTTCAGCC	4602	12752	DMSO_U0126_64cell_adult3	0.000000000	B7.7	B7.7
DMSO_64cell_CCATACACATCC	3850	 8560	DMSO_U0126_64cell_adult6	0.000000000	Epidermis (a)	Epidermis (a)
DMSO_64cell_CCATATTTGTTT	5057	15043	DMSO_U0126_64cell_adult4	0.132952204	Neural (a)	Neural (a)
DMSO_64cell_CCATCACAATAA	4211	10712	DMSO_U0126_64cell_adult5	0.037341299	Epidermis (b)	Epidermis (b)
DMSO_64cell_CCATCCTTTTTA	3714	 8570	DMSO_U0126_64cell_adult1	0.000000000	Epidermis (b)	Epidermis (b)
DMSO_64cell_CCATCTTGAGCA	4830	14243	DMSO_U0126_64cell_adult1	0.014041986	Epidermis (a)	Epidermis (a)
DMSO_64cell_CCATTACGGCCC	3358	 6786	DMSO_U0126_64cell_adult1	0.000000000	B7.5	B7.5
DMSO_64cell_CCATTCCATGTT	2540	 4459	DMSO_U0126_64cell_adult2	0.067279659	B7.6	B7.6
DMSO_64cell_CCATTGAACTCG	4480	11376	DMSO_U0126_64cell_adult1	0.000000000	Endoderm	Endoderm
DMSO_64cell_CCATTGTGCATC	5961	27428	DMSO_U0126_64cell_adult4	0.040105002	B7.8	B7.8
DMSO_64cell_CCCAAGGCAGGC	2583	 4450	DMSO_U0126_64cell_adult1	0.000000000	Neural (a)	Neural (a)
DMSO_64cell_CCCAATAACTCC	4196	10068	DMSO_U0126_64cell_adult3	0.019864919	Epidermis (b)	Epidermis (b)
DMSO_64cell_CCCACGTGGTTC	4421	11433	DMSO_U0126_64cell_adult4	0.008746611	A7.6	A7.6
DMSO_64cell_CCCATTAAGAGC	4045	 9579	DMSO_U0126_64cell_adult2	0.031318509	Epidermis (a)	Epidermis (a)
DMSO_64cell_CCCCACGAGATC	4479	12605	DMSO_U0126_64cell_adult4	0.015866720	Epidermis (b)	Epidermis (b)
DMSO_64cell_CCCCATGAATAT	6169	28279	DMSO_U0126_64cell_adult6	0.007072386	Epidermis (b)	Epidermis (b)
DMSO_64cell_CCCCCATCTAGC	6306	31662	DMSO_U0126_64cell_adult3	0.000000000	B7.3	B7.3
DMSO_64cell_CCCCCGTGTGTC	3676	 7512	DMSO_U0126_64cell_adult1	0.000000000	Epidermis (b)	Epidermis (b)
DMSO_64cell_CCCCGCTGAAGT	3805	 8436	DMSO_U0126_64cell_adult5	0.023707918	Endoderm	Endoderm
DMSO_64cell_CCCCTACACAAT	5579	18781	DMSO_U0126_64cell_adult2	0.026622651	Neural (A)	Neural (A)
DMSO_64cell_CCCCTGACCCGT	2791	 4744	DMSO_U0126_64cell_adult2	0.000000000	B7.6	B7.6
DMSO_64cell_CCCCTGGACCTT	4746	14681	DMSO_U0126_64cell_adult3	0.006811525	Epidermis (b)	Epidermis (b)
DMSO_64cell_CCCCTGTTAGAG	4318	11000	DMSO_U0126_64cell_adult6	0.136363636	B7.8	B7.8
DMSO_64cell_CCCGAACCAGCT	5081	16257	DMSO_U0126_64cell_adult4	0.006151196	Endoderm	Endoderm
DMSO_64cell_CCCGACCGTCTC	4726	13567	DMSO_U0126_64cell_adult6	0.029483305	B7.8	B7.8
DMSO_64cell_CCCGCAATGATG	2954	 5397	DMSO_U0126_64cell_adult5	0.000000000	Endoderm	Endoderm
DMSO_64cell_CCCGCCTATCCC	3499	 8383	DMSO_U0126_64cell_adult4	0.000000000	B7.7	B7.7
DMSO_64cell_CCCGCCTGAGAA	3570	 7772	DMSO_U0126_64cell_adult3	0.000000000	Epidermis (a)	Epidermis (a)
DMSO_64cell_CCCGCGCGTTAG	3482	 7110	DMSO_U0126_64cell_adult1	0.000000000	Epidermis (a)	Epidermis (a)
DMSO_64cell_CCCGGGGGGAAG	2824	 4947	DMSO_U0126_64cell_adult4	0.020214271	Epidermis (b)	Epidermis (b)
DMSO_64cell_CCCGGTGAGCGG	4921	15036	DMSO_U0126_64cell_adult1	0.000000000	Epidermis (a)	Epidermis (a)
DMSO_64cell_CCCGTCACGGTC	4377	11264	DMSO_U0126_64cell_adult5	0.008877841	Epidermis (b)	Epidermis (b)
DMSO_64cell_CCCTCTTGGTCG	4964	14315	DMSO_U0126_64cell_adult2	0.013971359	Epidermis (a)	Epidermis (a)
DMSO_64cell_CCCTGAATCCAC	6407	32924	DMSO_U0126_64cell_adult6	0.003037298	Epidermis (b)	Epidermis (b)
DMSO_64cell_CCCTGACGTCGC	4432	11991	DMSO_U0126_64cell_adult6	0.000000000	Epidermis (b)	Epidermis (b)
DMSO_64cell_CCCTGCATTCTA	3110	 5818	DMSO_U0126_64cell_adult1	0.017188037	Epidermis (a)	Epidermis (a)
DMSO_64cell_CCCTGCCGGCTG	4132	 9885	DMSO_U0126_64cell_adult1	0.010116338	Epidermis (b)	Epidermis (b)
DMSO_64cell_CCCTGTACGGAG	2434	 3859	DMSO_U0126_64cell_adult3	0.000000000	Endoderm	Endoderm
DMSO_64cell_CCCTTATTGAAT	4652	12398	DMSO_U0126_64cell_adult2	0.048394902	Endoderm	Endoderm
DMSO_64cell_CCCTTCACACCG	4658	13290	DMSO_U0126_64cell_adult3	0.007524454	Epidermis (b)	Epidermis (b)
DMSO_64cell_CCCTTCCATCTT	5474	18340	DMSO_U0126_64cell_adult6	0.027262814	Epidermis (a)	Epidermis (a)
DMSO_64cell_CCCTTTGTTCAC	1803	 2823	DMSO_U0126_64cell_adult2	0.000000000	Epidermis (b)	Epidermis (b)
DMSO_64cell_CCGAAACGGTAT	1905	 2732	DMSO_U0126_64cell_adult4	0.000000000	Epidermis (a)	Epidermis (a)
DMSO_64cell_CCGAAGACAGGC	4120	 9873	DMSO_U0126_64cell_adult5	0.000000000	Endoderm	Endoderm
DMSO_64cell_CCGAATGGCACT	4127	 9561	DMSO_U0126_64cell_adult3	0.000000000	Epidermis (b)	Epidermis (b)
DMSO_64cell_CCGACCTGCGCT	4219	10887	DMSO_U0126_64cell_adult3	0.009185267	B7.7	B7.7
DMSO_64cell_CCGACTTATATC	4392	11143	DMSO_U0126_64cell_adult4	0.089742439	Epidermis (b)	Epidermis (b)
DMSO_64cell_CCGAGACCTTGT	1907	 3148	DMSO_U0126_64cell_adult1	0.000000000	Epidermis (b)	Epidermis (b)
DMSO_64cell_CCGAGGTGTGTT	5414	18951	DMSO_U0126_64cell_adult1	0.010553533	Epidermis (a)	Epidermis (a)
DMSO_64cell_CCGATGTGGTCA	4807	13878	DMSO_U0126_64cell_adult2	0.014411298	Endoderm	Endoderm
DMSO_64cell_CCGATGTTTGAT	6098	27331	DMSO_U0126_64cell_adult3	0.014635396	B7.3	B7.3
DMSO_64cell_CCGCAGGTCGGG	4021	 9666	DMSO_U0126_64cell_adult1	0.000000000	Neural (a)	Neural (a)
DMSO_64cell_CCGCCGAGAACT	5931	24249	DMSO_U0126_64cell_adult5	0.008247763	B7.3	B7.3
DMSO_64cell_CCGCCGGTGTGG	2284	 3614	DMSO_U0126_64cell_adult1	0.000000000	Epidermis (a)	Epidermis (a)
DMSO_64cell_CCGCCGTCTCTT	5085	16387	DMSO_U0126_64cell_adult3	0.006102398	Neural (A)	Neural (A)
DMSO_64cell_CCGCGATTGCAT	2229	 3726	DMSO_U0126_64cell_adult1	0.000000000	Epidermis (b)	Epidermis (b)
DMSO_64cell_CCGCGCGTCGGT	4600	11931	DMSO_U0126_64cell_adult4	0.008381527	Epidermis (b)	Epidermis (b)
DMSO_64cell_CCGCGTAGGTTA	3085	 5689	DMSO_U0126_64cell_adult1	0.000000000	Epidermis (a)	Epidermis (a)
DMSO_64cell_CCGCTACAGGCC	3811	 8408	DMSO_U0126_64cell_adult4	0.000000000	Epidermis (a)	Epidermis (a)
DMSO_64cell_CCGCTCACTTTA	5120	16845	DMSO_U0126_64cell_adult1	0.023745919	B7.7	B7.7
DMSO_64cell_CCGCTTGGGCTA	2640	 4868	DMSO_U0126_64cell_adult5	0.020542317	B7.6	B7.6
DMSO_64cell_CCGGATCAGTCG	5544	20124	DMSO_U0126_64cell_adult1	0.009938382	B7.7	B7.7
DMSO_64cell_CCGGGAGAGCTC	4119	 9840	DMSO_U0126_64cell_adult4	0.000000000	Epidermis (b)	Epidermis (b)
DMSO_64cell_CCGGGCGAGGTC	4219	10156	DMSO_U0126_64cell_adult1	0.000000000	B7.4	B7.4
DMSO_64cell_CCGGGCGGAGCA	2447	 4107	DMSO_U0126_64cell_adult5	0.024348673	Neural (A)	Neural (A)
DMSO_64cell_CCGGGGTTATCC	3503	 7220	DMSO_U0126_64cell_adult4	0.000000000	1˚ Notochord	1˚ Notochord
DMSO_64cell_CCGGGTCTTGTG	5795	22312	DMSO_U0126_64cell_adult3	0.004481893	Epidermis (b)	Epidermis (b)
DMSO_64cell_CCGGGTTATTGG	3980	 9181	DMSO_U0126_64cell_adult6	0.021784119	B7.7	B7.7
DMSO_64cell_CCGGTTTCCACT	1997	 2977	DMSO_U0126_64cell_adult1	0.033590863	Neural (a)	Neural (a)
DMSO_64cell_CCGTACTATAAC	5390	19447	DMSO_U0126_64cell_adult3	0.082274901	B7.7	B7.7
DMSO_64cell_CCGTAGGGGATA	3303	 6461	DMSO_U0126_64cell_adult1	0.015477480	Epidermis (a)	Epidermis (a)
DMSO_64cell_CCGTCCAGTTAG	6077	27959	DMSO_U0126_64cell_adult5	0.007153332	Neural (A)	Neural (A)
DMSO_64cell_CCGTCGTCTTAC	7109	48764	DMSO_U0126_64cell_adult2	0.010253466	Epidermis (b)	Epidermis (b)
DMSO_64cell_CCGTGCTATCGG	3590	 7384	DMSO_U0126_64cell_adult3	0.000000000	Epidermis (a)	Epidermis (a)
DMSO_64cell_CCGTGGAGCAGC	3162	 6194	DMSO_U0126_64cell_adult1	0.016144656	Epidermis (a)	Epidermis (a)
DMSO_64cell_CCGTGGGACGTG	4187	10124	DMSO_U0126_64cell_adult4	0.009877519	Epidermis (b)	Epidermis (b)
DMSO_64cell_CCGTTATTTAGG	4672	12675	DMSO_U0126_64cell_adult1	0.023668639	Epidermis (a)	Epidermis (a)
DMSO_64cell_CCGTTCCATAGA	4817	14134	DMSO_U0126_64cell_adult5	0.155653035	B7.3	B7.3
DMSO_64cell_CCGTTCCTTCAG	2714	 4957	DMSO_U0126_64cell_adult4	0.000000000	Epidermis (a)	Epidermis (a)
DMSO_64cell_CCTAACTACATC	5142	15426	DMSO_U0126_64cell_adult3	0.038895371	Epidermis (a)	Epidermis (a)
DMSO_64cell_CCTAAGCCTGAT	4158	10066	DMSO_U0126_64cell_adult3	0.009934433	Neural (a)	Neural (a)
DMSO_64cell_CCTAAGTCATAA	4245	10207	DMSO_U0126_64cell_adult2	0.117566376	A7.6	A7.6
DMSO_64cell_CCTAATAAAGAC	2705	 4863	DMSO_U0126_64cell_adult5	0.020563438	1˚ Notochord	1˚ Notochord
DMSO_64cell_CCTACCAAAGTT	3884	 8658	DMSO_U0126_64cell_adult4	0.023100023	Epidermis (b)	Epidermis (b)
DMSO_64cell_CCTACGGTCAAA	6766	42906	DMSO_U0126_64cell_adult2	0.006992029	B7.3	B7.3
DMSO_64cell_CCTAGACAAGCC	5879	23230	DMSO_U0126_64cell_adult3	0.034438226	Neural (b)	Neural (b)
DMSO_64cell_CCTAGCGGTTAC	2013	 3056	DMSO_U0126_64cell_adult1	0.000000000	Epidermis (b)	Epidermis (b)
DMSO_64cell_CCTAGCTACGTG	3380	 7024	DMSO_U0126_64cell_adult4	0.000000000	Epidermis (b)	Epidermis (b)
DMSO_64cell_CCTAGGCATCAG	3644	 7428	DMSO_U0126_64cell_adult5	0.000000000	Epidermis (b)	Epidermis (b)
DMSO_64cell_CCTAGTACCCGC	4465	11687	DMSO_U0126_64cell_adult6	0.008556516	Epidermis (b)	Epidermis (b)
DMSO_64cell_CCTAGTATATTT	5347	18551	DMSO_U0126_64cell_adult6	0.070077085	Epidermis (b)	Epidermis (b)
DMSO_64cell_CCTAGTCGTTCC	3610	 7607	DMSO_U0126_64cell_adult6	0.000000000	Epidermis (a)	Epidermis (a)
DMSO_64cell_CCTATACGCAGT	4024	 9285	DMSO_U0126_64cell_adult1	0.010770059	Epidermis (b)	Epidermis (b)
DMSO_64cell_CCTATGTACGAT	4315	10519	DMSO_U0126_64cell_adult2	0.104572678	B7.7	B7.7
DMSO_64cell_CCTATTAATAGC	2272	 3506	DMSO_U0126_64cell_adult1	0.513405590	Epidermis (b)	Epidermis (b)
DMSO_64cell_CCTATTAGTCAC	3499	 7155	DMSO_U0126_64cell_adult3	0.013976240	Endoderm	Endoderm
DMSO_64cell_CCTCAGTGGCGG	5125	17122	DMSO_U0126_64cell_adult1	0.005840439	B7.4	B7.4
DMSO_64cell_CCTCCCACATAA	5239	18302	DMSO_U0126_64cell_adult3	0.000000000	B7.3	B7.3
DMSO_64cell_CCTCCTTTTACG	3365	 6894	DMSO_U0126_64cell_adult6	0.101537569	B7.8	B7.8
DMSO_64cell_CCTCGTGCCTTC	1827	 2639	DMSO_U0126_64cell_adult1	0.000000000	Epidermis (b)	Epidermis (b)
DMSO_64cell_CCTCTCTGAACG	4749	13888	DMSO_U0126_64cell_adult1	0.007200461	Epidermis (b)	Epidermis (b)
DMSO_64cell_CCTCTTGATGGC	5170	16257	DMSO_U0126_64cell_adult3	0.006151196	Epidermis (a)	Epidermis (a)
DMSO_64cell_CCTCTTGGTTTC	5389	18214	DMSO_U0126_64cell_adult4	0.010980564	Neural (A)	Neural (A)
DMSO_64cell_CCTCTTTCGTCA	1937	 2786	DMSO_U0126_64cell_adult5	0.000000000	Epidermis (b)	Epidermis (b)
DMSO_64cell_CCTGAAGATACC	4266	10663	DMSO_U0126_64cell_adult1	0.046891119	Epidermis (b)	Epidermis (b)
DMSO_64cell_CCTGCATTGCAA	4371	11140	DMSO_U0126_64cell_adult1	0.000000000	Epidermis (a)	Epidermis (a)
DMSO_64cell_CCTGCGACTAAG	3799	 8304	DMSO_U0126_64cell_adult1	0.024084778	Epidermis (b)	Epidermis (b)
DMSO_64cell_CCTGCGTTGCAG	1856	 2592	DMSO_U0126_64cell_adult2	0.038580247	B7.7	B7.7
DMSO_64cell_CCTGGAAGATCT	2144	 3272	DMSO_U0126_64cell_adult6	0.030562347	Epidermis (b)	Epidermis (b)
DMSO_64cell_CCTGGATCGCGG	3516	 7191	DMSO_U0126_64cell_adult6	0.027812543	1˚ Notochord	1˚ Notochord
DMSO_64cell_CCTGGGGTGACG	2335	 4060	DMSO_U0126_64cell_adult3	0.000000000	Epidermis (b)	Epidermis (b)
DMSO_64cell_CCTGTCGTGGCC	4638	12155	DMSO_U0126_64cell_adult2	0.000000000	1˚ Notochord	1˚ Notochord
DMSO_64cell_CCTGTGATATTC	2755	 5030	DMSO_U0126_64cell_adult3	0.019880716	Epidermis (b)	Epidermis (b)
DMSO_64cell_CCTGTTTGGTCT	6625	34920	DMSO_U0126_64cell_adult6	0.017182131	Epidermis (b)	Epidermis (b)
DMSO_64cell_CCTTAAAGGTCG	3720	 7985	DMSO_U0126_64cell_adult5	0.000000000	Neural (a)	Neural (a)
DMSO_64cell_CCTTAGTAAAAT	1975	 3019	DMSO_U0126_64cell_adult3	0.099370653	Epidermis (b)	Epidermis (b)
DMSO_64cell_CCTTATTTTCTA	3617	 7765	DMSO_U0126_64cell_adult1	0.000000000	Neural (a)	Neural (a)
DMSO_64cell_CCTTCACGTGCC	4420	11242	DMSO_U0126_64cell_adult3	0.000000000	Epidermis (a)	Epidermis (a)
DMSO_64cell_CCTTCATAGAGT	3511	 7023	DMSO_U0126_64cell_adult1	0.156628222	Epidermis (b)	Epidermis (b)
DMSO_64cell_CCTTCCAGATTT	5530	19385	DMSO_U0126_64cell_adult3	0.082538045	Epidermis (b)	Epidermis (b)
DMSO_64cell_CCTTCTGATCTG	4174	 9983	DMSO_U0126_64cell_adult3	0.050085145	Epidermis (b)	Epidermis (b)
DMSO_64cell_CCTTCTGGGAGC	6546	37880	DMSO_U0126_64cell_adult1	0.002639916	B7.3	B7.3
DMSO_64cell_CCTTCTGTAAAA	2931	 5456	DMSO_U0126_64cell_adult5	0.036656891	Epidermis (a)	Epidermis (a)
DMSO_64cell_CCTTGAAAATCG	4512	12469	DMSO_U0126_64cell_adult2	0.040099447	Neural (A)	Neural (A)
DMSO_64cell_CCTTGCGCATTG	3620	 7668	DMSO_U0126_64cell_adult1	0.000000000	1˚ Notochord	1˚ Notochord
DMSO_64cell_CCTTGTATAGCC	4039	 9099	DMSO_U0126_64cell_adult5	0.054951094	Neural (a)	Neural (a)
DMSO_64cell_CCTTGTGGAGGC	4544	11493	DMSO_U0126_64cell_adult3	0.026102845	Epidermis (b)	Epidermis (b)
DMSO_64cell_CCTTTCCGATTG	4512	11656	DMSO_U0126_64cell_adult2	0.017158545	1˚ Notochord	1˚ Notochord
DMSO_64cell_CCTTTCTTCTAC	4477	11304	DMSO_U0126_64cell_adult4	0.044232130	Epidermis (b)	Epidermis (b)
DMSO_64cell_CCTTTGCACCGA	3793	 8204	DMSO_U0126_64cell_adult3	0.000000000	1˚ Notochord	1˚ Notochord
DMSO_64cell_CGAAAAACGAAC	3691	 7923	DMSO_U0126_64cell_adult2	0.100971854	B7.5	B7.5
DMSO_64cell_CGAAAAATATCC	4665	13493	DMSO_U0126_64cell_adult5	0.074112503	Epidermis (a)	Epidermis (a)
DMSO_64cell_CGAAAAATCCAT	4626	12165	DMSO_U0126_64cell_adult2	0.057542129	Endoderm	Endoderm
DMSO_64cell_CGAAACCTCTGA	6811	39991	DMSO_U0126_64cell_adult2	0.025005626	Neural (A)	Neural (A)
DMSO_64cell_CGAAAGAAACTC	2653	 4636	DMSO_U0126_64cell_adult5	0.043140638	B7.7	B7.7
DMSO_64cell_CGAACACACAGG	4121	 9327	DMSO_U0126_64cell_adult3	0.000000000	Epidermis (b)	Epidermis (b)
DMSO_64cell_CGAAGACGATAC	2428	 3976	DMSO_U0126_64cell_adult6	0.025150905	Epidermis (b)	Epidermis (b)
DMSO_64cell_CGAAGGTTGCGT	5072	15867	DMSO_U0126_64cell_adult3	0.025209554	Neural (A)	Neural (A)
DMSO_64cell_CGAATGATTGTA	2293	 3593	DMSO_U0126_64cell_adult4	0.083495686	Epidermis (b)	Epidermis (b)
DMSO_64cell_CGACAAAATCAT	3342	 7297	DMSO_U0126_64cell_adult1	0.054817048	Neural (A)	Neural (A)
DMSO_64cell_CGACACATGTTT	5630	21756	DMSO_U0126_64cell_adult1	0.009192866	B7.3	B7.3
DMSO_64cell_CGACACTGCGCA	3271	 6374	DMSO_U0126_64cell_adult3	0.000000000	Epidermis (b)	Epidermis (b)
DMSO_64cell_CGACAGAGTGGG	3859	 8853	DMSO_U0126_64cell_adult6	0.011295606	Endoderm	Endoderm
DMSO_64cell_CGACATACGATC	4590	13348	DMSO_U0126_64cell_adult2	0.022475277	B7.3	B7.3
DMSO_64cell_CGACCTTGTTTT	2811	 5299	DMSO_U0126_64cell_adult4	0.018871485	Neural (A)	Neural (A)
DMSO_64cell_CGACGAGATAAC	2857	 5217	DMSO_U0126_64cell_adult5	0.000000000	Neural (A)	Neural (A)
DMSO_64cell_CGACGGTGATCG	3831	 8017	DMSO_U0126_64cell_adult3	0.000000000	Epidermis (b)	Epidermis (b)
DMSO_64cell_CGACTACACGCG	3501	 7161	DMSO_U0126_64cell_adult3	0.000000000	Endoderm	Endoderm
DMSO_64cell_CGACTGGGAGCA	3339	 6438	DMSO_U0126_64cell_adult1	0.000000000	Epidermis (b)	Epidermis (b)
DMSO_64cell_CGAGCAAATAGA	6005	24531	DMSO_U0126_64cell_adult3	0.008152949	Epidermis (b)	Epidermis (b)
DMSO_64cell_CGAGCAACGATG	3837	 8587	DMSO_U0126_64cell_adult1	0.000000000	Epidermis (b)	Epidermis (b)
DMSO_64cell_CGAGCGCGCTGG	4312	10866	DMSO_U0126_64cell_adult1	0.000000000	Neural (a)	Neural (a)
DMSO_64cell_CGAGGATAGTTG	2712	 4670	DMSO_U0126_64cell_adult1	0.000000000	B7.8	B7.8
DMSO_64cell_CGAGGCTTATCA	3019	 6143	DMSO_U0126_64cell_adult1	0.032557382	Epidermis (b)	Epidermis (b)
DMSO_64cell_CGAGGTGTACGG	5330	17743	DMSO_U0126_64cell_adult1	0.000000000	Epidermis (a)	Epidermis (a)
DMSO_64cell_CGAGTACCCAGG	4154	10139	DMSO_U0126_64cell_adult3	0.009862906	A7.6	A7.6
DMSO_64cell_CGATCAACTTGA	3666	 7832	DMSO_U0126_64cell_adult6	0.191521961	Neural (a)	Neural (a)
DMSO_64cell_CGATCTCCACGC	3986	 8861	DMSO_U0126_64cell_adult2	0.000000000	Neural (a)	Neural (a)
DMSO_64cell_CGATGACGGTAT	3808	 8401	DMSO_U0126_64cell_adult5	0.023806690	Epidermis (a)	Epidermis (a)
DMSO_64cell_CGATTTCCCTTT	6435	35437	DMSO_U0126_64cell_adult5	0.002821909	A7.6	A7.6
DMSO_64cell_CGATTTGGGTTA	4464	12018	DMSO_U0126_64cell_adult1	0.016641704	Neural (A)	Neural (A)
DMSO_64cell_CGCAACACCTCA	3655	 8029	DMSO_U0126_64cell_adult1	0.000000000	Epidermis (a)	Epidermis (a)
DMSO_64cell_CGCAAGCGAGCG	5969	23928	DMSO_U0126_64cell_adult1	0.000000000	Epidermis (a)	Epidermis (a)
DMSO_64cell_CGCAATCGGATG	2962	 5422	DMSO_U0126_64cell_adult4	0.000000000	Epidermis (b)	Epidermis (b)
DMSO_64cell_CGCAATCTTCCC	5179	16667	DMSO_U0126_64cell_adult1	0.000000000	Epidermis (b)	Epidermis (b)
DMSO_64cell_CGCACCTTCCGC	2523	 4299	DMSO_U0126_64cell_adult1	0.000000000	Epidermis (b)	Epidermis (b)
DMSO_64cell_CGCACGATTGCC	5829	23533	DMSO_U0126_64cell_adult4	0.008498704	Neural (b)	Neural (b)
DMSO_64cell_CGCACTTGTAGC	5711	22845	DMSO_U0126_64cell_adult4	0.000000000	B7.3	B7.3
DMSO_64cell_CGCAGGAGTCGT	4501	11650	DMSO_U0126_64cell_adult6	0.017167382	Epidermis (b)	Epidermis (b)
DMSO_64cell_CGCAGGCAACTG	3928	 9143	DMSO_U0126_64cell_adult3	0.054686646	Neural (A)	Neural (A)
DMSO_64cell_CGCATAACAATA	2592	 4366	DMSO_U0126_64cell_adult3	0.068712781	Neural (a)	Neural (a)
DMSO_64cell_CGCATATACGAT	4153	 9621	DMSO_U0126_64cell_adult2	0.000000000	Endoderm	Endoderm
DMSO_64cell_CGCATGCTCGAA	2306	 3919	DMSO_U0126_64cell_adult4	0.025516713	Epidermis (b)	Epidermis (b)
DMSO_64cell_CGCATTCCAAAC	3225	 6229	DMSO_U0126_64cell_adult4	0.064215765	Epidermis (a)	Epidermis (a)
DMSO_64cell_CGCCACCACTGT	5492	19814	DMSO_U0126_64cell_adult5	0.000000000	B7.4	B7.4
DMSO_64cell_CGCCCTTAAAGG	2592	 4487	DMSO_U0126_64cell_adult4	0.000000000	Epidermis (b)	Epidermis (b)
DMSO_64cell_CGCCGCCCTGTA	3291	 6487	DMSO_U0126_64cell_adult3	0.015415446	Epidermis (b)	Epidermis (b)
DMSO_64cell_CGCCTGGGCCCT	3946	 9679	DMSO_U0126_64cell_adult1	0.000000000	B7.7	B7.7
DMSO_64cell_CGCGGCCGGGCG	4888	14459	DMSO_U0126_64cell_adult2	0.000000000	Epidermis (b)	Epidermis (b)
DMSO_64cell_CGCGGGTGCAAT	2964	 5291	DMSO_U0126_64cell_adult1	0.000000000	Endoderm	Endoderm
DMSO_64cell_CGCGTCAACTCT	2488	 4324	DMSO_U0126_64cell_adult6	0.000000000	Epidermis (b)	Epidermis (b)
DMSO_64cell_CGCTAATCGCAT	2300	 3770	DMSO_U0126_64cell_adult6	0.026525199	Epidermis (b)	Epidermis (b)
DMSO_64cell_CGCTAGGCTCCC	3367	 7136	DMSO_U0126_64cell_adult1	0.028026906	Epidermis (b)	Epidermis (b)
DMSO_64cell_CGCTATAATACG	1986	 2984	DMSO_U0126_64cell_adult6	0.033512064	Epidermis (a)	Epidermis (a)
DMSO_64cell_CGCTCAGGTGGC	4334	11081	DMSO_U0126_64cell_adult2	0.000000000	Epidermis (b)	Epidermis (b)
DMSO_64cell_CGCTGGCGCGAG	5745	24473	DMSO_U0126_64cell_adult4	0.004086136	Epidermis (b)	Epidermis (b)
DMSO_64cell_CGCTGGTCCGCT	3819	 9071	DMSO_U0126_64cell_adult5	0.000000000	Epidermis (b)	Epidermis (b)
DMSO_64cell_CGCTTCTAGAGT	3874	 8692	DMSO_U0126_64cell_adult1	0.023009664	Neural (a)	Neural (a)
DMSO_64cell_CGGAACACCGCG	3996	 9335	DMSO_U0126_64cell_adult1	0.000000000	1˚ Notochord	1˚ Notochord
DMSO_64cell_CGGACCGAAAGC	3099	 5732	DMSO_U0126_64cell_adult1	0.000000000	Neural (a)	Neural (a)
DMSO_64cell_CGGACCTTTTTT	5984	26594	DMSO_U0126_64cell_adult1	0.033842220	B7.6	B7.6
DMSO_64cell_CGGACGACCATA	1983	 2808	DMSO_U0126_64cell_adult6	0.000000000	1˚ Notochord	1˚ Notochord
DMSO_64cell_CGGACGCATGCT	5774	21838	DMSO_U0126_64cell_adult3	0.000000000	B7.4	B7.4
DMSO_64cell_CGGACTAGGGAA	4030	10545	DMSO_U0126_64cell_adult5	0.009483167	Neural (A)	Neural (A)
DMSO_64cell_CGGAGTTCTACA	3837	 9016	DMSO_U0126_64cell_adult1	0.000000000	Endoderm	Endoderm
DMSO_64cell_CGGCAAACCCTT	4824	13614	DMSO_U0126_64cell_adult1	0.044072279	Neural (A)	Neural (A)
DMSO_64cell_CGGCATTTGGTT	5147	15574	DMSO_U0126_64cell_adult5	0.006420958	Epidermis (a)	Epidermis (a)
DMSO_64cell_CGGCCAGCTGTT	2720	 4856	DMSO_U0126_64cell_adult1	0.000000000	B7.7	B7.7
DMSO_64cell_CGGCCTCTACCC	4362	11048	DMSO_U0126_64cell_adult5	0.009051412	Epidermis (b)	Epidermis (b)
DMSO_64cell_CGGCGGAACGCC	3291	 6621	DMSO_U0126_64cell_adult6	0.015103459	Epidermis (b)	Epidermis (b)
DMSO_64cell_CGGCGGCGCCAG	3610	 7748	DMSO_U0126_64cell_adult1	0.000000000	Epidermis (b)	Epidermis (b)
DMSO_64cell_CGGGATCGATAA	5161	16055	DMSO_U0126_64cell_adult3	0.037371535	Neural (A)	Neural (A)
DMSO_64cell_CGGGATGCACTC	4590	12495	DMSO_U0126_64cell_adult1	0.024009604	Neural (A)	Neural (A)
DMSO_64cell_CGGGCAACCATG	3262	 6521	DMSO_U0126_64cell_adult6	0.000000000	B7.4	B7.4
DMSO_64cell_CGGGCCTTTTGT	5394	18999	DMSO_U0126_64cell_adult3	0.005263435	Epidermis (a)	Epidermis (a)
DMSO_64cell_CGGGCGAACTAC	3777	 7897	DMSO_U0126_64cell_adult2	0.012663037	Endoderm	Endoderm
DMSO_64cell_CGGGCTAGAGTC	2973	 5426	DMSO_U0126_64cell_adult1	0.000000000	Epidermis (b)	Epidermis (b)
DMSO_64cell_CGGGGGATTTAC	5256	16797	DMSO_U0126_64cell_adult2	0.017860332	B7.8	B7.8
DMSO_64cell_CGGGGGGATGTC	2390	 3857	DMSO_U0126_64cell_adult1	0.000000000	Epidermis (a)	Epidermis (a)
DMSO_64cell_CGGGTTAGGTTT	4284	11862	DMSO_U0126_64cell_adult6	0.109593660	B7.5	B7.5
DMSO_64cell_CGGTCACATGGG	4847	15097	DMSO_U0126_64cell_adult5	0.006623833	B7.3	B7.3
DMSO_64cell_CGGTCGCGGTAG	4128	 9532	DMSO_U0126_64cell_adult3	0.000000000	Epidermis (a)	Epidermis (a)
DMSO_64cell_CGGTCGGCCATC	4131	 9677	DMSO_U0126_64cell_adult3	0.000000000	Epidermis (a)	Epidermis (a)
DMSO_64cell_CGGTCGTGCTGC	3076	 5894	DMSO_U0126_64cell_adult3	0.000000000	Endoderm	Endoderm
DMSO_64cell_CGGTGTGAGTCT	3496	 7247	DMSO_U0126_64cell_adult5	0.027597627	Epidermis (b)	Epidermis (b)
DMSO_64cell_CGGTTCATTCCC	4773	13211	DMSO_U0126_64cell_adult1	0.022708349	Neural (a)	Neural (a)
DMSO_64cell_CGGTTCGGTCTC	5163	16221	DMSO_U0126_64cell_adult6	0.006164848	Epidermis (a)	Epidermis (a)
DMSO_64cell_CGGTTGACACCA	1785	 2612	DMSO_U0126_64cell_adult1	0.000000000	Epidermis (a)	Epidermis (a)
DMSO_64cell_CGGTTGAGTATT	4741	12729	DMSO_U0126_64cell_adult1	0.007856077	Epidermis (b)	Epidermis (b)
DMSO_64cell_CGTAAAATTAGC	4431	11390	DMSO_U0126_64cell_adult4	0.035118525	B7.3	B7.3
DMSO_64cell_CGTAAAGCTTGC	3496	 7577	DMSO_U0126_64cell_adult6	0.000000000	Epidermis (a)	Epidermis (a)
DMSO_64cell_CGTAACTCGTAC	2455	 4014	DMSO_U0126_64cell_adult3	0.049825610	B7.7	B7.7
DMSO_64cell_CGTACGATAACT	5057	15576	DMSO_U0126_64cell_adult1	0.044940935	Neural (A)	Neural (A)
DMSO_64cell_CGTACGCCCATG	4407	11599	DMSO_U0126_64cell_adult3	0.000000000	Epidermis (a)	Epidermis (a)
DMSO_64cell_CGTACGCTGGGC	3496	 7415	DMSO_U0126_64cell_adult3	0.013486177	B7.3	B7.3
DMSO_64cell_CGTAGACATCCC	3790	 8185	DMSO_U0126_64cell_adult3	0.048869884	Epidermis (a)	Epidermis (a)
DMSO_64cell_CGTAGTAGATCT	2356	 3922	DMSO_U0126_64cell_adult2	0.101988781	Epidermis (a)	Epidermis (a)
DMSO_64cell_CGTATAAAGAGC	3471	 7193	DMSO_U0126_64cell_adult1	0.236340887	B7.8	B7.8
DMSO_64cell_CGTATTGACGAC	2282	 3644	DMSO_U0126_64cell_adult3	0.027442371	Epidermis (b)	Epidermis (b)
DMSO_64cell_CGTATTTGAGAG	3867	 8658	DMSO_U0126_64cell_adult6	0.196350196	Epidermis (b)	Epidermis (b)
DMSO_64cell_CGTCAGGCATCA	4804	13808	DMSO_U0126_64cell_adult1	0.007242178	Epidermis (b)	Epidermis (b)
DMSO_64cell_CGTCATCCGAGA	1844	 2842	DMSO_U0126_64cell_adult1	0.035186488	B7.5	B7.5
DMSO_64cell_CGTCCTTAAGAC	3615	 7580	DMSO_U0126_64cell_adult4	0.026385224	Epidermis (a)	Epidermis (a)
DMSO_64cell_CGTCGGGCGACG	3664	 7697	DMSO_U0126_64cell_adult3	0.012992075	B7.8	B7.8
DMSO_64cell_CGTGAAACATCT	3553	 7373	DMSO_U0126_64cell_adult1	0.013563000	Epidermis (b)	Epidermis (b)
DMSO_64cell_CGTGAGGTTCAA	6044	24822	DMSO_U0126_64cell_adult3	0.016114737	Neural (a)	Neural (a)
DMSO_64cell_CGTGCCATAGTT	2189	 3333	DMSO_U0126_64cell_adult5	0.060006001	Epidermis (b)	Epidermis (b)
DMSO_64cell_CGTGGGGCGCCT	2383	 3896	DMSO_U0126_64cell_adult3	0.000000000	Epidermis (a)	Epidermis (a)
DMSO_64cell_CGTGTCTAAAAT	5337	19598	DMSO_U0126_64cell_adult6	0.025512807	B7.3	B7.3
DMSO_64cell_CGTGTGGGACAA	3278	 6381	DMSO_U0126_64cell_adult1	0.015671525	Epidermis (b)	Epidermis (b)
DMSO_64cell_CGTGTTTTTCTG	2700	 4557	DMSO_U0126_64cell_adult4	0.131665569	B7.8	B7.8
DMSO_64cell_CGTTAAGGCACA	3508	 7490	DMSO_U0126_64cell_adult3	0.013351135	Epidermis (b)	Epidermis (b)
DMSO_64cell_CGTTACATTCGC	4027	 9328	DMSO_U0126_64cell_adult5	0.032161235	Endoderm	Endoderm
DMSO_64cell_CGTTAGAATAGG	2224	 3346	DMSO_U0126_64cell_adult2	0.029886432	1˚ Notochord	1˚ Notochord
DMSO_64cell_CGTTATAACGGT	3847	 8451	DMSO_U0126_64cell_adult2	0.023665838	B7.7	B7.7
DMSO_64cell_CGTTCCTTCCTT	5151	15858	DMSO_U0126_64cell_adult4	0.006305965	Epidermis (b)	Epidermis (b)
DMSO_64cell_CGTTGCGGGGAT	5555	18666	DMSO_U0126_64cell_adult2	0.005357334	Epidermis (a)	Epidermis (a)
DMSO_64cell_CGTTGGCACCGA	2975	 5555	DMSO_U0126_64cell_adult5	0.000000000	Epidermis (b)	Epidermis (b)
DMSO_64cell_CGTTGGTTGATG	5673	22213	DMSO_U0126_64cell_adult6	0.018007473	Epidermis (b)	Epidermis (b)
DMSO_64cell_CGTTTGCTGGCC	4095	10031	DMSO_U0126_64cell_adult1	0.000000000	Epidermis (b)	Epidermis (b)
DMSO_64cell_CGTTTTTAAAGG	3646	 7679	DMSO_U0126_64cell_adult2	0.065112645	Epidermis (b)	Epidermis (b)
DMSO_64cell_CTAAACCGTTTA	2429	 4106	DMSO_U0126_64cell_adult4	0.097418412	Endoderm	Endoderm
DMSO_64cell_CTAAAGAGTCAA	4266	10515	DMSO_U0126_64cell_adult5	0.038040894	Epidermis (a)	Epidermis (a)
DMSO_64cell_CTAACTGCTGTT	1800	 2631	DMSO_U0126_64cell_adult3	0.038008362	Epidermis (b)	Epidermis (b)
DMSO_64cell_CTAAGAACCGCA	3845	 8805	DMSO_U0126_64cell_adult6	0.000000000	Epidermis (b)	Epidermis (b)
DMSO_64cell_CTAAGAAGGTCT	5420	18672	DMSO_U0126_64cell_adult3	0.101756641	Epidermis (a)	Epidermis (a)
DMSO_64cell_CTAATAATACCA	3643	 7841	DMSO_U0126_64cell_adult6	0.000000000	1˚ Notochord	1˚ Notochord
DMSO_64cell_CTAATATTAAGC	4050	 9566	DMSO_U0126_64cell_adult6	0.073175831	Epidermis (b)	Epidermis (b)
DMSO_64cell_CTACAAAGAAGC	4456	11551	DMSO_U0126_64cell_adult1	0.155830664	Epidermis (b)	Epidermis (b)
DMSO_64cell_CTACAAGGGTTC	4122	 9698	DMSO_U0126_64cell_adult3	0.000000000	Epidermis (b)	Epidermis (b)
DMSO_64cell_CTACACACCTAA	4157	 9629	DMSO_U0126_64cell_adult2	0.135008828	Epidermis (a)	Epidermis (a)
DMSO_64cell_CTACACAGGATG	5121	16333	DMSO_U0126_64cell_adult1	0.030612870	B7.7	B7.7
DMSO_64cell_CTACACATATAT	5801	23090	DMSO_U0126_64cell_adult1	0.147249892	Endoderm	Endoderm
DMSO_64cell_CTACACCGCCGA	3095	 5737	DMSO_U0126_64cell_adult2	0.017430713	Epidermis (a)	Epidermis (a)
DMSO_64cell_CTACACTTGGAC	5944	27342	DMSO_U0126_64cell_adult4	0.051203277	Neural (A)	Neural (A)
DMSO_64cell_CTACCCCTTGCT	4080	10370	DMSO_U0126_64cell_adult2	0.000000000	B7.3	B7.3
DMSO_64cell_CTACCCTTTTCC	4331	11044	DMSO_U0126_64cell_adult4	0.099601594	Neural (A)	Neural (A)
DMSO_64cell_CTACCGTAGAAA	5613	20342	DMSO_U0126_64cell_adult2	0.019663750	Epidermis (a)	Epidermis (a)
DMSO_64cell_CTACGAGCCGTA	4192	10003	DMSO_U0126_64cell_adult2	0.029991003	Endoderm	Endoderm
DMSO_64cell_CTACGCCGTCGA	4205	10077	DMSO_U0126_64cell_adult2	0.009923588	Neural (a)	Neural (a)
DMSO_64cell_CTACTTTTGACA	4524	12135	DMSO_U0126_64cell_adult1	0.098887515	Epidermis (b)	Epidermis (b)
DMSO_64cell_CTAGAATCCATG	4096	 9714	DMSO_U0126_64cell_adult1	0.000000000	Neural (a)	Neural (a)
DMSO_64cell_CTAGAATGTAGG	3441	 6868	DMSO_U0126_64cell_adult4	0.276645312	B7.5	B7.5
DMSO_64cell_CTAGAATTGAAT	3283	 6596	DMSO_U0126_64cell_adult2	0.045482110	Epidermis (b)	Epidermis (b)
DMSO_64cell_CTAGACAAGCGT	3162	 6267	DMSO_U0126_64cell_adult6	0.015956598	Epidermis (a)	Epidermis (a)
DMSO_64cell_CTAGAGACTAAA	5469	20087	DMSO_U0126_64cell_adult4	0.084631851	Epidermis (a)	Epidermis (a)
DMSO_64cell_CTAGCACTTGGG	4190	 9671	DMSO_U0126_64cell_adult2	0.051700962	Epidermis (a)	Epidermis (a)
DMSO_64cell_CTAGCGAGCTCG	3121	 6001	DMSO_U0126_64cell_adult4	0.000000000	Epidermis (b)	Epidermis (b)
DMSO_64cell_CTAGGGAACCTG	4344	10843	DMSO_U0126_64cell_adult2	0.046112699	B7.6	B7.6
DMSO_64cell_CTAGTAAACGTG	2681	 4485	DMSO_U0126_64cell_adult1	0.022296544	1˚ Notochord	1˚ Notochord
DMSO_64cell_CTAGTCGACACC	4564	12016	DMSO_U0126_64cell_adult3	0.008322237	Epidermis (b)	Epidermis (b)
DMSO_64cell_CTAGTCTTGTGG	5568	19719	DMSO_U0126_64cell_adult6	0.005071251	Epidermis (b)	Epidermis (b)
DMSO_64cell_CTAGTTTTAACT	3107	 5802	DMSO_U0126_64cell_adult1	0.086177180	1˚ Notochord	1˚ Notochord
DMSO_64cell_CTATAGCGCGTC	3621	 7740	DMSO_U0126_64cell_adult4	0.012919897	Endoderm	Endoderm
DMSO_64cell_CTATAGGCTTGT	6330	29080	DMSO_U0126_64cell_adult3	0.010316369	Epidermis (b)	Epidermis (b)
DMSO_64cell_CTATATGATCTC	5193	16889	DMSO_U0126_64cell_adult1	0.071052164	Epidermis (a)	Epidermis (a)
DMSO_64cell_CTATCCGAGTTT	2939	 5118	DMSO_U0126_64cell_adult4	0.117233294	Neural (a)	Neural (a)
DMSO_64cell_CTATCGATGATG	3874	 8356	DMSO_U0126_64cell_adult2	0.131641934	Epidermis (b)	Epidermis (b)
DMSO_64cell_CTATCGGCACAC	4373	10764	DMSO_U0126_64cell_adult2	0.027870680	Neural (b)	Neural (b)
DMSO_64cell_CTATTGCTTCGC	3980	 9293	DMSO_U0126_64cell_adult1	0.064564726	B7.8	B7.8
DMSO_64cell_CTCAACCACCAA	4536	12434	DMSO_U0126_64cell_adult6	0.008042464	Epidermis (b)	Epidermis (b)
DMSO_64cell_CTCAATTTGCTT	5015	14675	DMSO_U0126_64cell_adult1	0.040885860	Epidermis (b)	Epidermis (b)
DMSO_64cell_CTCAGGAGTCCC	3792	 8624	DMSO_U0126_64cell_adult1	0.000000000	Epidermis (a)	Epidermis (a)
DMSO_64cell_CTCAGTCTACTT	4790	13297	DMSO_U0126_64cell_adult5	0.097766413	Epidermis (b)	Epidermis (b)
DMSO_64cell_CTCATACCAAAA	5180	17100	DMSO_U0126_64cell_adult4	0.175438596	A7.6	A7.6
DMSO_64cell_CTCATCCGCTTA	3194	 6232	DMSO_U0126_64cell_adult1	0.016046213	Neural (A)	Neural (A)
DMSO_64cell_CTCATGATTAAA	4199	10789	DMSO_U0126_64cell_adult1	0.027806099	Epidermis (b)	Epidermis (b)
DMSO_64cell_CTCCAACCTGGC	4682	12799	DMSO_U0126_64cell_adult2	0.007813110	Epidermis (b)	Epidermis (b)
DMSO_64cell_CTCCAATTGTTT	2036	 3066	DMSO_U0126_64cell_adult6	0.032615786	Epidermis (b)	Epidermis (b)
DMSO_64cell_CTCCACACCTGC	3937	 8911	DMSO_U0126_64cell_adult1	0.033666255	Epidermis (a)	Epidermis (a)
DMSO_64cell_CTCCCCTTTTAC	5103	16465	DMSO_U0126_64cell_adult1	0.000000000	B7.7	B7.7
DMSO_64cell_CTCCCTATCATA	3727	 8210	DMSO_U0126_64cell_adult1	0.060901340	Epidermis (b)	Epidermis (b)
DMSO_64cell_CTCCTATCGCCA	7012	46198	DMSO_U0126_64cell_adult6	0.004329192	Epidermis (b)	Epidermis (b)
DMSO_64cell_CTCCTGGTGAAT	5557	19358	DMSO_U0126_64cell_adult3	0.005165823	Epidermis (b)	Epidermis (b)
DMSO_64cell_CTCGAGAACCCG	3208	 6709	DMSO_U0126_64cell_adult4	0.059621404	Neural (A)	Neural (A)
DMSO_64cell_CTCGATACCATA	3852	 8571	DMSO_U0126_64cell_adult3	0.081670750	Epidermis (a)	Epidermis (a)
DMSO_64cell_CTCGGGCACTTT	4257	10319	DMSO_U0126_64cell_adult3	0.000000000	Epidermis (a)	Epidermis (a)
DMSO_64cell_CTCGGGTAGTTC	4228	10300	DMSO_U0126_64cell_adult2	0.000000000	Epidermis (b)	Epidermis (b)
DMSO_64cell_CTCGTCGCTAGA	3162	 5946	DMSO_U0126_64cell_adult5	0.000000000	Epidermis (a)	Epidermis (a)
DMSO_64cell_CTCGTCTGGCGC	4991	15507	DMSO_U0126_64cell_adult2	0.006448701	B7.3	B7.3
DMSO_64cell_CTCGTTTGGCTA	4450	10799	DMSO_U0126_64cell_adult3	0.000000000	1˚ Notochord	1˚ Notochord
DMSO_64cell_CTCTAACAGGAG	3603	 7926	DMSO_U0126_64cell_adult1	0.555134999	B7.6	B7.6
DMSO_64cell_CTCTACTCAAAC	4684	13449	DMSO_U0126_64cell_adult1	0.074354971	Epidermis (a)	Epidermis (a)
DMSO_64cell_CTCTCACAAAAT	2906	 5293	DMSO_U0126_64cell_adult4	0.094464387	B7.7	B7.7
DMSO_64cell_CTCTCGACGACA	1952	 2911	DMSO_U0126_64cell_adult1	0.000000000	Neural (a)	Neural (a)
DMSO_64cell_CTCTGGCTGCAA	3161	 6200	DMSO_U0126_64cell_adult4	0.032258065	B7.7	B7.7
DMSO_64cell_CTCTTCAGGCGA	2905	 5530	DMSO_U0126_64cell_adult1	0.000000000	B7.7	B7.7
DMSO_64cell_CTCTTCTCTTCG	5206	18360	DMSO_U0126_64cell_adult2	0.021786492	B7.4	B7.4
DMSO_64cell_CTCTTGAACTTT	4937	14565	DMSO_U0126_64cell_adult3	0.075523515	Endoderm	Endoderm
DMSO_64cell_CTCTTGCTGGAA	4509	11616	DMSO_U0126_64cell_adult3	0.017217631	Epidermis (b)	Epidermis (b)
DMSO_64cell_CTGAACAAGGGT	3617	 7519	DMSO_U0126_64cell_adult2	0.053198564	Epidermis (b)	Epidermis (b)
DMSO_64cell_CTGACGTCTTAT	2935	 5545	DMSO_U0126_64cell_adult6	0.054102795	B7.5	B7.5
DMSO_64cell_CTGAGGACTCTC	4661	13664	DMSO_U0126_64cell_adult4	0.000000000	B7.7	B7.7
DMSO_64cell_CTGAGTGTCACG	3299	 6744	DMSO_U0126_64cell_adult5	0.000000000	Endoderm	Endoderm
DMSO_64cell_CTGAGTTTCTGC	2881	 5300	DMSO_U0126_64cell_adult6	0.000000000	B7.3	B7.3
DMSO_64cell_CTGATAACAATA	4425	11513	DMSO_U0126_64cell_adult2	0.199774168	Epidermis (a)	Epidermis (a)
DMSO_64cell_CTGATGATTCAA	4821	13750	DMSO_U0126_64cell_adult5	0.058181818	Epidermis (a)	Epidermis (a)
DMSO_64cell_CTGATGGAAAGG	3428	 6785	DMSO_U0126_64cell_adult4	0.029476787	Neural (a)	Neural (a)
DMSO_64cell_CTGATTGTGTTA	5054	14958	DMSO_U0126_64cell_adult5	0.026741543	Epidermis (b)	Epidermis (b)
DMSO_64cell_CTGCAAATCACA	4657	12066	DMSO_U0126_64cell_adult2	0.000000000	Epidermis (a)	Epidermis (a)
DMSO_64cell_CTGCTAGCTGGC	3434	 7138	DMSO_U0126_64cell_adult1	0.000000000	Epidermis (a)	Epidermis (a)
DMSO_64cell_CTGCTGGAAATT	4302	10817	DMSO_U0126_64cell_adult1	0.018489415	Epidermis (a)	Epidermis (a)
DMSO_64cell_CTGGAACACCAT	4857	14410	DMSO_U0126_64cell_adult5	0.000000000	1˚ Notochord	1˚ Notochord
DMSO_64cell_CTGGAGTATCAG	4504	11674	DMSO_U0126_64cell_adult4	0.077094398	Epidermis (b)	Epidermis (b)
DMSO_64cell_CTGGATGAACCG	3533	 7637	DMSO_U0126_64cell_adult4	0.052376588	B7.5	B7.5
DMSO_64cell_CTGGCATGTATT	4839	13569	DMSO_U0126_64cell_adult4	0.014739480	Epidermis (b)	Epidermis (b)
DMSO_64cell_CTGGGAAGCCCG	4007	 9209	DMSO_U0126_64cell_adult4	0.032576827	Neural (a)	Neural (a)
DMSO_64cell_CTGGGGGGCTTC	4168	 9633	DMSO_U0126_64cell_adult3	0.000000000	Epidermis (b)	Epidermis (b)
DMSO_64cell_CTGGGTTTTTGT	2146	 3494	DMSO_U0126_64cell_adult1	0.000000000	Epidermis (b)	Epidermis (b)
DMSO_64cell_CTGGTAACATGA	3945	 9217	DMSO_U0126_64cell_adult3	0.249538896	B7.5	B7.5
DMSO_64cell_CTGGTAACGCAC	4847	14366	DMSO_U0126_64cell_adult3	0.020882640	B7.5	B7.5
DMSO_64cell_CTGGTCGGTCTC	4494	11642	DMSO_U0126_64cell_adult2	0.008589589	Endoderm	Endoderm
DMSO_64cell_CTGGTGAATACG	3474	 6926	DMSO_U0126_64cell_adult2	0.043315045	Endoderm	Endoderm
DMSO_64cell_CTGGTGTTGCCA	4234	10722	DMSO_U0126_64cell_adult1	0.018653236	Neural (A)	Neural (A)
DMSO_64cell_CTGTACATTACG	3456	 7029	DMSO_U0126_64cell_adult3	0.071133874	Neural (a)	Neural (a)
DMSO_64cell_CTGTACCCTCGT	2935	 5726	DMSO_U0126_64cell_adult2	0.000000000	Epidermis (b)	Epidermis (b)
DMSO_64cell_CTGTACCGCCCC	2568	 4883	DMSO_U0126_64cell_adult3	0.000000000	B7.6	B7.6
DMSO_64cell_CTGTATACATAT	3970	 9120	DMSO_U0126_64cell_adult3	0.120614035	B7.7	B7.7
DMSO_64cell_CTGTATGCCATA	5355	17914	DMSO_U0126_64cell_adult6	0.022328905	Endoderm	Endoderm
DMSO_64cell_CTGTCCAACCTT	3701	 8173	DMSO_U0126_64cell_adult1	0.024470819	B7.8	B7.8
DMSO_64cell_CTGTCCACTCTC	3212	 6162	DMSO_U0126_64cell_adult2	0.032456994	B7.7	B7.7
DMSO_64cell_CTGTCTTGCACC	2628	 5016	DMSO_U0126_64cell_adult4	0.000000000	Epidermis (b)	Epidermis (b)
DMSO_64cell_CTGTGAGTTGTA	3716	 8017	DMSO_U0126_64cell_adult2	0.074840963	B7.7	B7.7
DMSO_64cell_CTGTGCATTGTC	3892	 8832	DMSO_U0126_64cell_adult3	0.000000000	Epidermis (a)	Epidermis (a)
DMSO_64cell_CTGTGCCGGCTC	5313	17837	DMSO_U0126_64cell_adult3	0.005606324	Neural (A)	Neural (A)
DMSO_64cell_CTGTGGCTTATC	3112	 5796	DMSO_U0126_64cell_adult5	0.017253278	Epidermis (a)	Epidermis (a)
DMSO_64cell_CTGTTACAACTT	5227	16314	DMSO_U0126_64cell_adult1	0.140983205	Epidermis (b)	Epidermis (b)
DMSO_64cell_CTTAACCCGTGA	4388	10498	DMSO_U0126_64cell_adult5	0.028576872	Epidermis (a)	Epidermis (a)
DMSO_64cell_CTTAACTATAAA	1897	 2865	DMSO_U0126_64cell_adult1	1.012216405	Epidermis (b)	Epidermis (b)
DMSO_64cell_CTTAAGAGACGG	4056	 9232	DMSO_U0126_64cell_adult4	0.000000000	Endoderm	Endoderm
DMSO_64cell_CTTAAGATTACA	3439	 7191	DMSO_U0126_64cell_adult1	0.111250174	Epidermis (a)	Epidermis (a)
DMSO_64cell_CTTACATCAGTC	3973	 8962	DMSO_U0126_64cell_adult4	0.089265789	Neural (a)	Neural (a)
DMSO_64cell_CTTACCGGTCCG	3964	 9456	DMSO_U0126_64cell_adult4	0.052876481	B7.8	B7.8
DMSO_64cell_CTTACTAATCCG	3071	 6055	DMSO_U0126_64cell_adult4	0.082576383	Epidermis (b)	Epidermis (b)
DMSO_64cell_CTTAGCTGTACG	3896	 8276	DMSO_U0126_64cell_adult6	0.024166264	Epidermis (b)	Epidermis (b)
DMSO_64cell_CTTATAGGAACC	6130	26866	DMSO_U0126_64cell_adult1	0.044666121	1˚ Notochord	1˚ Notochord
DMSO_64cell_CTTCAGACAATG	4521	11797	DMSO_U0126_64cell_adult3	0.110197508	Epidermis (a)	Epidermis (a)
DMSO_64cell_CTTCCACGGTTA	3240	 6149	DMSO_U0126_64cell_adult3	0.048788421	Epidermis (a)	Epidermis (a)
DMSO_64cell_CTTCCCAATTCA	4140	10452	DMSO_U0126_64cell_adult4	0.019135094	Epidermis (a)	Epidermis (a)
DMSO_64cell_CTTCCCGACTGA	3969	 8887	DMSO_U0126_64cell_adult3	0.011252391	Epidermis (a)	Epidermis (a)
DMSO_64cell_CTTCCGACTCAG	3369	 6855	DMSO_U0126_64cell_adult4	0.014587892	Neural (a)	Neural (a)
DMSO_64cell_CTTCCGGTGTGC	4700	13247	DMSO_U0126_64cell_adult3	0.007548879	Epidermis (a)	Epidermis (a)
DMSO_64cell_CTTCCTTCTATC	5047	15349	DMSO_U0126_64cell_adult3	0.052120659	B7.7	B7.7
DMSO_64cell_CTTCGCGACCTA	5040	17187	DMSO_U0126_64cell_adult4	0.000000000	Epidermis (b)	Epidermis (b)
DMSO_64cell_CTTCGGGCGGAG	2667	 4779	DMSO_U0126_64cell_adult1	0.000000000	Epidermis (a)	Epidermis (a)
DMSO_64cell_CTTCGTCGGCTG	2004	 3196	DMSO_U0126_64cell_adult1	0.000000000	B7.7	B7.7
DMSO_64cell_CTTGAGGATACC	3761	 7977	DMSO_U0126_64cell_adult3	0.000000000	1˚ Notochord	1˚ Notochord
DMSO_64cell_CTTGCAACCTAA	4509	11589	DMSO_U0126_64cell_adult3	0.043144361	Neural (a)	Neural (a)
DMSO_64cell_CTTGCCTCACAG	3662	 7667	DMSO_U0126_64cell_adult1	0.000000000	Epidermis (a)	Epidermis (a)
DMSO_64cell_CTTGCGGTAGGG	4651	12710	DMSO_U0126_64cell_adult3	0.000000000	Neural (b)	Neural (b)
DMSO_64cell_CTTGGAACGACA	2924	 5100	DMSO_U0126_64cell_adult6	0.039215686	Endoderm	Endoderm
DMSO_64cell_CTTGTCACTACC	3243	 6211	DMSO_U0126_64cell_adult6	0.016100467	Neural (b)	Neural (b)
DMSO_64cell_CTTGTGCCTCGA	3880	 9154	DMSO_U0126_64cell_adult1	0.000000000	Neural (A)	Neural (A)
DMSO_64cell_CTTGTGTAAAAG	5104	15789	DMSO_U0126_64cell_adult1	0.025334093	Epidermis (a)	Epidermis (a)
DMSO_64cell_CTTGTTTGTTGC	5495	19168	DMSO_U0126_64cell_adult1	0.036519199	Neural (A)	Neural (A)
DMSO_64cell_CTTTAACTCTCA	3092	 5750	DMSO_U0126_64cell_adult2	0.000000000	1˚ Notochord	1˚ Notochord
DMSO_64cell_CTTTAGTCTCCA	5448	19606	DMSO_U0126_64cell_adult6	0.040803836	Endoderm	Endoderm
DMSO_64cell_CTTTATATATTG	4010	 9335	DMSO_U0126_64cell_adult4	0.385645420	B7.8	B7.8
DMSO_64cell_CTTTATCCCCCG	4615	12621	DMSO_U0126_64cell_adult5	0.007923302	Epidermis (a)	Epidermis (a)
DMSO_64cell_CTTTCACGTTCA	3950	 8574	DMSO_U0126_64cell_adult2	0.046652671	Neural (a)	Neural (a)
DMSO_64cell_CTTTGCCCTAGT	5203	17874	DMSO_U0126_64cell_adult1	0.005594719	Neural (A)	Neural (A)
DMSO_64cell_CTTTGGCACGCT	3290	 6522	DMSO_U0126_64cell_adult4	0.000000000	1˚ Notochord	1˚ Notochord
DMSO_64cell_CTTTGGGATTGA	3555	 7514	DMSO_U0126_64cell_adult4	0.000000000	Epidermis (b)	Epidermis (b)
DMSO_64cell_CTTTGTACAGGG	4160	10429	DMSO_U0126_64cell_adult6	0.019177294	B7.7	B7.7
DMSO_64cell_CTTTGTACATTA	2750	 4538	DMSO_U0126_64cell_adult5	0.132216836	Epidermis (b)	Epidermis (b)
DMSO_64cell_CTTTTGATGAGG	2798	 4820	DMSO_U0126_64cell_adult6	0.020746888	Epidermis (b)	Epidermis (b)
DMSO_64cell_GAAAAATTTAAT	6096	27566	DMSO_U0126_64cell_adult1	0.018138286	B7.3	B7.3
DMSO_64cell_GAAAATAAGGCG	1966	 2979	DMSO_U0126_64cell_adult5	0.000000000	Epidermis (a)	Epidermis (a)
DMSO_64cell_GAAAATACAGCC	4062	 9416	DMSO_U0126_64cell_adult2	0.010620221	Epidermis (a)	Epidermis (a)
DMSO_64cell_GAAAGCTACTTA	4314	10336	DMSO_U0126_64cell_adult4	0.077399381	Epidermis (a)	Epidermis (a)
DMSO_64cell_GAAATGATACAC	3559	 7568	DMSO_U0126_64cell_adult2	0.013213531	Epidermis (b)	Epidermis (b)
DMSO_64cell_GAAATGTCATAG	3095	 5605	DMSO_U0126_64cell_adult4	0.017841213	Endoderm	Endoderm
DMSO_64cell_GAAATTTTATAT	3793	 8172	DMSO_U0126_64cell_adult2	0.000000000	Endoderm	Endoderm
DMSO_64cell_GAACAATTCTAC	3390	 6399	DMSO_U0126_64cell_adult5	0.125019534	Epidermis (a)	Epidermis (a)
DMSO_64cell_GAACACGTTAAT	3678	 8229	DMSO_U0126_64cell_adult2	0.012152145	Epidermis (b)	Epidermis (b)
DMSO_64cell_GAACATGAACGA	2429	 3937	DMSO_U0126_64cell_adult4	0.000000000	Epidermis (b)	Epidermis (b)
DMSO_64cell_GAACCACTTACA	4415	11396	DMSO_U0126_64cell_adult3	0.122850123	Neural (a)	Neural (a)
DMSO_64cell_GAACCTGACTGT	3655	 7312	DMSO_U0126_64cell_adult3	0.000000000	1˚ Notochord	1˚ Notochord
DMSO_64cell_GAACGAGGGGGG	1990	 3023	DMSO_U0126_64cell_adult1	0.000000000	Epidermis (b)	Epidermis (b)
DMSO_64cell_GAACGATCGCGT	2087	 3285	DMSO_U0126_64cell_adult3	0.030441400	B7.6	B7.6
DMSO_64cell_GAACGGTAAACA	5946	24742	DMSO_U0126_64cell_adult1	0.024250263	Neural (A)	Neural (A)
DMSO_64cell_GAACGTGCTCCC	3939	 8764	DMSO_U0126_64cell_adult2	0.011410315	Epidermis (a)	Epidermis (a)
DMSO_64cell_GAACTACATCAC	3554	 7425	DMSO_U0126_64cell_adult6	0.000000000	Epidermis (b)	Epidermis (b)
DMSO_64cell_GAAGACATCGTC	2673	 4666	DMSO_U0126_64cell_adult6	0.000000000	Epidermis (a)	Epidermis (a)
DMSO_64cell_GAAGATCTGTGC	2956	 5372	DMSO_U0126_64cell_adult3	0.037230082	Epidermis (b)	Epidermis (b)
DMSO_64cell_GAAGCAATAGGA	4431	10529	DMSO_U0126_64cell_adult3	0.009497578	Epidermis (a)	Epidermis (a)
DMSO_64cell_GAAGGCAAGTAG	3795	 8227	DMSO_U0126_64cell_adult3	0.012155099	Epidermis (b)	Epidermis (b)
DMSO_64cell_GAAGTCACTTTA	5425	19408	DMSO_U0126_64cell_adult1	0.005152514	Neural (A)	Neural (A)
DMSO_64cell_GAAGTCGATACG	3833	 8398	DMSO_U0126_64cell_adult6	0.059537985	Neural (A)	Neural (A)
DMSO_64cell_GAATCGGAAAAA	3823	 9134	DMSO_U0126_64cell_adult4	0.175169696	B7.8	B7.8
DMSO_64cell_GAATCGGGAATT	3747	 8406	DMSO_U0126_64cell_adult1	0.095170117	B7.5	B7.5
DMSO_64cell_GAATGGGGTTGA	4607	12119	DMSO_U0126_64cell_adult6	0.033006024	B7.8	B7.8
DMSO_64cell_GAATGTGGACGA	4867	15315	DMSO_U0126_64cell_adult1	0.000000000	Epidermis (b)	Epidermis (b)
DMSO_64cell_GAATGTTAAACT	3824	 8288	DMSO_U0126_64cell_adult1	0.832528958	Epidermis (b)	Epidermis (b)
DMSO_64cell_GAATTAGCGATG	4080	 9223	DMSO_U0126_64cell_adult1	0.032527377	Neural (a)	Neural (a)
DMSO_64cell_GACAAAAGCCGC	3715	 8047	DMSO_U0126_64cell_adult6	0.000000000	Epidermis (a)	Epidermis (a)
DMSO_64cell_GACAACGTGCAC	4971	14227	DMSO_U0126_64cell_adult2	0.042173332	Neural (A)	Neural (A)
DMSO_64cell_GACACAGTTAGA	2540	 4416	DMSO_U0126_64cell_adult1	0.090579710	B7.5	B7.5
DMSO_64cell_GACACGTTTCGG	4706	13546	DMSO_U0126_64cell_adult6	0.029529012	Neural (a)	Neural (a)
DMSO_64cell_GACATACAGACG	4359	10433	DMSO_U0126_64cell_adult3	0.095849708	Epidermis (b)	Epidermis (b)
DMSO_64cell_GACATGCCCGTA	3895	 9047	DMSO_U0126_64cell_adult1	0.000000000	Endoderm	Endoderm
DMSO_64cell_GACATGCGCATG	2685	 4586	DMSO_U0126_64cell_adult3	0.000000000	Epidermis (b)	Epidermis (b)
DMSO_64cell_GACATTCTTTAC	5376	17462	DMSO_U0126_64cell_adult1	0.114534418	Neural (a)	Neural (a)
DMSO_64cell_GACCAGGTAACC	4169	 9893	DMSO_U0126_64cell_adult4	0.010108157	Epidermis (a)	Epidermis (a)
DMSO_64cell_GACCATGGCGTC	5216	16209	DMSO_U0126_64cell_adult2	0.000000000	Neural (A)	Neural (A)
DMSO_64cell_GACCATTATGAT	5637	20364	DMSO_U0126_64cell_adult2	0.363386368	Epidermis (b)	Epidermis (b)
DMSO_64cell_GACCCGATCGGG	2452	 3907	DMSO_U0126_64cell_adult3	0.000000000	Endoderm	Endoderm
DMSO_64cell_GACCCGCGAGCA	2768	 5170	DMSO_U0126_64cell_adult1	0.000000000	Epidermis (a)	Epidermis (a)
DMSO_64cell_GACCCTGGTACG	3158	 6187	DMSO_U0126_64cell_adult3	0.032325845	A7.6	A7.6
DMSO_64cell_GACGACGATAGG	4081	 9738	DMSO_U0126_64cell_adult4	0.041076196	Epidermis (a)	Epidermis (a)
DMSO_64cell_GACGAGCTGCGC	3434	 6847	DMSO_U0126_64cell_adult3	0.014604936	Neural (b)	Neural (b)
DMSO_64cell_GACGCGCCAGAG	3934	 8523	DMSO_U0126_64cell_adult2	0.011732958	Neural (a)	Neural (a)
DMSO_64cell_GACGCTAACAGA	4871	14602	DMSO_U0126_64cell_adult1	0.034241885	Neural (A)	Neural (A)
DMSO_64cell_GACGCTCACCAC	4257	10081	DMSO_U0126_64cell_adult3	0.000000000	Epidermis (a)	Epidermis (a)
DMSO_64cell_GACGCTCCCTTT	2203	 3537	DMSO_U0126_64cell_adult2	0.000000000	Epidermis (b)	Epidermis (b)
DMSO_64cell_GACGGAACTCGC	2441	 3960	DMSO_U0126_64cell_adult2	0.000000000	Endoderm	Endoderm
DMSO_64cell_GACGGAATATTC	3285	 6334	DMSO_U0126_64cell_adult1	0.205241554	Neural (A)	Neural (A)
DMSO_64cell_GACGGCGCTAAA	3579	 7864	DMSO_U0126_64cell_adult3	0.000000000	Endoderm	Endoderm
DMSO_64cell_GACGTATTTTCT	5267	17225	DMSO_U0126_64cell_adult3	0.063860668	Neural (A)	Neural (A)
DMSO_64cell_GACTACGCTTCA	3388	 6529	DMSO_U0126_64cell_adult3	0.000000000	1˚ Notochord	1˚ Notochord
DMSO_64cell_GACTAGGTAATC	1992	 2936	DMSO_U0126_64cell_adult2	0.034059946	Epidermis (a)	Epidermis (a)
DMSO_64cell_GACTGGTAAATA	4578	12572	DMSO_U0126_64cell_adult1	0.644288896	B7.8	B7.8
DMSO_64cell_GACTTAAAGATA	4369	11178	DMSO_U0126_64cell_adult1	0.107353731	Epidermis (b)	Epidermis (b)
DMSO_64cell_GACTTATCGCGA	3575	 7160	DMSO_U0126_64cell_adult1	0.000000000	Epidermis (b)	Epidermis (b)
DMSO_64cell_GAGAAAAGCAAC	3854	 8961	DMSO_U0126_64cell_adult6	0.044637875	B7.7	B7.7
DMSO_64cell_GAGAAGGGTTCG	4154	 9839	DMSO_U0126_64cell_adult4	0.020327269	Neural (a)	Neural (a)
DMSO_64cell_GAGACCATATTC	5854	22519	DMSO_U0126_64cell_adult2	0.013322084	Neural (a)	Neural (a)
DMSO_64cell_GAGACTAGTGCG	2228	 3356	DMSO_U0126_64cell_adult1	0.000000000	Endoderm	Endoderm
DMSO_64cell_GAGAGAAAACCT	4637	12025	DMSO_U0126_64cell_adult2	0.049896050	Endoderm	Endoderm
DMSO_64cell_GAGATACCTCTA	3541	 7123	DMSO_U0126_64cell_adult6	0.084234171	Neural (a)	Neural (a)
DMSO_64cell_GAGATCATACGG	4268	10327	DMSO_U0126_64cell_adult4	0.077466835	B7.7	B7.7
DMSO_64cell_GAGATCTTAGAA	4786	13954	DMSO_U0126_64cell_adult6	0.071664039	Epidermis (a)	Epidermis (a)
DMSO_64cell_GAGATTATTGCT	2408	 3852	DMSO_U0126_64cell_adult3	0.000000000	B7.7	B7.7
DMSO_64cell_GAGCAATAAAAG	2438	 3926	DMSO_U0126_64cell_adult2	0.101884870	Epidermis (b)	Epidermis (b)
DMSO_64cell_GAGCAGTCCTAT	4135	 9541	DMSO_U0126_64cell_adult3	0.094329735	Neural (a)	Neural (a)
DMSO_64cell_GAGCCATGCTGA	2809	 4896	DMSO_U0126_64cell_adult5	0.000000000	Endoderm	Endoderm
DMSO_64cell_GAGCCGATACTG	3591	 7543	DMSO_U0126_64cell_adult4	0.039771974	Epidermis (a)	Epidermis (a)
DMSO_64cell_GAGCCTCCGCCT	5721	22087	DMSO_U0126_64cell_adult6	0.000000000	Epidermis (b)	Epidermis (b)
DMSO_64cell_GAGCGACACCCC	3702	 7713	DMSO_U0126_64cell_adult1	0.000000000	Epidermis (a)	Epidermis (a)
DMSO_64cell_GAGCGCGGCGTT	4739	12624	DMSO_U0126_64cell_adult3	0.000000000	Epidermis (b)	Epidermis (b)
DMSO_64cell_GAGCGTTCCGCG	4015	 9468	DMSO_U0126_64cell_adult4	0.000000000	Epidermis (a)	Epidermis (a)
DMSO_64cell_GAGCTCACACTA	2109	 3258	DMSO_U0126_64cell_adult1	0.000000000	Epidermis (b)	Epidermis (b)
DMSO_64cell_GAGCTCATAAGT	5267	15744	DMSO_U0126_64cell_adult2	0.063516260	Epidermis (a)	Epidermis (a)
DMSO_64cell_GAGCTCCGAATA	5920	25006	DMSO_U0126_64cell_adult5	0.015996161	Neural (A)	Neural (A)
DMSO_64cell_GAGCTGGGTAAG	4417	10732	DMSO_U0126_64cell_adult5	0.009317928	Neural (A)	Neural (A)
DMSO_64cell_GAGCTTCCCCTT	4629	12411	DMSO_U0126_64cell_adult1	0.016114737	Epidermis (a)	Epidermis (a)
DMSO_64cell_GAGGACCGAGTC	3371	 6822	DMSO_U0126_64cell_adult5	0.014658458	Epidermis (b)	Epidermis (b)
DMSO_64cell_GAGGATCGTTTG	4065	10514	DMSO_U0126_64cell_adult1	0.000000000	B7.4	B7.4
DMSO_64cell_GAGGCACATTCC	6253	28403	DMSO_U0126_64cell_adult5	0.000000000	Epidermis (a)	Epidermis (a)
DMSO_64cell_GAGGCCGATCTA	4693	12297	DMSO_U0126_64cell_adult3	0.000000000	Epidermis (b)	Epidermis (b)
DMSO_64cell_GAGGCGGCAGGC	2113	 3159	DMSO_U0126_64cell_adult3	0.000000000	Endoderm	Endoderm
DMSO_64cell_GAGGCTTTTGAC	3938	 8336	DMSO_U0126_64cell_adult3	0.023992322	Epidermis (a)	Epidermis (a)
DMSO_64cell_GAGGGGGCGAAG	4025	 9541	DMSO_U0126_64cell_adult3	0.010481082	Neural (a)	Neural (a)
DMSO_64cell_GAGGGTTTCTGT	4189	 9781	DMSO_U0126_64cell_adult4	0.010223903	Epidermis (a)	Epidermis (a)
DMSO_64cell_GAGGTACAGCTT	4477	11373	DMSO_U0126_64cell_adult1	0.043963774	Neural (A)	Neural (A)
DMSO_64cell_GAGGTAGCGTAA	4246	10097	DMSO_U0126_64cell_adult2	0.069327523	Neural (A)	Neural (A)
DMSO_64cell_GAGGTAGGTTAC	4401	11355	DMSO_U0126_64cell_adult5	0.008806693	Epidermis (a)	Epidermis (a)
DMSO_64cell_GAGGTCACCAGG	4430	11628	DMSO_U0126_64cell_adult1	0.000000000	A7.6	A7.6
DMSO_64cell_GAGGTCGCCTCT	2178	 3704	DMSO_U0126_64cell_adult2	0.000000000	B7.3	B7.3
DMSO_64cell_GAGGTGCTAGTC	3431	 6997	DMSO_U0126_64cell_adult6	0.014291839	Neural (a)	Neural (a)
DMSO_64cell_GAGTCCTGAAGC	4287	10470	DMSO_U0126_64cell_adult4	0.009551098	Epidermis (a)	Epidermis (a)
DMSO_64cell_GAGTCGGACAAC	4572	12095	DMSO_U0126_64cell_adult4	0.024803638	Neural (a)	Neural (a)
DMSO_64cell_GAGTCTCACGTT	3754	 7727	DMSO_U0126_64cell_adult6	0.000000000	Neural (a)	Neural (a)
DMSO_64cell_GAGTGCTGATCG	4330	10551	DMSO_U0126_64cell_adult1	0.009477775	Epidermis (a)	Epidermis (a)
DMSO_64cell_GAGTGGCACTGG	4836	13782	DMSO_U0126_64cell_adult2	0.007255841	Epidermis (b)	Epidermis (b)
DMSO_64cell_GAGTTACAGGCC	1994	 2992	DMSO_U0126_64cell_adult6	0.100267380	B7.4	B7.4
DMSO_64cell_GATACACGGGTA	2368	 3683	DMSO_U0126_64cell_adult2	0.000000000	Epidermis (a)	Epidermis (a)
DMSO_64cell_GATACTGGTACG	3443	 6901	DMSO_U0126_64cell_adult6	0.072453268	Epidermis (a)	Epidermis (a)
DMSO_64cell_GATAGCGTACGT	2624	 4380	DMSO_U0126_64cell_adult1	0.000000000	Epidermis (b)	Epidermis (b)
DMSO_64cell_GATAGTACGTAG	1874	 2728	DMSO_U0126_64cell_adult1	0.109970674	Epidermis (b)	Epidermis (b)
DMSO_64cell_GATATACGAGCG	3399	 6901	DMSO_U0126_64cell_adult6	0.043471961	Neural (a)	Neural (a)
DMSO_64cell_GATATACTCGGT	3100	 5824	DMSO_U0126_64cell_adult6	0.051510989	Epidermis (b)	Epidermis (b)
DMSO_64cell_GATATGGGGCCA	3307	 6361	DMSO_U0126_64cell_adult5	0.000000000	Epidermis (b)	Epidermis (b)
DMSO_64cell_GATCAAAATTAG	4082	 9341	DMSO_U0126_64cell_adult3	0.107054919	1˚ Notochord	1˚ Notochord
DMSO_64cell_GATCAAGCACTT	3427	 6822	DMSO_U0126_64cell_adult5	0.087950748	Neural (a)	Neural (a)
DMSO_64cell_GATCAGTGAAAT	3711	 7998	DMSO_U0126_64cell_adult2	0.237559390	Epidermis (b)	Epidermis (b)
DMSO_64cell_GATCATACATCG	3740	 7746	DMSO_U0126_64cell_adult2	0.064549445	Epidermis (a)	Epidermis (a)
DMSO_64cell_GATCATCCAATG	4462	11623	DMSO_U0126_64cell_adult5	0.008603631	Epidermis (b)	Epidermis (b)
DMSO_64cell_GATCCGGAAGAC	3425	 7127	DMSO_U0126_64cell_adult4	0.098218044	B7.5	B7.5
DMSO_64cell_GATCGCACGACG	4656	13346	DMSO_U0126_64cell_adult1	0.000000000	Neural (A)	Neural (A)
DMSO_64cell_GATCGCGTAACT	1811	 2653	DMSO_U0126_64cell_adult6	0.000000000	1˚ Notochord	1˚ Notochord
DMSO_64cell_GATCGGGGGTTT	1960	 3013	DMSO_U0126_64cell_adult5	0.000000000	Epidermis (b)	Epidermis (b)
DMSO_64cell_GATCGTGAGACG	3560	 7326	DMSO_U0126_64cell_adult3	0.013650014	Epidermis (b)	Epidermis (b)
DMSO_64cell_GATCTTAAGGGC	4987	14720	DMSO_U0126_64cell_adult1	0.020380435	Neural (b)	Neural (b)
DMSO_64cell_GATCTTCCATCA	1958	 2808	DMSO_U0126_64cell_adult3	0.071225071	Epidermis (b)	Epidermis (b)
DMSO_64cell_GATCTTTAGGAC	4428	11581	DMSO_U0126_64cell_adult3	0.034539332	Neural (A)	Neural (A)
DMSO_64cell_GATGATCGCTAT	3660	 7687	DMSO_U0126_64cell_adult1	0.013008976	Epidermis (a)	Epidermis (a)
DMSO_64cell_GATGGACCACCT	5720	22117	DMSO_U0126_64cell_adult3	0.000000000	B7.3	B7.3
DMSO_64cell_GATGGGCGACCA	3091	 5584	DMSO_U0126_64cell_adult4	0.035816619	Epidermis (a)	Epidermis (a)
DMSO_64cell_GATGGGGCACTG	3361	 6777	DMSO_U0126_64cell_adult5	0.000000000	Epidermis (a)	Epidermis (a)
DMSO_64cell_GATGTACTTAGT	3500	 6767	DMSO_U0126_64cell_adult3	0.428550318	Epidermis (b)	Epidermis (b)
DMSO_64cell_GATGTCGCTTAC	4182	 9915	DMSO_U0126_64cell_adult1	0.030257186	Endoderm	Endoderm
DMSO_64cell_GATTCAATACCT	4385	11328	DMSO_U0126_64cell_adult1	0.088276836	Epidermis (b)	Epidermis (b)
DMSO_64cell_GATTCCTGTTGG	2472	 3998	DMSO_U0126_64cell_adult3	0.000000000	Epidermis (b)	Epidermis (b)
DMSO_64cell_GATTCGCCTTAG	3906	 8957	DMSO_U0126_64cell_adult4	0.000000000	1˚ Notochord	1˚ Notochord
DMSO_64cell_GATTCTGAAGAC	4264	10704	DMSO_U0126_64cell_adult4	0.074738416	Neural (a)	Neural (a)
DMSO_64cell_GATTGTAAGATA	4549	11190	DMSO_U0126_64cell_adult2	0.080428954	Epidermis (a)	Epidermis (a)
DMSO_64cell_GATTGTGACTTG	3483	 7181	DMSO_U0126_64cell_adult6	0.000000000	Epidermis (a)	Epidermis (a)
DMSO_64cell_GATTTAGCTATC	5745	22208	DMSO_U0126_64cell_adult1	0.067543228	Epidermis (b)	Epidermis (b)
DMSO_64cell_GCAAAGTGTCAA	6432	29975	DMSO_U0126_64cell_adult3	0.006672227	Epidermis (a)	Epidermis (a)
DMSO_64cell_GCAACAACCGTG	3257	 6593	DMSO_U0126_64cell_adult4	0.060670408	B7.8	B7.8
DMSO_64cell_GCAACAGTTTTG	3726	 8079	DMSO_U0126_64cell_adult5	0.111399926	B7.5	B7.5
DMSO_64cell_GCAACGAAACGC	4083	 9451	DMSO_U0126_64cell_adult4	0.000000000	Epidermis (b)	Epidermis (b)
DMSO_64cell_GCAAGAAGCACC	4361	10722	DMSO_U0126_64cell_adult3	0.009326618	1˚ Notochord	1˚ Notochord
DMSO_64cell_GCAAGATCCCTG	4360	10708	DMSO_U0126_64cell_adult4	0.000000000	Epidermis (a)	Epidermis (a)
DMSO_64cell_GCAAGATGCCTT	5265	17756	DMSO_U0126_64cell_adult3	0.005631899	B7.4	B7.4
DMSO_64cell_GCAAGTGGACCA	2657	 4621	DMSO_U0126_64cell_adult1	0.000000000	Epidermis (a)	Epidermis (a)
DMSO_64cell_GCAATATGTTAA	3913	 8790	DMSO_U0126_64cell_adult1	0.273037543	Epidermis (b)	Epidermis (b)
DMSO_64cell_GCAATTGATCGT	2761	 4897	DMSO_U0126_64cell_adult4	0.102103329	B7.5	B7.5
DMSO_64cell_GCACAACTCTGA	5309	19265	DMSO_U0126_64cell_adult6	0.005190760	B7.3	B7.3
DMSO_64cell_GCACAAGCCGTT	4919	14952	DMSO_U0126_64cell_adult5	0.073568753	B7.8	B7.8
DMSO_64cell_GCACACTATACT	4004	 9516	DMSO_U0126_64cell_adult6	0.178646490	Neural (A)	Neural (A)
DMSO_64cell_GCACACTTGCAG	5607	21049	DMSO_U0126_64cell_adult6	0.000000000	Epidermis (b)	Epidermis (b)
DMSO_64cell_GCACATCCACGC	2116	 3275	DMSO_U0126_64cell_adult3	0.000000000	Epidermis (b)	Epidermis (b)
DMSO_64cell_GCACCTCTTGTA	4669	13553	DMSO_U0126_64cell_adult3	0.022135321	Neural (A)	Neural (A)
DMSO_64cell_GCACGGAGTACG	3600	 7691	DMSO_U0126_64cell_adult2	0.078013262	B7.6	B7.6
DMSO_64cell_GCACTACATCAT	4685	13097	DMSO_U0126_64cell_adult3	0.045812018	B7.7	B7.7
DMSO_64cell_GCACTTGCGTGA	4425	11313	DMSO_U0126_64cell_adult6	0.000000000	Epidermis (b)	Epidermis (b)
DMSO_64cell_GCAGAACCCTTA	3301	 6511	DMSO_U0126_64cell_adult6	0.030717248	Epidermis (a)	Epidermis (a)
DMSO_64cell_GCAGCTAAGAGA	2739	 4738	DMSO_U0126_64cell_adult1	0.021105952	B7.7	B7.7
DMSO_64cell_GCAGGCCTCATA	2787	 5004	DMSO_U0126_64cell_adult2	0.000000000	B7.5	B7.5
DMSO_64cell_GCAGTACCTTGG	4094	 9509	DMSO_U0126_64cell_adult6	0.000000000	Epidermis (b)	Epidermis (b)
DMSO_64cell_GCAGTCCTTCTA	2082	 3590	DMSO_U0126_64cell_adult4	0.000000000	B7.6	B7.6
DMSO_64cell_GCAGTGCCCAAA	3496	 6836	DMSO_U0126_64cell_adult3	0.000000000	1˚ Notochord	1˚ Notochord
DMSO_64cell_GCAGTGGGAGCT	3648	 7931	DMSO_U0126_64cell_adult4	0.012608750	Epidermis (b)	Epidermis (b)
DMSO_64cell_GCAGTTGTGGTT	4781	12993	DMSO_U0126_64cell_adult5	0.015392904	Endoderm	Endoderm
DMSO_64cell_GCATAAAAGAAA	2786	 5034	DMSO_U0126_64cell_adult4	0.357568534	Epidermis (b)	Epidermis (b)
DMSO_64cell_GCATACGTTCAA	3228	 6316	DMSO_U0126_64cell_adult1	0.031665611	Epidermis (a)	Epidermis (a)
DMSO_64cell_GCATCACTCGGA	3733	 8337	DMSO_U0126_64cell_adult2	0.035984167	Epidermis (b)	Epidermis (b)
DMSO_64cell_GCATCAGTTCGC	2781	 4948	DMSO_U0126_64cell_adult4	0.020210186	Epidermis (a)	Epidermis (a)
DMSO_64cell_GCATCCTATCCC	1940	 2820	DMSO_U0126_64cell_adult2	0.035460993	Epidermis (b)	Epidermis (b)
DMSO_64cell_GCATCTCAATGC	4783	13865	DMSO_U0126_64cell_adult1	0.014424811	B7.7	B7.7
DMSO_64cell_GCATCTTATTGA	4561	12466	DMSO_U0126_64cell_adult5	0.160436387	Neural (A)	Neural (A)
DMSO_64cell_GCATGAAGACAC	2574	 4414	DMSO_U0126_64cell_adult5	0.000000000	Epidermis (a)	Epidermis (a)
DMSO_64cell_GCATGAGAACTC	3367	 6685	DMSO_U0126_64cell_adult2	0.074794316	Neural (a)	Neural (a)
DMSO_64cell_GCATGCGGAGTT	4473	11623	DMSO_U0126_64cell_adult6	0.034414523	Neural (A)	Neural (A)
DMSO_64cell_GCATGCTAGTAC	2408	 4102	DMSO_U0126_64cell_adult1	0.000000000	B7.3	B7.3
DMSO_64cell_GCATGGAAAAAG	3122	 6021	DMSO_U0126_64cell_adult1	0.215910978	B7.8	B7.8
DMSO_64cell_GCATTGAGTTCT	4345	10269	DMSO_U0126_64cell_adult2	0.009738047	Neural (a)	Neural (a)
DMSO_64cell_GCCAAAGACCGC	3681	 7779	DMSO_U0126_64cell_adult2	0.000000000	Epidermis (b)	Epidermis (b)
DMSO_64cell_GCCAATAGGGAT	4570	12099	DMSO_U0126_64cell_adult1	0.049590875	Epidermis (a)	Epidermis (a)
DMSO_64cell_GCCACAAATGCG	4870	14885	DMSO_U0126_64cell_adult4	0.006718173	B7.7	B7.7
DMSO_64cell_GCCACCATAAGA	4082	 9956	DMSO_U0126_64cell_adult4	0.000000000	Endoderm	Endoderm
DMSO_64cell_GCCACCGCCATC	5400	20160	DMSO_U0126_64cell_adult1	0.014880952	B7.6	B7.6
DMSO_64cell_GCCACCGGAAAG	4053	 9480	DMSO_U0126_64cell_adult1	0.021097046	Epidermis (b)	Epidermis (b)
DMSO_64cell_GCCAGTTTAAGG	3176	 6404	DMSO_U0126_64cell_adult1	0.046845721	B7.5	B7.5
DMSO_64cell_GCCATCGTTTGG	3124	 6139	DMSO_U0126_64cell_adult4	0.097735788	B7.5	B7.5
DMSO_64cell_GCCCACAGAAAA	4494	12240	DMSO_U0126_64cell_adult1	0.008169935	A7.6	A7.6
DMSO_64cell_GCCCACCGGTCA	4895	14537	DMSO_U0126_64cell_adult3	0.000000000	Epidermis (b)	Epidermis (b)
DMSO_64cell_GCCCATCGGTTA	3509	 6742	DMSO_U0126_64cell_adult2	0.014832394	1˚ Notochord	1˚ Notochord
DMSO_64cell_GCCCCCAGACAG	5350	17508	DMSO_U0126_64cell_adult3	0.000000000	Epidermis (b)	Epidermis (b)
DMSO_64cell_GCCCCTAATCTT	4494	11647	DMSO_U0126_64cell_adult1	0.008585902	Epidermis (b)	Epidermis (b)
DMSO_64cell_GCCCGGATTACA	3897	 8497	DMSO_U0126_64cell_adult3	0.023537719	Epidermis (a)	Epidermis (a)
DMSO_64cell_GCCCGTTGTAGT	4809	14674	DMSO_U0126_64cell_adult1	0.000000000	Neural (A)	Neural (A)
DMSO_64cell_GCCCTGTCACCC	4270	11075	DMSO_U0126_64cell_adult5	0.000000000	1˚ Notochord	1˚ Notochord
DMSO_64cell_GCCGACATTTTG	4886	13740	DMSO_U0126_64cell_adult6	0.014556041	Neural (A)	Neural (A)
DMSO_64cell_GCCGAGATTCCG	3592	 7822	DMSO_U0126_64cell_adult4	0.000000000	Endoderm	Endoderm
DMSO_64cell_GCCGCACCCACG	5201	16963	DMSO_U0126_64cell_adult6	0.017685551	Epidermis (b)	Epidermis (b)
DMSO_64cell_GCCGCGGATGGA	4144	 9872	DMSO_U0126_64cell_adult1	0.000000000	Neural (A)	Neural (A)
DMSO_64cell_GCCGCGTTTCGA	1780	 2521	DMSO_U0126_64cell_adult2	0.000000000	Epidermis (b)	Epidermis (b)
DMSO_64cell_GCCGTACAGTCT	5506	19686	DMSO_U0126_64cell_adult1	0.005079752	Neural (b)	Neural (b)
DMSO_64cell_GCCTAACGATGT	3169	 6039	DMSO_U0126_64cell_adult1	0.000000000	1˚ Notochord	1˚ Notochord
DMSO_64cell_GCCTAATTAAAG	3593	 7545	DMSO_U0126_64cell_adult3	0.954274354	B7.8	B7.8
DMSO_64cell_GCCTACGCCAGT	3804	 8484	DMSO_U0126_64cell_adult4	0.011786893	Epidermis (a)	Epidermis (a)
DMSO_64cell_GCCTAGTTAATC	2142	 3766	DMSO_U0126_64cell_adult1	0.026553372	B7.6	B7.6
DMSO_64cell_GCCTGCATAATA	3746	 8338	DMSO_U0126_64cell_adult5	0.000000000	Epidermis (b)	Epidermis (b)
DMSO_64cell_GCCTGCGACTTA	5116	17000	DMSO_U0126_64cell_adult1	0.000000000	B7.4	B7.4
DMSO_64cell_GCCTGTTGCGGC	3638	 7636	DMSO_U0126_64cell_adult6	0.013095862	Epidermis (b)	Epidermis (b)
DMSO_64cell_GCGAAACTTATA	4276	11601	DMSO_U0126_64cell_adult5	0.086199466	Neural (A)	Neural (A)
DMSO_64cell_GCGAATAGCTTT	3049	 5433	DMSO_U0126_64cell_adult6	0.000000000	Neural (b)	Neural (b)
DMSO_64cell_GCGACACATGTT	5269	17872	DMSO_U0126_64cell_adult4	0.022381379	Epidermis (a)	Epidermis (a)
DMSO_64cell_GCGACTAGAAAC	2757	 5099	DMSO_U0126_64cell_adult1	0.000000000	Epidermis (b)	Epidermis (b)
DMSO_64cell_GCGACTTACTTG	4969	14524	DMSO_U0126_64cell_adult3	0.020655467	Neural (a)	Neural (a)
DMSO_64cell_GCGACTTAGGGG	4979	15044	DMSO_U0126_64cell_adult1	0.006647168	Epidermis (b)	Epidermis (b)
DMSO_64cell_GCGACTTATAAA	1842	 2742	DMSO_U0126_64cell_adult3	0.072939460	Epidermis (b)	Epidermis (b)
DMSO_64cell_GCGAGACACCAC	4148	10816	DMSO_U0126_64cell_adult1	0.000000000	B7.3	B7.3
DMSO_64cell_GCGAGAGACCTG	3703	 7839	DMSO_U0126_64cell_adult1	0.000000000	Neural (a)	Neural (a)
DMSO_64cell_GCGAGCAGAGAC	4205	 9666	DMSO_U0126_64cell_adult2	0.000000000	Epidermis (b)	Epidermis (b)
DMSO_64cell_GCGAGGTTACCA	3098	 5993	DMSO_U0126_64cell_adult4	0.016686134	Epidermis (b)	Epidermis (b)
DMSO_64cell_GCGAGTAGTTTA	4961	14773	DMSO_U0126_64cell_adult6	0.148920328	B7.8	B7.8
DMSO_64cell_GCGATCTCCCCA	4495	11941	DMSO_U0126_64cell_adult1	0.008374508	B7.3	B7.3
DMSO_64cell_GCGCATACCTGG	3395	 6942	DMSO_U0126_64cell_adult3	0.000000000	Epidermis (a)	Epidermis (a)
DMSO_64cell_GCGCCCTTAATT	4934	15609	DMSO_U0126_64cell_adult4	0.019219681	B7.7	B7.7
DMSO_64cell_GCGCGACTCCAG	4547	12041	DMSO_U0126_64cell_adult1	0.000000000	Epidermis (b)	Epidermis (b)
DMSO_64cell_GCGCGCAGCAAG	2680	 4860	DMSO_U0126_64cell_adult6	0.020576132	Epidermis (b)	Epidermis (b)
DMSO_64cell_GCGCGGTCAGCG	5763	23346	DMSO_U0126_64cell_adult5	0.017133556	Neural (a)	Neural (a)
DMSO_64cell_GCGCTGGCCTCC	5286	18052	DMSO_U0126_64cell_adult1	0.016618657	Neural (A)	Neural (A)
DMSO_64cell_GCGGATATTACA	3698	 7675	DMSO_U0126_64cell_adult3	0.000000000	Epidermis (b)	Epidermis (b)
DMSO_64cell_GCGGGCAATTTG	3975	 8696	DMSO_U0126_64cell_adult2	0.000000000	B7.7	B7.7
DMSO_64cell_GCGGGTCTGGAT	1857	 2827	DMSO_U0126_64cell_adult3	0.000000000	B7.7	B7.7
DMSO_64cell_GCGGTAGGACAC	4252	10414	DMSO_U0126_64cell_adult6	0.009602458	Epidermis (b)	Epidermis (b)
DMSO_64cell_GCGGTCCCATGC	1770	 2588	DMSO_U0126_64cell_adult6	0.000000000	Neural (a)	Neural (a)
DMSO_64cell_GCGGTCGTAACG	2473	 3965	DMSO_U0126_64cell_adult2	0.000000000	Epidermis (b)	Epidermis (b)
DMSO_64cell_GCGTAAAGTTGT	4017	 9513	DMSO_U0126_64cell_adult1	0.157678966	B7.6	B7.6
DMSO_64cell_GCGTAATGTGAG	2914	 5278	DMSO_U0126_64cell_adult4	0.018946571	Neural (b)	Neural (b)
DMSO_64cell_GCGTACAGAAGG	2826	 4967	DMSO_U0126_64cell_adult6	0.000000000	Endoderm	Endoderm
DMSO_64cell_GCGTCCAAACTG	6453	34820	DMSO_U0126_64cell_adult5	0.000000000	B7.3	B7.3
DMSO_64cell_GCGTCGCCTGCC	3459	 7744	DMSO_U0126_64cell_adult1	0.012913223	A7.6	A7.6
DMSO_64cell_GCGTCGCTGGGG	5414	19949	DMSO_U0126_64cell_adult4	0.000000000	B7.3	B7.3
DMSO_64cell_GCGTCTAATCAC	2574	 4372	DMSO_U0126_64cell_adult4	0.022872827	Neural (b)	Neural (b)
DMSO_64cell_GCTAACGAGGTA	4884	13477	DMSO_U0126_64cell_adult2	0.089040588	B7.4	B7.4
DMSO_64cell_GCTAATGCAGCA	4395	10962	DMSO_U0126_64cell_adult3	0.009122423	Epidermis (a)	Epidermis (a)
DMSO_64cell_GCTACCAACTTC	4712	12910	DMSO_U0126_64cell_adult2	0.162664601	B7.8	B7.8
DMSO_64cell_GCTACCGGATAC	4923	14580	DMSO_U0126_64cell_adult1	0.027434842	Neural (A)	Neural (A)
DMSO_64cell_GCTACGCTGTTT	2676	 4596	DMSO_U0126_64cell_adult1	0.043516101	B7.8	B7.8
DMSO_64cell_GCTAGAACGAAG	3564	 7687	DMSO_U0126_64cell_adult4	0.039026929	B7.7	B7.7
DMSO_64cell_GCTAGCGTTGCG	2633	 4389	DMSO_U0126_64cell_adult3	0.000000000	Epidermis (a)	Epidermis (a)
DMSO_64cell_GCTAGGATACTC	3426	 7010	DMSO_U0126_64cell_adult5	0.042796006	B7.7	B7.7
DMSO_64cell_GCTAGGTCTCGT	4134	 9683	DMSO_U0126_64cell_adult3	0.030982134	Epidermis (b)	Epidermis (b)
DMSO_64cell_GCTATCTAAGGA	5279	16434	DMSO_U0126_64cell_adult1	0.012169892	Epidermis (b)	Epidermis (b)
DMSO_64cell_GCTCAACACGTA	4990	15148	DMSO_U0126_64cell_adult4	0.046210721	Neural (A)	Neural (A)
DMSO_64cell_GCTCCCCTGAGT	3748	 8147	DMSO_U0126_64cell_adult5	0.012274457	Epidermis (a)	Epidermis (a)
DMSO_64cell_GCTCCTACCTTA	3409	 6811	DMSO_U0126_64cell_adult5	0.000000000	Neural (a)	Neural (a)
DMSO_64cell_GCTCGCCATGAC	4034	 9550	DMSO_U0126_64cell_adult6	0.020942408	B7.8	B7.8
DMSO_64cell_GCTCGTCGTCAC	4596	11931	DMSO_U0126_64cell_adult3	0.008381527	Neural (a)	Neural (a)
DMSO_64cell_GCTCGTGTCCAG	3494	 7502	DMSO_U0126_64cell_adult6	0.000000000	Epidermis (b)	Epidermis (b)
DMSO_64cell_GCTCTACAACGC	3409	 6681	DMSO_U0126_64cell_adult3	0.000000000	1˚ Notochord	1˚ Notochord
DMSO_64cell_GCTCTGCAGCAA	3161	 6111	DMSO_U0126_64cell_adult2	0.000000000	Epidermis (b)	Epidermis (b)
DMSO_64cell_GCTCTTATTGCA	4844	13611	DMSO_U0126_64cell_adult2	0.168980971	Neural (A)	Neural (A)
DMSO_64cell_GCTCTTCACTCA	4696	13958	DMSO_U0126_64cell_adult6	0.014328700	Epidermis (b)	Epidermis (b)
DMSO_64cell_GCTGAAGATAGA	3232	 6414	DMSO_U0126_64cell_adult6	0.093545370	B7.7	B7.7
DMSO_64cell_GCTGCATTAAAT	1878	 2742	DMSO_U0126_64cell_adult1	0.000000000	B7.7	B7.7
DMSO_64cell_GCTGGAAGTAAA	4062	 9340	DMSO_U0126_64cell_adult1	0.032119914	Epidermis (a)	Epidermis (a)
DMSO_64cell_GCTGGCGGGTCT	4993	15498	DMSO_U0126_64cell_adult5	0.012904891	B7.4	B7.4
DMSO_64cell_GCTGTAAAGATA	3385	 6721	DMSO_U0126_64cell_adult3	0.104151168	Epidermis (b)	Epidermis (b)
DMSO_64cell_GCTGTAACGAGG	2094	 3155	DMSO_U0126_64cell_adult4	0.031695721	Endoderm	Endoderm
DMSO_64cell_GCTGTACATATG	5388	18896	DMSO_U0126_64cell_adult6	0.095258256	B7.5	B7.5
DMSO_64cell_GCTGTACGAGCC	4280	10834	DMSO_U0126_64cell_adult6	0.000000000	Epidermis (a)	Epidermis (a)
DMSO_64cell_GCTGTTCTGAAA	3605	 7538	DMSO_U0126_64cell_adult4	0.026532237	Epidermis (a)	Epidermis (a)
DMSO_64cell_GCTTATGATCCT	5832	22301	DMSO_U0126_64cell_adult3	0.031388727	Epidermis (a)	Epidermis (a)
DMSO_64cell_GCTTCCAAATCA	5864	24220	DMSO_U0126_64cell_adult3	0.020644096	B7.7	B7.7
DMSO_64cell_GCTTCCCTATGT	4996	15409	DMSO_U0126_64cell_adult2	0.032448569	B7.5	B7.5
DMSO_64cell_GCTTCGCCCAAC	4720	12448	DMSO_U0126_64cell_adult3	0.016066838	Epidermis (b)	Epidermis (b)
DMSO_64cell_GCTTGAGGCGCG	4075	 9588	DMSO_U0126_64cell_adult5	0.000000000	Neural (a)	Neural (a)
DMSO_64cell_GCTTGGATCCAC	6780	43961	DMSO_U0126_64cell_adult4	0.004549487	B7.3	B7.3
DMSO_64cell_GCTTGGTCAGCG	5335	18423	DMSO_U0126_64cell_adult1	0.005427998	Neural (A)	Neural (A)
DMSO_64cell_GCTTGTAGGAGG	2762	 4740	DMSO_U0126_64cell_adult4	0.042194093	Neural (a)	Neural (a)
DMSO_64cell_GCTTTCCAGTCC	4332	10572	DMSO_U0126_64cell_adult2	0.009458948	Epidermis (a)	Epidermis (a)
DMSO_64cell_GCTTTCGAATAG	4124	 9682	DMSO_U0126_64cell_adult1	0.030985334	A7.6	A7.6
DMSO_64cell_GCTTTGCTTCAG	5123	16017	DMSO_U0126_64cell_adult4	0.012486733	Neural (b)	Neural (b)
DMSO_64cell_GGAAACAGCACA	2139	 3291	DMSO_U0126_64cell_adult6	0.030385901	Epidermis (b)	Epidermis (b)
DMSO_64cell_GGAAAGATCAAG	3654	 7793	DMSO_U0126_64cell_adult3	0.012832029	Epidermis (a)	Epidermis (a)
DMSO_64cell_GGAAAGCGCTTT	2702	 4771	DMSO_U0126_64cell_adult1	0.000000000	Epidermis (b)	Epidermis (b)
DMSO_64cell_GGAAATATCAAC	2347	 3690	DMSO_U0126_64cell_adult2	0.081300813	Neural (a)	Neural (a)
DMSO_64cell_GGAAATCATCAT	3773	 8689	DMSO_U0126_64cell_adult1	0.034526413	Endoderm	Endoderm
DMSO_64cell_GGAACATTTAGG	4083	 9244	DMSO_U0126_64cell_adult2	0.097360450	Epidermis (b)	Epidermis (b)
DMSO_64cell_GGAACCAGTGCG	3717	 8078	DMSO_U0126_64cell_adult1	0.037137905	Epidermis (b)	Epidermis (b)
DMSO_64cell_GGAAGTGCAATG	3358	 6471	DMSO_U0126_64cell_adult4	0.030907124	Epidermis (b)	Epidermis (b)
DMSO_64cell_GGACAATCGGCC	4318	11202	DMSO_U0126_64cell_adult4	0.053561864	Neural (A)	Neural (A)
DMSO_64cell_GGACCCCGAATG	2115	 3434	DMSO_U0126_64cell_adult1	0.000000000	Epidermis (b)	Epidermis (b)
DMSO_64cell_GGACGCCAACGT	4981	15188	DMSO_U0126_64cell_adult3	0.000000000	B7.7	B7.7
DMSO_64cell_GGACGGCCGTGA	3363	 6922	DMSO_U0126_64cell_adult4	0.000000000	B7.5	B7.5
DMSO_64cell_GGACGGGAGCGC	4178	10794	DMSO_U0126_64cell_adult6	0.009264406	B7.5	B7.5
DMSO_64cell_GGACGTTCGAAT	3597	 7214	DMSO_U0126_64cell_adult1	0.027723870	Neural (a)	Neural (a)
DMSO_64cell_GGACTCTTGCTG	3180	 6125	DMSO_U0126_64cell_adult1	0.048979592	B7.5	B7.5
DMSO_64cell_GGACTGGCTTTC	4602	12397	DMSO_U0126_64cell_adult1	0.000000000	Neural (A)	Neural (A)
DMSO_64cell_GGACTGGTAGGA	3607	 7872	DMSO_U0126_64cell_adult4	0.190548780	B7.8	B7.8
DMSO_64cell_GGAGAAAGAAAA	3947	 8833	DMSO_U0126_64cell_adult6	0.022642364	Epidermis (b)	Epidermis (b)
DMSO_64cell_GGAGAAAGGGTT	1919	 2904	DMSO_U0126_64cell_adult6	0.137741047	Epidermis (b)	Epidermis (b)
DMSO_64cell_GGAGACAGATTA	5280	19375	DMSO_U0126_64cell_adult1	0.051612903	Endoderm	Endoderm
DMSO_64cell_GGAGACTCGCGG	2445	 4201	DMSO_U0126_64cell_adult1	0.023803856	B7.6	B7.6
DMSO_64cell_GGAGATTCTTAA	3243	 6252	DMSO_U0126_64cell_adult6	0.031989763	Epidermis (b)	Epidermis (b)
DMSO_64cell_GGAGATTTTGGA	3644	 7672	DMSO_U0126_64cell_adult6	0.065172054	Neural (a)	Neural (a)
DMSO_64cell_GGAGATTTTTAT	3342	 6804	DMSO_U0126_64cell_adult1	0.058788948	A7.6	A7.6
DMSO_64cell_GGAGCGAATTGC	4033	 9353	DMSO_U0126_64cell_adult4	0.010691757	Endoderm	Endoderm
DMSO_64cell_GGAGCGTTACCT	2151	 3608	DMSO_U0126_64cell_adult6	0.110864745	Epidermis (b)	Epidermis (b)
DMSO_64cell_GGAGCTCCGGTC	2899	 5400	DMSO_U0126_64cell_adult2	0.000000000	B7.7	B7.7
DMSO_64cell_GGAGGGCAGGTC	3982	 9195	DMSO_U0126_64cell_adult6	0.000000000	Epidermis (a)	Epidermis (a)
DMSO_64cell_GGAGGGCCTCGC	4072	 9708	DMSO_U0126_64cell_adult5	0.010300783	Epidermis (b)	Epidermis (b)
DMSO_64cell_GGAGGTTACTTG	4360	10823	DMSO_U0126_64cell_adult5	0.036958329	Epidermis (b)	Epidermis (b)
DMSO_64cell_GGATAAACACAT	4784	14224	DMSO_U0126_64cell_adult4	0.112485939	Neural (a)	Neural (a)
DMSO_64cell_GGATAGTATTGT	3518	 7387	DMSO_U0126_64cell_adult2	0.040611886	Epidermis (b)	Epidermis (b)
DMSO_64cell_GGATAGTTAGAA	4815	14436	DMSO_U0126_64cell_adult6	0.263230812	Epidermis (b)	Epidermis (b)
DMSO_64cell_GGATCCCTGTGA	3440	 6926	DMSO_U0126_64cell_adult1	0.014438348	Endoderm	Endoderm
DMSO_64cell_GGATGTAGTCTT	4612	12634	DMSO_U0126_64cell_adult1	0.007915150	Neural (A)	Neural (A)
DMSO_64cell_GGATGTGAACCT	3256	 6600	DMSO_U0126_64cell_adult6	0.030303030	B7.8	B7.8
DMSO_64cell_GGATTAAAACAC	3967	 9530	DMSO_U0126_64cell_adult5	0.041972718	Epidermis (b)	Epidermis (b)
DMSO_64cell_GGATTCAATCAC	5168	17943	DMSO_U0126_64cell_adult5	0.016719612	B7.7	B7.7
DMSO_64cell_GGCAAACCGAGC	3928	 8683	DMSO_U0126_64cell_adult2	0.000000000	Neural (a)	Neural (a)
DMSO_64cell_GGCACATCCGGA	5827	22432	DMSO_U0126_64cell_adult3	0.008915835	Epidermis (a)	Epidermis (a)
DMSO_64cell_GGCACCTGTTGC	3702	 8162	DMSO_U0126_64cell_adult1	0.000000000	Epidermis (a)	Epidermis (a)
DMSO_64cell_GGCAGTTACGTT	4282	10161	DMSO_U0126_64cell_adult2	0.009841551	Neural (a)	Neural (a)
DMSO_64cell_GGCATCTAGGTA	3980	 8974	DMSO_U0126_64cell_adult5	0.011143303	Neural (a)	Neural (a)
DMSO_64cell_GGCATGTATTGC	3321	 6714	DMSO_U0126_64cell_adult5	0.059577003	B7.5	B7.5
DMSO_64cell_GGCATTTTTTAT	5170	15784	DMSO_U0126_64cell_adult3	0.044348708	Epidermis (b)	Epidermis (b)
DMSO_64cell_GGCCACGGTTAA	3624	 7544	DMSO_U0126_64cell_adult2	0.013255567	Epidermis (a)	Epidermis (a)
DMSO_64cell_GGCCAGTCTAGT	3924	 8931	DMSO_U0126_64cell_adult4	0.089575635	B7.8	B7.8
DMSO_64cell_GGCCATCCCCCG	5027	16298	DMSO_U0126_64cell_adult1	0.000000000	B7.8	B7.8
DMSO_64cell_GGCCCACTACTA	3560	 7682	DMSO_U0126_64cell_adult5	0.000000000	Epidermis (a)	Epidermis (a)
DMSO_64cell_GGCCCGAGTAAG	5496	19940	DMSO_U0126_64cell_adult5	0.010030090	Endoderm	Endoderm
DMSO_64cell_GGCCCGCAACCC	5858	23493	DMSO_U0126_64cell_adult3	0.000000000	B7.3	B7.3
DMSO_64cell_GGCCCGCTCCAC	4528	11980	DMSO_U0126_64cell_adult3	0.000000000	Neural (b)	Neural (b)
DMSO_64cell_GGCCGAAGAGCG	2975	 5409	DMSO_U0126_64cell_adult1	0.000000000	Epidermis (b)	Epidermis (b)
DMSO_64cell_GGCCGGTGAGAC	2758	 5103	DMSO_U0126_64cell_adult4	0.000000000	B7.5	B7.5
DMSO_64cell_GGCCTGACACTC	3609	 7836	DMSO_U0126_64cell_adult4	0.000000000	Epidermis (a)	Epidermis (a)
DMSO_64cell_GGCGAGGCTGCA	1913	 2875	DMSO_U0126_64cell_adult1	0.000000000	Epidermis (b)	Epidermis (b)
DMSO_64cell_GGCGAGTGAGCA	2052	 3147	DMSO_U0126_64cell_adult3	0.000000000	Epidermis (b)	Epidermis (b)
DMSO_64cell_GGCGCAACCATT	4326	11033	DMSO_U0126_64cell_adult1	0.000000000	Epidermis (a)	Epidermis (a)
DMSO_64cell_GGCGCTACGGAT	2825	 5059	DMSO_U0126_64cell_adult4	0.000000000	Epidermis (b)	Epidermis (b)
DMSO_64cell_GGCGGGTACAGA	3248	 5937	DMSO_U0126_64cell_adult5	0.000000000	Epidermis (a)	Epidermis (a)
DMSO_64cell_GGCGTACACTTG	2843	 5224	DMSO_U0126_64cell_adult6	0.000000000	Epidermis (b)	Epidermis (b)
DMSO_64cell_GGCTATACCGAC	3442	 6812	DMSO_U0126_64cell_adult2	0.000000000	Epidermis (a)	Epidermis (a)
DMSO_64cell_GGCTCCCGCTTC	4468	11810	DMSO_U0126_64cell_adult4	0.008467401	Epidermis (b)	Epidermis (b)
DMSO_64cell_GGCTCCTCCCAC	4299	10837	DMSO_U0126_64cell_adult4	0.000000000	Epidermis (a)	Epidermis (a)
DMSO_64cell_GGCTCGCAGACA	4074	 9615	DMSO_U0126_64cell_adult3	0.010400416	Epidermis (b)	Epidermis (b)
DMSO_64cell_GGCTGAGACATC	5778	23217	DMSO_U0126_64cell_adult6	0.012921566	B7.3	B7.3
DMSO_64cell_GGCTGCCGCGGG	2137	 3547	DMSO_U0126_64cell_adult5	0.000000000	B7.6	B7.6
DMSO_64cell_GGCTGCGCCTGC	5250	17764	DMSO_U0126_64cell_adult3	0.028146814	Neural (A)	Neural (A)
DMSO_64cell_GGCTGCTAAAGA	4140	 9510	DMSO_U0126_64cell_adult1	0.000000000	Endoderm	Endoderm
DMSO_64cell_GGCTGTGACGCG	3315	 6577	DMSO_U0126_64cell_adult3	0.000000000	B7.6	B7.6
DMSO_64cell_GGCTGTTTTAGG	4542	11944	DMSO_U0126_64cell_adult3	0.008372405	B7.7	B7.7
DMSO_64cell_GGGAACACACGA	2655	 4462	DMSO_U0126_64cell_adult2	0.000000000	Neural (a)	Neural (a)
DMSO_64cell_GGGAAGTTGAGA	2404	 4137	DMSO_U0126_64cell_adult1	0.096688422	Epidermis (b)	Epidermis (b)
DMSO_64cell_GGGACCAGTTCC	2514	 4152	DMSO_U0126_64cell_adult6	0.000000000	B7.5	B7.5
DMSO_64cell_GGGACTGCGGAT	2349	 3733	DMSO_U0126_64cell_adult3	0.000000000	Epidermis (b)	Epidermis (b)
DMSO_64cell_GGGAGAGTCAGG	4188	10136	DMSO_U0126_64cell_adult3	0.049329124	Neural (A)	Neural (A)
DMSO_64cell_GGGAGCAACGCT	3546	 7299	DMSO_U0126_64cell_adult1	0.013700507	Neural (a)	Neural (a)
DMSO_64cell_GGGAGGGTAGGG	2817	 4771	DMSO_U0126_64cell_adult3	0.000000000	Epidermis (b)	Epidermis (b)
DMSO_64cell_GGGATTCCGTTC	6068	26563	DMSO_U0126_64cell_adult5	0.003764635	Endoderm	Endoderm
DMSO_64cell_GGGCAATCTGAC	4059	 9834	DMSO_U0126_64cell_adult6	0.020337604	A7.6	A7.6
DMSO_64cell_GGGCATACGCTG	3579	 7786	DMSO_U0126_64cell_adult4	0.000000000	Epidermis (b)	Epidermis (b)
DMSO_64cell_GGGCATGTCTGG	5027	15690	DMSO_U0126_64cell_adult1	0.006373486	B7.6	B7.6
DMSO_64cell_GGGCCCAGGCAG	3980	 8986	DMSO_U0126_64cell_adult3	0.000000000	Epidermis (b)	Epidermis (b)
DMSO_64cell_GGGCCCATCGTT	5060	15982	DMSO_U0126_64cell_adult4	0.006257039	A7.6	A7.6
DMSO_64cell_GGGCCTATGCAA	3212	 6306	DMSO_U0126_64cell_adult5	0.047573739	B7.5	B7.5
DMSO_64cell_GGGCGAGTGGGC	3364	 6380	DMSO_U0126_64cell_adult1	0.015673981	Neural (a)	Neural (a)
DMSO_64cell_GGGCGATCGAGG	2100	 3337	DMSO_U0126_64cell_adult4	0.000000000	Epidermis (a)	Epidermis (a)
DMSO_64cell_GGGCTCCGGTCA	4175	10259	DMSO_U0126_64cell_adult1	0.029242616	Neural (A)	Neural (A)
DMSO_64cell_GGGCTTCCGAGA	1957	 2966	DMSO_U0126_64cell_adult3	0.000000000	Endoderm	Endoderm
DMSO_64cell_GGGGAAGTGAAG	3839	 8565	DMSO_U0126_64cell_adult5	0.000000000	Epidermis (a)	Epidermis (a)
DMSO_64cell_GGGGATTTCGAG	2743	 4694	DMSO_U0126_64cell_adult2	0.021303792	Epidermis (b)	Epidermis (b)
DMSO_64cell_GGGGGGGGGGGG	2535	 2612	DMSO_U0126_64cell_adult1	0.650842266	Epidermis (b)	Epidermis (b)
DMSO_64cell_GGGGTCACTCTT	2631	 4264	DMSO_U0126_64cell_adult3	0.000000000	Endoderm	Endoderm
DMSO_64cell_GGGGTCATCCGA	4738	12998	DMSO_U0126_64cell_adult6	0.023080474	Neural (b)	Neural (b)
DMSO_64cell_GGGGTCCGCCCA	3462	 7250	DMSO_U0126_64cell_adult4	0.041379310	Neural (a)	Neural (a)
DMSO_64cell_GGGTAAGTTCAA	3689	 7915	DMSO_U0126_64cell_adult3	0.189513582	Neural (A)	Neural (A)
DMSO_64cell_GGGTCAGGACGG	2403	 3861	DMSO_U0126_64cell_adult2	0.000000000	Epidermis (a)	Epidermis (a)
DMSO_64cell_GGGTCTCCATTC	3349	 6665	DMSO_U0126_64cell_adult2	0.015003751	Neural (a)	Neural (a)
DMSO_64cell_GGGTCTGAGGCC	4481	12064	DMSO_U0126_64cell_adult3	0.033156499	B7.8	B7.8
DMSO_64cell_GGGTGGTGGCTT	3043	 5367	DMSO_U0126_64cell_adult2	0.000000000	Epidermis (b)	Epidermis (b)
DMSO_64cell_GGGTTAGAGGAA	4833	14075	DMSO_U0126_64cell_adult3	0.092362345	Epidermis (b)	Epidermis (b)
DMSO_64cell_GGGTTGGCTAGA	3379	 6372	DMSO_U0126_64cell_adult2	0.000000000	Epidermis (a)	Epidermis (a)
DMSO_64cell_GGGTTTATTACG	5366	17456	DMSO_U0126_64cell_adult2	0.005728689	Endoderm	Endoderm
DMSO_64cell_GGTAACACGGAG	2300	 3513	DMSO_U0126_64cell_adult2	0.028465699	Epidermis (b)	Epidermis (b)
DMSO_64cell_GGTAATGCGCAA	6196	29068	DMSO_U0126_64cell_adult3	0.010320627	B7.3	B7.3
DMSO_64cell_GGTAATTACCCC	4131	 9669	DMSO_U0126_64cell_adult4	0.020684662	Epidermis (b)	Epidermis (b)
DMSO_64cell_GGTACAGAGTGA	5094	15949	DMSO_U0126_64cell_adult1	0.031349928	Neural (a)	Neural (a)
DMSO_64cell_GGTACAGGACTT	3587	 7323	DMSO_U0126_64cell_adult6	0.013655606	Epidermis (b)	Epidermis (b)
DMSO_64cell_GGTACCCACTGG	4483	12275	DMSO_U0126_64cell_adult2	0.016293279	Endoderm	Endoderm
DMSO_64cell_GGTACGGGGAGT	2098	 3133	DMSO_U0126_64cell_adult1	0.000000000	Epidermis (a)	Epidermis (a)
DMSO_64cell_GGTACGTCATTG	4349	10439	DMSO_U0126_64cell_adult3	0.076635693	Neural (a)	Neural (a)
DMSO_64cell_GGTATGTCATAG	3655	 7415	DMSO_U0126_64cell_adult5	0.040458530	Epidermis (b)	Epidermis (b)
DMSO_64cell_GGTCCAAGGAAT	4231	10129	DMSO_U0126_64cell_adult1	0.000000000	Epidermis (a)	Epidermis (a)
DMSO_64cell_GGTCCCAGCCAT	3932	 8827	DMSO_U0126_64cell_adult1	0.000000000	Epidermis (b)	Epidermis (b)
DMSO_64cell_GGTCCTACTGAG	5969	26529	DMSO_U0126_64cell_adult1	0.007538920	B7.6	B7.6
DMSO_64cell_GGTCGTACTTTC	2804	 5234	DMSO_U0126_64cell_adult5	0.019105846	Epidermis (b)	Epidermis (b)
DMSO_64cell_GGTCGTGAGAAT	4084	 9131	DMSO_U0126_64cell_adult3	0.000000000	Epidermis (a)	Epidermis (a)
DMSO_64cell_GGTCTGAGAGAG	4857	14405	DMSO_U0126_64cell_adult3	0.020826102	B7.8	B7.8
DMSO_64cell_GGTGCACGAAGC	2097	 3184	DMSO_U0126_64cell_adult1	0.000000000	Epidermis (b)	Epidermis (b)
DMSO_64cell_GGTGCTGCCTAC	4322	10945	DMSO_U0126_64cell_adult1	0.000000000	B7.7	B7.7
DMSO_64cell_GGTGCTGGTTCG	2085	 3135	DMSO_U0126_64cell_adult2	0.000000000	Epidermis (b)	Epidermis (b)
DMSO_64cell_GGTGGAAAGGTC	1966	 2961	DMSO_U0126_64cell_adult3	0.000000000	Endoderm	Endoderm
DMSO_64cell_GGTGTTTTCTAG	3594	 7410	DMSO_U0126_64cell_adult3	0.040485830	Epidermis (b)	Epidermis (b)
DMSO_64cell_GGTTACGCTGTC	2610	 4851	DMSO_U0126_64cell_adult4	0.041228613	Epidermis (b)	Epidermis (b)
DMSO_64cell_GGTTATGGGTTC	2556	 4236	DMSO_U0126_64cell_adult5	0.047214353	B7.7	B7.7
DMSO_64cell_GGTTCCCACAGG	3395	 6831	DMSO_U0126_64cell_adult6	0.058556580	Neural (a)	Neural (a)
DMSO_64cell_GGTTCGAAGGCT	3459	 6987	DMSO_U0126_64cell_adult5	0.014312294	Neural (a)	Neural (a)
DMSO_64cell_GGTTGGGGCTAC	2841	 5383	DMSO_U0126_64cell_adult1	0.000000000	B7.7	B7.7
DMSO_64cell_GGTTTGCATCCT	4078	 9866	DMSO_U0126_64cell_adult1	0.010135820	Epidermis (b)	Epidermis (b)
DMSO_64cell_GGTTTTCTAGGC	5789	20795	DMSO_U0126_64cell_adult3	0.024044241	Neural (a)	Neural (a)
DMSO_64cell_GTAAACCTTTGC	4783	13796	DMSO_U0126_64cell_adult4	0.007248478	Neural (a)	Neural (a)
DMSO_64cell_GTAAAGCGTTTA	4520	11939	DMSO_U0126_64cell_adult3	0.067007287	Epidermis (a)	Epidermis (a)
DMSO_64cell_GTAACAGTTCCC	3733	 7954	DMSO_U0126_64cell_adult2	0.088006035	Epidermis (a)	Epidermis (a)
DMSO_64cell_GTAACCAGCTTA	4184	 9664	DMSO_U0126_64cell_adult1	0.010347682	Epidermis (a)	Epidermis (a)
DMSO_64cell_GTAACTCGACGC	2252	 3829	DMSO_U0126_64cell_adult5	0.000000000	Epidermis (b)	Epidermis (b)
DMSO_64cell_GTAATGAAAGGG	4166	 9908	DMSO_U0126_64cell_adult5	0.121114251	Epidermis (b)	Epidermis (b)
DMSO_64cell_GTAATTAGACCG	3820	 8800	DMSO_U0126_64cell_adult5	0.738636364	B7.8	B7.8
DMSO_64cell_GTAATTTCGCGA	3195	 6321	DMSO_U0126_64cell_adult3	0.268944787	B7.5	B7.5
DMSO_64cell_GTACAACTAAAA	4019	 9233	DMSO_U0126_64cell_adult2	0.238275750	Epidermis (a)	Epidermis (a)
DMSO_64cell_GTACAGGAATAT	4348	10524	DMSO_U0126_64cell_adult3	0.940706956	B7.8	B7.8
DMSO_64cell_GTACCTACAGCG	3976	 8853	DMSO_U0126_64cell_adult3	0.000000000	Neural (a)	Neural (a)
DMSO_64cell_GTACGACCTCTC	3904	 8570	DMSO_U0126_64cell_adult1	0.035005834	Neural (A)	Neural (A)
DMSO_64cell_GTACGGAATAAT	4731	13174	DMSO_U0126_64cell_adult1	0.037953545	Epidermis (b)	Epidermis (b)
DMSO_64cell_GTACGTATTCGA	3527	 6970	DMSO_U0126_64cell_adult3	0.057388809	Epidermis (b)	Epidermis (b)
DMSO_64cell_GTACTCACCAGA	4266	10067	DMSO_U0126_64cell_adult3	0.009933446	Epidermis (b)	Epidermis (b)
DMSO_64cell_GTACTGACAAGT	3953	 8928	DMSO_U0126_64cell_adult6	0.212813620	Epidermis (b)	Epidermis (b)
DMSO_64cell_GTACTTCGGATC	3558	 7404	DMSO_U0126_64cell_adult3	0.000000000	Epidermis (a)	Epidermis (a)
DMSO_64cell_GTAGAATAGTGT	2895	 5016	DMSO_U0126_64cell_adult1	0.099681021	Neural (a)	Neural (a)
DMSO_64cell_GTAGACGTATTG	2979	 5256	DMSO_U0126_64cell_adult2	0.285388128	B7.3	B7.3
DMSO_64cell_GTAGACTGCTTC	2575	 4580	DMSO_U0126_64cell_adult1	0.109170306	B7.6	B7.6
DMSO_64cell_GTAGAGCGGTGG	3837	 8508	DMSO_U0126_64cell_adult6	0.023507287	Neural (a)	Neural (a)
DMSO_64cell_GTAGATCTAGCA	5601	20723	DMSO_U0126_64cell_adult3	0.004825556	Epidermis (a)	Epidermis (a)
DMSO_64cell_GTAGCCGTCCTA	5254	16779	DMSO_U0126_64cell_adult2	0.035758984	Neural (A)	Neural (A)
DMSO_64cell_GTAGCGAAATTG	3312	 6399	DMSO_U0126_64cell_adult5	0.046882325	Epidermis (b)	Epidermis (b)
DMSO_64cell_GTAGCTTAAGTA	3615	 7727	DMSO_U0126_64cell_adult6	0.724731461	B7.8	B7.8
DMSO_64cell_GTAGGTAGGTCA	3170	 6232	DMSO_U0126_64cell_adult3	0.016046213	Epidermis (b)	Epidermis (b)
DMSO_64cell_GTAGGTGACCAC	3205	 6161	DMSO_U0126_64cell_adult5	0.129849050	Neural (A)	Neural (A)
DMSO_64cell_GTAGTAATGAGC	2962	 5654	DMSO_U0126_64cell_adult2	0.123806155	Epidermis (a)	Epidermis (a)
DMSO_64cell_GTAGTCAGAATC	3890	 8280	DMSO_U0126_64cell_adult2	0.036231884	Epidermis (a)	Epidermis (a)
DMSO_64cell_GTAGTTCCACGG	4511	11787	DMSO_U0126_64cell_adult2	0.008483923	Neural (A)	Neural (A)
DMSO_64cell_GTATAATTAGAT	2092	 3162	DMSO_U0126_64cell_adult2	0.158127767	B7.7	B7.7
DMSO_64cell_GTATCCAACTAC	3569	 7432	DMSO_U0126_64cell_adult6	0.026910657	Neural (a)	Neural (a)
DMSO_64cell_GTATCCAGCACA	3224	 6265	DMSO_U0126_64cell_adult1	0.207501995	B7.8	B7.8
DMSO_64cell_GTATGCGTGTGT	3114	 5660	DMSO_U0126_64cell_adult5	0.017667845	1˚ Notochord	1˚ Notochord
DMSO_64cell_GTATGTATTGGA	3771	 8004	DMSO_U0126_64cell_adult4	0.124937531	Epidermis (a)	Epidermis (a)
DMSO_64cell_GTATTACGAGTA	3730	 8317	DMSO_U0126_64cell_adult1	0.553084045	B7.5	B7.5
DMSO_64cell_GTCAAAACACTG	3555	 7343	DMSO_U0126_64cell_adult2	0.013618412	Epidermis (a)	Epidermis (a)
DMSO_64cell_GTCAACCGAAGG	5320	18973	DMSO_U0126_64cell_adult6	0.005270648	B7.3	B7.3
DMSO_64cell_GTCAACGAAGAA	5363	19115	DMSO_U0126_64cell_adult1	0.083703897	Neural (A)	Neural (A)
DMSO_64cell_GTCATGACAATT	6497	32723	DMSO_U0126_64cell_adult1	0.012223818	A7.6	A7.6
DMSO_64cell_GTCATGCAGTTA	3888	 8610	DMSO_U0126_64cell_adult4	0.081300813	Neural (a)	Neural (a)
DMSO_64cell_GTCCAACACTGA	5441	18983	DMSO_U0126_64cell_adult6	0.000000000	Epidermis (b)	Epidermis (b)
DMSO_64cell_GTCCAATTGCGT	5117	15990	DMSO_U0126_64cell_adult3	0.031269543	B7.7	B7.7
DMSO_64cell_GTCCACGCCGAG	3405	 6993	DMSO_U0126_64cell_adult4	0.014300014	B7.7	B7.7
DMSO_64cell_GTCCATACACCA	3079	 5836	DMSO_U0126_64cell_adult4	0.034270048	Epidermis (a)	Epidermis (a)
DMSO_64cell_GTCCCAGTCGCC	3377	 6978	DMSO_U0126_64cell_adult4	0.000000000	1˚ Notochord	1˚ Notochord
DMSO_64cell_GTCCCATTTAAG	1928	 3091	DMSO_U0126_64cell_adult1	0.064703979	B7.6	B7.6
DMSO_64cell_GTCCCGTACAGG	2805	 4776	DMSO_U0126_64cell_adult3	0.020938023	Epidermis (a)	Epidermis (a)
DMSO_64cell_GTCCGTACTACA	4935	14134	DMSO_U0126_64cell_adult2	0.063676242	Neural (b)	Neural (b)
DMSO_64cell_GTCCGTGCATTC	4083	 9636	DMSO_U0126_64cell_adult4	0.000000000	Endoderm	Endoderm
DMSO_64cell_GTCCTCCATGGT	3726	 7849	DMSO_U0126_64cell_adult2	0.000000000	Epidermis (a)	Epidermis (a)
DMSO_64cell_GTCCTCGAGAAA	3820	 8556	DMSO_U0126_64cell_adult3	0.011687705	Neural (a)	Neural (a)
DMSO_64cell_GTCCTGCCAGAC	4462	12024	DMSO_U0126_64cell_adult1	0.058216900	Neural (A)	Neural (A)
DMSO_64cell_GTCCTGCGCTCT	6825	41965	DMSO_U0126_64cell_adult3	0.000000000	B7.7	B7.7
DMSO_64cell_GTCCTTATTTTG	4554	11827	DMSO_U0126_64cell_adult1	0.490403314	Epidermis (b)	Epidermis (b)
DMSO_64cell_GTCGACCTACTG	4195	11114	DMSO_U0126_64cell_adult6	0.026992982	B7.8	B7.8
DMSO_64cell_GTCGACTCTCCA	4574	12381	DMSO_U0126_64cell_adult4	0.000000000	Endoderm	Endoderm
DMSO_64cell_GTCGATTTGGGT	3941	 8675	DMSO_U0126_64cell_adult5	0.011527378	Neural (b)	Neural (b)
DMSO_64cell_GTCGCCATCCCA	2954	 5522	DMSO_U0126_64cell_adult6	0.018109381	Epidermis (b)	Epidermis (b)
DMSO_64cell_GTCGCTCTTGAG	3350	 7021	DMSO_U0126_64cell_adult4	0.000000000	A7.6	A7.6
DMSO_64cell_GTCGGCAGTGAC	2536	 4210	DMSO_U0126_64cell_adult2	0.000000000	Epidermis (b)	Epidermis (b)
DMSO_64cell_GTCGGGTGACCA	2545	 4574	DMSO_U0126_64cell_adult4	0.000000000	Epidermis (b)	Epidermis (b)
DMSO_64cell_GTCGTAACGATG	3565	 7212	DMSO_U0126_64cell_adult5	0.000000000	Epidermis (b)	Epidermis (b)
DMSO_64cell_GTCGTAACTTTC	1883	 2756	DMSO_U0126_64cell_adult1	0.253991292	Epidermis (b)	Epidermis (b)
DMSO_64cell_GTCGTACTTTAT	2235	 3402	DMSO_U0126_64cell_adult3	0.117577895	Epidermis (b)	Epidermis (b)
DMSO_64cell_GTCGTAGATATT	4009	 8833	DMSO_U0126_64cell_adult3	0.033963546	1˚ Notochord	1˚ Notochord
DMSO_64cell_GTCGTAGTTAGA	3131	 5969	DMSO_U0126_64cell_adult2	0.083766125	Neural (A)	Neural (A)
DMSO_64cell_GTCGTCAGCGAA	5218	17683	DMSO_U0126_64cell_adult5	0.005655149	Endoderm	Endoderm
DMSO_64cell_GTCGTGTTCAGT	1776	 2619	DMSO_U0126_64cell_adult2	0.000000000	Epidermis (b)	Epidermis (b)
DMSO_64cell_GTCTAACTGTAG	5467	18330	DMSO_U0126_64cell_adult2	0.027277687	Epidermis (b)	Epidermis (b)
DMSO_64cell_GTCTAATCGCAG	5317	17382	DMSO_U0126_64cell_adult2	0.011506156	Neural (a)	Neural (a)
DMSO_64cell_GTCTAATGGAGA	3401	 6619	DMSO_U0126_64cell_adult4	0.135972201	Epidermis (a)	Epidermis (a)
DMSO_64cell_GTCTATTCCTAC	6165	28052	DMSO_U0126_64cell_adult2	0.028518466	Neural (A)	Neural (A)
DMSO_64cell_GTCTCTTCTACG	2303	 3694	DMSO_U0126_64cell_adult3	0.000000000	Epidermis (b)	Epidermis (b)
DMSO_64cell_GTCTGTAATGCA	2512	 4274	DMSO_U0126_64cell_adult1	0.093589144	Epidermis (b)	Epidermis (b)
DMSO_64cell_GTCTTGAAAAAA	4638	13712	DMSO_U0126_64cell_adult6	0.269836639	B7.8	B7.8
DMSO_64cell_GTGAAGATGCAT	6130	26033	DMSO_U0126_64cell_adult3	0.038412784	Neural (a)	Neural (a)
DMSO_64cell_GTGAAGCAGCGA	2434	 4091	DMSO_U0126_64cell_adult5	0.024443901	Epidermis (a)	Epidermis (a)
DMSO_64cell_GTGAAGGCTGCT	5019	16117	DMSO_U0126_64cell_adult4	0.037227772	B7.8	B7.8
DMSO_64cell_GTGAATCAGGCC	2596	 4235	DMSO_U0126_64cell_adult6	0.000000000	Neural (a)	Neural (a)
DMSO_64cell_GTGAATCTCAAA	5217	16471	DMSO_U0126_64cell_adult2	0.127496813	Epidermis (b)	Epidermis (b)
DMSO_64cell_GTGACAGGTTGT	5199	20949	DMSO_U0126_64cell_adult5	0.000000000	B7.4	B7.4
DMSO_64cell_GTGACCCAATAC	4407	11623	DMSO_U0126_64cell_adult6	0.034414523	Neural (b)	Neural (b)
DMSO_64cell_GTGACGCAAGAT	5955	25005	DMSO_U0126_64cell_adult6	0.015996801	Epidermis (b)	Epidermis (b)
DMSO_64cell_GTGACGCTAATC	2854	 5584	DMSO_U0126_64cell_adult1	0.071633238	B7.6	B7.6
DMSO_64cell_GTGACTTTTACG	4665	11743	DMSO_U0126_64cell_adult1	0.042578557	Epidermis (a)	Epidermis (a)
DMSO_64cell_GTGAGTAATGGC	2731	 5106	DMSO_U0126_64cell_adult6	0.019584802	Epidermis (b)	Epidermis (b)
DMSO_64cell_GTGAGTGACTAT	4137	 9778	DMSO_U0126_64cell_adult3	0.112497443	Neural (A)	Neural (A)
DMSO_64cell_GTGAGTGGTACA	4757	13687	DMSO_U0126_64cell_adult4	0.160736465	Neural (A)	Neural (A)
DMSO_64cell_GTGATGAGTGTA	4176	 9798	DMSO_U0126_64cell_adult2	0.020412329	Epidermis (b)	Epidermis (b)
DMSO_64cell_GTGATGCAGCTG	3987	 9280	DMSO_U0126_64cell_adult5	0.000000000	1˚ Notochord	1˚ Notochord
DMSO_64cell_GTGCAATGTTTT	5384	17706	DMSO_U0126_64cell_adult1	0.016943409	B7.3	B7.3
DMSO_64cell_GTGCCGAGTCGA	4371	11039	DMSO_U0126_64cell_adult3	0.000000000	Endoderm	Endoderm
DMSO_64cell_GTGCCTAACAAT	3331	 6507	DMSO_U0126_64cell_adult5	0.199784847	B7.7	B7.7
DMSO_64cell_GTGCGAATCAAT	2169	 3330	DMSO_U0126_64cell_adult3	0.000000000	B7.3	B7.3
DMSO_64cell_GTGCTCGCTTCC	3731	 8173	DMSO_U0126_64cell_adult5	0.073412456	B7.5	B7.5
DMSO_64cell_GTGCTCTTTCGA	2496	 4280	DMSO_U0126_64cell_adult6	0.000000000	Endoderm	Endoderm
DMSO_64cell_GTGCTGAAGTCC	3300	 6734	DMSO_U0126_64cell_adult6	0.237600238	B7.5	B7.5
DMSO_64cell_GTGCTTAGACTC	3739	 7754	DMSO_U0126_64cell_adult4	0.012896570	Epidermis (a)	Epidermis (a)
DMSO_64cell_GTGCTTTGTGCT	3002	 5814	DMSO_U0126_64cell_adult5	0.000000000	Epidermis (b)	Epidermis (b)
DMSO_64cell_GTGGACTCTTGT	4010	 9095	DMSO_U0126_64cell_adult3	0.043980209	Epidermis (a)	Epidermis (a)
DMSO_64cell_GTGGATAACACA	2970	 5571	DMSO_U0126_64cell_adult4	0.825704541	B7.8	B7.8
DMSO_64cell_GTGGGCGAACCA	1868	 2842	DMSO_U0126_64cell_adult1	0.000000000	Epidermis (a)	Epidermis (a)
DMSO_64cell_GTGGGGTCTGTG	3584	 7025	DMSO_U0126_64cell_adult2	0.000000000	Epidermis (a)	Epidermis (a)
DMSO_64cell_GTGGTCGACGAG	3351	 6347	DMSO_U0126_64cell_adult3	0.015755475	Epidermis (b)	Epidermis (b)
DMSO_64cell_GTGGTCGGCAAC	3681	 7873	DMSO_U0126_64cell_adult2	0.012701639	Epidermis (a)	Epidermis (a)
DMSO_64cell_GTGTAAGTACCA	4661	13509	DMSO_U0126_64cell_adult1	0.096232142	B7.8	B7.8
DMSO_64cell_GTGTCCACGTCC	4291	10617	DMSO_U0126_64cell_adult2	0.018837713	Epidermis (b)	Epidermis (b)
DMSO_64cell_GTGTCCTAAACG	2105	 3391	DMSO_U0126_64cell_adult1	0.000000000	B7.7	B7.7
DMSO_64cell_GTGTCGGCTCGG	2969	 5601	DMSO_U0126_64cell_adult6	0.017853955	Epidermis (a)	Epidermis (a)
DMSO_64cell_GTGTGTGTGCTC	3181	 6053	DMSO_U0126_64cell_adult1	0.016520734	Epidermis (a)	Epidermis (a)
DMSO_64cell_GTGTTCAGGTGA	2277	 3591	DMSO_U0126_64cell_adult1	0.222779170	B7.5	B7.5
DMSO_64cell_GTGTTCATCAAA	4650	13336	DMSO_U0126_64cell_adult5	0.044991002	Epidermis (a)	Epidermis (a)
DMSO_64cell_GTGTTTACTAAA	4299	10494	DMSO_U0126_64cell_adult3	0.076234038	Epidermis (a)	Epidermis (a)
DMSO_64cell_GTGTTTATAGGA	4754	13225	DMSO_U0126_64cell_adult2	0.090737240	B7.7	B7.7
DMSO_64cell_GTGTTTGTACTT	4499	11446	DMSO_U0126_64cell_adult3	0.061156736	B7.7	B7.7
DMSO_64cell_GTTAAGAGGTCC	4038	 9284	DMSO_U0126_64cell_adult3	0.000000000	Epidermis (b)	Epidermis (b)
DMSO_64cell_GTTAAGTTTTAT	4583	13135	DMSO_U0126_64cell_adult6	0.022839741	Epidermis (b)	Epidermis (b)
DMSO_64cell_GTTACCGGGCGA	3533	 7107	DMSO_U0126_64cell_adult1	0.000000000	Neural (a)	Neural (a)
DMSO_64cell_GTTAGAGTACTA	1917	 2848	DMSO_U0126_64cell_adult6	0.526685393	B7.5	B7.5
DMSO_64cell_GTTAGGCGAAGT	2923	 5352	DMSO_U0126_64cell_adult1	0.000000000	Endoderm	Endoderm
DMSO_64cell_GTTAGTAGCATT	3739	 7878	DMSO_U0126_64cell_adult1	0.076161462	Epidermis (a)	Epidermis (a)
DMSO_64cell_GTTAGTCAACGA	3659	 7831	DMSO_U0126_64cell_adult5	0.012769761	Epidermis (a)	Epidermis (a)
DMSO_64cell_GTTATATCAGAT	4875	14070	DMSO_U0126_64cell_adult4	0.049751244	Epidermis (b)	Epidermis (b)
DMSO_64cell_GTTATTCTTGTT	4084	 9292	DMSO_U0126_64cell_adult1	0.021523892	1˚ Notochord	1˚ Notochord
DMSO_64cell_GTTCAATACAAG	3092	 5888	DMSO_U0126_64cell_adult5	1.120923913	B7.8	B7.8
DMSO_64cell_GTTCCCTGTCAG	3078	 6136	DMSO_U0126_64cell_adult1	0.000000000	Epidermis (a)	Epidermis (a)
DMSO_64cell_GTTCGGCAGCAT	5199	16107	DMSO_U0126_64cell_adult2	0.018625442	Epidermis (b)	Epidermis (b)
DMSO_64cell_GTTCGGGTATGC	3219	 6072	DMSO_U0126_64cell_adult5	0.000000000	Epidermis (b)	Epidermis (b)
DMSO_64cell_GTTCGGTGCCAC	1772	 2654	DMSO_U0126_64cell_adult4	0.000000000	Epidermis (b)	Epidermis (b)
DMSO_64cell_GTTCTAACGTAT	2002	 2942	DMSO_U0126_64cell_adult1	0.169952413	Epidermis (b)	Epidermis (b)
DMSO_64cell_GTTCTTTAGGGG	4082	 9281	DMSO_U0126_64cell_adult3	0.010774701	Neural (a)	Neural (a)
DMSO_64cell_GTTGCGGTTTGT	4293	10053	DMSO_U0126_64cell_adult2	0.029841838	Epidermis (a)	Epidermis (a)
DMSO_64cell_GTTGCTGATGAA	3025	 5722	DMSO_U0126_64cell_adult5	0.139811255	B7.5	B7.5
DMSO_64cell_GTTGGAGATCGC	4135	10423	DMSO_U0126_64cell_adult4	0.028782500	B7.7	B7.7
DMSO_64cell_GTTGGGCTCCTG	3725	 8024	DMSO_U0126_64cell_adult4	0.000000000	Epidermis (b)	Epidermis (b)
DMSO_64cell_GTTGTAGGAATG	6363	31435	DMSO_U0126_64cell_adult4	0.009543502	Epidermis (b)	Epidermis (b)
DMSO_64cell_GTTGTCTGGGAG	4000	 9216	DMSO_U0126_64cell_adult1	0.010850694	B7.7	B7.7
DMSO_64cell_GTTGTGAGACGT	5343	16895	DMSO_U0126_64cell_adult3	0.005918911	Epidermis (a)	Epidermis (a)
DMSO_64cell_GTTGTTGCCGAA	3289	 6926	DMSO_U0126_64cell_adult4	0.000000000	Epidermis (b)	Epidermis (b)
DMSO_64cell_GTTTAGATTCGG	4273	10588	DMSO_U0126_64cell_adult1	0.075557235	Epidermis (b)	Epidermis (b)
DMSO_64cell_GTTTCATGGGTA	4905	14180	DMSO_U0126_64cell_adult3	0.119887165	Neural (A)	Neural (A)
DMSO_64cell_GTTTCCACAGTT	4702	12255	DMSO_U0126_64cell_adult1	0.024479804	Epidermis (b)	Epidermis (b)
DMSO_64cell_GTTTGGTGTCGT	5329	17474	DMSO_U0126_64cell_adult1	0.011445576	Neural (A)	Neural (A)
DMSO_64cell_GTTTTACCGTGA	4405	10556	DMSO_U0126_64cell_adult3	0.009473285	Endoderm	Endoderm
DMSO_64cell_GTTTTGCCTCAA	1938	 2805	DMSO_U0126_64cell_adult4	0.000000000	Epidermis (b)	Epidermis (b)
DMSO_64cell_GTTTTGCTGTCT	5355	16551	DMSO_U0126_64cell_adult1	0.012083862	Epidermis (b)	Epidermis (b)
DMSO_64cell_TAAAAACATCAC	2473	 4029	DMSO_U0126_64cell_adult2	0.049640109	Epidermis (b)	Epidermis (b)
DMSO_64cell_TAAAAGCGCCGC	3896	 9046	DMSO_U0126_64cell_adult1	0.000000000	Neural (b)	Neural (b)
DMSO_64cell_TAAAATTGTACT	3468	 7000	DMSO_U0126_64cell_adult2	0.014285714	Epidermis (a)	Epidermis (a)
DMSO_64cell_TAAACAAAGGGG	3591	 7553	DMSO_U0126_64cell_adult1	0.000000000	Epidermis (a)	Epidermis (a)
DMSO_64cell_TAAACTAGAGTT	5440	19957	DMSO_U0126_64cell_adult4	0.010021546	Epidermis (b)	Epidermis (b)
DMSO_64cell_TAAATGCTAAGT	6111	27076	DMSO_U0126_64cell_adult5	0.022159846	Epidermis (b)	Epidermis (b)
DMSO_64cell_TAAATGTAACAT	3795	 8278	DMSO_U0126_64cell_adult3	0.132882339	B7.7	B7.7
DMSO_64cell_TAAATTGACTTA	2443	 4229	DMSO_U0126_64cell_adult2	0.023646252	Epidermis (b)	Epidermis (b)
DMSO_64cell_TAACACTGAACT	4857	14365	DMSO_U0126_64cell_adult2	0.111381831	Epidermis (a)	Epidermis (a)
DMSO_64cell_TAACCCTGTGGG	3764	 8310	DMSO_U0126_64cell_adult4	0.012033694	Endoderm	Endoderm
DMSO_64cell_TAACGATAGTCA	3865	 8671	DMSO_U0126_64cell_adult1	0.219121209	B7.5	B7.5
DMSO_64cell_TAACGCCGGGAT	1879	 2892	DMSO_U0126_64cell_adult5	0.000000000	B7.6	B7.6
DMSO_64cell_TAACGCCGTGAA	3877	 8606	DMSO_U0126_64cell_adult5	0.011619800	Epidermis (a)	Epidermis (a)
DMSO_64cell_TAACGTAAGAGC	2541	 4138	DMSO_U0126_64cell_adult4	0.048332528	Epidermis (a)	Epidermis (a)
DMSO_64cell_TAACTAAAATTG	2179	 3295	DMSO_U0126_64cell_adult3	0.273141123	Epidermis (b)	Epidermis (b)
DMSO_64cell_TAACTACCTCTT	3352	 6182	DMSO_U0126_64cell_adult3	0.048527984	Endoderm	Endoderm
DMSO_64cell_TAACTGATTCGG	3709	 8210	DMSO_U0126_64cell_adult4	0.024360536	Epidermis (b)	Epidermis (b)
DMSO_64cell_TAAGATACTCCG	3603	 7485	DMSO_U0126_64cell_adult3	0.053440214	Neural (a)	Neural (a)
DMSO_64cell_TAAGCAGTCATC	4221	10254	DMSO_U0126_64cell_adult5	0.078018334	Neural (a)	Neural (a)
DMSO_64cell_TAAGCCCTCGAC	3719	 8212	DMSO_U0126_64cell_adult5	0.000000000	Epidermis (b)	Epidermis (b)
DMSO_64cell_TAAGCCGTGTTC	2967	 5306	DMSO_U0126_64cell_adult4	0.018846589	Endoderm	Endoderm
DMSO_64cell_TAAGCGAGGTGG	4164	 9737	DMSO_U0126_64cell_adult3	0.020540207	Epidermis (b)	Epidermis (b)
DMSO_64cell_TAAGGAGCGCTA	3049	 5678	DMSO_U0126_64cell_adult1	0.017611835	B7.8	B7.8
DMSO_64cell_TAAGGTATGAGC	2620	 4930	DMSO_U0126_64cell_adult6	0.121703854	Epidermis (b)	Epidermis (b)
DMSO_64cell_TAAGTCATCTTT	4708	12771	DMSO_U0126_64cell_adult1	0.101793125	Epidermis (b)	Epidermis (b)
DMSO_64cell_TAAGTTAAGAGG	4252	10333	DMSO_U0126_64cell_adult3	0.106455047	Neural (a)	Neural (a)
DMSO_64cell_TAATAGGTCGTG	3954	 8732	DMSO_U0126_64cell_adult6	0.022904260	Endoderm	Endoderm
DMSO_64cell_TAATATAAGAAC	3983	 8787	DMSO_U0126_64cell_adult2	0.364174348	Epidermis (b)	Epidermis (b)
DMSO_64cell_TAATCGTTAGGG	4079	 8901	DMSO_U0126_64cell_adult3	0.022469385	Epidermis (b)	Epidermis (b)
DMSO_64cell_TAATCTACGGGA	3397	 6934	DMSO_U0126_64cell_adult4	0.086530141	Epidermis (b)	Epidermis (b)
DMSO_64cell_TAATCTATCCTT	4301	10695	DMSO_U0126_64cell_adult5	0.102851800	Epidermis (a)	Epidermis (a)
DMSO_64cell_TAATGGCAGCCT	4482	12183	DMSO_U0126_64cell_adult4	0.016416318	Neural (A)	Neural (A)
DMSO_64cell_TAATTTCGCATT	3746	 8391	DMSO_U0126_64cell_adult1	0.023835061	Epidermis (b)	Epidermis (b)
DMSO_64cell_TACAAAGCAGAA	3101	 5841	DMSO_U0126_64cell_adult3	0.017120356	1˚ Notochord	1˚ Notochord
DMSO_64cell_TACAACGATTGC	5639	21565	DMSO_U0126_64cell_adult5	0.051008579	Neural (A)	Neural (A)
DMSO_64cell_TACACTCGGGCT	3713	 8134	DMSO_U0126_64cell_adult1	0.000000000	B7.7	B7.7
DMSO_64cell_TACAGCACAGCC	4829	13714	DMSO_U0126_64cell_adult4	0.014583637	Epidermis (b)	Epidermis (b)
DMSO_64cell_TACAGGACCGGT	4515	11637	DMSO_U0126_64cell_adult3	0.000000000	Endoderm	Endoderm
DMSO_64cell_TACATACTCCGG	3390	 6612	DMSO_U0126_64cell_adult5	0.015124017	Epidermis (b)	Epidermis (b)
DMSO_64cell_TACATAGGTACT	1881	 2716	DMSO_U0126_64cell_adult3	0.036818851	Endoderm	Endoderm
DMSO_64cell_TACATGGTGCGA	2266	 3602	DMSO_U0126_64cell_adult6	0.000000000	B7.7	B7.7
DMSO_64cell_TACATTCCACGA	5015	15201	DMSO_U0126_64cell_adult2	0.072363660	Epidermis (b)	Epidermis (b)
DMSO_64cell_TACCAAAAGAAG	4629	12192	DMSO_U0126_64cell_adult3	0.344488189	Epidermis (b)	Epidermis (b)
DMSO_64cell_TACCAATACCGC	3791	 8781	DMSO_U0126_64cell_adult5	0.000000000	Epidermis (b)	Epidermis (b)
DMSO_64cell_TACCAGTTTCGA	4600	12350	DMSO_U0126_64cell_adult1	0.024291498	Epidermis (b)	Epidermis (b)
DMSO_64cell_TACCATGGTATC	2839	 5102	DMSO_U0126_64cell_adult1	0.058800470	B7.7	B7.7
DMSO_64cell_TACCCTATAATC	4725	13239	DMSO_U0126_64cell_adult4	0.279477302	Epidermis (b)	Epidermis (b)
DMSO_64cell_TACCGGCGAAAC	2701	 4726	DMSO_U0126_64cell_adult4	0.021159543	Epidermis (b)	Epidermis (b)
DMSO_64cell_TACCGTGGTGTC	2287	 3625	DMSO_U0126_64cell_adult5	0.000000000	Epidermis (b)	Epidermis (b)
DMSO_64cell_TACCTACAGATC	4391	11308	DMSO_U0126_64cell_adult1	0.123806155	Neural (a)	Neural (a)
DMSO_64cell_TACCTACTTCCT	4474	12239	DMSO_U0126_64cell_adult2	0.057194215	Neural (A)	Neural (A)
DMSO_64cell_TACCTCTCCATG	2726	 4586	DMSO_U0126_64cell_adult5	0.000000000	Neural (a)	Neural (a)
DMSO_64cell_TACGATTACGAT	4368	11110	DMSO_U0126_64cell_adult2	0.180018002	A7.6	A7.6
DMSO_64cell_TACGTCCAATAC	3472	 7212	DMSO_U0126_64cell_adult1	0.055463117	Epidermis (b)	Epidermis (b)
DMSO_64cell_TACGTCGTACTG	3530	 7306	DMSO_U0126_64cell_adult4	0.000000000	B7.7	B7.7
DMSO_64cell_TACGTGAAATGT	3825	 8480	DMSO_U0126_64cell_adult4	0.023584906	Epidermis (b)	Epidermis (b)
DMSO_64cell_TACGTTCTCGCA	5334	18141	DMSO_U0126_64cell_adult1	0.011024751	B7.7	B7.7
DMSO_64cell_TACTATAGATTC	4029	 9384	DMSO_U0126_64cell_adult5	0.458226769	Epidermis (b)	Epidermis (b)
DMSO_64cell_TACTCACCGCAG	1812	 2550	DMSO_U0126_64cell_adult5	0.000000000	Epidermis (b)	Epidermis (b)
DMSO_64cell_TACTCAGTGTTT	5259	16800	DMSO_U0126_64cell_adult3	0.029761905	Epidermis (b)	Epidermis (b)
DMSO_64cell_TACTCCATTCGA	4857	13822	DMSO_U0126_64cell_adult6	0.094052959	Neural (A)	Neural (A)
DMSO_64cell_TACTCCCATTTC	4545	12151	DMSO_U0126_64cell_adult5	0.016459551	Epidermis (a)	Epidermis (a)
DMSO_64cell_TACTGATTATCG	3535	 7379	DMSO_U0126_64cell_adult4	0.027103944	Epidermis (a)	Epidermis (a)
DMSO_64cell_TACTTGAGAAGT	6475	34143	DMSO_U0126_64cell_adult2	0.029288580	Epidermis (b)	Epidermis (b)
DMSO_64cell_TAGAAACACTCA	2715	 4867	DMSO_U0126_64cell_adult4	0.452023834	B7.5	B7.5
DMSO_64cell_TAGAAGATCGCG	3831	 8422	DMSO_U0126_64cell_adult1	0.023747328	1˚ Notochord	1˚ Notochord
DMSO_64cell_TAGAATAGCGCT	4621	12710	DMSO_U0126_64cell_adult4	0.031471282	A7.6	A7.6
DMSO_64cell_TAGACTAGTTTA	3196	 5885	DMSO_U0126_64cell_adult2	0.000000000	Epidermis (a)	Epidermis (a)
DMSO_64cell_TAGAGCAGATGG	2449	 4117	DMSO_U0126_64cell_adult4	0.000000000	Epidermis (b)	Epidermis (b)
DMSO_64cell_TAGAGCATAGCG	2923	 5146	DMSO_U0126_64cell_adult3	0.019432569	Epidermis (a)	Epidermis (a)
DMSO_64cell_TAGAGCATATCA	5373	18043	DMSO_U0126_64cell_adult1	0.099761680	Epidermis (b)	Epidermis (b)
DMSO_64cell_TAGAGCCTTACG	3909	 8842	DMSO_U0126_64cell_adult3	0.327980095	Epidermis (b)	Epidermis (b)
DMSO_64cell_TAGAGCGTTATG	3583	 7717	DMSO_U0126_64cell_adult4	0.155500842	Neural (a)	Neural (a)
DMSO_64cell_TAGAGCTTGGAG	2679	 4533	DMSO_U0126_64cell_adult4	0.000000000	Epidermis (b)	Epidermis (b)
DMSO_64cell_TAGAGCTTGGGA	2214	 3445	DMSO_U0126_64cell_adult1	0.029027576	Epidermis (a)	Epidermis (a)
DMSO_64cell_TAGATAGCAGAG	2756	 4813	DMSO_U0126_64cell_adult1	0.000000000	Neural (a)	Neural (a)
DMSO_64cell_TAGATCCCCGGA	4093	10967	DMSO_U0126_64cell_adult4	0.000000000	B7.7	B7.7
DMSO_64cell_TAGATTGTTGTA	4663	12264	DMSO_U0126_64cell_adult1	0.122309198	Epidermis (b)	Epidermis (b)
DMSO_64cell_TAGCACCTGATC	4084	 9570	DMSO_U0126_64cell_adult1	0.020898642	Endoderm	Endoderm
DMSO_64cell_TAGCACGGCGCA	3209	 6280	DMSO_U0126_64cell_adult6	0.047770701	B7.5	B7.5
DMSO_64cell_TAGCATCTACCT	4473	11809	DMSO_U0126_64cell_adult4	0.194766703	Epidermis (b)	Epidermis (b)
DMSO_64cell_TAGCCCCACCCA	3312	 6516	DMSO_U0126_64cell_adult4	0.030693677	Epidermis (a)	Epidermis (a)
DMSO_64cell_TAGCCGGCAACT	4163	 9805	DMSO_U0126_64cell_adult1	0.000000000	Epidermis (b)	Epidermis (b)
DMSO_64cell_TAGCGGTCCTCG	4655	12524	DMSO_U0126_64cell_adult3	0.007984669	Epidermis (a)	Epidermis (a)
DMSO_64cell_TAGCTACTTCGC	4226	 9623	DMSO_U0126_64cell_adult2	0.010391770	Epidermis (b)	Epidermis (b)
DMSO_64cell_TAGGACATTTTA	3422	 6883	DMSO_U0126_64cell_adult1	0.174342583	Epidermis (b)	Epidermis (b)
DMSO_64cell_TAGGACTATTGC	4157	10429	DMSO_U0126_64cell_adult5	0.124652412	B7.8	B7.8
DMSO_64cell_TAGGACTGGACC	3340	 7265	DMSO_U0126_64cell_adult6	0.013764625	Neural (A)	Neural (A)
DMSO_64cell_TAGGATTTGGAA	4912	14456	DMSO_U0126_64cell_adult3	0.013835086	Neural (b)	Neural (b)
DMSO_64cell_TAGGCCCCTTCC	5008	15007	DMSO_U0126_64cell_adult2	0.026654228	B7.8	B7.8
DMSO_64cell_TAGGCCTTCACA	2334	 3942	DMSO_U0126_64cell_adult3	0.000000000	Epidermis (b)	Epidermis (b)
DMSO_64cell_TAGGGCACGATC	4234	10821	DMSO_U0126_64cell_adult1	0.000000000	Neural (b)	Neural (b)
DMSO_64cell_TAGGGCACTGCT	5077	15631	DMSO_U0126_64cell_adult4	0.000000000	Epidermis (b)	Epidermis (b)
DMSO_64cell_TAGTAGTATCGC	3287	 6490	DMSO_U0126_64cell_adult1	0.138674884	B7.5	B7.5
DMSO_64cell_TAGTATTTTAAA	4632	11803	DMSO_U0126_64cell_adult3	0.067779378	Epidermis (a)	Epidermis (a)
DMSO_64cell_TAGTCAGGTACC	3661	 7540	DMSO_U0126_64cell_adult2	0.172413793	Epidermis (b)	Epidermis (b)
DMSO_64cell_TAGTCATGACCA	3128	 6034	DMSO_U0126_64cell_adult6	0.016572754	Epidermis (b)	Epidermis (b)
DMSO_64cell_TAGTGAACGGGA	5156	18554	DMSO_U0126_64cell_adult4	0.000000000	B7.3	B7.3
DMSO_64cell_TAGTGGCAGAAC	5348	18600	DMSO_U0126_64cell_adult6	0.032258065	B7.8	B7.8
DMSO_64cell_TAGTTCGCTATA	4391	11827	DMSO_U0126_64cell_adult2	0.008455230	Epidermis (b)	Epidermis (b)
DMSO_64cell_TAGTTCTGTCCG	6263	32460	DMSO_U0126_64cell_adult6	0.006161429	B7.4	B7.4
DMSO_64cell_TAGTTGTCTCAA	4177	 9522	DMSO_U0126_64cell_adult2	0.126023945	Neural (a)	Neural (a)
DMSO_64cell_TAGTTTTGTCAC	2663	 4783	DMSO_U0126_64cell_adult6	0.020907380	Neural (A)	Neural (A)
DMSO_64cell_TATAACACCATA	4448	11595	DMSO_U0126_64cell_adult2	0.422595947	B7.5	B7.5
DMSO_64cell_TATAAGGACCGC	1845	 2758	DMSO_U0126_64cell_adult6	0.036258158	Epidermis (a)	Epidermis (a)
DMSO_64cell_TATAATTCACGC	3675	 7793	DMSO_U0126_64cell_adult1	0.064160144	Epidermis (a)	Epidermis (a)
DMSO_64cell_TATACATGACCC	5734	22049	DMSO_U0126_64cell_adult2	0.036282825	A7.6	A7.6
DMSO_64cell_TATACCAGTGAT	3035	 5569	DMSO_U0126_64cell_adult1	0.017956545	Epidermis (b)	Epidermis (b)
DMSO_64cell_TATACTTGAATG	4190	10077	DMSO_U0126_64cell_adult4	0.109159472	Neural (a)	Neural (a)
DMSO_64cell_TATATACCTGGC	3120	 5859	DMSO_U0126_64cell_adult3	0.068271036	Epidermis (b)	Epidermis (b)
DMSO_64cell_TATATACGCTGA	3033	 5348	DMSO_U0126_64cell_adult3	0.000000000	A7.6	A7.6
DMSO_64cell_TATATTCGACGG	4336	10270	DMSO_U0126_64cell_adult3	0.029211295	Epidermis (a)	Epidermis (a)
DMSO_64cell_TATCCCGAACCT	3838	 8684	DMSO_U0126_64cell_adult2	0.034546292	Epidermis (b)	Epidermis (b)
DMSO_64cell_TATCCGGGAACC	4644	13623	DMSO_U0126_64cell_adult6	0.000000000	Epidermis (b)	Epidermis (b)
DMSO_64cell_TATCGAGCGAGC	6153	27321	DMSO_U0126_64cell_adult2	0.000000000	Epidermis (b)	Epidermis (b)
DMSO_64cell_TATCGATCTACG	3293	 6387	DMSO_U0126_64cell_adult3	0.046970409	Neural (a)	Neural (a)
DMSO_64cell_TATCGCAAGGAT	2811	 5154	DMSO_U0126_64cell_adult4	0.388048118	Epidermis (b)	Epidermis (b)
DMSO_64cell_TATCGCATTTTC	4427	11267	DMSO_U0126_64cell_adult1	0.017750954	Endoderm	Endoderm
DMSO_64cell_TATCGCCTTGTT	2539	 4194	DMSO_U0126_64cell_adult4	0.023843586	Epidermis (b)	Epidermis (b)
DMSO_64cell_TATCGTTGTAGT	4104	 8976	DMSO_U0126_64cell_adult2	0.055704100	Epidermis (b)	Epidermis (b)
DMSO_64cell_TATCTGAGTACT	3204	 6217	DMSO_U0126_64cell_adult3	0.032169857	Epidermis (a)	Epidermis (a)
DMSO_64cell_TATGAGCCTCGT	2996	 5277	DMSO_U0126_64cell_adult3	0.075800644	Endoderm	Endoderm
DMSO_64cell_TATGCCCAGACC	4266	10223	DMSO_U0126_64cell_adult5	0.068473051	Neural (A)	Neural (A)
DMSO_64cell_TATGCGTAGACT	3120	 6250	DMSO_U0126_64cell_adult1	0.048000000	Epidermis (b)	Epidermis (b)
DMSO_64cell_TATGGAGGACTA	4063	 9836	DMSO_U0126_64cell_adult5	0.111834079	Endoderm	Endoderm
DMSO_64cell_TATGGAGGCGTA	2648	 4549	DMSO_U0126_64cell_adult4	0.000000000	Neural (a)	Neural (a)
DMSO_64cell_TATGGCAAGTAT	3868	 8684	DMSO_U0126_64cell_adult1	0.000000000	Epidermis (b)	Epidermis (b)
DMSO_64cell_TATGGTATCTCT	5471	19180	DMSO_U0126_64cell_adult1	0.026068822	Epidermis (b)	Epidermis (b)
DMSO_64cell_TATGGTCGCGCA	5141	17524	DMSO_U0126_64cell_adult1	0.000000000	B7.4	B7.4
DMSO_64cell_TATGTAATGGTT	3297	 6454	DMSO_U0126_64cell_adult5	0.185931205	Epidermis (b)	Epidermis (b)
DMSO_64cell_TATGTATCAGCC	2329	 3634	DMSO_U0126_64cell_adult3	0.027517887	Epidermis (a)	Epidermis (a)
DMSO_64cell_TATTAAAAGTGG	4473	11181	DMSO_U0126_64cell_adult2	0.000000000	B7.3	B7.3
DMSO_64cell_TATTAATTATGG	4499	11879	DMSO_U0126_64cell_adult5	0.008418217	Epidermis (a)	Epidermis (a)
DMSO_64cell_TATTCGTCCGCT	2898	 5031	DMSO_U0126_64cell_adult2	0.019876764	1˚ Notochord	1˚ Notochord
DMSO_64cell_TATTGAGCCAAT	4937	14431	DMSO_U0126_64cell_adult2	0.041577160	Epidermis (a)	Epidermis (a)
DMSO_64cell_TATTGAGTGACA	4382	11273	DMSO_U0126_64cell_adult6	0.017741506	Epidermis (a)	Epidermis (a)
DMSO_64cell_TATTGCATGTTA	3680	 7669	DMSO_U0126_64cell_adult2	0.195592646	Epidermis (b)	Epidermis (b)
DMSO_64cell_TATTGCTTCATA	2307	 3652	DMSO_U0126_64cell_adult3	0.000000000	Epidermis (a)	Epidermis (a)
DMSO_64cell_TATTGGATGTCT	4145	 9597	DMSO_U0126_64cell_adult1	0.114619152	Epidermis (a)	Epidermis (a)
DMSO_64cell_TATTTGAGCCAT	5157	16952	DMSO_U0126_64cell_adult4	0.064889099	Neural (A)	Neural (A)
DMSO_64cell_TCAAAAGCAGAA	3913	 8695	DMSO_U0126_64cell_adult3	0.023001725	Epidermis (a)	Epidermis (a)
DMSO_64cell_TCAAAGCATGAC	3408	 7591	DMSO_U0126_64cell_adult1	0.000000000	Epidermis (b)	Epidermis (b)
DMSO_64cell_TCAAAGGTGTAA	3868	 8502	DMSO_U0126_64cell_adult3	0.082333569	Neural (A)	Neural (A)
DMSO_64cell_TCAACAAGGAGA	2126	 3334	DMSO_U0126_64cell_adult1	0.149970006	Epidermis (b)	Epidermis (b)
DMSO_64cell_TCAACATGCTAA	2598	 4630	DMSO_U0126_64cell_adult1	0.107991361	B7.5	B7.5
DMSO_64cell_TCAACGCCCGAA	5040	17307	DMSO_U0126_64cell_adult5	0.000000000	B7.3	B7.3
DMSO_64cell_TCAACGGACAGT	2395	 3928	DMSO_U0126_64cell_adult5	0.152749491	B7.6	B7.6
DMSO_64cell_TCAACTAGAATT	4633	12988	DMSO_U0126_64cell_adult6	0.046196489	Endoderm	Endoderm
DMSO_64cell_TCAAGTATTCTC	3447	 7029	DMSO_U0126_64cell_adult5	0.028453550	Epidermis (a)	Epidermis (a)
DMSO_64cell_TCAAGTCGTTGG	5437	18476	DMSO_U0126_64cell_adult5	0.016237281	B7.7	B7.7
DMSO_64cell_TCAATTTTGTGC	4149	 9825	DMSO_U0126_64cell_adult5	0.244274809	B7.8	B7.8
DMSO_64cell_TCACAGAGTTTT	4348	11374	DMSO_U0126_64cell_adult4	0.263759451	Epidermis (b)	Epidermis (b)
DMSO_64cell_TCACCAGATGAT	3670	 7868	DMSO_U0126_64cell_adult1	0.050838841	Neural (a)	Neural (a)
DMSO_64cell_TCACCCGGGTAC	3414	 6741	DMSO_U0126_64cell_adult4	0.000000000	1˚ Notochord	1˚ Notochord
DMSO_64cell_TCACCTCCACCT	5863	24134	DMSO_U0126_64cell_adult4	0.037291788	Neural (A)	Neural (A)
DMSO_64cell_TCACGGTCTTAG	2950	 5229	DMSO_U0126_64cell_adult3	0.000000000	Endoderm	Endoderm
DMSO_64cell_TCACGGTGCTCG	4539	12393	DMSO_U0126_64cell_adult6	0.000000000	B7.7	B7.7
DMSO_64cell_TCACGTATGTTG	3954	 9040	DMSO_U0126_64cell_adult4	0.331858407	B7.8	B7.8
DMSO_64cell_TCACTTCTGTGC	5254	16912	DMSO_U0126_64cell_adult5	0.000000000	Epidermis (a)	Epidermis (a)
DMSO_64cell_TCAGACTGTCAT	3994	10966	DMSO_U0126_64cell_adult1	0.000000000	B7.3	B7.3
DMSO_64cell_TCAGAGACCGTT	4436	11617	DMSO_U0126_64cell_adult1	0.008608074	Epidermis (b)	Epidermis (b)
DMSO_64cell_TCAGCCGACCCT	3673	 7755	DMSO_U0126_64cell_adult2	0.012894907	Epidermis (a)	Epidermis (a)
DMSO_64cell_TCAGCCGCCCTT	3446	 6955	DMSO_U0126_64cell_adult5	0.000000000	Epidermis (b)	Epidermis (b)
DMSO_64cell_TCAGCGGATGTT	3888	 8575	DMSO_U0126_64cell_adult4	0.000000000	Neural (A)	Neural (A)
DMSO_64cell_TCAGCTTGAGCC	2967	 5607	DMSO_U0126_64cell_adult4	0.035669699	B7.6	B7.6
DMSO_64cell_TCAGCTTGCCAA	4878	15089	DMSO_U0126_64cell_adult3	0.000000000	B7.3	B7.3
DMSO_64cell_TCAGGCCCATGC	3177	 6210	DMSO_U0126_64cell_adult1	0.048309179	Epidermis (b)	Epidermis (b)
DMSO_64cell_TCAGGGTCCATT	3958	 8804	DMSO_U0126_64cell_adult3	0.034075420	Epidermis (a)	Epidermis (a)
DMSO_64cell_TCAGGTCTTTAA	4259	10271	DMSO_U0126_64cell_adult4	0.068153052	Epidermis (b)	Epidermis (b)
DMSO_64cell_TCAGGTGACAGT	5066	15123	DMSO_U0126_64cell_adult1	0.000000000	Epidermis (b)	Epidermis (b)
DMSO_64cell_TCAGTCGTACGA	2998	 5549	DMSO_U0126_64cell_adult5	0.018021265	B7.7	B7.7
DMSO_64cell_TCATAAATCGTG	5119	16111	DMSO_U0126_64cell_adult6	0.068276333	Endoderm	Endoderm
DMSO_64cell_TCATAATGATGT	4101	 9260	DMSO_U0126_64cell_adult5	0.086393089	Epidermis (b)	Epidermis (b)
DMSO_64cell_TCATCACGAACC	5278	17794	DMSO_U0126_64cell_adult1	0.061818591	Neural (A)	Neural (A)
DMSO_64cell_TCATCGCGTGGT	3826	 8166	DMSO_U0126_64cell_adult4	0.012245898	Epidermis (b)	Epidermis (b)
DMSO_64cell_TCATCGGGCGCA	4708	12960	DMSO_U0126_64cell_adult5	0.007716049	Neural (A)	Neural (A)
DMSO_64cell_TCATCTACTCCT	3782	 7882	DMSO_U0126_64cell_adult5	0.063435676	Epidermis (b)	Epidermis (b)
DMSO_64cell_TCATGACTTTGC	3814	 8327	DMSO_U0126_64cell_adult4	0.024018254	Endoderm	Endoderm
DMSO_64cell_TCATGCCTTGAC	3585	 7726	DMSO_U0126_64cell_adult1	0.051773233	B7.5	B7.5
DMSO_64cell_TCATGCTAACCA	2201	 3326	DMSO_U0126_64cell_adult3	0.120264582	Epidermis (b)	Epidermis (b)
DMSO_64cell_TCATGTCTATTC	5319	17934	DMSO_U0126_64cell_adult6	0.005576001	Epidermis (b)	Epidermis (b)
DMSO_64cell_TCATTCGAGATT	3947	 9313	DMSO_U0126_64cell_adult5	0.096639107	Neural (A)	Neural (A)
DMSO_64cell_TCATTTAATTAG	4772	14213	DMSO_U0126_64cell_adult5	0.056286498	Neural (A)	Neural (A)
DMSO_64cell_TCCAAGTACTAC	4947	14687	DMSO_U0126_64cell_adult4	0.183836045	Neural (A)	Neural (A)
DMSO_64cell_TCCACCCCACGC	4527	12002	DMSO_U0126_64cell_adult3	0.049991668	B7.8	B7.8
DMSO_64cell_TCCATGTTTACT	4846	13783	DMSO_U0126_64cell_adult5	0.029021258	A7.6	A7.6
DMSO_64cell_TCCCAAACTGAT	4045	 9151	DMSO_U0126_64cell_adult2	0.305977489	B7.8	B7.8
DMSO_64cell_TCCCACGGATGC	2119	 3192	DMSO_U0126_64cell_adult3	0.031328321	Epidermis (b)	Epidermis (b)
DMSO_64cell_TCCCCGTACGTC	2276	 3701	DMSO_U0126_64cell_adult4	0.027019724	B7.7	B7.7
DMSO_64cell_TCCCGCTTGTGT	4968	14243	DMSO_U0126_64cell_adult2	0.007020993	Epidermis (b)	Epidermis (b)
DMSO_64cell_TCCCGGAGCCAT	4695	12880	DMSO_U0126_64cell_adult3	0.000000000	Endoderm	Endoderm
DMSO_64cell_TCCCTAAGATGC	5063	14838	DMSO_U0126_64cell_adult2	0.013478906	Neural (A)	Neural (A)
DMSO_64cell_TCCCTAGCAACT	4692	12917	DMSO_U0126_64cell_adult2	0.193543392	B7.8	B7.8
DMSO_64cell_TCCCTATCAAAA	1943	 2918	DMSO_U0126_64cell_adult1	0.000000000	Epidermis (b)	Epidermis (b)
DMSO_64cell_TCCCTCTAGCCG	2937	 5174	DMSO_U0126_64cell_adult1	0.019327406	Epidermis (b)	Epidermis (b)
DMSO_64cell_TCCCTGGCCTCC	4113	 9672	DMSO_U0126_64cell_adult3	0.020678246	B7.7	B7.7
DMSO_64cell_TCCCTTCTCCCT	6458	32261	DMSO_U0126_64cell_adult1	0.015498590	Neural (A)	Neural (A)
DMSO_64cell_TCCCTTTACGCA	2291	 3645	DMSO_U0126_64cell_adult3	0.000000000	B7.3	B7.3
DMSO_64cell_TCCGAAAGAGAT	5387	17741	DMSO_U0126_64cell_adult1	0.028183304	Epidermis (a)	Epidermis (a)
DMSO_64cell_TCCGAAGCGAAG	4123	 9739	DMSO_U0126_64cell_adult5	0.000000000	Epidermis (a)	Epidermis (a)
DMSO_64cell_TCCGACCTCCGG	4141	10138	DMSO_U0126_64cell_adult4	0.009863878	Epidermis (b)	Epidermis (b)
DMSO_64cell_TCCGAGGATCGC	3417	 7045	DMSO_U0126_64cell_adult6	0.014194464	Epidermis (b)	Epidermis (b)
DMSO_64cell_TCCGAGTCCTAC	4460	12009	DMSO_U0126_64cell_adult5	0.008327088	Neural (A)	Neural (A)
DMSO_64cell_TCCGCCTGGGCA	2583	 4437	DMSO_U0126_64cell_adult2	0.000000000	Epidermis (a)	Epidermis (a)
DMSO_64cell_TCCGGAATCACT	5045	15942	DMSO_U0126_64cell_adult4	0.006272739	Neural (A)	Neural (A)
DMSO_64cell_TCCGGAGTACAA	4335	10770	DMSO_U0126_64cell_adult1	0.027855153	Epidermis (b)	Epidermis (b)
DMSO_64cell_TCCGGATTTAAC	5387	19320	DMSO_U0126_64cell_adult6	0.082815735	Epidermis (b)	Epidermis (b)
DMSO_64cell_TCCGGTTATTCC	4148	 9388	DMSO_U0126_64cell_adult3	0.010651896	Epidermis (b)	Epidermis (b)
DMSO_64cell_TCCGTCGACTGC	4013	 9888	DMSO_U0126_64cell_adult4	0.040453074	B7.8	B7.8
DMSO_64cell_TCCTAGGCGTGA	4703	12942	DMSO_U0126_64cell_adult3	0.000000000	Endoderm	Endoderm
DMSO_64cell_TCCTATTCACTG	6350	30098	DMSO_U0126_64cell_adult6	0.003322480	Neural (A)	Neural (A)
DMSO_64cell_TCCTCCAACCGT	4961	14659	DMSO_U0126_64cell_adult4	0.020465243	Neural (a)	Neural (a)
DMSO_64cell_TCCTCCAACCTA	3849	 8576	DMSO_U0126_64cell_adult4	0.011660448	Endoderm	Endoderm
DMSO_64cell_TCCTCCTAGCAT	4099	 9812	DMSO_U0126_64cell_adult4	0.020383204	Epidermis (b)	Epidermis (b)
DMSO_64cell_TCCTCCTTAGTC	4419	11126	DMSO_U0126_64cell_adult3	0.305590509	B7.8	B7.8
DMSO_64cell_TCCTCGGTAGTT	2879	 4999	DMSO_U0126_64cell_adult5	0.060012002	Neural (A)	Neural (A)
DMSO_64cell_TCCTGCATGAAG	4987	14487	DMSO_U0126_64cell_adult2	0.041416442	Epidermis (a)	Epidermis (a)
DMSO_64cell_TCCTTAACGACA	2772	 4594	DMSO_U0126_64cell_adult2	0.021767523	Epidermis (b)	Epidermis (b)
DMSO_64cell_TCCTTTGCTCCA	3092	 6130	DMSO_U0126_64cell_adult6	0.000000000	Epidermis (b)	Epidermis (b)
DMSO_64cell_TCGAAAAGAATT	3207	 6335	DMSO_U0126_64cell_adult4	0.757695343	B7.5	B7.5
DMSO_64cell_TCGAACTAGCGA	2409	 3963	DMSO_U0126_64cell_adult5	0.000000000	Epidermis (a)	Epidermis (a)
DMSO_64cell_TCGAATCTGTCA	3012	 5716	DMSO_U0126_64cell_adult4	0.000000000	B7.7	B7.7
DMSO_64cell_TCGACAAAACCG	3643	 8163	DMSO_U0126_64cell_adult5	0.012250398	B7.3	B7.3
DMSO_64cell_TCGACGCAGATT	3105	 5648	DMSO_U0126_64cell_adult6	0.000000000	Epidermis (b)	Epidermis (b)
DMSO_64cell_TCGAGGCAGAAC	5938	24353	DMSO_U0126_64cell_adult3	0.000000000	B7.4	B7.4
DMSO_64cell_TCGAGTGCGTCT	4058	 9328	DMSO_U0126_64cell_adult6	0.010720412	Neural (a)	Neural (a)
DMSO_64cell_TCGAGTTGCGGA	4219	 9574	DMSO_U0126_64cell_adult2	0.010444955	1˚ Notochord	1˚ Notochord
DMSO_64cell_TCGCAGAGACAG	5577	20373	DMSO_U0126_64cell_adult6	0.004908457	B7.3	B7.3
DMSO_64cell_TCGCATCCATTA	4883	14037	DMSO_U0126_64cell_adult3	0.007124029	Epidermis (b)	Epidermis (b)
DMSO_64cell_TCGCCCCCACTC	4484	11358	DMSO_U0126_64cell_adult2	0.000000000	Epidermis (a)	Epidermis (a)
DMSO_64cell_TCGCCCCCGGGA	2793	 4794	DMSO_U0126_64cell_adult3	0.000000000	Endoderm	Endoderm
DMSO_64cell_TCGCCCGGATGG	2318	 3643	DMSO_U0126_64cell_adult1	0.000000000	Neural (a)	Neural (a)
DMSO_64cell_TCGCGAAAGTAT	5123	15401	DMSO_U0126_64cell_adult2	0.032465424	B7.4	B7.4
DMSO_64cell_TCGCGCCCACGC	2403	 3818	DMSO_U0126_64cell_adult2	0.000000000	Epidermis (b)	Epidermis (b)
DMSO_64cell_TCGCGTTCCGCG	3227	 6406	DMSO_U0126_64cell_adult4	0.046831096	B7.5	B7.5
DMSO_64cell_TCGCTAGACCCG	5155	15632	DMSO_U0126_64cell_adult3	0.000000000	Epidermis (b)	Epidermis (b)
DMSO_64cell_TCGCTCTACACT	4733	13240	DMSO_U0126_64cell_adult1	0.015105740	Epidermis (b)	Epidermis (b)
DMSO_64cell_TCGCTTTCATCC	6345	31122	DMSO_U0126_64cell_adult6	0.000000000	Epidermis (a)	Epidermis (a)
DMSO_64cell_TCGGACATGTGA	4271	11198	DMSO_U0126_64cell_adult1	0.008930166	B7.5	B7.5
DMSO_64cell_TCGGACCAAAAG	4158	10476	DMSO_U0126_64cell_adult4	0.047728141	B7.3	B7.3
DMSO_64cell_TCGGACGTTCGC	4286	10387	DMSO_U0126_64cell_adult6	0.000000000	Endoderm	Endoderm
DMSO_64cell_TCGGAGAACACG	4189	10514	DMSO_U0126_64cell_adult3	0.019022256	Epidermis (a)	Epidermis (a)
DMSO_64cell_TCGGAGAGTTAG	3627	 7791	DMSO_U0126_64cell_adult3	0.089847260	B7.8	B7.8
DMSO_64cell_TCGGCGAGGTCC	3373	 6925	DMSO_U0126_64cell_adult1	0.014440433	B7.5	B7.5
DMSO_64cell_TCGGCTCTACAG	4298	10592	DMSO_U0126_64cell_adult3	0.047205438	B7.8	B7.8
DMSO_64cell_TCGGGATTCGCA	3380	 7025	DMSO_U0126_64cell_adult5	0.000000000	Endoderm	Endoderm
DMSO_64cell_TCGGTACGGTAT	3673	 7704	DMSO_U0126_64cell_adult3	0.000000000	Epidermis (a)	Epidermis (a)
DMSO_64cell_TCGGTCGCGACC	4010	 9248	DMSO_U0126_64cell_adult5	0.000000000	Endoderm	Endoderm
DMSO_64cell_TCGTAGGTGTTG	3080	 5660	DMSO_U0126_64cell_adult2	0.088339223	Epidermis (b)	Epidermis (b)
DMSO_64cell_TCGTCACAAGCG	3644	 7817	DMSO_U0126_64cell_adult5	0.000000000	Epidermis (b)	Epidermis (b)
DMSO_64cell_TCGTGTCAACGA	3234	 6186	DMSO_U0126_64cell_adult2	0.016165535	Epidermis (a)	Epidermis (a)
DMSO_64cell_TCGTTTGCTCTC	6440	33927	DMSO_U0126_64cell_adult1	0.000000000	B7.3	B7.3
DMSO_64cell_TCTAATTAAGAA	4858	13902	DMSO_U0126_64cell_adult5	0.064738886	B7.6	B7.6
DMSO_64cell_TCTACAGCGAAC	2592	 4249	DMSO_U0126_64cell_adult2	0.000000000	Epidermis (b)	Epidermis (b)
DMSO_64cell_TCTACTCCGTAA	3796	 8361	DMSO_U0126_64cell_adult1	0.059801459	Epidermis (b)	Epidermis (b)
DMSO_64cell_TCTAGAGAGAGC	4556	12556	DMSO_U0126_64cell_adult6	0.087607518	Neural (A)	Neural (A)
DMSO_64cell_TCTAGCCTACGA	4197	10500	DMSO_U0126_64cell_adult6	0.000000000	Epidermis (b)	Epidermis (b)
DMSO_64cell_TCTAGGAGCCCA	2546	 4223	DMSO_U0126_64cell_adult1	0.023679848	Epidermis (a)	Epidermis (a)
DMSO_64cell_TCTAGTCACGGT	2622	 4303	DMSO_U0126_64cell_adult1	0.000000000	Epidermis (b)	Epidermis (b)
DMSO_64cell_TCTAGTTGGCTT	3005	 5488	DMSO_U0126_64cell_adult3	0.000000000	Epidermis (b)	Epidermis (b)
DMSO_64cell_TCTATAACTACG	4564	12125	DMSO_U0126_64cell_adult2	0.189690722	Epidermis (b)	Epidermis (b)
DMSO_64cell_TCTATTTCCTGG	4157	 9949	DMSO_U0126_64cell_adult5	0.010051261	Epidermis (a)	Epidermis (a)
DMSO_64cell_TCTCGGCCTTCT	4677	12288	DMSO_U0126_64cell_adult3	0.008138021	Epidermis (a)	Epidermis (a)
DMSO_64cell_TCTCGTAAGCGG	2432	 3956	DMSO_U0126_64cell_adult1	0.025278059	Epidermis (a)	Epidermis (a)
DMSO_64cell_TCTCTACACAAT	3203	 5925	DMSO_U0126_64cell_adult1	0.050632911	Epidermis (a)	Epidermis (a)
DMSO_64cell_TCTCTCTATGTC	4461	11275	DMSO_U0126_64cell_adult1	0.070953437	Epidermis (b)	Epidermis (b)
DMSO_64cell_TCTGAATCCTGG	4301	10238	DMSO_U0126_64cell_adult1	0.000000000	Epidermis (b)	Epidermis (b)
DMSO_64cell_TCTGAGGCGCAC	5721	21753	DMSO_U0126_64cell_adult2	0.004597067	Neural (A)	Neural (A)
DMSO_64cell_TCTGATCCAAAA	3216	 6548	DMSO_U0126_64cell_adult2	0.198533903	B7.6	B7.6
DMSO_64cell_TCTGATCGTATT	4352	11228	DMSO_U0126_64cell_adult4	0.017812611	Epidermis (b)	Epidermis (b)
DMSO_64cell_TCTGATGCCCAG	2624	 4450	DMSO_U0126_64cell_adult5	0.000000000	Epidermis (a)	Epidermis (a)
DMSO_64cell_TCTGCCACATCA	3048	 5613	DMSO_U0126_64cell_adult3	0.017815785	Epidermis (a)	Epidermis (a)
DMSO_64cell_TCTGCCAGCGTG	3004	 5481	DMSO_U0126_64cell_adult5	0.018244846	Epidermis (a)	Epidermis (a)
DMSO_64cell_TCTGCGCCGCTA	3550	 7759	DMSO_U0126_64cell_adult3	0.000000000	1˚ Notochord	1˚ Notochord
DMSO_64cell_TCTGGCTATATC	2879	 4986	DMSO_U0126_64cell_adult4	0.000000000	1˚ Notochord	1˚ Notochord
DMSO_64cell_TCTGGTGATTGT	4514	11345	DMSO_U0126_64cell_adult1	0.008814456	Epidermis (b)	Epidermis (b)
DMSO_64cell_TCTGTGTAGAAT	3432	 6791	DMSO_U0126_64cell_adult6	0.044176115	Neural (A)	Neural (A)
DMSO_64cell_TCTGTGTCGTCC	2156	 3438	DMSO_U0126_64cell_adult1	0.029086678	Endoderm	Endoderm
DMSO_64cell_TCTTATGGCAAC	4093	 9951	DMSO_U0126_64cell_adult5	0.100492413	Epidermis (b)	Epidermis (b)
DMSO_64cell_TCTTATTAAGGT	4215	10373	DMSO_U0126_64cell_adult5	0.019280825	Endoderm	Endoderm
DMSO_64cell_TCTTCCTCTAGG	3674	 7837	DMSO_U0126_64cell_adult5	0.114839862	B7.5	B7.5
DMSO_64cell_TCTTCGCTATTT	2148	 3203	DMSO_U0126_64cell_adult3	0.031220731	Neural (A)	Neural (A)
DMSO_64cell_TCTTCTAGCAGC	4113	 9360	DMSO_U0126_64cell_adult1	0.021367521	Neural (a)	Neural (a)
DMSO_64cell_TCTTGCTCGCCA	4808	14187	DMSO_U0126_64cell_adult1	0.007048707	Neural (A)	Neural (A)
DMSO_64cell_TCTTTCAAGTAT	2605	 4233	DMSO_U0126_64cell_adult1	0.141743444	Epidermis (a)	Epidermis (a)
DMSO_64cell_TGAAACTGACTA	4797	14481	DMSO_U0126_64cell_adult6	0.034528002	B7.3	B7.3
DMSO_64cell_TGAAATGTAATG	4556	12676	DMSO_U0126_64cell_adult1	0.118333859	B7.7	B7.7
DMSO_64cell_TGAACTATTCTA	4562	11966	DMSO_U0126_64cell_adult3	0.175497242	Epidermis (a)	Epidermis (a)
DMSO_64cell_TGAAGATTGTCG	4192	10156	DMSO_U0126_64cell_adult1	0.009846396	Epidermis (b)	Epidermis (b)
DMSO_64cell_TGAAGGTCCCGG	2804	 4869	DMSO_U0126_64cell_adult2	0.020538098	Epidermis (a)	Epidermis (a)
DMSO_64cell_TGAATAAATCTA	2799	 4971	DMSO_U0126_64cell_adult1	0.020116677	Epidermis (a)	Epidermis (a)
DMSO_64cell_TGAATCAACGCA	2169	 3514	DMSO_U0126_64cell_adult3	0.000000000	Epidermis (b)	Epidermis (b)
DMSO_64cell_TGAATGGCCTAA	2954	 5542	DMSO_U0126_64cell_adult3	0.000000000	1˚ Notochord	1˚ Notochord
DMSO_64cell_TGAATTTCATTT	4725	12768	DMSO_U0126_64cell_adult1	0.031328321	Epidermis (a)	Epidermis (a)
DMSO_64cell_TGACCCAGACCG	6929	47604	DMSO_U0126_64cell_adult3	0.006301991	Epidermis (b)	Epidermis (b)
DMSO_64cell_TGACCCATCTAT	3960	 8917	DMSO_U0126_64cell_adult5	0.000000000	Epidermis (a)	Epidermis (a)
DMSO_64cell_TGACGCAACCGT	4455	12211	DMSO_U0126_64cell_adult5	0.008189337	Epidermis (b)	Epidermis (b)
DMSO_64cell_TGACGCACAGCC	4162	10228	DMSO_U0126_64cell_adult4	0.000000000	Epidermis (a)	Epidermis (a)
DMSO_64cell_TGACGCATCGCC	4862	14194	DMSO_U0126_64cell_adult1	0.000000000	A7.6	A7.6
DMSO_64cell_TGACGTCGCTTA	2885	 5927	DMSO_U0126_64cell_adult4	0.000000000	Epidermis (b)	Epidermis (b)
DMSO_64cell_TGAGACAATCCC	3586	 7484	DMSO_U0126_64cell_adult1	0.026723677	Epidermis (b)	Epidermis (b)
DMSO_64cell_TGAGCCCGCAAT	3524	 7250	DMSO_U0126_64cell_adult1	0.000000000	Epidermis (a)	Epidermis (a)
DMSO_64cell_TGAGCCTAGATT	4673	12963	DMSO_U0126_64cell_adult5	0.038571318	Neural (A)	Neural (A)
DMSO_64cell_TGAGGGTGCAGA	3984	 9312	DMSO_U0126_64cell_adult6	0.010738832	Epidermis (b)	Epidermis (b)
DMSO_64cell_TGAGTCTTTTGA	4368	11349	DMSO_U0126_64cell_adult1	0.044056745	B7.3	B7.3
DMSO_64cell_TGAGTTTTTATT	4707	12540	DMSO_U0126_64cell_adult6	0.087719298	Epidermis (a)	Epidermis (a)
DMSO_64cell_TGATAACTCAGC	4336	11165	DMSO_U0126_64cell_adult1	0.125391850	Epidermis (b)	Epidermis (b)
DMSO_64cell_TGATACGCACCG	4939	15405	DMSO_U0126_64cell_adult2	0.058422590	Neural (A)	Neural (A)
DMSO_64cell_TGATATACTGAT	3365	 6539	DMSO_U0126_64cell_adult4	0.336442881	Epidermis (b)	Epidermis (b)
DMSO_64cell_TGATATGTGAGG	3916	 8425	DMSO_U0126_64cell_adult2	0.130563798	Neural (a)	Neural (a)
DMSO_64cell_TGATCCTTATAT	2055	 3078	DMSO_U0126_64cell_adult1	0.454840806	Epidermis (b)	Epidermis (b)
DMSO_64cell_TGATCGGGTAGG	2763	 4846	DMSO_U0126_64cell_adult6	0.000000000	Epidermis (a)	Epidermis (a)
DMSO_64cell_TGATCTCATGGT	2822	 5054	DMSO_U0126_64cell_adult4	0.039572616	Endoderm	Endoderm
DMSO_64cell_TGATGCGCCCCA	4103	 9518	DMSO_U0126_64cell_adult4	0.021012818	Epidermis (a)	Epidermis (a)
DMSO_64cell_TGATGGGATTAC	5005	14949	DMSO_U0126_64cell_adult3	0.020068232	B7.3	B7.3
DMSO_64cell_TGATTGTTGTAA	4873	14191	DMSO_U0126_64cell_adult5	0.070467198	Epidermis (b)	Epidermis (b)
DMSO_64cell_TGATTTCAAGGT	4971	14828	DMSO_U0126_64cell_adult6	0.033719989	Epidermis (b)	Epidermis (b)
DMSO_64cell_TGCAACTGCTTA	4681	13044	DMSO_U0126_64cell_adult6	0.084329960	Epidermis (b)	Epidermis (b)
DMSO_64cell_TGCAATAACATC	3679	 8024	DMSO_U0126_64cell_adult3	0.074775673	Epidermis (b)	Epidermis (b)
DMSO_64cell_TGCAATCTAGTT	3049	 5553	DMSO_U0126_64cell_adult4	0.180082838	Epidermis (a)	Epidermis (a)
DMSO_64cell_TGCAGAAAAGGT	3941	 9031	DMSO_U0126_64cell_adult2	0.011072971	Epidermis (b)	Epidermis (b)
DMSO_64cell_TGCAGGGAATAT	4064	10247	DMSO_U0126_64cell_adult2	0.029276862	B7.3	B7.3
DMSO_64cell_TGCAGTGACAAG	2485	 4088	DMSO_U0126_64cell_adult6	0.000000000	Epidermis (b)	Epidermis (b)
DMSO_64cell_TGCATCTCCGGC	3766	 8466	DMSO_U0126_64cell_adult1	0.023623907	B7.8	B7.8
DMSO_64cell_TGCATTTTCGAG	3157	 6139	DMSO_U0126_64cell_adult2	0.016289298	B7.6	B7.6
DMSO_64cell_TGCCAAACACCC	4705	13918	DMSO_U0126_64cell_adult4	0.007184940	Neural (A)	Neural (A)
DMSO_64cell_TGCCACGTTCTT	5181	16281	DMSO_U0126_64cell_adult6	0.012284258	Epidermis (b)	Epidermis (b)
DMSO_64cell_TGCCATAGAATA	2712	 4891	DMSO_U0126_64cell_adult1	0.020445717	Epidermis (a)	Epidermis (a)
DMSO_64cell_TGCCATGCTTGG	4203	10183	DMSO_U0126_64cell_adult6	0.000000000	1˚ Notochord	1˚ Notochord
DMSO_64cell_TGCCCACACCTA	5045	16987	DMSO_U0126_64cell_adult1	0.005886855	B7.3	B7.3
DMSO_64cell_TGCCGACACAAA	3623	 7710	DMSO_U0126_64cell_adult6	0.012970169	Epidermis (b)	Epidermis (b)
DMSO_64cell_TGCCGCTAACTT	4262	10396	DMSO_U0126_64cell_adult3	0.009619084	Endoderm	Endoderm
DMSO_64cell_TGCCGTAGATGC	4552	11661	DMSO_U0126_64cell_adult2	0.000000000	B7.7	B7.7
DMSO_64cell_TGCCTGTGGTGG	2687	 4892	DMSO_U0126_64cell_adult6	0.040883074	B7.8	B7.8
DMSO_64cell_TGCGCCCTTGTC	3583	 7650	DMSO_U0126_64cell_adult4	0.013071895	Neural (A)	Neural (A)
DMSO_64cell_TGCGGGCGTCAA	4496	12138	DMSO_U0126_64cell_adult3	0.016477179	B7.4	B7.4
DMSO_64cell_TGCGGTACTTTG	3561	 7209	DMSO_U0126_64cell_adult1	0.041614648	Neural (A)	Neural (A)
DMSO_64cell_TGCGGTCAGTGG	4348	10730	DMSO_U0126_64cell_adult3	0.000000000	Epidermis (a)	Epidermis (a)
DMSO_64cell_TGCGGTCCTGAC	3764	 8079	DMSO_U0126_64cell_adult6	0.012377770	Endoderm	Endoderm
DMSO_64cell_TGCGTCGCGCAC	2780	 4884	DMSO_U0126_64cell_adult6	0.000000000	Neural (a)	Neural (a)
DMSO_64cell_TGCGTGGGTACA	3718	 8311	DMSO_U0126_64cell_adult6	0.012032246	A7.6	A7.6
DMSO_64cell_TGCTAATGCAAA	2938	 5336	DMSO_U0126_64cell_adult5	0.093703148	Epidermis (b)	Epidermis (b)
DMSO_64cell_TGCTACATCACT	4923	14480	DMSO_U0126_64cell_adult4	0.124309392	Neural (b)	Neural (b)
DMSO_64cell_TGCTATTTCAGG	4494	11251	DMSO_U0126_64cell_adult1	0.026664297	Neural (a)	Neural (a)
DMSO_64cell_TGCTCCCGAATG	3063	 5718	DMSO_U0126_64cell_adult5	0.000000000	Neural (a)	Neural (a)
DMSO_64cell_TGCTCCCTATTA	5157	17020	DMSO_U0126_64cell_adult2	0.041128085	Epidermis (b)	Epidermis (b)
DMSO_64cell_TGCTGGATTTCA	6083	27054	DMSO_U0126_64cell_adult5	0.025874178	Epidermis (b)	Epidermis (b)
DMSO_64cell_TGCTTTAGCCAT	5772	23245	DMSO_U0126_64cell_adult6	0.017208002	B7.3	B7.3
DMSO_64cell_TGGAAGGCGCCG	4583	12603	DMSO_U0126_64cell_adult3	0.007934619	Neural (b)	Neural (b)
DMSO_64cell_TGGACAAACCGC	1815	 2698	DMSO_U0126_64cell_adult1	0.000000000	Epidermis (a)	Epidermis (a)
DMSO_64cell_TGGACAACTTCG	4654	13284	DMSO_U0126_64cell_adult4	0.000000000	Neural (a)	Neural (a)
DMSO_64cell_TGGACTCCTGCC	3925	 9287	DMSO_U0126_64cell_adult4	0.021535480	Epidermis (a)	Epidermis (a)
DMSO_64cell_TGGAGAATAATA	3055	 5674	DMSO_U0126_64cell_adult1	0.123369757	Epidermis (b)	Epidermis (b)
DMSO_64cell_TGGAGGCCTATC	6151	29674	DMSO_U0126_64cell_adult6	0.037069488	Neural (A)	Neural (A)
DMSO_64cell_TGGAGTACTTGT	5433	19678	DMSO_U0126_64cell_adult6	0.055899990	B7.3	B7.3
DMSO_64cell_TGGCAACAACCA	2720	 4677	DMSO_U0126_64cell_adult1	0.042762455	Epidermis (a)	Epidermis (a)
DMSO_64cell_TGGCAGAAGGCA	4750	13551	DMSO_U0126_64cell_adult1	0.014759058	Epidermis (a)	Epidermis (a)
DMSO_64cell_TGGCAGCCGGTA	4023	 9635	DMSO_U0126_64cell_adult3	0.000000000	Endoderm	Endoderm
DMSO_64cell_TGGCAGTCAATG	3174	 5914	DMSO_U0126_64cell_adult3	0.067636118	B7.5	B7.5
DMSO_64cell_TGGCCCAGGAGC	4038	 9326	DMSO_U0126_64cell_adult2	0.000000000	Epidermis (b)	Epidermis (b)
DMSO_64cell_TGGCGACCGACA	2700	 4748	DMSO_U0126_64cell_adult1	0.000000000	Epidermis (b)	Epidermis (b)
DMSO_64cell_TGGCTAGCTTCA	3109	 6076	DMSO_U0126_64cell_adult1	0.000000000	Epidermis (a)	Epidermis (a)
DMSO_64cell_TGGCTCATTGCG	5447	18261	DMSO_U0126_64cell_adult3	0.005476151	Neural (A)	Neural (A)
DMSO_64cell_TGGGACCCCTGG	3426	 6933	DMSO_U0126_64cell_adult2	0.000000000	Neural (b)	Neural (b)
DMSO_64cell_TGGGACTACCGG	2980	 5552	DMSO_U0126_64cell_adult6	0.000000000	Epidermis (b)	Epidermis (b)
DMSO_64cell_TGGGAGATGCAC	5178	16414	DMSO_U0126_64cell_adult5	0.018277081	B7.8	B7.8
DMSO_64cell_TGGGATTTCAAT	1917	 2758	DMSO_U0126_64cell_adult1	0.217548949	Epidermis (b)	Epidermis (b)
DMSO_64cell_TGGGGGAATGCG	3310	 6131	DMSO_U0126_64cell_adult3	0.000000000	Endoderm	Endoderm
DMSO_64cell_TGGGTACGAGGC	3146	 5999	DMSO_U0126_64cell_adult6	0.000000000	Epidermis (b)	Epidermis (b)
DMSO_64cell_TGGGTTATGCTA	3334	 6251	DMSO_U0126_64cell_adult3	0.047992321	Neural (A)	Neural (A)
DMSO_64cell_TGGTAGTCGAGC	4968	15281	DMSO_U0126_64cell_adult4	0.052352595	Neural (A)	Neural (A)
DMSO_64cell_TGGTCAGTACCA	4390	11056	DMSO_U0126_64cell_adult3	0.027134588	Epidermis (a)	Epidermis (a)
DMSO_64cell_TGGTCGTTATTA	2648	 4543	DMSO_U0126_64cell_adult4	0.088047546	Epidermis (b)	Epidermis (b)
DMSO_64cell_TGGTCTGGGGAC	2974	 5269	DMSO_U0126_64cell_adult5	0.094894667	B7.5	B7.5
DMSO_64cell_TGGTTCGCTACC	5201	16285	DMSO_U0126_64cell_adult2	0.000000000	Epidermis (b)	Epidermis (b)
DMSO_64cell_TGGTTTGAGATT	1944	 2749	DMSO_U0126_64cell_adult4	0.072753729	Epidermis (a)	Epidermis (a)
DMSO_64cell_TGTAACTCGGGG	5032	15679	DMSO_U0126_64cell_adult1	0.012755916	Epidermis (b)	Epidermis (b)
DMSO_64cell_TGTAATATCGTA	3824	 8163	DMSO_U0126_64cell_adult2	0.024500796	Endoderm	Endoderm
DMSO_64cell_TGTAATCATTAC	3335	 6460	DMSO_U0126_64cell_adult6	0.108359133	Epidermis (b)	Epidermis (b)
DMSO_64cell_TGTACGTTGTTT	4062	 9175	DMSO_U0126_64cell_adult1	0.010899183	Endoderm	Endoderm
DMSO_64cell_TGTACTCTGATT	2386	 3928	DMSO_U0126_64cell_adult3	0.025458248	Neural (b)	Neural (b)
DMSO_64cell_TGTAGATATCCG	2358	 3626	DMSO_U0126_64cell_adult3	0.000000000	Endoderm	Endoderm
DMSO_64cell_TGTAGATCCTTC	3541	 7435	DMSO_U0126_64cell_adult4	0.053799597	B7.7	B7.7
DMSO_64cell_TGTCAACCAACG	1751	 2535	DMSO_U0126_64cell_adult6	0.000000000	B7.5	B7.5
DMSO_64cell_TGTCCAAAAGTG	4587	11982	DMSO_U0126_64cell_adult4	0.125187782	Neural (A)	Neural (A)
DMSO_64cell_TGTCCTGTATTT	3645	 7852	DMSO_U0126_64cell_adult1	0.216505349	B7.6	B7.6
DMSO_64cell_TGTCGACCTGAG	2727	 4681	DMSO_U0126_64cell_adult5	0.021362957	Endoderm	Endoderm
DMSO_64cell_TGTCGCCTATTT	4446	11362	DMSO_U0126_64cell_adult1	0.000000000	Endoderm	Endoderm
DMSO_64cell_TGTCGTTCTCTA	4465	11626	DMSO_U0126_64cell_adult6	0.180629623	Epidermis (b)	Epidermis (b)
DMSO_64cell_TGTCTCATGGTA	3455	 6859	DMSO_U0126_64cell_adult3	0.116635078	Neural (A)	Neural (A)
DMSO_64cell_TGTCTTCTTGTC	2867	 5407	DMSO_U0126_64cell_adult5	0.092472721	B7.6	B7.6
DMSO_64cell_TGTGACGACAAG	2754	 5036	DMSO_U0126_64cell_adult4	0.039714059	Epidermis (b)	Epidermis (b)
DMSO_64cell_TGTGCCAGCCCT	5481	19877	DMSO_U0126_64cell_adult1	0.000000000	Neural (A)	Neural (A)
DMSO_64cell_TGTGCCGCGCTA	1761	 2565	DMSO_U0126_64cell_adult6	0.000000000	B7.5	B7.5
DMSO_64cell_TGTGCCTTCCAT	3939	 8688	DMSO_U0126_64cell_adult6	0.023020258	Endoderm	Endoderm
DMSO_64cell_TGTGGCTATAGC	2773	 4804	DMSO_U0126_64cell_adult1	0.062447960	B7.8	B7.8
DMSO_64cell_TGTGTTCGACAC	5652	21465	DMSO_U0126_64cell_adult1	0.013976240	Neural (A)	Neural (A)
DMSO_64cell_TGTTAGCCATAT	4932	14095	DMSO_U0126_64cell_adult2	0.063852430	B7.7	B7.7
DMSO_64cell_TGTTATTACCAG	3943	 8596	DMSO_U0126_64cell_adult2	0.058166589	Epidermis (a)	Epidermis (a)
DMSO_64cell_TGTTCGACGCAG	3661	 8150	DMSO_U0126_64cell_adult1	0.012269939	Neural (b)	Neural (b)
DMSO_64cell_TGTTCGGCTAAA	5109	15208	DMSO_U0126_64cell_adult1	0.000000000	Neural (a)	Neural (a)
DMSO_64cell_TGTTCGTGATTA	5350	18320	DMSO_U0126_64cell_adult6	0.109170306	B7.7	B7.7
DMSO_64cell_TGTTGAAGTCGT	5199	17060	DMSO_U0126_64cell_adult5	0.076201641	B7.8	B7.8
DMSO_64cell_TGTTGACATGTT	3965	 8461	DMSO_U0126_64cell_adult3	0.082732538	Epidermis (a)	Epidermis (a)
DMSO_64cell_TGTTGAGGGTAT	3664	 7978	DMSO_U0126_64cell_adult4	0.288292805	B7.5	B7.5
DMSO_64cell_TGTTGCATTGGC	3662	 7516	DMSO_U0126_64cell_adult3	0.013304949	Epidermis (a)	Epidermis (a)
DMSO_64cell_TGTTGCCCTAAG	2533	 4094	DMSO_U0126_64cell_adult3	0.024425989	Epidermis (b)	Epidermis (b)
DMSO_64cell_TGTTGTGGCGGG	2913	 5144	DMSO_U0126_64cell_adult5	0.000000000	Epidermis (a)	Epidermis (a)
DMSO_64cell_TGTTTACTGAAA	2410	 3909	DMSO_U0126_64cell_adult6	0.127909951	Epidermis (a)	Epidermis (a)
DMSO_64cell_TGTTTTACAAGC	4420	11763	DMSO_U0126_64cell_adult4	0.000000000	Epidermis (a)	Epidermis (a)
DMSO_64cell_TTAAAAAAACTG	1929	 2889	DMSO_U0126_64cell_adult1	0.034614053	Epidermis (b)	Epidermis (b)
DMSO_64cell_TTAAACACGCGG	3065	 5654	DMSO_U0126_64cell_adult5	0.000000000	1˚ Notochord	1˚ Notochord
DMSO_64cell_TTAAATGATTTC	4328	10845	DMSO_U0126_64cell_adult5	0.101429230	Epidermis (a)	Epidermis (a)
DMSO_64cell_TTAACCGGCCCC	1920	 2859	DMSO_U0126_64cell_adult1	0.000000000	Epidermis (b)	Epidermis (b)
DMSO_64cell_TTAAGCTCGGTC	2312	 3608	DMSO_U0126_64cell_adult1	0.000000000	Epidermis (a)	Epidermis (a)
DMSO_64cell_TTAAGTTAGCTG	3733	 8256	DMSO_U0126_64cell_adult5	0.000000000	Epidermis (a)	Epidermis (a)
DMSO_64cell_TTAATAACCGTT	3508	 7421	DMSO_U0126_64cell_adult1	0.026950546	Epidermis (b)	Epidermis (b)
DMSO_64cell_TTAATCAAGTAG	4351	10994	DMSO_U0126_64cell_adult1	0.081862834	Epidermis (b)	Epidermis (b)
DMSO_64cell_TTAATCGGGTCA	4447	10742	DMSO_U0126_64cell_adult2	0.055855520	Epidermis (a)	Epidermis (a)
DMSO_64cell_TTAATGCGGCAG	4092	10238	DMSO_U0126_64cell_adult2	0.009767533	Epidermis (b)	Epidermis (b)
DMSO_64cell_TTACACGCATGC	4938	15866	DMSO_U0126_64cell_adult4	0.006302786	Epidermis (b)	Epidermis (b)
DMSO_64cell_TTACAGCCAGGT	4678	12449	DMSO_U0126_64cell_adult3	0.120491606	Neural (A)	Neural (A)
DMSO_64cell_TTACATGCGGTT	4595	11960	DMSO_U0126_64cell_adult4	0.008361204	Epidermis (b)	Epidermis (b)
DMSO_64cell_TTACCATGAGTA	3987	 9375	DMSO_U0126_64cell_adult4	0.586666667	Epidermis (b)	Epidermis (b)
DMSO_64cell_TTACCCGGTAAG	1879	 2721	DMSO_U0126_64cell_adult1	0.036751194	Epidermis (b)	Epidermis (b)
DMSO_64cell_TTACTTCTGGTA	4534	12269	DMSO_U0126_64cell_adult5	0.097807482	Epidermis (b)	Epidermis (b)
DMSO_64cell_TTAGAAGGGGAC	4563	11549	DMSO_U0126_64cell_adult3	0.025976275	Neural (b)	Neural (b)
DMSO_64cell_TTAGAAGTCACG	2914	 5124	DMSO_U0126_64cell_adult5	0.019516003	1˚ Notochord	1˚ Notochord
DMSO_64cell_TTAGAAGTGTTA	3704	 7788	DMSO_U0126_64cell_adult1	0.089881870	Epidermis (b)	Epidermis (b)
DMSO_64cell_TTAGAGGATATC	5702	20739	DMSO_U0126_64cell_adult3	0.028931000	B7.3	B7.3
DMSO_64cell_TTAGATGAGCGG	3048	 5767	DMSO_U0126_64cell_adult1	0.000000000	Endoderm	Endoderm
DMSO_64cell_TTAGATTATGAC	4892	14262	DMSO_U0126_64cell_adult3	0.182302622	Epidermis (b)	Epidermis (b)
DMSO_64cell_TTAGCCATGGAG	3567	 7537	DMSO_U0126_64cell_adult1	0.053071514	B7.5	B7.5
DMSO_64cell_TTAGCTAAGCAG	3456	 6718	DMSO_U0126_64cell_adult3	0.000000000	Epidermis (a)	Epidermis (a)
DMSO_64cell_TTAGGATTCCCG	1854	 2697	DMSO_U0126_64cell_adult2	0.000000000	B7.7	B7.7
DMSO_64cell_TTAGGCTTGCAT	3769	 8451	DMSO_U0126_64cell_adult1	0.011832919	Epidermis (a)	Epidermis (a)
DMSO_64cell_TTAGGTACAAGT	3726	 8460	DMSO_U0126_64cell_adult1	0.011820331	B7.7	B7.7
DMSO_64cell_TTAGTGATGACT	3751	 7900	DMSO_U0126_64cell_adult6	0.151898734	Neural (b)	Neural (b)
DMSO_64cell_TTATTCGAAATG	4319	 9852	DMSO_U0126_64cell_adult2	0.010150223	Epidermis (a)	Epidermis (a)
DMSO_64cell_TTATTGATAAAC	5320	16923	DMSO_U0126_64cell_adult1	0.070909413	1˚ Notochord	1˚ Notochord
DMSO_64cell_TTCAATAAAATG	3495	 7122	DMSO_U0126_64cell_adult4	0.000000000	Endoderm	Endoderm
DMSO_64cell_TTCACTTCGACA	2802	 5146	DMSO_U0126_64cell_adult3	0.058297707	Epidermis (b)	Epidermis (b)
DMSO_64cell_TTCAGAACACGT	4146	10096	DMSO_U0126_64cell_adult6	0.168383518	B7.5	B7.5
DMSO_64cell_TTCAGATATTCC	2457	 4449	DMSO_U0126_64cell_adult1	0.067430883	Epidermis (b)	Epidermis (b)
DMSO_64cell_TTCATCACTGAT	3669	 8674	DMSO_U0126_64cell_adult6	0.000000000	Epidermis (b)	Epidermis (b)
DMSO_64cell_TTCCATTGATTG	2303	 3859	DMSO_U0126_64cell_adult5	0.181394144	Epidermis (b)	Epidermis (b)
DMSO_64cell_TTCCCTCATCAA	4216	 9657	DMSO_U0126_64cell_adult1	0.031065548	1˚ Notochord	1˚ Notochord
DMSO_64cell_TTCCGACATGAT	1771	 2474	DMSO_U0126_64cell_adult3	0.040420372	Epidermis (b)	Epidermis (b)
DMSO_64cell_TTCCGTCTTTAC	4896	14811	DMSO_U0126_64cell_adult6	0.006751739	Epidermis (b)	Epidermis (b)
DMSO_64cell_TTCCTCCATCAG	4842	13947	DMSO_U0126_64cell_adult6	0.007170001	Neural (a)	Neural (a)
DMSO_64cell_TTCGATACTTTC	4423	10875	DMSO_U0126_64cell_adult2	0.018390805	1˚ Notochord	1˚ Notochord
DMSO_64cell_TTCGATTCTAGA	4993	15648	DMSO_U0126_64cell_adult3	0.057515337	Epidermis (a)	Epidermis (a)
DMSO_64cell_TTCGGCCGGCGC	4852	14857	DMSO_U0126_64cell_adult5	0.000000000	Epidermis (b)	Epidermis (b)
DMSO_64cell_TTCGGGCAGCAG	1805	 2550	DMSO_U0126_64cell_adult6	0.000000000	Epidermis (b)	Epidermis (b)
DMSO_64cell_TTCGGTGTCTGA	4964	14876	DMSO_U0126_64cell_adult5	0.047055660	B7.4	B7.4
DMSO_64cell_TTCGTGTAGAGC	2250	 3671	DMSO_U0126_64cell_adult2	0.000000000	1˚ Notochord	1˚ Notochord
DMSO_64cell_TTCTAAGTGTGC	2960	 5469	DMSO_U0126_64cell_adult1	0.109709270	B7.5	B7.5
DMSO_64cell_TTCTAATAGCGC	2507	 4187	DMSO_U0126_64cell_adult3	0.023883449	B7.7	B7.7
DMSO_64cell_TTCTAGATAGCT	3379	 7345	DMSO_U0126_64cell_adult1	0.027229408	B7.3	B7.3
DMSO_64cell_TTCTCGACTTCT	4958	14276	DMSO_U0126_64cell_adult5	0.077052396	Neural (a)	Neural (a)
DMSO_64cell_TTCTCGGTGTCA	3833	 9157	DMSO_U0126_64cell_adult5	0.000000000	B7.7	B7.7
DMSO_64cell_TTCTCTTCACTG	3418	 6833	DMSO_U0126_64cell_adult3	0.029269720	Neural (a)	Neural (a)
DMSO_64cell_TTCTTAACGGTC	2483	 3953	DMSO_U0126_64cell_adult2	0.227675183	Epidermis (a)	Epidermis (a)
DMSO_64cell_TTCTTAATGACC	6306	29384	DMSO_U0126_64cell_adult6	0.027225701	Neural (a)	Neural (a)
DMSO_64cell_TTCTTTGGCATC	2690	 4823	DMSO_U0126_64cell_adult1	0.000000000	B7.7	B7.7
DMSO_64cell_TTCTTTGTTACC	3663	 8001	DMSO_U0126_64cell_adult2	0.024996875	B7.6	B7.6
DMSO_64cell_TTGAAAACCTGC	3663	 7793	DMSO_U0126_64cell_adult6	0.000000000	Endoderm	Endoderm
DMSO_64cell_TTGAAACATCCG	3246	 6191	DMSO_U0126_64cell_adult2	0.032304959	Epidermis (a)	Epidermis (a)
DMSO_64cell_TTGAACATTTTC	4691	13718	DMSO_U0126_64cell_adult4	0.481119697	Epidermis (b)	Epidermis (b)
DMSO_64cell_TTGAAGTTTAAT	4733	12596	DMSO_U0126_64cell_adult2	0.206414735	Epidermis (b)	Epidermis (b)
DMSO_64cell_TTGACACCACAG	3614	 7623	DMSO_U0126_64cell_adult6	0.000000000	Epidermis (a)	Epidermis (a)
DMSO_64cell_TTGACTGGGCCA	3863	 9059	DMSO_U0126_64cell_adult6	0.011038746	Epidermis (a)	Epidermis (a)
DMSO_64cell_TTGATCAGATCA	4243	 9742	DMSO_U0126_64cell_adult5	0.020529665	Epidermis (a)	Epidermis (a)
DMSO_64cell_TTGCACCATATG	3088	 6112	DMSO_U0126_64cell_adult1	0.016361257	Epidermis (b)	Epidermis (b)
DMSO_64cell_TTGCACGCATAG	5400	19196	DMSO_U0126_64cell_adult6	0.005209419	Epidermis (b)	Epidermis (b)
DMSO_64cell_TTGCAGATTTTT	3908	 9083	DMSO_U0126_64cell_adult4	0.286249037	Epidermis (b)	Epidermis (b)
DMSO_64cell_TTGCCACGTCAG	5639	21492	DMSO_U0126_64cell_adult1	0.004652894	Neural (A)	Neural (A)
DMSO_64cell_TTGCGAATGTCG	3182	 5711	DMSO_U0126_64cell_adult4	0.035020137	Epidermis (b)	Epidermis (b)
DMSO_64cell_TTGCGAGCGAAA	3560	 7380	DMSO_U0126_64cell_adult3	0.000000000	Epidermis (a)	Epidermis (a)
DMSO_64cell_TTGCTCAACGTA	3980	 8736	DMSO_U0126_64cell_adult3	0.022893773	Neural (a)	Neural (a)
DMSO_64cell_TTGCTCAGGAGT	4145	 9762	DMSO_U0126_64cell_adult3	0.000000000	Epidermis (b)	Epidermis (b)
DMSO_64cell_TTGCTTGTTCCG	3802	 8486	DMSO_U0126_64cell_adult6	0.106057035	B7.7	B7.7
DMSO_64cell_TTGCTTTCATCT	3756	 7955	DMSO_U0126_64cell_adult1	0.012570710	Endoderm	Endoderm
DMSO_64cell_TTGGAGAAATCG	3737	 7971	DMSO_U0126_64cell_adult2	0.000000000	Epidermis (b)	Epidermis (b)
DMSO_64cell_TTGGATCATAGA	5862	22161	DMSO_U0126_64cell_adult3	0.040611886	Epidermis (a)	Epidermis (a)
DMSO_64cell_TTGGCATGTGGA	2706	 4634	DMSO_U0126_64cell_adult1	0.064738886	Epidermis (b)	Epidermis (b)
DMSO_64cell_TTGGCGAATAAG	1958	 2866	DMSO_U0126_64cell_adult6	0.069783671	B7.5	B7.5
DMSO_64cell_TTGGCTATCCAC	5728	23179	DMSO_U0126_64cell_adult1	0.017257000	B7.3	B7.3
DMSO_64cell_TTGGTACGCCGG	6325	29327	DMSO_U0126_64cell_adult4	0.010229481	Neural (A)	Neural (A)
DMSO_64cell_TTGGTGACGCGT	4577	12246	DMSO_U0126_64cell_adult1	0.000000000	Epidermis (b)	Epidermis (b)
DMSO_64cell_TTGTAACTGTCA	5878	23540	DMSO_U0126_64cell_adult1	0.063721325	B7.3	B7.3
DMSO_64cell_TTGTAAGTCAGC	2684	 4671	DMSO_U0126_64cell_adult1	0.000000000	A7.6	A7.6
DMSO_64cell_TTGTAGCATGCG	6019	26241	DMSO_U0126_64cell_adult4	0.011432491	Epidermis (b)	Epidermis (b)
DMSO_64cell_TTGTAGCTGGGG	3841	 8241	DMSO_U0126_64cell_adult3	0.000000000	Epidermis (b)	Epidermis (b)
DMSO_64cell_TTGTCGGTGACA	5634	20635	DMSO_U0126_64cell_adult1	0.014538406	Neural (A)	Neural (A)
DMSO_64cell_TTGTGTGTACGT	4933	15631	DMSO_U0126_64cell_adult5	0.012795087	B7.3	B7.3
DMSO_64cell_TTGTTACAGTTT	4774	13456	DMSO_U0126_64cell_adult2	0.000000000	B7.3	B7.3
DMSO_64cell_TTGTTGCGGCTC	3940	 8771	DMSO_U0126_64cell_adult3	0.011401209	Epidermis (a)	Epidermis (a)
DMSO_64cell_TTGTTGGTTAGT	3127	 5744	DMSO_U0126_64cell_adult6	0.017409471	Epidermis (a)	Epidermis (a)
DMSO_64cell_TTGTTTATTTAA	6069	25743	DMSO_U0126_64cell_adult3	0.178689352	Epidermis (b)	Epidermis (b)
DMSO_64cell_TTGTTTGTAAGG	5120	15573	DMSO_U0126_64cell_adult6	0.006421370	Epidermis (b)	Epidermis (b)
DMSO_64cell_TTTAAACTTACC	4888	14287	DMSO_U0126_64cell_adult2	0.097991181	Epidermis (b)	Epidermis (b)
DMSO_64cell_TTTAAGGTGTGT	3238	 6003	DMSO_U0126_64cell_adult2	0.016658337	Epidermis (a)	Epidermis (a)
DMSO_64cell_TTTACAGCTCTG	4748	13171	DMSO_U0126_64cell_adult1	0.144256321	B7.4	B7.4
DMSO_64cell_TTTACGGGCCTA	4225	10222	DMSO_U0126_64cell_adult2	0.000000000	Epidermis (b)	Epidermis (b)
DMSO_64cell_TTTAGCGCTTCC	5036	16758	DMSO_U0126_64cell_adult4	0.005967299	B7.4	B7.4
DMSO_64cell_TTTAGGAAGAGA	4578	12060	DMSO_U0126_64cell_adult5	0.074626866	Epidermis (a)	Epidermis (a)
DMSO_64cell_TTTATCCGAAGG	2328	 4099	DMSO_U0126_64cell_adult1	0.000000000	Epidermis (b)	Epidermis (b)
DMSO_64cell_TTTATCCGTGAT	4577	11970	DMSO_U0126_64cell_adult1	0.050125313	Epidermis (b)	Epidermis (b)
DMSO_64cell_TTTATCTCGCTT	4376	11145	DMSO_U0126_64cell_adult3	0.062808434	Epidermis (b)	Epidermis (b)
DMSO_64cell_TTTATCTGATCA	3503	 7255	DMSO_U0126_64cell_adult1	0.027567195	Epidermis (a)	Epidermis (a)
DMSO_64cell_TTTATGTACTCA	3466	 6889	DMSO_U0126_64cell_adult3	0.101611264	Neural (a)	Neural (a)
DMSO_64cell_TTTCAACGAACT	4076	10133	DMSO_U0126_64cell_adult4	0.069081220	Epidermis (b)	Epidermis (b)
DMSO_64cell_TTTCCCTATTAA	1989	 3111	DMSO_U0126_64cell_adult2	0.032144005	B7.7	B7.7
DMSO_64cell_TTTCGAGACGAG	4959	14398	DMSO_U0126_64cell_adult6	0.069454091	Neural (b)	Neural (b)
DMSO_64cell_TTTCGAGACTTA	5428	17586	DMSO_U0126_64cell_adult2	0.028431707	Neural (a)	Neural (a)
DMSO_64cell_TTTCGCTAATCG	4699	12908	DMSO_U0126_64cell_adult5	0.000000000	Epidermis (b)	Epidermis (b)
DMSO_64cell_TTTCGTCGCTTC	3473	 7242	DMSO_U0126_64cell_adult1	0.000000000	Epidermis (b)	Epidermis (b)
DMSO_64cell_TTTGCCATTAGA	3812	 8578	DMSO_U0126_64cell_adult1	0.000000000	A7.6	A7.6
DMSO_64cell_TTTGCCCCACGC	5877	24400	DMSO_U0126_64cell_adult3	0.000000000	B7.3	B7.3
DMSO_64cell_TTTGCCTAGCTC	5272	17562	DMSO_U0126_64cell_adult3	0.000000000	Epidermis (b)	Epidermis (b)
DMSO_64cell_TTTGGCTCCAGC	2279	 3580	DMSO_U0126_64cell_adult5	0.055865922	B7.7	B7.7
DMSO_64cell_TTTGTAACGATG	4517	11259	DMSO_U0126_64cell_adult2	0.088817835	Epidermis (a)	Epidermis (a)
DMSO_64cell_TTTTACGTAGGG	4470	11050	DMSO_U0126_64cell_adult3	0.000000000	1˚ Notochord	1˚ Notochord
DMSO_64cell_TTTTAGGACCTG	2892	 5543	DMSO_U0126_64cell_adult6	0.018040772	Epidermis (b)	Epidermis (b)
DMSO_64cell_TTTTATGAAACA	4809	13815	DMSO_U0126_64cell_adult6	0.028954035	Epidermis (b)	Epidermis (b)
DMSO_64cell_TTTTCACGTAGA	5386	19114	DMSO_U0126_64cell_adult2	0.005231767	B7.7	B7.7
DMSO_64cell_TTTTCGCCAGTA	3716	 7691	DMSO_U0126_64cell_adult6	0.026004421	Neural (b)	Neural (b)
DMSO_64cell_TTTTGACGCCCT	3550	 8229	DMSO_U0126_64cell_adult1	0.036456435	B7.8	B7.8
DMSO_64cell_TTTTTGTTTCTC	3701	 8302	DMSO_U0126_64cell_adult1	0.000000000	Epidermis (a)	Epidermis (a)
DMSO_110cell_AAAAAATCAGAT	2927	 5338	DMSO_U0126_110cell_adult2	0.243536905	B8.6	B8.6
DMSO_110cell_AAAAACGATCCA	4453	12247	DMSO_U0126_110cell_adult5	0.065322120	Epidermis (a)	Epidermis (a)
DMSO_110cell_AAAAATAATTCC	5814	24302	DMSO_U0126_110cell_adult5	0.539050284	Neural (A) C1/2	Neural (A) C1/2
DMSO_110cell_AAAACCATGGTC	3065	 5812	DMSO_U0126_110cell_adult1	0.068823125	TLC	TLC
DMSO_110cell_AAAAGGCCACTG	4325	10753	DMSO_U0126_110cell_adult1	0.055798382	Neural (a)	Neural (a)
DMSO_110cell_AAAAGGTAGTAA	5295	19416	DMSO_U0126_110cell_adult3	1.586320560	B7.8 Muscle	B7.8 Muscle
DMSO_110cell_AAAAGTAAGTAC	5236	16576	DMSO_U0126_110cell_adult5	0.054295367	Epidermis (a)	Epidermis (a)
DMSO_110cell_AAAAGTTCTAAG	4180	10363	DMSO_U0126_110cell_adult1	0.154395445	B8.6	B8.6
DMSO_110cell_AAAATGGCGTTT	4590	13062	DMSO_U0126_110cell_adult2	0.451691931	Neural (a)	Neural (a)
DMSO_110cell_AAACAACCGAGA	5361	18976	DMSO_U0126_110cell_adult1	0.205522766	Epidermis (a)	Epidermis (a)
DMSO_110cell_AAACAAGGCCGG	2778	 5177	DMSO_U0126_110cell_adult1	0.057948619	B8.6	B8.6
DMSO_110cell_AAACACGAACAG	4724	14250	DMSO_U0126_110cell_adult5	0.063157895	Endoderm (B)	Endoderm (B)
DMSO_110cell_AAACACTCGTAC	5955	23760	DMSO_U0126_110cell_adult3	0.037878788	TLC	TLC
DMSO_110cell_AAACGAATGAGC	4383	11670	DMSO_U0126_110cell_adult1	0.128534704	Epidermis (a)	Epidermis (a)
DMSO_110cell_AAACGATGCGTG	6917	56872	DMSO_U0126_110cell_adult2	0.028133352	B8.5	B8.5
DMSO_110cell_AAACTGGGTCCT	4820	14033	DMSO_U0126_110cell_adult3	0.021378180	Epidermis (b)	Epidermis (b)
DMSO_110cell_AAAGCACAGGCC	4516	12265	DMSO_U0126_110cell_adult3	0.040766408	Neural (a)	Neural (a)
DMSO_110cell_AAAGCCGGGAAA	4429	11880	DMSO_U0126_110cell_adult4	0.176767677	Neural (a)	Neural (a)
DMSO_110cell_AAAGGAATCATG	3553	 7674	DMSO_U0126_110cell_adult5	0.299713318	B8.5	B8.5
DMSO_110cell_AAAGGACGCTGT	3676	 8110	DMSO_U0126_110cell_adult4	0.049321825	1˚ Notochord	1˚ Notochord
DMSO_110cell_AAAGGATACTAT	4416	11650	DMSO_U0126_110cell_adult1	1.201716738	Neural (A) C3/4	Neural (A) C3/4
DMSO_110cell_AAAGTCACCCGG	4270	10946	DMSO_U0126_110cell_adult1	0.027407272	Epidermis (a)	Epidermis (a)
DMSO_110cell_AAAGTGCTCCTG	5710	23101	DMSO_U0126_110cell_adult1	0.000000000	Epidermis (b)	Epidermis (b)
DMSO_110cell_AAATACGTTCGG	4290	10532	DMSO_U0126_110cell_adult1	0.028484618	Epidermis (b)	Epidermis (b)
DMSO_110cell_AAATCACTGGTT	6541	34235	DMSO_U0126_110cell_adult4	0.134365416	B7.7	B7.7
DMSO_110cell_AAATTTAATATC	4546	12657	DMSO_U0126_110cell_adult1	0.039503832	Epidermis (b)	Epidermis (b)
DMSO_110cell_AACAAATGTTCC	7437	59025	DMSO_U0126_110cell_adult5	0.171113935	Endoderm (B)	Endoderm (B)
DMSO_110cell_AACAAGATGTGC	4235	10194	DMSO_U0126_110cell_adult5	0.068667844	TLC	TLC
DMSO_110cell_AACAGCGTTAAC	3586	 7961	DMSO_U0126_110cell_adult2	0.050244944	B8.5	B8.5
DMSO_110cell_AACAGTCAGGTA	4391	11823	DMSO_U0126_110cell_adult1	1.048803180	B7.5	B7.5
DMSO_110cell_AACAGTCCGAAG	5472	19348	DMSO_U0126_110cell_adult4	0.062021914	Neural (A) C1/2	Neural (A) C1/2
DMSO_110cell_AACCAACGATTG	4826	13407	DMSO_U0126_110cell_adult3	0.089505482	Neural (a)	Neural (a)
DMSO_110cell_AACCACATATTT	5168	16185	DMSO_U0126_110cell_adult1	1.050355267	Epidermis (b)	Epidermis (b)
DMSO_110cell_AACCATATTTCA	4984	15585	DMSO_U0126_110cell_adult4	0.417067693	Epidermis (a)	Epidermis (a)
DMSO_110cell_AACCATGGGCAT	5086	16754	DMSO_U0126_110cell_adult1	0.041781067	Epidermis (a)	Epidermis (a)
DMSO_110cell_AACCCACGATTC	6418	34059	DMSO_U0126_110cell_adult1	0.029360815	B8.5	B8.5
DMSO_110cell_AACCCGCCGTCG	5322	18534	DMSO_U0126_110cell_adult1	0.026977447	Epidermis (a)	Epidermis (a)
DMSO_110cell_AACCGTTTGACG	2766	 4909	DMSO_U0126_110cell_adult5	0.998166633	B8.5	B8.5
DMSO_110cell_AACCTAGGTTTT	7242	50736	DMSO_U0126_110cell_adult5	0.303532009	Neural (a)	Neural (a)
DMSO_110cell_AACGAACCCACG	6677	40537	DMSO_U0126_110cell_adult3	0.014801293	B7.8 Muscle	B7.8 Muscle
DMSO_110cell_AACGAGTGACAA	4995	16793	DMSO_U0126_110cell_adult4	0.071458346	Epidermis (a)	Epidermis (a)
DMSO_110cell_AACGATATCGTC	3038	 5704	DMSO_U0126_110cell_adult2	0.175315568	TLC	TLC
DMSO_110cell_AACGCACTCATG	6262	28605	DMSO_U0126_110cell_adult1	0.055934277	TLC	TLC
DMSO_110cell_AACGCATGACTA	4175	10264	DMSO_U0126_110cell_adult1	0.107170694	Neural (a)	Neural (a)
DMSO_110cell_AACGCGCACACC	5015	15963	DMSO_U0126_110cell_adult2	0.018793460	Neural (A) C1/2	Neural (A) C1/2
DMSO_110cell_AACGCTCGTGAC	4777	14101	DMSO_U0126_110cell_adult1	0.021275087	Epidermis (b)	Epidermis (b)
DMSO_110cell_AACGGACCGTTA	4556	13488	DMSO_U0126_110cell_adult1	0.266903915	B7.8 Muscle	B7.8 Muscle
DMSO_110cell_AACGTAAGCGAT	4614	13017	DMSO_U0126_110cell_adult2	0.338019513	Neural (a)	Neural (a)
DMSO_110cell_AACTAAGGGAGG	6456	32099	DMSO_U0126_110cell_adult1	0.373843422	Neural (A) C3/4	Neural (A) C3/4
DMSO_110cell_AACTAATATGAT	5527	22557	DMSO_U0126_110cell_adult2	5.204592809	B7.8 Muscle	B7.8 Muscle
DMSO_110cell_AACTCTGCTTCG	5199	17513	DMSO_U0126_110cell_adult5	0.005710044	Epidermis (b)	Epidermis (b)
DMSO_110cell_AACTTTATAGCT	4024	10124	DMSO_U0126_110cell_adult5	0.355590676	TLC	TLC
DMSO_110cell_AACTTTTTCCGT	6288	31402	DMSO_U0126_110cell_adult4	0.006369021	Epidermis (a)	Epidermis (a)
DMSO_110cell_AAGAACGACGAT	2898	 5411	DMSO_U0126_110cell_adult1	0.110885234	B8.6	B8.6
DMSO_110cell_AAGAAGTCGACC	4674	14580	DMSO_U0126_110cell_adult2	0.610425240	B7.8 Muscle	B7.8 Muscle
DMSO_110cell_AAGACGAGACTC	4162	 9815	DMSO_U0126_110cell_adult1	0.112073357	Neural (a)	Neural (a)
DMSO_110cell_AAGACGGGATAA	6507	32365	DMSO_U0126_110cell_adult4	0.207013749	Neural (b)	Neural (b)
DMSO_110cell_AAGAGACCCCAA	4599	13165	DMSO_U0126_110cell_adult1	0.037979491	Epidermis (b)	Epidermis (b)
DMSO_110cell_AAGAGTTTCGGA	4995	15602	DMSO_U0126_110cell_adult4	0.083322651	Neural (b)	Neural (b)
DMSO_110cell_AAGATGAGTCAG	5943	23724	DMSO_U0126_110cell_adult1	0.147529927	Endoderm (B)	Endoderm (B)
DMSO_110cell_AAGCAACGTCTA	6297	31212	DMSO_U0126_110cell_adult4	0.012815584	1˚ Notochord	1˚ Notochord
DMSO_110cell_AAGCATAGTCGC	5875	27141	DMSO_U0126_110cell_adult2	0.202645444	Neural (A) C1/2	Neural (A) C1/2
DMSO_110cell_AAGCCACCGGGG	2786	 5165	DMSO_U0126_110cell_adult5	0.019361084	Neural (A) C1/2	Neural (A) C1/2
DMSO_110cell_AAGCCCCGTTAA	2830	 5189	DMSO_U0126_110cell_adult5	0.269801503	B8.5	B8.5
DMSO_110cell_AAGCTACTGAGT	3471	 7716	DMSO_U0126_110cell_adult4	0.012960083	1˚ Notochord	1˚ Notochord
DMSO_110cell_AAGCTTGAACGC	3503	 7257	DMSO_U0126_110cell_adult4	0.013779799	B8.5	B8.5
DMSO_110cell_AAGCTTGTGGGA	6139	26907	DMSO_U0126_110cell_adult4	0.018582525	Epidermis (b)	Epidermis (b)
DMSO_110cell_AAGGACGTTGCA	4537	11678	DMSO_U0126_110cell_adult4	0.059941771	Neural (a)	Neural (a)
DMSO_110cell_AAGGAGATTGAC	5152	16728	DMSO_U0126_110cell_adult1	0.089670014	Epidermis (b)	Epidermis (b)
DMSO_110cell_AAGGATCGTGCG	4748	13614	DMSO_U0126_110cell_adult5	0.044072279	Neural (a)	Neural (a)
DMSO_110cell_AAGGATTAGGAA	3499	 7221	DMSO_U0126_110cell_adult1	0.124636477	Epidermis (a)	Epidermis (a)
DMSO_110cell_AAGGCCAAAAAC	3178	 6513	DMSO_U0126_110cell_adult5	0.092123445	Neural (A) C1/2	Neural (A) C1/2
DMSO_110cell_AAGGGAGTACCA	3610	 7780	DMSO_U0126_110cell_adult3	0.244215938	Neural (A) C1/2	Neural (A) C1/2
DMSO_110cell_AAGGGGATGTGC	5255	17880	DMSO_U0126_110cell_adult3	0.016778523	Epidermis (b)	Epidermis (b)
DMSO_110cell_AAGGGGTCTTGA	5059	16117	DMSO_U0126_110cell_adult4	0.006204629	1˚ Notochord	1˚ Notochord
DMSO_110cell_AAGGGTTCGCGT	4968	15064	DMSO_U0126_110cell_adult4	0.053106745	Neural (A) C1/2	Neural (A) C1/2
DMSO_110cell_AAGGTTATCCGT	4135	10139	DMSO_U0126_110cell_adult5	0.414242036	B7.8 Muscle	B7.8 Muscle
DMSO_110cell_AAGTACGCTACT	5603	20938	DMSO_U0126_110cell_adult1	0.105072118	Epidermis (a)	Epidermis (a)
DMSO_110cell_AAGTACTGCGAT	7098	47988	DMSO_U0126_110cell_adult4	0.027090106	B8.5	B8.5
DMSO_110cell_AAGTCATAAAGA	5292	18193	DMSO_U0126_110cell_adult5	1.385148134	Neural (b)	Neural (b)
DMSO_110cell_AAGTCCAACAAC	5851	27098	DMSO_U0126_110cell_adult2	0.679016902	Neural (A) C3/4	Neural (A) C3/4
DMSO_110cell_AAGTCCGATATT	5858	26616	DMSO_U0126_110cell_adult1	1.078298768	B7.8 Muscle	B7.8 Muscle
DMSO_110cell_AAGTGAGGAGCA	4168	10613	DMSO_U0126_110cell_adult1	0.056534439	B8.6	B8.6
DMSO_110cell_AAGTGTGATCTC	4868	14177	DMSO_U0126_110cell_adult4	0.049375749	Epidermis (b)	Epidermis (b)
DMSO_110cell_AAGTTATTGCGC	5428	19021	DMSO_U0126_110cell_adult1	0.026286736	Endoderm (B)	Endoderm (B)
DMSO_110cell_AAGTTTGATGGC	6291	28223	DMSO_U0126_110cell_adult1	0.116925911	B7.4 Muscle	B7.4 Muscle
DMSO_110cell_AATAATGACTAG	5359	19168	DMSO_U0126_110cell_adult2	1.246869783	Neural (b)	Neural (b)
DMSO_110cell_AATAGGCCACAC	6214	32261	DMSO_U0126_110cell_adult3	0.024797743	Neural (a)	Neural (a)
DMSO_110cell_AATAGGGAGGAA	4141	10993	DMSO_U0126_110cell_adult2	0.072773583	TLC	TLC
DMSO_110cell_AATAGTACGTGA	3269	 6253	DMSO_U0126_110cell_adult4	0.175915561	1˚ Notochord	1˚ Notochord
DMSO_110cell_AATAGTCTGGTC	5178	16325	DMSO_U0126_110cell_adult5	0.049004594	Epidermis (b)	Epidermis (b)
DMSO_110cell_AATATATGGACT	2786	 5002	DMSO_U0126_110cell_adult3	0.679728109	Epidermis (b)	Epidermis (b)
DMSO_110cell_AATATGTTCCGC	3029	 5747	DMSO_U0126_110cell_adult1	0.226204977	B8.5	B8.5
DMSO_110cell_AATCACCGCCCT	4589	13667	DMSO_U0126_110cell_adult2	0.036584474	Epidermis (a)	Epidermis (a)
DMSO_110cell_AATCCGCGCCCT	4937	15506	DMSO_U0126_110cell_adult4	0.012898233	Neural (a)	Neural (a)
DMSO_110cell_AATCGGTAGCTT	6626	39303	DMSO_U0126_110cell_adult2	0.066152711	Epidermis (b)	Epidermis (b)
DMSO_110cell_AATCTGCAATCG	4800	13533	DMSO_U0126_110cell_adult4	0.066504101	Epidermis (b)	Epidermis (b)
DMSO_110cell_AATCTTTAAGCC	5243	16810	DMSO_U0126_110cell_adult1	0.243902439	Epidermis (b)	Epidermis (b)
DMSO_110cell_AATGAAACCTAC	3070	 5967	DMSO_U0126_110cell_adult1	0.519524049	TLC	TLC
DMSO_110cell_AATGGGATTTAT	5867	26078	DMSO_U0126_110cell_adult5	0.053685099	Epidermis (b)	Epidermis (b)
DMSO_110cell_AATGTGACAGCG	4625	13202	DMSO_U0126_110cell_adult5	0.022723830	Epidermis (b)	Epidermis (b)
DMSO_110cell_AATTTGGATGAA	2799	 5041	DMSO_U0126_110cell_adult1	0.218210672	Epidermis (a)	Epidermis (a)
DMSO_110cell_AATTTGTAAACG	4902	15910	DMSO_U0126_110cell_adult4	0.584538026	Neural (a)	Neural (a)
DMSO_110cell_AATTTTGCGCAG	4494	11713	DMSO_U0126_110cell_adult1	0.110987791	Epidermis (b)	Epidermis (b)
DMSO_110cell_ACAACAAAGAAG	4416	12244	DMSO_U0126_110cell_adult2	0.236850702	Epidermis (b)	Epidermis (b)
DMSO_110cell_ACAACACTCGCA	5434	19517	DMSO_U0126_110cell_adult1	0.061484859	Neural (A) C1/2	Neural (A) C1/2
DMSO_110cell_ACAACAGCCCCC	5026	15175	DMSO_U0126_110cell_adult1	0.000000000	1˚ Notochord	1˚ Notochord
DMSO_110cell_ACAACAGTGGTA	3914	 8653	DMSO_U0126_110cell_adult1	0.358257252	Neural (b)	Neural (b)
DMSO_110cell_ACAAGCACAGGG	4239	10251	DMSO_U0126_110cell_adult4	0.019510292	Epidermis (b)	Epidermis (b)
DMSO_110cell_ACAAGCAGCTCT	3224	 6446	DMSO_U0126_110cell_adult5	0.263729445	Neural (b)	Neural (b)
DMSO_110cell_ACAAGCCAAGGA	5590	21872	DMSO_U0126_110cell_adult1	0.210314557	TLC	TLC
DMSO_110cell_ACAATATAGCGT	2768	 5596	DMSO_U0126_110cell_adult2	2.215868477	B8.5	B8.5
DMSO_110cell_ACACGAAATCAT	5016	15843	DMSO_U0126_110cell_adult2	0.119926782	1˚ Notochord	1˚ Notochord
DMSO_110cell_ACACGAATAAAT	3952	 9126	DMSO_U0126_110cell_adult5	0.547885163	Neural (a)	Neural (a)
DMSO_110cell_ACACGCGGAGAT	4910	14556	DMSO_U0126_110cell_adult1	0.020610058	Epidermis (a)	Epidermis (a)
DMSO_110cell_ACACTGGTGCAT	5863	25614	DMSO_U0126_110cell_adult5	0.128835793	B7.4 Muscle	B7.4 Muscle
DMSO_110cell_ACAGAAAGTATT	4434	12883	DMSO_U0126_110cell_adult5	0.318248855	1˚ Notochord	1˚ Notochord
DMSO_110cell_ACAGAAGGCTTC	5065	15459	DMSO_U0126_110cell_adult1	0.103499580	Neural (a)	Neural (a)
DMSO_110cell_ACAGATGTTAAG	4769	14027	DMSO_U0126_110cell_adult1	0.384971840	Epidermis (a)	Epidermis (a)
DMSO_110cell_ACAGCAGGCGTG	2946	 5393	DMSO_U0126_110cell_adult5	0.092712776	Epidermis (b)	Epidermis (b)
DMSO_110cell_ACAGGGCCGAAT	4745	13930	DMSO_U0126_110cell_adult2	0.014357502	Epidermis (b)	Epidermis (b)
DMSO_110cell_ACAGGTGATGGG	4567	11737	DMSO_U0126_110cell_adult3	0.127800971	Neural (a)	Neural (a)
DMSO_110cell_ACAGGTGTAAAC	6495	34130	DMSO_U0126_110cell_adult3	0.108409024	Epidermis (a)	Epidermis (a)
DMSO_110cell_ACATAAAGTGTG	3922	 9335	DMSO_U0126_110cell_adult2	0.707016604	B7.5	B7.5
DMSO_110cell_ACATACATCCCA	2806	 4868	DMSO_U0126_110cell_adult5	0.883319638	Neural (A) C1/2	Neural (A) C1/2
DMSO_110cell_ACATACCCTAAT	4579	12451	DMSO_U0126_110cell_adult5	0.578266806	Neural (a)	Neural (a)
DMSO_110cell_ACATATTACGTT	7210	49732	DMSO_U0126_110cell_adult5	0.104560444	Epidermis (a)	Epidermis (a)
DMSO_110cell_ACATCAACATTG	4047	 9998	DMSO_U0126_110cell_adult2	0.480096019	1˚ Notochord	1˚ Notochord
DMSO_110cell_ACATCCCTTAAC	3197	 6628	DMSO_U0126_110cell_adult5	0.407362704	TLC	TLC
DMSO_110cell_ACATCGCGACTG	4236	11353	DMSO_U0126_110cell_adult2	0.026424734	Epidermis (b)	Epidermis (b)
DMSO_110cell_ACATCTATCCTT	7231	49458	DMSO_U0126_110cell_adult3	0.086942456	Neural (a)	Neural (a)
DMSO_110cell_ACATGGGCTACC	5874	23381	DMSO_U0126_110cell_adult3	0.000000000	Epidermis (b)	Epidermis (b)
DMSO_110cell_ACATTTCAACAA	4736	14527	DMSO_U0126_110cell_adult4	0.949955256	B7.8 Muscle	B7.8 Muscle
DMSO_110cell_ACCAAAATTCAC	4987	15879	DMSO_U0126_110cell_adult5	0.251905032	Neural (a)	Neural (a)
DMSO_110cell_ACCAAGGAAGCT	4699	13504	DMSO_U0126_110cell_adult4	0.185130332	B8.5	B8.5
DMSO_110cell_ACCACCAAACGT	6126	27975	DMSO_U0126_110cell_adult1	0.021447721	Epidermis (b)	Epidermis (b)
DMSO_110cell_ACCACGGTTCTC	4352	11740	DMSO_U0126_110cell_adult2	0.034071550	Epidermis (b)	Epidermis (b)
DMSO_110cell_ACCAGCCGATCA	5633	21005	DMSO_U0126_110cell_adult3	0.019043085	Epidermis (a)	Epidermis (a)
DMSO_110cell_ACCAGTACACGA	5485	18065	DMSO_U0126_110cell_adult1	0.088569056	Epidermis (b)	Epidermis (b)
DMSO_110cell_ACCAGTAGACGT	7017	44554	DMSO_U0126_110cell_adult1	0.035911478	1˚ Notochord	1˚ Notochord
DMSO_110cell_ACCATTTATACT	5789	25190	DMSO_U0126_110cell_adult4	0.142913855	Epidermis (b)	Epidermis (b)
DMSO_110cell_ACCCAAATAATT	4326	11533	DMSO_U0126_110cell_adult5	0.754357062	Neural (a)	Neural (a)
DMSO_110cell_ACCCCAAGTTGG	5214	17113	DMSO_U0126_110cell_adult3	0.298019050	B7.8 Muscle	B7.8 Muscle
DMSO_110cell_ACCCCAGATGGC	3047	 5690	DMSO_U0126_110cell_adult5	0.070298770	Neural (b)	Neural (b)
DMSO_110cell_ACCCCCTGAGCC	5567	20202	DMSO_U0126_110cell_adult3	0.000000000	Epidermis (a)	Epidermis (a)
DMSO_110cell_ACCCCGATCATA	5684	20418	DMSO_U0126_110cell_adult1	0.151826819	Neural (b)	Neural (b)
DMSO_110cell_ACCCCTTTGCTC	2879	 5115	DMSO_U0126_110cell_adult2	0.000000000	B8.5	B8.5
DMSO_110cell_ACCCGCCACGAT	6121	28141	DMSO_U0126_110cell_adult2	0.003553534	Epidermis (b)	Epidermis (b)
DMSO_110cell_ACCCGGTTGCGA	2805	 4943	DMSO_U0126_110cell_adult4	0.000000000	B8.6	B8.6
DMSO_110cell_ACCCTGTTTGAA	6077	30096	DMSO_U0126_110cell_adult2	0.564859117	B7.4 Muscle	B7.4 Muscle
DMSO_110cell_ACCGATATGTGT	6939	47721	DMSO_U0126_110cell_adult2	0.027241676	B8.5	B8.5
DMSO_110cell_ACCGATGACGTG	6334	33184	DMSO_U0126_110cell_adult1	0.081364513	B8.5	B8.5
DMSO_110cell_ACCGCAGCCCAT	3467	 7519	DMSO_U0126_110cell_adult2	0.186194973	B8.5	B8.5
DMSO_110cell_ACCGCTGTACAA	5247	18820	DMSO_U0126_110cell_adult1	0.000000000	1˚ Notochord	1˚ Notochord
DMSO_110cell_ACCGGGGTGCTG	5764	25983	DMSO_U0126_110cell_adult2	0.096216757	B7.4 Muscle	B7.4 Muscle
DMSO_110cell_ACCGTCTCGTTT	6628	37211	DMSO_U0126_110cell_adult5	0.005374755	Epidermis (b)	Epidermis (b)
DMSO_110cell_ACCTACCACTCG	4584	13452	DMSO_U0126_110cell_adult2	0.022301517	Epidermis (b)	Epidermis (b)
DMSO_110cell_ACCTCTCGAGAG	4842	14638	DMSO_U0126_110cell_adult3	0.368902856	Neural (b)	Neural (b)
DMSO_110cell_ACCTGAGCTTAC	4386	11247	DMSO_U0126_110cell_adult1	0.008891260	Epidermis (a)	Epidermis (a)
DMSO_110cell_ACCTGGATGCTC	4695	13512	DMSO_U0126_110cell_adult2	0.162818236	Neural (b)	Neural (b)
DMSO_110cell_ACCTGTCCAAAT	5794	23715	DMSO_U0126_110cell_adult4	0.067467847	Epidermis (b)	Epidermis (b)
DMSO_110cell_ACCTTATGTGCG	4758	13384	DMSO_U0126_110cell_adult1	0.433353258	Neural (b)	Neural (b)
DMSO_110cell_ACGACGATGCTG	4700	13245	DMSO_U0126_110cell_adult1	0.105700264	Neural (b)	Neural (b)
DMSO_110cell_ACGAGACGATCC	5072	16082	DMSO_U0126_110cell_adult1	0.006218132	Epidermis (a)	Epidermis (a)
DMSO_110cell_ACGAGAGAGGTC	4100	10984	DMSO_U0126_110cell_adult5	0.063729060	Epidermis (a)	Epidermis (a)
DMSO_110cell_ACGAGTAAAGCA	5306	20213	DMSO_U0126_110cell_adult2	0.113788156	Epidermis (b)	Epidermis (b)
DMSO_110cell_ACGATTCGTCCT	4561	12504	DMSO_U0126_110cell_adult2	0.007997441	1˚ Notochord	1˚ Notochord
DMSO_110cell_ACGATTGATGCC	4165	10718	DMSO_U0126_110cell_adult1	0.009330099	Epidermis (b)	Epidermis (b)
DMSO_110cell_ACGCAGACCCAT	3629	 7706	DMSO_U0126_110cell_adult1	0.038930703	Neural (b)	Neural (b)
DMSO_110cell_ACGCATACAGCA	5170	15756	DMSO_U0126_110cell_adult1	0.057121097	Epidermis (a)	Epidermis (a)
DMSO_110cell_ACGCCGACCGCT	6162	30080	DMSO_U0126_110cell_adult1	0.113031915	B7.4 Muscle	B7.4 Muscle
DMSO_110cell_ACGCCGGCAGGC	4687	13647	DMSO_U0126_110cell_adult1	0.007327618	Epidermis (b)	Epidermis (b)
DMSO_110cell_ACGCGAATACAA	4805	14215	DMSO_U0126_110cell_adult4	0.070348224	1˚ Notochord	1˚ Notochord
DMSO_110cell_ACGCGAGTGAGA	5092	15852	DMSO_U0126_110cell_adult1	0.000000000	Epidermis (a)	Epidermis (a)
DMSO_110cell_ACGCGCTGACCG	4498	11993	DMSO_U0126_110cell_adult1	0.008338197	1˚ Notochord	1˚ Notochord
DMSO_110cell_ACGCGGCTCGCG	5468	19726	DMSO_U0126_110cell_adult1	0.025347257	Neural (A) C3/4	Neural (A) C3/4
DMSO_110cell_ACGCGTCCGTAA	3041	 6077	DMSO_U0126_110cell_adult4	0.049366464	Epidermis (b)	Epidermis (b)
DMSO_110cell_ACGCTGGCGTAA	2929	 5575	DMSO_U0126_110cell_adult5	0.035874439	B8.5	B8.5
DMSO_110cell_ACGCTGGTCAGC	5634	21948	DMSO_U0126_110cell_adult4	0.022781119	TLC	TLC
DMSO_110cell_ACGCTTTGATAC	4365	11410	DMSO_U0126_110cell_adult4	0.192813322	Epidermis (a)	Epidermis (a)
DMSO_110cell_ACGGGAGGACGG	4737	13660	DMSO_U0126_110cell_adult1	0.029282577	Epidermis (a)	Epidermis (a)
DMSO_110cell_ACGGGATCGACG	4455	11212	DMSO_U0126_110cell_adult3	0.026757046	Epidermis (a)	Epidermis (a)
DMSO_110cell_ACGGGTTTCGTA	5880	23357	DMSO_U0126_110cell_adult1	0.042813718	Epidermis (b)	Epidermis (b)
DMSO_110cell_ACGGTGGACCCT	3944	 9333	DMSO_U0126_110cell_adult1	0.021429337	Neural (a)	Neural (a)
DMSO_110cell_ACGTCCACTTTG	6030	27658	DMSO_U0126_110cell_adult4	0.094005351	TLC	TLC
DMSO_110cell_ACGTGAACTGTT	4222	11239	DMSO_U0126_110cell_adult1	0.943144408	Neural (A) C3/4	Neural (A) C3/4
DMSO_110cell_ACGTGGCGCGCT	3717	 8182	DMSO_U0126_110cell_adult1	0.036665852	1˚ Notochord	1˚ Notochord
DMSO_110cell_ACGTGTGGTACG	4324	10721	DMSO_U0126_110cell_adult1	0.009327488	Epidermis (b)	Epidermis (b)
DMSO_110cell_ACGTTATGACAT	4144	 9822	DMSO_U0126_110cell_adult5	0.234168194	Neural (a)	Neural (a)
DMSO_110cell_ACGTTGCGGTTT	3406	 6708	DMSO_U0126_110cell_adult1	0.134168157	Neural (b)	Neural (b)
DMSO_110cell_ACTAACCGTGCA	5588	20180	DMSO_U0126_110cell_adult1	0.039643211	Neural (b)	Neural (b)
DMSO_110cell_ACTAAGCCGCTG	5948	27020	DMSO_U0126_110cell_adult4	0.233160622	B7.4 Muscle	B7.4 Muscle
DMSO_110cell_ACTAAGGCTCTC	4467	13124	DMSO_U0126_110cell_adult1	0.182871076	B7.5	B7.5
DMSO_110cell_ACTAAGTATGTT	3643	 7884	DMSO_U0126_110cell_adult3	0.190258752	1˚ Notochord	1˚ Notochord
DMSO_110cell_ACTAATCCGGTG	6475	35217	DMSO_U0126_110cell_adult5	0.008518613	B7.7	B7.7
DMSO_110cell_ACTAATTAGCAC	4805	14365	DMSO_U0126_110cell_adult3	0.466411417	Neural (A) C1/2	Neural (A) C1/2
DMSO_110cell_ACTACCAAAATG	4080	 9877	DMSO_U0126_110cell_adult4	0.172117040	B8.5	B8.5
DMSO_110cell_ACTACTAATGCT	5071	15535	DMSO_U0126_110cell_adult4	1.519150306	B7.8 Muscle	B7.8 Muscle
DMSO_110cell_ACTACTTCGCCA	3989	 9701	DMSO_U0126_110cell_adult2	0.164931450	TLC	TLC
DMSO_110cell_ACTATAATGGTA	4272	10416	DMSO_U0126_110cell_adult3	0.096006144	Epidermis (b)	Epidermis (b)
DMSO_110cell_ACTCAAGTAAAC	6145	30461	DMSO_U0126_110cell_adult5	0.059091954	Epidermis (a)	Epidermis (a)
DMSO_110cell_ACTCATCTTGTT	5654	21280	DMSO_U0126_110cell_adult2	0.488721805	Epidermis (b)	Epidermis (b)
DMSO_110cell_ACTCCATGATAC	6168	27495	DMSO_U0126_110cell_adult1	0.163666121	1˚ Notochord	1˚ Notochord
DMSO_110cell_ACTCCTGGACGG	3176	 6008	DMSO_U0126_110cell_adult5	0.033288948	Neural (b)	Neural (b)
DMSO_110cell_ACTCTGAAGCAA	5564	21562	DMSO_U0126_110cell_adult5	0.143771450	Neural (A) C1/2	Neural (A) C1/2
DMSO_110cell_ACTGCAAAGGTA	4678	12957	DMSO_U0126_110cell_adult1	0.030871344	Epidermis (b)	Epidermis (b)
DMSO_110cell_ACTGTACCACCT	3617	 7410	DMSO_U0126_110cell_adult3	0.000000000	1˚ Notochord	1˚ Notochord
DMSO_110cell_ACTGTCAAGTCT	5514	18949	DMSO_U0126_110cell_adult3	0.316639400	Neural (A) C1/2	Neural (A) C1/2
DMSO_110cell_ACTTAGAAACCT	3617	 7875	DMSO_U0126_110cell_adult1	0.368253968	B8.5	B8.5
DMSO_110cell_ACTTCATGCCCC	3582	 7923	DMSO_U0126_110cell_adult2	0.164079263	B8.5	B8.5
DMSO_110cell_ACTTCCTTTGTC	4730	13855	DMSO_U0126_110cell_adult3	0.230963551	Neural (b)	Neural (b)
DMSO_110cell_ACTTTGAGAAAC	4340	10606	DMSO_U0126_110cell_adult1	0.348859136	Neural (a)	Neural (a)
DMSO_110cell_ACTTTTGTCGAA	4927	15284	DMSO_U0126_110cell_adult5	0.085056268	Epidermis (b)	Epidermis (b)
DMSO_110cell_AGAAAACAGGCT	6245	30072	DMSO_U0126_110cell_adult2	0.847964884	Neural (A) C1/2	Neural (A) C1/2
DMSO_110cell_AGAAATGTCAAG	5425	18975	DMSO_U0126_110cell_adult1	0.063241107	Endoderm (B)	Endoderm (B)
DMSO_110cell_AGAACAAAAGAT	3319	 6822	DMSO_U0126_110cell_adult1	0.454412196	B8.5	B8.5
DMSO_110cell_AGAACGGACTAA	3176	 6166	DMSO_U0126_110cell_adult5	0.113525787	B8.6	B8.6
DMSO_110cell_AGAAGTCCTACG	4561	13534	DMSO_U0126_110cell_adult5	0.169942367	Neural (a)	Neural (a)
DMSO_110cell_AGAAGTGACAAG	4820	13330	DMSO_U0126_110cell_adult1	0.097524381	1˚ Notochord	1˚ Notochord
DMSO_110cell_AGAATCACGGTA	4670	13760	DMSO_U0126_110cell_adult5	0.043604651	Epidermis (b)	Epidermis (b)
DMSO_110cell_AGAATCGCTTCT	6384	29835	DMSO_U0126_110cell_adult5	0.023462376	Neural (b)	Neural (b)
DMSO_110cell_AGAATTTCACAG	4821	13645	DMSO_U0126_110cell_adult3	0.073286918	Epidermis (a)	Epidermis (a)
DMSO_110cell_AGACAAATGGTT	4313	12357	DMSO_U0126_110cell_adult2	1.221979445	B7.8 Muscle	B7.8 Muscle
DMSO_110cell_AGACACCGACAG	5706	23836	DMSO_U0126_110cell_adult2	0.008390670	Epidermis (b)	Epidermis (b)
DMSO_110cell_AGACAGCCCGAA	4914	14679	DMSO_U0126_110cell_adult1	0.047687172	Neural (a)	Neural (a)
DMSO_110cell_AGACATATACGC	4644	13887	DMSO_U0126_110cell_adult2	0.223230359	Epidermis (b)	Epidermis (b)
DMSO_110cell_AGACATCGCAGG	3235	 6396	DMSO_U0126_110cell_adult5	0.062539087	Epidermis (a)	Epidermis (a)
DMSO_110cell_AGACATGGCCAG	5172	17908	DMSO_U0126_110cell_adult2	0.134018316	B7.6	B7.6
DMSO_110cell_AGACCCCAAGCT	4074	10671	DMSO_U0126_110cell_adult3	0.065598351	Epidermis (a)	Epidermis (a)
DMSO_110cell_AGACCCCTAGCC	4972	15744	DMSO_U0126_110cell_adult5	0.000000000	Epidermis (b)	Epidermis (b)
DMSO_110cell_AGACGTGACTAG	5207	16952	DMSO_U0126_110cell_adult1	0.100283152	Epidermis (a)	Epidermis (a)
DMSO_110cell_AGACGTGTCCGT	6980	44002	DMSO_U0126_110cell_adult4	0.036361984	Epidermis (b)	Epidermis (b)
DMSO_110cell_AGAGACCAGACC	3226	 6349	DMSO_U0126_110cell_adult5	0.063002048	B8.5	B8.5
DMSO_110cell_AGAGATCTCGGT	5118	16567	DMSO_U0126_110cell_adult5	0.211263355	Neural (b)	Neural (b)
DMSO_110cell_AGAGCTATCCCG	4417	12320	DMSO_U0126_110cell_adult2	0.487012987	B7.8 Muscle	B7.8 Muscle
DMSO_110cell_AGAGGACTGGAG	5430	19892	DMSO_U0126_110cell_adult5	0.020108586	Epidermis (b)	Epidermis (b)
DMSO_110cell_AGAGGAGCCAAC	5431	20877	DMSO_U0126_110cell_adult1	0.014369881	B7.7	B7.7
DMSO_110cell_AGAGGTTGGCTT	6249	30191	DMSO_U0126_110cell_adult4	0.096055116	B7.8 Muscle	B7.8 Muscle
DMSO_110cell_AGAGTCGAGGGC	3774	 8181	DMSO_U0126_110cell_adult1	0.085564112	Epidermis (b)	Epidermis (b)
DMSO_110cell_AGAGTGTACTAT	4928	14537	DMSO_U0126_110cell_adult5	0.742931829	Neural (b)	Neural (b)
DMSO_110cell_AGAGTTATGGGA	5409	17720	DMSO_U0126_110cell_adult5	0.722347630	Neural (b)	Neural (b)
DMSO_110cell_AGATCACGTATT	5864	22313	DMSO_U0126_110cell_adult1	0.183749384	Epidermis (b)	Epidermis (b)
DMSO_110cell_AGATCATATCCT	5059	15798	DMSO_U0126_110cell_adult5	0.443094063	Epidermis (b)	Epidermis (b)
DMSO_110cell_AGATCTGATCGA	5102	16967	DMSO_U0126_110cell_adult2	0.029468969	1˚ Notochord	1˚ Notochord
DMSO_110cell_AGATGTATTCCG	4612	13221	DMSO_U0126_110cell_adult3	0.151274488	Epidermis (a)	Epidermis (a)
DMSO_110cell_AGATTCTCAGCA	3281	 6887	DMSO_U0126_110cell_adult5	0.217801655	Neural (A) C1/2	Neural (A) C1/2
DMSO_110cell_AGATTCTGTCCC	6418	34129	DMSO_U0126_110cell_adult1	0.131852677	B7.4 Muscle	B7.4 Muscle
DMSO_110cell_AGATTTAATGTG	2953	 5204	DMSO_U0126_110cell_adult3	0.499615680	B8.5	B8.5
DMSO_110cell_AGATTTTAACGT	5169	16584	DMSO_U0126_110cell_adult1	0.102508442	Neural (b)	Neural (b)
DMSO_110cell_AGATTTTGCTCG	2815	 4867	DMSO_U0126_110cell_adult1	0.082186152	B8.5	B8.5
DMSO_110cell_AGCAAAAGTCGT	4058	 9943	DMSO_U0126_110cell_adult1	0.090515941	Epidermis (b)	Epidermis (b)
DMSO_110cell_AGCAACCTCCGA	4900	15715	DMSO_U0126_110cell_adult2	0.012726694	Epidermis (b)	Epidermis (b)
DMSO_110cell_AGCAAGAATTGT	5442	18747	DMSO_U0126_110cell_adult5	0.608097296	Neural (a)	Neural (a)
DMSO_110cell_AGCAAGGTACGG	4494	12604	DMSO_U0126_110cell_adult2	0.166613773	B7.8 Muscle	B7.8 Muscle
DMSO_110cell_AGCAATACGGTA	2988	 5405	DMSO_U0126_110cell_adult4	0.370027752	Neural (A) C1/2	Neural (A) C1/2
DMSO_110cell_AGCACCGATGCT	5725	19586	DMSO_U0126_110cell_adult3	0.020422751	Neural (b)	Neural (b)
DMSO_110cell_AGCCACAAGTGC	5024	16080	DMSO_U0126_110cell_adult3	0.037313433	Neural (a)	Neural (a)
DMSO_110cell_AGCCAGTGATTT	6150	28110	DMSO_U0126_110cell_adult5	0.085378869	Epidermis (b)	Epidermis (b)
DMSO_110cell_AGCCCAGTGGAG	4736	13561	DMSO_U0126_110cell_adult1	0.014748175	Epidermis (a)	Epidermis (a)
DMSO_110cell_AGCCCGACCGGT	3268	 6887	DMSO_U0126_110cell_adult3	0.014520110	Epidermis (b)	Epidermis (b)
DMSO_110cell_AGCCCTTAAAGA	4759	13785	DMSO_U0126_110cell_adult1	0.268407690	Epidermis (a)	Epidermis (a)
DMSO_110cell_AGCCGGATGTTC	6904	43072	DMSO_U0126_110cell_adult1	0.034825409	B7.7	B7.7
DMSO_110cell_AGCCGGCGAGAG	5442	19021	DMSO_U0126_110cell_adult1	0.021029389	Epidermis (a)	Epidermis (a)
DMSO_110cell_AGCCGTAGCGAG	4636	13001	DMSO_U0126_110cell_adult1	0.007691716	Epidermis (a)	Epidermis (a)
DMSO_110cell_AGCCTTATTGAA	2781	 5173	DMSO_U0126_110cell_adult1	0.386622849	B8.5	B8.5
DMSO_110cell_AGCGATGTACGT	5674	23149	DMSO_U0126_110cell_adult1	0.008639682	Epidermis (b)	Epidermis (b)
DMSO_110cell_AGCGCATTATTC	5349	18405	DMSO_U0126_110cell_adult2	0.282531921	Neural (a)	Neural (a)
DMSO_110cell_AGCGGAAGACGG	5889	23305	DMSO_U0126_110cell_adult5	0.021454623	Epidermis (b)	Epidermis (b)
DMSO_110cell_AGCGTGAGTCTC	5285	18794	DMSO_U0126_110cell_adult5	0.026604235	Epidermis (b)	Epidermis (b)
DMSO_110cell_AGCGTGCTTTAC	5712	23793	DMSO_U0126_110cell_adult2	0.058840836	Neural (A) C1/2	Neural (A) C1/2
DMSO_110cell_AGCTCAGGGTCT	4971	14676	DMSO_U0126_110cell_adult1	0.034069229	Epidermis (a)	Epidermis (a)
DMSO_110cell_AGCTCGACAACC	5658	21450	DMSO_U0126_110cell_adult1	0.069930070	Neural (A) C3/4	Neural (A) C3/4
DMSO_110cell_AGCTTTGGGGGT	4384	10789	DMSO_U0126_110cell_adult1	0.027806099	Epidermis (b)	Epidermis (b)
DMSO_110cell_AGGAAAATGGTC	6967	42876	DMSO_U0126_110cell_adult1	0.083963056	Neural (b)	Neural (b)
DMSO_110cell_AGGAACACTCTT	7516	62118	DMSO_U0126_110cell_adult5	0.028977108	Neural (b)	Neural (b)
DMSO_110cell_AGGAACTATTGA	5643	25403	DMSO_U0126_110cell_adult2	1.440774712	Neural (A) C1/2	Neural (A) C1/2
DMSO_110cell_AGGAATAGGCGG	3867	 8715	DMSO_U0126_110cell_adult5	0.103270224	Epidermis (b)	Epidermis (b)
DMSO_110cell_AGGACAGAGGAA	4045	 9378	DMSO_U0126_110cell_adult1	0.127959053	Epidermis (a)	Epidermis (a)
DMSO_110cell_AGGACATATCGG	4662	13526	DMSO_U0126_110cell_adult3	0.051752181	Epidermis (b)	Epidermis (b)
DMSO_110cell_AGGACCAAGACG	4442	11567	DMSO_U0126_110cell_adult3	0.017290568	Neural (b)	Neural (b)
DMSO_110cell_AGGAGGGGTACG	3676	 8318	DMSO_U0126_110cell_adult3	0.084154845	Neural (A) C1/2	Neural (A) C1/2
DMSO_110cell_AGGCAAACTCTT	4337	12183	DMSO_U0126_110cell_adult1	0.147746860	Epidermis (b)	Epidermis (b)
DMSO_110cell_AGGCAACGAGAG	4891	14216	DMSO_U0126_110cell_adult3	0.028137310	1˚ Notochord	1˚ Notochord
DMSO_110cell_AGGCCTAGCGTT	6085	29154	DMSO_U0126_110cell_adult2	0.205803663	B7.8 Muscle	B7.8 Muscle
DMSO_110cell_AGGCGACATTTG	5678	21170	DMSO_U0126_110cell_adult1	0.033065659	Epidermis (a)	Epidermis (a)
DMSO_110cell_AGGCTTTCCTGG	4314	10285	DMSO_U0126_110cell_adult3	0.000000000	Epidermis (b)	Epidermis (b)
DMSO_110cell_AGGGAACGTCTC	5078	17531	DMSO_U0126_110cell_adult3	0.068450174	Epidermis (a)	Epidermis (a)
DMSO_110cell_AGGGCCGTAGCG	4348	10481	DMSO_U0126_110cell_adult1	0.047705372	Epidermis (b)	Epidermis (b)
DMSO_110cell_AGGGGGCGCGCG	4807	14456	DMSO_U0126_110cell_adult1	0.062257886	Neural (A) C1/2	Neural (A) C1/2
DMSO_110cell_AGGGTGGAGATC	5514	20185	DMSO_U0126_110cell_adult3	0.217983651	Neural (A) C3/4	Neural (A) C3/4
DMSO_110cell_AGGTACATTAGA	5958	25106	DMSO_U0126_110cell_adult1	1.334342388	B7.4 Muscle	B7.4 Muscle
DMSO_110cell_AGGTACCGCCTA	3252	 6589	DMSO_U0126_110cell_adult4	0.045530430	1˚ Notochord	1˚ Notochord
DMSO_110cell_AGGTATAGGTAG	4424	11165	DMSO_U0126_110cell_adult1	0.232870578	Neural (b)	Neural (b)
DMSO_110cell_AGGTATGTGAGA	2754	 4847	DMSO_U0126_110cell_adult5	0.165050547	B8.6	B8.6
DMSO_110cell_AGGTCGGCACCA	5541	21724	DMSO_U0126_110cell_adult4	0.046032038	Neural (A) C1/2	Neural (A) C1/2
DMSO_110cell_AGGTTCGGTTTG	6046	30572	DMSO_U0126_110cell_adult2	0.114483841	B7.7	B7.7
DMSO_110cell_AGGTTTGCCTTC	5900	23539	DMSO_U0126_110cell_adult3	0.038234419	Neural (a)	Neural (a)
DMSO_110cell_AGTACCATTTAT	5979	27190	DMSO_U0126_110cell_adult5	0.139757264	Epidermis (b)	Epidermis (b)
DMSO_110cell_AGTATCGGTTCG	2909	 5832	DMSO_U0126_110cell_adult1	0.085733882	Epidermis (b)	Epidermis (b)
DMSO_110cell_AGTCAACACATT	5815	24463	DMSO_U0126_110cell_adult5	0.163512243	Neural (a)	Neural (a)
DMSO_110cell_AGTCGGCCGGGT	5384	19280	DMSO_U0126_110cell_adult1	0.031120332	Neural (A) C1/2	Neural (A) C1/2
DMSO_110cell_AGTCTCTATTGG	7469	69390	DMSO_U0126_110cell_adult2	0.102320219	B8.5	B8.5
DMSO_110cell_AGTCTGGAATGT	6262	34236	DMSO_U0126_110cell_adult5	0.885033298	B7.4 Muscle	B7.4 Muscle
DMSO_110cell_AGTGCACACCAT	4992	14882	DMSO_U0126_110cell_adult3	0.013439054	Epidermis (b)	Epidermis (b)
DMSO_110cell_AGTGCGGCCTTG	2806	 5113	DMSO_U0126_110cell_adult3	0.039115979	B8.5	B8.5
DMSO_110cell_AGTGCTCCATTG	5418	17266	DMSO_U0126_110cell_adult3	0.005791729	Epidermis (a)	Epidermis (a)
DMSO_110cell_AGTTAGTAACCT	5419	18289	DMSO_U0126_110cell_adult3	0.098419815	Epidermis (b)	Epidermis (b)
DMSO_110cell_AGTTAGTGGCCA	4515	12704	DMSO_U0126_110cell_adult5	0.039357683	Epidermis (b)	Epidermis (b)
DMSO_110cell_AGTTCACAATTA	4873	14730	DMSO_U0126_110cell_adult4	0.169721656	Epidermis (b)	Epidermis (b)
DMSO_110cell_AGTTCTAGGAGG	4602	12149	DMSO_U0126_110cell_adult1	0.024693390	Neural (b)	Neural (b)
DMSO_110cell_AGTTGTCACCAG	7111	42717	DMSO_U0126_110cell_adult4	0.014045930	Neural (b)	Neural (b)
DMSO_110cell_AGTTTAGGTCCT	6520	34616	DMSO_U0126_110cell_adult1	0.439103305	B7.8 Muscle	B7.8 Muscle
DMSO_110cell_AGTTTGCCGTTT	6297	29658	DMSO_U0126_110cell_adult1	0.232652235	B7.4 Muscle	B7.4 Muscle
DMSO_110cell_ATAAAGGTCGAT	3578	 7606	DMSO_U0126_110cell_adult1	0.249802787	B8.5	B8.5
DMSO_110cell_ATAACACGGAGA	4358	11053	DMSO_U0126_110cell_adult5	0.171899032	Neural (b)	Neural (b)
DMSO_110cell_ATAACCCACTTG	4157	11299	DMSO_U0126_110cell_adult4	0.141605452	Epidermis (b)	Epidermis (b)
DMSO_110cell_ATAACTACAGAA	4406	12040	DMSO_U0126_110cell_adult1	0.382059801	Epidermis (b)	Epidermis (b)
DMSO_110cell_ATAAGACGCCAT	5311	20187	DMSO_U0126_110cell_adult3	0.024768415	Epidermis (a)	Epidermis (a)
DMSO_110cell_ATAAGGAACGAC	4997	14759	DMSO_U0126_110cell_adult1	0.182939224	Neural (a)	Neural (a)
DMSO_110cell_ATAATAGAGACT	5984	23275	DMSO_U0126_110cell_adult1	0.249194415	Neural (a)	Neural (a)
DMSO_110cell_ATAATGTCCGAA	5266	18218	DMSO_U0126_110cell_adult2	0.098803381	Epidermis (b)	Epidermis (b)
DMSO_110cell_ATACAGCGGACC	2902	 5554	DMSO_U0126_110cell_adult1	0.162045373	Epidermis (a)	Epidermis (a)
DMSO_110cell_ATACCCCCCCCG	5456	19656	DMSO_U0126_110cell_adult3	0.005087505	Epidermis (b)	Epidermis (b)
DMSO_110cell_ATACCCGTTACA	6033	26629	DMSO_U0126_110cell_adult1	0.285403132	Neural (b)	Neural (b)
DMSO_110cell_ATACCGCCACTA	6121	27472	DMSO_U0126_110cell_adult5	0.003640070	Epidermis (b)	Epidermis (b)
DMSO_110cell_ATACGCTCGATA	2756	 4960	DMSO_U0126_110cell_adult5	0.403225806	B8.5	B8.5
DMSO_110cell_ATACGGACTACG	4746	14763	DMSO_U0126_110cell_adult2	0.047415837	B8.5	B8.5
DMSO_110cell_ATACTACGTATC	6494	33364	DMSO_U0126_110cell_adult1	1.372737082	Neural (A) C1/2	Neural (A) C1/2
DMSO_110cell_ATACTCACACGT	5205	17501	DMSO_U0126_110cell_adult4	0.199988572	Neural (a)	Neural (a)
DMSO_110cell_ATAGAAGGAGAT	6797	42253	DMSO_U0126_110cell_adult5	0.279270111	Neural (A) C3/4	Neural (A) C3/4
DMSO_110cell_ATAGACATCATG	6478	37369	DMSO_U0126_110cell_adult5	1.057025877	B7.4 Muscle	B7.4 Muscle
DMSO_110cell_ATAGCCGACGGA	4661	14622	DMSO_U0126_110cell_adult5	0.000000000	B7.5	B7.5
DMSO_110cell_ATAGCGCTCTGA	4862	15041	DMSO_U0126_110cell_adult1	0.026593976	Epidermis (a)	Epidermis (a)
DMSO_110cell_ATAGTAGAAGTT	3732	 8088	DMSO_U0126_110cell_adult1	0.074183976	Neural (b)	Neural (b)
DMSO_110cell_ATAGTCAGTTCA	5591	21021	DMSO_U0126_110cell_adult5	0.176014462	Epidermis (a)	Epidermis (a)
DMSO_110cell_ATAGTGATTTAC	2823	 5051	DMSO_U0126_110cell_adult4	0.336567016	Neural (b)	Neural (b)
DMSO_110cell_ATATATCGTGGG	6232	26069	DMSO_U0126_110cell_adult4	0.076719475	B7.7	B7.7
DMSO_110cell_ATATCTGATTCG	6038	26622	DMSO_U0126_110cell_adult1	0.841409361	Neural (A) C1/2	Neural (A) C1/2
DMSO_110cell_ATATGTACTTAC	4580	12040	DMSO_U0126_110cell_adult1	0.348837209	B7.8 Muscle	B7.8 Muscle
DMSO_110cell_ATATTCGGCGAT	5574	22723	DMSO_U0126_110cell_adult4	0.145227303	B7.8 Muscle	B7.8 Muscle
DMSO_110cell_ATCAAAAAAACC	4888	15348	DMSO_U0126_110cell_adult1	0.143341152	Epidermis (a)	Epidermis (a)
DMSO_110cell_ATCAAGGCGACT	6022	27527	DMSO_U0126_110cell_adult1	0.032695172	B8.5	B8.5
DMSO_110cell_ATCAATAGCAGC	4922	14346	DMSO_U0126_110cell_adult2	0.034852921	Neural (b)	Neural (b)
DMSO_110cell_ATCACGCTCTAC	3170	 6197	DMSO_U0126_110cell_adult5	0.000000000	1˚ Notochord	1˚ Notochord
DMSO_110cell_ATCAGAACGTCC	6653	44388	DMSO_U0126_110cell_adult2	0.346940615	B7.8 Muscle	B7.8 Muscle
DMSO_110cell_ATCAGCGAGCCT	4398	11476	DMSO_U0126_110cell_adult3	0.008713838	1˚ Notochord	1˚ Notochord
DMSO_110cell_ATCATGCAGACG	5784	24730	DMSO_U0126_110cell_adult2	1.775171856	Neural (A) C1/2	Neural (A) C1/2
DMSO_110cell_ATCATGTTCGTT	4492	12322	DMSO_U0126_110cell_adult3	0.081155657	Neural (A) C1/2	Neural (A) C1/2
DMSO_110cell_ATCCAAACCTAA	5161	16609	DMSO_U0126_110cell_adult1	0.879041484	Neural (a)	Neural (a)
DMSO_110cell_ATCCACCTGTCC	2989	 5669	DMSO_U0126_110cell_adult4	0.194037749	B7.4 Muscle	B7.4 Muscle
DMSO_110cell_ATCCAGCTTGTC	7242	54385	DMSO_U0126_110cell_adult5	0.042291073	Epidermis (a)	Epidermis (a)
DMSO_110cell_ATCCGACCGCCC	5744	24770	DMSO_U0126_110cell_adult2	0.129188535	B7.8 Muscle	B7.8 Muscle
DMSO_110cell_ATCCGTGTGTGT	5356	17837	DMSO_U0126_110cell_adult3	0.056063239	Epidermis (a)	Epidermis (a)
DMSO_110cell_ATCCTGCGCACC	4147	10205	DMSO_U0126_110cell_adult1	0.009799118	Epidermis (b)	Epidermis (b)
DMSO_110cell_ATCGAAACACCG	3555	 7702	DMSO_U0126_110cell_adult1	0.064918203	Epidermis (a)	Epidermis (a)
DMSO_110cell_ATCGACTGGTGG	3571	 8209	DMSO_U0126_110cell_adult1	0.292362042	Neural (A) C3/4	Neural (A) C3/4
DMSO_110cell_ATCGCCAGAACG	4315	11226	DMSO_U0126_110cell_adult1	0.115802601	TLC	TLC
DMSO_110cell_ATCGCCTGTACT	3034	 5315	DMSO_U0126_110cell_adult1	0.000000000	Neural (a)	Neural (a)
DMSO_110cell_ATCTAACTTTAT	3904	 8916	DMSO_U0126_110cell_adult5	0.706594886	Epidermis (b)	Epidermis (b)
DMSO_110cell_ATCTGCATGTCG	5112	16996	DMSO_U0126_110cell_adult1	0.100023535	Epidermis (a)	Epidermis (a)
DMSO_110cell_ATCTGTAAGGCT	4830	13724	DMSO_U0126_110cell_adult1	0.174876129	Epidermis (b)	Epidermis (b)
DMSO_110cell_ATCTTAATTGCA	5195	16551	DMSO_U0126_110cell_adult4	0.314180412	Neural (A) C1/2	Neural (A) C1/2
DMSO_110cell_ATCTTCAGCAAT	6205	30008	DMSO_U0126_110cell_adult5	0.083311117	Epidermis (b)	Epidermis (b)
DMSO_110cell_ATCTTCGTTAGG	5092	16522	DMSO_U0126_110cell_adult3	0.199733688	Epidermis (a)	Epidermis (a)
DMSO_110cell_ATCTTGCGCGGC	5644	21229	DMSO_U0126_110cell_adult3	0.009421075	Epidermis (a)	Epidermis (a)
DMSO_110cell_ATCTTTTCGCTT	5019	14945	DMSO_U0126_110cell_adult5	0.026764804	1˚ Notochord	1˚ Notochord
DMSO_110cell_ATGAGATGCCGG	3323	 6729	DMSO_U0126_110cell_adult5	0.133749443	B8.5	B8.5
DMSO_110cell_ATGAGCGCCTGA	6273	28930	DMSO_U0126_110cell_adult1	0.020739717	1˚ Notochord	1˚ Notochord
DMSO_110cell_ATGAGTGCGTCG	5193	17306	DMSO_U0126_110cell_adult2	0.075118456	Epidermis (b)	Epidermis (b)
DMSO_110cell_ATGATCCGATCC	6953	45166	DMSO_U0126_110cell_adult1	0.008856219	TLC	TLC
DMSO_110cell_ATGATCGTCAAT	5379	18676	DMSO_U0126_110cell_adult1	0.058899122	1˚ Notochord	1˚ Notochord
DMSO_110cell_ATGATGGACTGG	5274	17630	DMSO_U0126_110cell_adult2	0.068065797	Epidermis (b)	Epidermis (b)
DMSO_110cell_ATGCAAAGCGGT	3883	 8280	DMSO_U0126_110cell_adult1	0.072463768	TLC	TLC
DMSO_110cell_ATGCAATGATAA	5881	21794	DMSO_U0126_110cell_adult1	0.646967055	Neural (b)	Neural (b)
DMSO_110cell_ATGCACCCCACA	3067	 5614	DMSO_U0126_110cell_adult3	0.000000000	TLC	TLC
DMSO_110cell_ATGCAGGTGTCA	6860	40862	DMSO_U0126_110cell_adult3	0.026919877	Epidermis (a)	Epidermis (a)
DMSO_110cell_ATGCCAATGCGA	3198	 6397	DMSO_U0126_110cell_adult1	0.218852587	Neural (b)	Neural (b)
DMSO_110cell_ATGCCCCTTGAA	5530	19865	DMSO_U0126_110cell_adult5	0.015101938	Neural (a)	Neural (a)
DMSO_110cell_ATGCGGATACAA	4791	14693	DMSO_U0126_110cell_adult1	0.054447696	Epidermis (b)	Epidermis (b)
DMSO_110cell_ATGCTCTCCTAG	3029	 5795	DMSO_U0126_110cell_adult1	0.345125108	B8.5	B8.5
DMSO_110cell_ATGGAAGTTCTT	4635	13220	DMSO_U0126_110cell_adult1	0.332829047	1˚ Notochord	1˚ Notochord
DMSO_110cell_ATGGAATGAACA	4872	14958	DMSO_U0126_110cell_adult1	0.233988501	B8.6	B8.6
DMSO_110cell_ATGGCACTCCGG	3191	 5988	DMSO_U0126_110cell_adult3	0.066800267	Epidermis (a)	Epidermis (a)
DMSO_110cell_ATGGCTGTACAG	4967	15483	DMSO_U0126_110cell_adult1	0.032293483	1˚ Notochord	1˚ Notochord
DMSO_110cell_ATGGCTTAGCGA	5391	20562	DMSO_U0126_110cell_adult2	0.014590020	Epidermis (b)	Epidermis (b)
DMSO_110cell_ATGGTAATATCA	4896	15032	DMSO_U0126_110cell_adult5	0.465673230	Epidermis (b)	Epidermis (b)
DMSO_110cell_ATGGTATTTTGT	5420	17742	DMSO_U0126_110cell_adult4	0.050727088	Neural (a)	Neural (a)
DMSO_110cell_ATGGTCACTTGA	3555	 7746	DMSO_U0126_110cell_adult2	0.180738446	Neural (a)	Neural (a)
DMSO_110cell_ATGGTCTTGGGT	5335	18350	DMSO_U0126_110cell_adult2	0.108991826	Epidermis (a)	Epidermis (a)
DMSO_110cell_ATGGTTATTCAT	3167	 6020	DMSO_U0126_110cell_adult5	0.299003322	TLC	TLC
DMSO_110cell_ATGGTTCTAAGT	6924	40785	DMSO_U0126_110cell_adult5	0.230476891	Neural (a)	Neural (a)
DMSO_110cell_ATGTAGTGTGGA	3815	 9111	DMSO_U0126_110cell_adult3	0.175611898	Neural (A) C1/2	Neural (A) C1/2
DMSO_110cell_ATGTCCCCTTTC	6459	38048	DMSO_U0126_110cell_adult2	0.044680404	Epidermis (a)	Epidermis (a)
DMSO_110cell_ATGTCGTGCCAT	3773	 8171	DMSO_U0126_110cell_adult1	0.012238404	Epidermis (b)	Epidermis (b)
DMSO_110cell_ATGTGCTCACGC	5711	22852	DMSO_U0126_110cell_adult4	0.017503938	Epidermis (b)	Epidermis (b)
DMSO_110cell_ATGTTCGGCTTT	5064	16343	DMSO_U0126_110cell_adult2	0.134614208	Epidermis (b)	Epidermis (b)
DMSO_110cell_ATTACCGTCCGG	3740	 8980	DMSO_U0126_110cell_adult1	0.011135857	1˚ Notochord	1˚ Notochord
DMSO_110cell_ATTACGGGGTTT	4815	14310	DMSO_U0126_110cell_adult3	0.041928721	Endoderm (A)	Endoderm (A)
DMSO_110cell_ATTACGTTGTGC	6671	40569	DMSO_U0126_110cell_adult2	0.024649363	Epidermis (b)	Epidermis (b)
DMSO_110cell_ATTACTATCCGT	6382	34101	DMSO_U0126_110cell_adult2	0.436937333	Neural (b)	Neural (b)
DMSO_110cell_ATTAGCTATGAC	3766	 8607	DMSO_U0126_110cell_adult4	0.557685605	Neural (A) C1/2	Neural (A) C1/2
DMSO_110cell_ATTAGGCTAACA	3664	 8144	DMSO_U0126_110cell_adult1	0.454322200	B8.5	B8.5
DMSO_110cell_ATTATACATAGC	4564	12137	DMSO_U0126_110cell_adult1	0.214220977	Epidermis (a)	Epidermis (a)
DMSO_110cell_ATTCAATGTTAA	6349	32890	DMSO_U0126_110cell_adult2	0.547278808	Neural (b)	Neural (b)
DMSO_110cell_ATTCAGGTGCAG	7361	56000	DMSO_U0126_110cell_adult1	0.058928571	Endoderm (B)	Endoderm (B)
DMSO_110cell_ATTCGGCGCGAC	3702	 8523	DMSO_U0126_110cell_adult5	0.011732958	Neural (a)	Neural (a)
DMSO_110cell_ATTGCCCGTGGC	5469	20955	DMSO_U0126_110cell_adult2	0.033404915	Epidermis (b)	Epidermis (b)
DMSO_110cell_ATTGCTTTTCGG	4874	14517	DMSO_U0126_110cell_adult5	0.530412620	Neural (A) C3/4	Neural (A) C3/4
DMSO_110cell_ATTGGACACTGG	5366	19411	DMSO_U0126_110cell_adult5	0.056668899	Epidermis (b)	Epidermis (b)
DMSO_110cell_ATTGGGTGACAT	5686	20828	DMSO_U0126_110cell_adult3	0.081620895	Neural (A) C1/2	Neural (A) C1/2
DMSO_110cell_ATTGTATCTGGT	3887	 8674	DMSO_U0126_110cell_adult1	0.057643532	1˚ Notochord	1˚ Notochord
DMSO_110cell_ATTTAAATTGCG	3287	 6551	DMSO_U0126_110cell_adult3	0.030529690	Epidermis (a)	Epidermis (a)
DMSO_110cell_ATTTATCAGCCG	5326	17371	DMSO_U0126_110cell_adult1	0.000000000	Epidermis (a)	Epidermis (a)
DMSO_110cell_ATTTCGCAACAA	3031	 5923	DMSO_U0126_110cell_adult4	0.168833361	Neural (a)	Neural (a)
DMSO_110cell_ATTTGATTTTGG	5744	22471	DMSO_U0126_110cell_adult1	0.129055227	B7.8 Muscle	B7.8 Muscle
DMSO_110cell_ATTTGCACTACA	4638	13512	DMSO_U0126_110cell_adult5	0.222024867	Epidermis (b)	Epidermis (b)
DMSO_110cell_ATTTGGTCATGG	3063	 5562	DMSO_U0126_110cell_adult4	0.251708019	TLC	TLC
DMSO_110cell_ATTTTGAAGCTT	4375	11295	DMSO_U0126_110cell_adult2	0.035413900	Neural (b)	Neural (b)
DMSO_110cell_ATTTTGGTTGAT	6267	32480	DMSO_U0126_110cell_adult2	0.270935961	B7.4 Muscle	B7.4 Muscle
DMSO_110cell_CAAAACTCTTAA	6264	34445	DMSO_U0126_110cell_adult3	1.132239803	Neural (A) C1/2	Neural (A) C1/2
DMSO_110cell_CAAAGAAGAAGT	4134	 9671	DMSO_U0126_110cell_adult5	0.361906731	Neural (a)	Neural (a)
DMSO_110cell_CAAATATAAGAA	4982	15672	DMSO_U0126_110cell_adult4	0.529606942	Neural (A) C1/2	Neural (A) C1/2
DMSO_110cell_CAAATTGCCGAT	3226	 6174	DMSO_U0126_110cell_adult1	0.048590865	Epidermis (b)	Epidermis (b)
DMSO_110cell_CAAATTTCGAGT	6046	27738	DMSO_U0126_110cell_adult1	0.205494268	Neural (a)	Neural (a)
DMSO_110cell_CAAATTTTTCGT	5847	23364	DMSO_U0126_110cell_adult1	0.059921246	Epidermis (b)	Epidermis (b)
DMSO_110cell_CAACAGAGTAAG	4588	12062	DMSO_U0126_110cell_adult3	0.024871497	1˚ Notochord	1˚ Notochord
DMSO_110cell_CAACCACAGGTG	2934	 5428	DMSO_U0126_110cell_adult4	0.018422992	B8.6	B8.6
DMSO_110cell_CAACCGCCCTGA	4609	12924	DMSO_U0126_110cell_adult1	0.061900340	Epidermis (a)	Epidermis (a)
DMSO_110cell_CAACCTGCTATG	4145	10496	DMSO_U0126_110cell_adult4	0.019054878	Epidermis (b)	Epidermis (b)
DMSO_110cell_CAACGCAGTATA	3426	 6980	DMSO_U0126_110cell_adult1	0.272206304	Neural (A) C1/2	Neural (A) C1/2
DMSO_110cell_CAACGGTATCCC	3511	 7530	DMSO_U0126_110cell_adult2	0.026560425	Epidermis (a)	Epidermis (a)
DMSO_110cell_CAACTCATTTAA	6014	28365	DMSO_U0126_110cell_adult2	1.840296140	Neural (b)	Neural (b)
DMSO_110cell_CAACTGGGGTGC	5054	16236	DMSO_U0126_110cell_adult1	0.080068983	Neural (A) C1/2	Neural (A) C1/2
DMSO_110cell_CAACTTCACGCT	3849	 9764	DMSO_U0126_110cell_adult1	0.071691930	Epidermis (a)	Epidermis (a)
DMSO_110cell_CAACTTTAGCCT	4911	15797	DMSO_U0126_110cell_adult5	0.031651579	Epidermis (b)	Epidermis (b)
DMSO_110cell_CAAGACAACTCC	5068	17067	DMSO_U0126_110cell_adult1	0.246088944	B7.5	B7.5
DMSO_110cell_CAAGACACAGCT	5518	20978	DMSO_U0126_110cell_adult1	0.057202784	Epidermis (a)	Epidermis (a)
DMSO_110cell_CAAGAGATGACC	6965	45866	DMSO_U0126_110cell_adult5	0.037064492	Epidermis (b)	Epidermis (b)
DMSO_110cell_CAAGATTTGTCA	5347	17488	DMSO_U0126_110cell_adult3	0.142955169	Neural (A) C3/4	Neural (A) C3/4
DMSO_110cell_CAAGCAAAATTG	5341	17257	DMSO_U0126_110cell_adult1	0.133279249	Epidermis (b)	Epidermis (b)
DMSO_110cell_CAAGCAGGTTTG	4158	10240	DMSO_U0126_110cell_adult5	0.058593750	Epidermis (a)	Epidermis (a)
DMSO_110cell_CAAGCATGCTAT	4844	13566	DMSO_U0126_110cell_adult3	0.110570544	Neural (a)	Neural (a)
DMSO_110cell_CAAGTTGCAACC	3566	 8030	DMSO_U0126_110cell_adult2	0.037359900	B8.5	B8.5
DMSO_110cell_CAATCGAGCAGA	5905	23698	DMSO_U0126_110cell_adult5	0.059076715	Epidermis (b)	Epidermis (b)
DMSO_110cell_CAATCGATAAAT	5600	21961	DMSO_U0126_110cell_adult1	1.862392423	Neural (A) C1/2	Neural (A) C1/2
DMSO_110cell_CAATGGTTGGCA	4926	16344	DMSO_U0126_110cell_adult2	0.171316691	B7.5	B7.5
DMSO_110cell_CACAAACATATG	5392	18110	DMSO_U0126_110cell_adult3	0.038652678	Epidermis (b)	Epidermis (b)
DMSO_110cell_CACACTTAAAGC	4926	15487	DMSO_U0126_110cell_adult4	0.258281139	Epidermis (a)	Epidermis (a)
DMSO_110cell_CACATAACCCCG	6768	40206	DMSO_U0126_110cell_adult3	0.024871910	B7.7	B7.7
DMSO_110cell_CACCCAGCCCGC	5356	19421	DMSO_U0126_110cell_adult5	0.020596262	Epidermis (a)	Epidermis (a)
DMSO_110cell_CACCCCGAACGT	6086	29552	DMSO_U0126_110cell_adult2	0.020303194	Epidermis (a)	Epidermis (a)
DMSO_110cell_CACCCGCAAGCG	4273	11266	DMSO_U0126_110cell_adult2	0.000000000	Neural (b)	Neural (b)
DMSO_110cell_CACCGTAGAGCG	4379	11510	DMSO_U0126_110cell_adult1	0.017376195	Epidermis (a)	Epidermis (a)
DMSO_110cell_CACCGTTCCTAC	5198	18796	DMSO_U0126_110cell_adult2	0.191530113	B7.8 Muscle	B7.8 Muscle
DMSO_110cell_CACCTAGTGACT	5507	19380	DMSO_U0126_110cell_adult3	0.175438596	Epidermis (b)	Epidermis (b)
DMSO_110cell_CACGATCCAGTT	5827	23013	DMSO_U0126_110cell_adult1	0.030417590	Epidermis (a)	Epidermis (a)
DMSO_110cell_CACGCAATGTCC	6453	34008	DMSO_U0126_110cell_adult1	0.000000000	Neural (a)	Neural (a)
DMSO_110cell_CACGCCTCATCC	5038	14985	DMSO_U0126_110cell_adult3	0.000000000	B7.7	B7.7
DMSO_110cell_CACGCTGATCTC	5514	21025	DMSO_U0126_110cell_adult2	0.019024970	Epidermis (a)	Epidermis (a)
DMSO_110cell_CACTATTTAAAC	4939	15552	DMSO_U0126_110cell_adult5	0.128600823	Epidermis (a)	Epidermis (a)
DMSO_110cell_CACTCATGATTC	5451	18974	DMSO_U0126_110cell_adult1	0.321492569	Epidermis (b)	Epidermis (b)
DMSO_110cell_CACTCCCCGGTT	5778	22939	DMSO_U0126_110cell_adult1	0.004359388	Epidermis (a)	Epidermis (a)
DMSO_110cell_CACTCTAAACTT	5474	19041	DMSO_U0126_110cell_adult1	0.330864976	Neural (b)	Neural (b)
DMSO_110cell_CACTTACTTTGA	5826	23594	DMSO_U0126_110cell_adult1	0.224633381	B8.5	B8.5
DMSO_110cell_CACTTCCATTTT	7150	47211	DMSO_U0126_110cell_adult1	0.260532503	Neural (a)	Neural (a)
DMSO_110cell_CACTTCGCCGGC	3468	 7557	DMSO_U0126_110cell_adult3	0.013232764	Neural (b)	Neural (b)
DMSO_110cell_CAGAAAACTACG	3207	 6282	DMSO_U0126_110cell_adult4	0.366125438	Neural (a)	Neural (a)
DMSO_110cell_CAGACAATCTGG	4043	10284	DMSO_U0126_110cell_adult5	0.058343057	Epidermis (a)	Epidermis (a)
DMSO_110cell_CAGACCCTTAGG	6262	33637	DMSO_U0126_110cell_adult1	0.011891667	B8.5	B8.5
DMSO_110cell_CAGAGGACCGCA	3877	 8737	DMSO_U0126_110cell_adult1	0.022891153	Neural (a)	Neural (a)
DMSO_110cell_CAGATGCCATGC	5221	17418	DMSO_U0126_110cell_adult5	0.091858996	Neural (a)	Neural (a)
DMSO_110cell_CAGATTAGTACT	4898	14549	DMSO_U0126_110cell_adult1	0.144339817	Epidermis (b)	Epidermis (b)
DMSO_110cell_CAGCAGCTGTGC	7403	57019	DMSO_U0126_110cell_adult2	0.036829829	Neural (A) C3/4	Neural (A) C3/4
DMSO_110cell_CAGCATCAGCGA	4779	14934	DMSO_U0126_110cell_adult2	0.174099371	Neural (A) C3/4	Neural (A) C3/4
DMSO_110cell_CAGCCAACAATA	5589	22002	DMSO_U0126_110cell_adult2	0.118171075	Epidermis (b)	Epidermis (b)
DMSO_110cell_CAGCCCATTTCT	6415	32119	DMSO_U0126_110cell_adult1	0.031134220	B8.5	B8.5
DMSO_110cell_CAGCCTTACAGG	6802	46585	DMSO_U0126_110cell_adult5	0.165289256	B7.4 Muscle	B7.4 Muscle
DMSO_110cell_CAGCCTTGATGC	5038	15283	DMSO_U0126_110cell_adult3	0.006543218	1˚ Notochord	1˚ Notochord
DMSO_110cell_CAGCGGCAGTCT	6724	39675	DMSO_U0126_110cell_adult1	0.007561437	Epidermis (a)	Epidermis (a)
DMSO_110cell_CAGCGGCGGCAA	3072	 5926	DMSO_U0126_110cell_adult1	0.016874789	1˚ Notochord	1˚ Notochord
DMSO_110cell_CAGCGTATAAAT	4322	11365	DMSO_U0126_110cell_adult1	0.237571491	Epidermis (b)	Epidermis (b)
DMSO_110cell_CAGCTCTACCGT	5434	19808	DMSO_U0126_110cell_adult2	0.106017771	Epidermis (b)	Epidermis (b)
DMSO_110cell_CAGCTCTTATGT	3216	 6021	DMSO_U0126_110cell_adult4	0.199302441	Epidermis (b)	Epidermis (b)
DMSO_110cell_CAGCTTAGAGGA	4444	11720	DMSO_U0126_110cell_adult1	0.546075085	Neural (A) C1/2	Neural (A) C1/2
DMSO_110cell_CAGGCATGACCC	5716	23474	DMSO_U0126_110cell_adult1	0.012780097	Epidermis (a)	Epidermis (a)
DMSO_110cell_CAGGCTACTAAC	4338	11281	DMSO_U0126_110cell_adult1	0.026593387	Neural (a)	Neural (a)
DMSO_110cell_CAGGGACAGCCT	6702	40324	DMSO_U0126_110cell_adult1	0.004959825	Endoderm (A)	Endoderm (A)
DMSO_110cell_CAGGGGGATAAA	4183	10720	DMSO_U0126_110cell_adult5	0.009328358	Neural (b)	Neural (b)
DMSO_110cell_CAGGTAGCACAG	4930	15082	DMSO_U0126_110cell_adult5	0.006630420	Epidermis (a)	Epidermis (a)
DMSO_110cell_CAGGTATCGGCG	5647	21488	DMSO_U0126_110cell_adult1	0.004653760	Neural (a)	Neural (a)
DMSO_110cell_CAGGTCACACCC	6650	38516	DMSO_U0126_110cell_adult1	0.070100737	B8.5	B8.5
DMSO_110cell_CAGGTCCTATCA	4628	12821	DMSO_U0126_110cell_adult5	0.007799704	1˚ Notochord	1˚ Notochord
DMSO_110cell_CAGGTGCGGCTT	4140	10449	DMSO_U0126_110cell_adult1	0.162694995	1˚ Notochord	1˚ Notochord
DMSO_110cell_CAGGTTCGGCGG	4963	16210	DMSO_U0126_110cell_adult5	0.074028378	B7.8 Muscle	B7.8 Muscle
DMSO_110cell_CAGTACTCATTC	5728	23470	DMSO_U0126_110cell_adult1	0.068172135	Epidermis (a)	Epidermis (a)
DMSO_110cell_CAGTAGGGAATA	2810	 5072	DMSO_U0126_110cell_adult1	0.216876972	Epidermis (b)	Epidermis (b)
DMSO_110cell_CAGTATATTGAG	6627	34249	DMSO_U0126_110cell_adult4	0.870098397	Neural (A) C1/2	Neural (A) C1/2
DMSO_110cell_CAGTCAGGCACA	4828	14134	DMSO_U0126_110cell_adult3	0.000000000	Neural (b)	Neural (b)
DMSO_110cell_CAGTGTGAAGAA	4886	13895	DMSO_U0126_110cell_adult1	0.431810004	Neural (a)	Neural (a)
DMSO_110cell_CAGTGTTATGGG	2981	 5747	DMSO_U0126_110cell_adult1	0.104402297	Epidermis (b)	Epidermis (b)
DMSO_110cell_CATACAGATACC	3462	 7164	DMSO_U0126_110cell_adult1	0.348967058	Neural (a)	Neural (a)
DMSO_110cell_CATACGTAAGAC	5220	18370	DMSO_U0126_110cell_adult5	0.451823625	Neural (a)	Neural (a)
DMSO_110cell_CATAGTATAAAG	3930	 9942	DMSO_U0126_110cell_adult5	1.820559244	B7.8 Muscle	B7.8 Muscle
DMSO_110cell_CATAGTTCGGCG	3049	 5655	DMSO_U0126_110cell_adult1	0.017683466	1˚ Notochord	1˚ Notochord
DMSO_110cell_CATATACCAAAA	4286	11539	DMSO_U0126_110cell_adult2	0.363983014	Epidermis (b)	Epidermis (b)
DMSO_110cell_CATATAGTCCGG	6139	25823	DMSO_U0126_110cell_adult3	0.038725167	Neural (b)	Neural (b)
DMSO_110cell_CATATTCTTGTG	5597	21807	DMSO_U0126_110cell_adult4	0.178841656	B7.7	B7.7
DMSO_110cell_CATCAGGCCCGG	3374	 6935	DMSO_U0126_110cell_adult4	0.057678443	Epidermis (b)	Epidermis (b)
DMSO_110cell_CATCATTAGATG	4575	13005	DMSO_U0126_110cell_adult5	0.299884660	Neural (b)	Neural (b)
DMSO_110cell_CATCCACCGTAG	3710	 8070	DMSO_U0126_110cell_adult1	0.049566295	Neural (a)	Neural (a)
DMSO_110cell_CATCCTATTTTC	5456	19129	DMSO_U0126_110cell_adult4	0.266610905	Epidermis (a)	Epidermis (a)
DMSO_110cell_CATCGGCACGAA	3007	 5861	DMSO_U0126_110cell_adult5	0.051185804	TLC	TLC
DMSO_110cell_CATCGTTGATGG	5267	17474	DMSO_U0126_110cell_adult1	0.400595170	Neural (b)	Neural (b)
DMSO_110cell_CATCTACATTTG	6466	33472	DMSO_U0126_110cell_adult1	0.669216061	B7.5	B7.5
DMSO_110cell_CATCTGGGGATA	3183	 6764	DMSO_U0126_110cell_adult3	0.000000000	Epidermis (b)	Epidermis (b)
DMSO_110cell_CATGAAAGGGCG	4707	12795	DMSO_U0126_110cell_adult1	0.015631106	Neural (a)	Neural (a)
DMSO_110cell_CATGACTATGCT	5768	23470	DMSO_U0126_110cell_adult2	1.116318705	B7.8 Muscle	B7.8 Muscle
DMSO_110cell_CATGAGGGCACA	5617	23074	DMSO_U0126_110cell_adult2	0.021669411	Epidermis (a)	Epidermis (a)
DMSO_110cell_CATGGTTCCTGA	4540	13361	DMSO_U0126_110cell_adult5	0.022453409	1˚ Notochord	1˚ Notochord
DMSO_110cell_CATGTATGAAAT	5284	18833	DMSO_U0126_110cell_adult2	1.061965699	Neural (a)	Neural (a)
DMSO_110cell_CATGTTACCATT	4317	10717	DMSO_U0126_110cell_adult1	0.139964542	Epidermis (a)	Epidermis (a)
DMSO_110cell_CATGTTGCAACA	5239	16973	DMSO_U0126_110cell_adult5	0.053025393	Neural (a)	Neural (a)
DMSO_110cell_CATTAACGCGTG	5485	18911	DMSO_U0126_110cell_adult1	0.010575855	1˚ Notochord	1˚ Notochord
DMSO_110cell_CATTACCGGCTA	3600	 7727	DMSO_U0126_110cell_adult1	0.051766533	B8.6	B8.6
DMSO_110cell_CATTCTTTTGCA	5255	17174	DMSO_U0126_110cell_adult4	0.052404798	Neural (a)	Neural (a)
DMSO_110cell_CATTTACAGCTT	5685	21534	DMSO_U0126_110cell_adult1	0.496888641	Epidermis (a)	Epidermis (a)
DMSO_110cell_CATTTAGACGCT	4503	12213	DMSO_U0126_110cell_adult1	0.090067960	Epidermis (b)	Epidermis (b)
DMSO_110cell_CATTTATCTTCC	5752	24573	DMSO_U0126_110cell_adult2	0.056973101	Epidermis (a)	Epidermis (a)
DMSO_110cell_CATTTTTCATGA	6221	27714	DMSO_U0126_110cell_adult1	0.061340839	Endoderm (A)	Endoderm (A)
DMSO_110cell_CCAAACGCTCGG	4885	14155	DMSO_U0126_110cell_adult3	0.014129283	Neural (b)	Neural (b)
DMSO_110cell_CCAACATATTCG	5556	21108	DMSO_U0126_110cell_adult1	0.615880235	Neural (A) C3/4	Neural (A) C3/4
DMSO_110cell_CCAAGATGGGTC	3801	 8573	DMSO_U0126_110cell_adult5	0.000000000	1˚ Notochord	1˚ Notochord
DMSO_110cell_CCAAGGGAGCGA	3009	 6436	DMSO_U0126_110cell_adult2	0.015537601	Epidermis (a)	Epidermis (a)
DMSO_110cell_CCAAGGGCGTGG	4057	 9494	DMSO_U0126_110cell_adult1	0.063197809	Neural (b)	Neural (b)
DMSO_110cell_CCAATAATTATA	3911	10144	DMSO_U0126_110cell_adult2	0.266167192	Epidermis (a)	Epidermis (a)
DMSO_110cell_CCAATGCTCAGT	5449	19384	DMSO_U0126_110cell_adult1	0.030953364	Epidermis (a)	Epidermis (a)
DMSO_110cell_CCACAAGGATAA	5582	21115	DMSO_U0126_110cell_adult1	0.241534454	Epidermis (b)	Epidermis (b)
DMSO_110cell_CCACATTAATCG	4264	12096	DMSO_U0126_110cell_adult5	0.190145503	Neural (a)	Neural (a)
DMSO_110cell_CCACCGAGCAGA	7029	50380	DMSO_U0126_110cell_adult2	0.109170306	Neural (A) C3/4	Neural (A) C3/4
DMSO_110cell_CCACCGGTGCTA	4073	 9488	DMSO_U0126_110cell_adult4	0.021079258	Epidermis (a)	Epidermis (a)
DMSO_110cell_CCACGACGGATG	5610	23738	DMSO_U0126_110cell_adult5	0.033701239	B8.5	B8.5
DMSO_110cell_CCACGCACGTGA	4935	15093	DMSO_U0126_110cell_adult3	0.000000000	1˚ Notochord	1˚ Notochord
DMSO_110cell_CCACGGCTCGCA	5632	20893	DMSO_U0126_110cell_adult1	0.004786292	Epidermis (a)	Epidermis (a)
DMSO_110cell_CCACGGGGTAGA	2784	 5298	DMSO_U0126_110cell_adult5	0.000000000	B8.6	B8.6
DMSO_110cell_CCACGTCATGAA	5004	17474	DMSO_U0126_110cell_adult5	0.028613941	Epidermis (a)	Epidermis (a)
DMSO_110cell_CCACTATCATAC	5174	17482	DMSO_U0126_110cell_adult1	0.263127789	1˚ Notochord	1˚ Notochord
DMSO_110cell_CCAGAGACCTTT	5823	23160	DMSO_U0126_110cell_adult3	0.034542314	Epidermis (a)	Epidermis (a)
DMSO_110cell_CCAGATTGTCCC	5426	18356	DMSO_U0126_110cell_adult1	0.038134670	Epidermis (b)	Epidermis (b)
DMSO_110cell_CCAGGTACACTA	4867	15773	DMSO_U0126_110cell_adult2	0.266277817	B7.4 Muscle	B7.4 Muscle
DMSO_110cell_CCAGTCGCTTTG	5338	18580	DMSO_U0126_110cell_adult1	0.000000000	1˚ Notochord	1˚ Notochord
DMSO_110cell_CCAGTGAATGGC	5268	18869	DMSO_U0126_110cell_adult5	0.015899094	B7.7	B7.7
DMSO_110cell_CCAGTGTGGCTC	4947	14581	DMSO_U0126_110cell_adult1	0.054865921	Neural (A) C3/4	Neural (A) C3/4
DMSO_110cell_CCAGTTACTGTG	5602	22212	DMSO_U0126_110cell_adult5	0.045020710	Epidermis (a)	Epidermis (a)
DMSO_110cell_CCAGTTGGCAGT	6286	30254	DMSO_U0126_110cell_adult1	0.076023005	Neural (A) C3/4	Neural (A) C3/4
DMSO_110cell_CCATATCTGTCT	6080	28975	DMSO_U0126_110cell_adult1	0.693701467	B7.5	B7.5
DMSO_110cell_CCATCAATATTA	4428	13353	DMSO_U0126_110cell_adult2	0.239646521	1˚ Notochord	1˚ Notochord
DMSO_110cell_CCATCACAGTAT	4241	11713	DMSO_U0126_110cell_adult1	0.051225134	Epidermis (a)	Epidermis (a)
DMSO_110cell_CCATCCATTGCT	6405	35545	DMSO_U0126_110cell_adult2	0.078773386	Neural (A) C3/4	Neural (A) C3/4
DMSO_110cell_CCATCGGCGTGC	2982	 5646	DMSO_U0126_110cell_adult5	0.017711654	Neural (A) C1/2	Neural (A) C1/2
DMSO_110cell_CCATGAGTAGCG	6662	37692	DMSO_U0126_110cell_adult3	0.021224663	Neural (A) C1/2	Neural (A) C1/2
DMSO_110cell_CCATGCACATGG	3126	 7161	DMSO_U0126_110cell_adult5	0.041893590	B7.6	B7.6
DMSO_110cell_CCATGTCCACTT	3545	 7262	DMSO_U0126_110cell_adult5	0.013770311	Epidermis (b)	Epidermis (b)
DMSO_110cell_CCATTGGCCAAC	5817	27318	DMSO_U0126_110cell_adult2	0.014642360	Endoderm (B)	Endoderm (B)
DMSO_110cell_CCATTTGAACTC	5739	24372	DMSO_U0126_110cell_adult5	0.045133760	Epidermis (b)	Epidermis (b)
DMSO_110cell_CCCAAGCCCAAA	3821	 9005	DMSO_U0126_110cell_adult5	0.044419767	Epidermis (a)	Epidermis (a)
DMSO_110cell_CCCACCCTGCAT	3451	 7949	DMSO_U0126_110cell_adult5	0.062900994	Neural (A) C1/2	Neural (A) C1/2
DMSO_110cell_CCCACCTGATGT	4725	12912	DMSO_U0126_110cell_adult3	0.108426270	Neural (a)	Neural (a)
DMSO_110cell_CCCAGAACAACT	3080	 6168	DMSO_U0126_110cell_adult4	0.016212711	Epidermis (b)	Epidermis (b)
DMSO_110cell_CCCAGCGACTTT	5142	17119	DMSO_U0126_110cell_adult1	0.023365851	Endoderm (B)	Endoderm (B)
DMSO_110cell_CCCAGGTCTTTT	3116	 6290	DMSO_U0126_110cell_adult3	0.015898251	1˚ Notochord	1˚ Notochord
DMSO_110cell_CCCAGTCCGGGG	4735	14715	DMSO_U0126_110cell_adult4	0.027183146	Epidermis (a)	Epidermis (a)
DMSO_110cell_CCCATCATAAAT	6256	33115	DMSO_U0126_110cell_adult2	0.021138457	Epidermis (a)	Epidermis (a)
DMSO_110cell_CCCATGTTGAAG	5665	21777	DMSO_U0126_110cell_adult4	0.055104009	Epidermis (a)	Epidermis (a)
DMSO_110cell_CCCCACAGGGAA	5180	16720	DMSO_U0126_110cell_adult4	0.077751196	Epidermis (b)	Epidermis (b)
DMSO_110cell_CCCCAGTTCCTC	7230	48436	DMSO_U0126_110cell_adult3	0.006193740	Neural (a)	Neural (a)
DMSO_110cell_CCCCATCTTCAA	5163	16214	DMSO_U0126_110cell_adult1	0.000000000	Epidermis (a)	Epidermis (a)
DMSO_110cell_CCCCCAAAAGCC	4327	10811	DMSO_U0126_110cell_adult4	0.000000000	1˚ Notochord	1˚ Notochord
DMSO_110cell_CCCCGTACATGG	5783	24991	DMSO_U0126_110cell_adult3	0.040014405	Neural (A) C3/4	Neural (A) C3/4
DMSO_110cell_CCCCTCCCCGAG	4429	11676	DMSO_U0126_110cell_adult1	0.017129154	1˚ Notochord	1˚ Notochord
DMSO_110cell_CCCGAAAGGACG	3818	 9081	DMSO_U0126_110cell_adult2	0.055060015	Neural (A) C1/2	Neural (A) C1/2
DMSO_110cell_CCCGACTGACTG	5802	24621	DMSO_U0126_110cell_adult5	0.024369441	Neural (a)	Neural (a)
DMSO_110cell_CCCGATGTCAGT	7113	50493	DMSO_U0126_110cell_adult1	0.027726616	B7.7	B7.7
DMSO_110cell_CCCGCAGGAGAA	3884	 9307	DMSO_U0126_110cell_adult1	0.225636618	Neural (b)	Neural (b)
DMSO_110cell_CCCGGCGACGAT	6018	27968	DMSO_U0126_110cell_adult5	0.035755149	B7.4 Muscle	B7.4 Muscle
DMSO_110cell_CCCGTTTAGCCT	5927	25162	DMSO_U0126_110cell_adult1	0.011922741	Epidermis (a)	Epidermis (a)
DMSO_110cell_CCCGTTTCGGGG	4331	11243	DMSO_U0126_110cell_adult5	0.026683270	B8.6	B8.6
DMSO_110cell_CCCGTTTGTTCA	5649	23895	DMSO_U0126_110cell_adult2	0.029294832	B7.5	B7.5
DMSO_110cell_CCCTAACGATCG	4889	16019	DMSO_U0126_110cell_adult1	0.043698108	Epidermis (a)	Epidermis (a)
DMSO_110cell_CCCTACCATATA	4662	13923	DMSO_U0126_110cell_adult2	0.244200244	Epidermis (a)	Epidermis (a)
DMSO_110cell_CCCTACCCTCGT	5349	19870	DMSO_U0126_110cell_adult4	0.135883241	Neural (A) C3/4	Neural (A) C3/4
DMSO_110cell_CCCTCCGAATAA	3598	 7764	DMSO_U0126_110cell_adult1	0.180319423	Neural (a)	Neural (a)
DMSO_110cell_CCCTCCGACTGT	2847	 6334	DMSO_U0126_110cell_adult5	0.047363435	B7.6	B7.6
DMSO_110cell_CCCTCGTTGCAC	4802	14729	DMSO_U0126_110cell_adult1	0.033946636	Epidermis (a)	Epidermis (a)
DMSO_110cell_CCCTCTGTTCAC	5167	17894	DMSO_U0126_110cell_adult4	0.005588465	Epidermis (b)	Epidermis (b)
DMSO_110cell_CCCTTGGCGGTA	5020	17165	DMSO_U0126_110cell_adult5	0.040780658	B7.8 Muscle	B7.8 Muscle
DMSO_110cell_CCGACCTATTCA	4364	11159	DMSO_U0126_110cell_adult3	0.008961376	Neural (b)	Neural (b)
DMSO_110cell_CCGACTACTGAC	6215	31022	DMSO_U0126_110cell_adult5	0.029011669	Epidermis (a)	Epidermis (a)
DMSO_110cell_CCGAGTAGACTG	6327	28434	DMSO_U0126_110cell_adult1	0.003516916	Epidermis (a)	Epidermis (a)
DMSO_110cell_CCGATACTAAAC	3744	 8574	DMSO_U0126_110cell_adult3	0.116631677	B8.6	B8.6
DMSO_110cell_CCGCAAGGGCGC	4543	12765	DMSO_U0126_110cell_adult2	0.007833921	Epidermis (b)	Epidermis (b)
DMSO_110cell_CCGCACCTTCTG	4355	12351	DMSO_U0126_110cell_adult2	0.008096510	Epidermis (b)	Epidermis (b)
DMSO_110cell_CCGCAGAGCAGA	5464	20365	DMSO_U0126_110cell_adult5	0.000000000	Epidermis (a)	Epidermis (a)
DMSO_110cell_CCGCATCGGTTG	6736	40488	DMSO_U0126_110cell_adult1	0.093854969	B7.4 Muscle	B7.4 Muscle
DMSO_110cell_CCGCCCCCGTAG	5571	20448	DMSO_U0126_110cell_adult5	0.009780908	Epidermis (b)	Epidermis (b)
DMSO_110cell_CCGCGAGTTTGA	6747	43416	DMSO_U0126_110cell_adult1	0.055279160	B7.8 Muscle	B7.8 Muscle
DMSO_110cell_CCGCGTTTCAGA	4210	10631	DMSO_U0126_110cell_adult1	0.018812906	Neural (b)	Neural (b)
DMSO_110cell_CCGCTACGTGCG	4128	11508	DMSO_U0126_110cell_adult3	0.008689607	Epidermis (b)	Epidermis (b)
DMSO_110cell_CCGCTTGCCAAG	3955	10941	DMSO_U0126_110cell_adult5	0.018279865	Neural (A) C1/2	Neural (A) C1/2
DMSO_110cell_CCGGCACATGAG	5581	22179	DMSO_U0126_110cell_adult5	0.103701700	B7.8 Muscle	B7.8 Muscle
DMSO_110cell_CCGGCCCGTTAT	6621	38708	DMSO_U0126_110cell_adult1	0.005166891	Neural (a)	Neural (a)
DMSO_110cell_CCGGCGCGACTC	5777	24855	DMSO_U0126_110cell_adult2	0.000000000	Epidermis (b)	Epidermis (b)
DMSO_110cell_CCGGGACGTCCA	5714	22004	DMSO_U0126_110cell_adult1	0.004544628	Epidermis (a)	Epidermis (a)
DMSO_110cell_CCGGGAGGGCAG	4140	10199	DMSO_U0126_110cell_adult2	0.009804883	Neural (b)	Neural (b)
DMSO_110cell_CCGGGCACGAGA	4736	13785	DMSO_U0126_110cell_adult1	0.014508524	1˚ Notochord	1˚ Notochord
DMSO_110cell_CCGGGCCCCACC	6615	39467	DMSO_U0126_110cell_adult5	0.010135050	Neural (a)	Neural (a)
DMSO_110cell_CCGGGTAACCCT	4616	13963	DMSO_U0126_110cell_adult2	0.042970708	Epidermis (a)	Epidermis (a)
DMSO_110cell_CCGGTGATGTCT	6281	31248	DMSO_U0126_110cell_adult5	0.044802867	Neural (A) C3/4	Neural (A) C3/4
DMSO_110cell_CCGTAAGGTGTC	5462	20699	DMSO_U0126_110cell_adult4	0.159427992	TLC	TLC
DMSO_110cell_CCGTACGCATTC	3999	 9539	DMSO_U0126_110cell_adult1	0.041933117	Epidermis (b)	Epidermis (b)
DMSO_110cell_CCGTAGCATTGC	3114	 6138	DMSO_U0126_110cell_adult2	0.016291952	B8.6	B8.6
DMSO_110cell_CCGTAGCGGCAC	3711	 8019	DMSO_U0126_110cell_adult1	0.024940766	B8.5	B8.5
DMSO_110cell_CCGTCCGGGTCG	3236	 6489	DMSO_U0126_110cell_adult1	0.015410695	B8.5	B8.5
DMSO_110cell_CCGTCCTAACAT	6116	28229	DMSO_U0126_110cell_adult4	0.038967020	Neural (a)	Neural (a)
DMSO_110cell_CCGTGGAAGGCC	3310	 6982	DMSO_U0126_110cell_adult1	0.014322544	Epidermis (b)	Epidermis (b)
DMSO_110cell_CCGTTCACTGGT	4412	12017	DMSO_U0126_110cell_adult1	0.016643089	Neural (a)	Neural (a)
DMSO_110cell_CCGTTCTCACTC	2776	 4947	DMSO_U0126_110cell_adult5	0.080857085	Neural (A) C1/2	Neural (A) C1/2
DMSO_110cell_CCGTTTATATAT	3915	 9149	DMSO_U0126_110cell_adult4	0.480926877	B8.5	B8.5
DMSO_110cell_CCGTTTCGCCAC	5710	22663	DMSO_U0126_110cell_adult1	0.039712306	Neural (A) C1/2	Neural (A) C1/2
DMSO_110cell_CCGTTTCTACAT	5530	19821	DMSO_U0126_110cell_adult2	0.015135462	Epidermis (a)	Epidermis (a)
DMSO_110cell_CCTACGCATCCT	6437	33806	DMSO_U0126_110cell_adult5	0.017748329	Epidermis (b)	Epidermis (b)
DMSO_110cell_CCTACGGCTCGT	4483	12106	DMSO_U0126_110cell_adult1	0.016520734	1˚ Notochord	1˚ Notochord
DMSO_110cell_CCTATGGGCCTG	4081	 9832	DMSO_U0126_110cell_adult1	0.061025224	Neural (a)	Neural (a)
DMSO_110cell_CCTCAACAAGGA	4497	12139	DMSO_U0126_110cell_adult5	0.082379109	1˚ Notochord	1˚ Notochord
DMSO_110cell_CCTCCTAAATGA	5305	18393	DMSO_U0126_110cell_adult4	0.157668678	Epidermis (a)	Epidermis (a)
DMSO_110cell_CCTCCTGGTCGG	5810	24591	DMSO_U0126_110cell_adult5	0.117929324	Neural (A) C1/2	Neural (A) C1/2
DMSO_110cell_CCTCGATCGCCT	4142	10450	DMSO_U0126_110cell_adult3	0.009569378	Neural (a)	Neural (a)
DMSO_110cell_CCTCGCTGCGGA	4678	13100	DMSO_U0126_110cell_adult1	0.038167939	Neural (a)	Neural (a)
DMSO_110cell_CCTCGTGTGTAA	4655	13341	DMSO_U0126_110cell_adult3	0.112435350	Epidermis (b)	Epidermis (b)
DMSO_110cell_CCTCTGGCTAAT	4476	12052	DMSO_U0126_110cell_adult1	0.016594756	1˚ Notochord	1˚ Notochord
DMSO_110cell_CCTGAAAAACTC	4221	10880	DMSO_U0126_110cell_adult2	0.091911765	Neural (a)	Neural (a)
DMSO_110cell_CCTGATACAAGT	5188	16821	DMSO_U0126_110cell_adult1	0.041614648	Epidermis (a)	Epidermis (a)
DMSO_110cell_CCTGATTTCATC	5608	22752	DMSO_U0126_110cell_adult5	0.105485232	Epidermis (b)	Epidermis (b)
DMSO_110cell_CCTGCAGATCGC	5196	19043	DMSO_U0126_110cell_adult2	0.110276742	B7.8 Muscle	B7.8 Muscle
DMSO_110cell_CCTGCAGTGTCG	4819	13130	DMSO_U0126_110cell_adult1	0.007616146	Epidermis (a)	Epidermis (a)
DMSO_110cell_CCTGCCGTTACC	5405	19560	DMSO_U0126_110cell_adult2	0.000000000	1˚ Notochord	1˚ Notochord
DMSO_110cell_CCTGCTAGTTTA	3862	 8763	DMSO_U0126_110cell_adult5	0.079881319	Neural (b)	Neural (b)
DMSO_110cell_CCTGCTCTCCCG	3986	 9183	DMSO_U0126_110cell_adult1	0.010889687	1˚ Notochord	1˚ Notochord
DMSO_110cell_CCTGGGGAGAAA	3431	 7036	DMSO_U0126_110cell_adult3	0.014212621	1˚ Notochord	1˚ Notochord
DMSO_110cell_CCTGGGTGGTTA	5763	24065	DMSO_U0126_110cell_adult5	0.145439435	B7.8 Muscle	B7.8 Muscle
DMSO_110cell_CCTGTAATCTTT	3042	 5506	DMSO_U0126_110cell_adult1	0.690156193	Neural (A) C1/2	Neural (A) C1/2
DMSO_110cell_CCTGTGTTGAAC	4763	13050	DMSO_U0126_110cell_adult1	0.030651341	Epidermis (b)	Epidermis (b)
DMSO_110cell_CCTTAAACCATT	4582	13047	DMSO_U0126_110cell_adult2	0.298919292	Neural (A) C1/2	Neural (A) C1/2
DMSO_110cell_CCTTAACCAGTT	6798	39803	DMSO_U0126_110cell_adult5	0.075371203	Neural (a)	Neural (a)
DMSO_110cell_CCTTCCTTCCGC	6143	30116	DMSO_U0126_110cell_adult1	0.013281976	Epidermis (a)	Epidermis (a)
DMSO_110cell_CCTTCGTAAACA	6211	28744	DMSO_U0126_110cell_adult4	0.073058725	Epidermis (b)	Epidermis (b)
DMSO_110cell_CCTTCTCGCCTG	3194	 6459	DMSO_U0126_110cell_adult2	0.030964546	TLC	TLC
DMSO_110cell_CCTTCTCTGCTG	6004	25965	DMSO_U0126_110cell_adult1	0.196418255	B7.4 Muscle	B7.4 Muscle
DMSO_110cell_CCTTGATACACT	4855	15011	DMSO_U0126_110cell_adult2	0.459662914	B7.5	B7.5
DMSO_110cell_CCTTGTATGTAG	7154	54128	DMSO_U0126_110cell_adult2	0.456325746	Neural (A) C1/2	Neural (A) C1/2
DMSO_110cell_CGAAAACGAAAT	4884	14088	DMSO_U0126_110cell_adult5	0.028392959	Epidermis (b)	Epidermis (b)
DMSO_110cell_CGAAGAGTGTAC	5600	20552	DMSO_U0126_110cell_adult1	0.077851304	1˚ Notochord	1˚ Notochord
DMSO_110cell_CGAAGTACGACA	5069	16037	DMSO_U0126_110cell_adult3	0.342956912	Neural (b)	Neural (b)
DMSO_110cell_CGAATAATTGGT	3136	 6703	DMSO_U0126_110cell_adult2	0.268536476	B8.6	B8.6
DMSO_110cell_CGACACCCTCGA	5353	18871	DMSO_U0126_110cell_adult1	0.047692226	Neural (a)	Neural (a)
DMSO_110cell_CGACCGCCGAGA	4466	12577	DMSO_U0126_110cell_adult1	0.015902043	B7.8 Muscle	B7.8 Muscle
DMSO_110cell_CGACGATACTAT	5404	18611	DMSO_U0126_110cell_adult4	0.182687658	Neural (a)	Neural (a)
DMSO_110cell_CGACGGAAGGAT	6002	24390	DMSO_U0126_110cell_adult1	0.020500205	Endoderm (A)	Endoderm (A)
DMSO_110cell_CGACTCCAGGTT	4969	15334	DMSO_U0126_110cell_adult2	0.013042911	Epidermis (b)	Epidermis (b)
DMSO_110cell_CGACTGCCCCAA	2979	 5865	DMSO_U0126_110cell_adult2	0.017050298	B8.5	B8.5
DMSO_110cell_CGAGCCCTCTGT	4137	10691	DMSO_U0126_110cell_adult2	0.037414648	Epidermis (a)	Epidermis (a)
DMSO_110cell_CGAGCGCCTGCA	4668	13738	DMSO_U0126_110cell_adult5	0.014558160	B8.5	B8.5
DMSO_110cell_CGAGTACAAGCT	5099	15706	DMSO_U0126_110cell_adult1	0.044568955	1˚ Notochord	1˚ Notochord
DMSO_110cell_CGAGTATATCTA	5649	21033	DMSO_U0126_110cell_adult1	0.551514287	Neural (a)	Neural (a)
DMSO_110cell_CGAGTCTAACTT	4330	11887	DMSO_U0126_110cell_adult2	0.008412552	Epidermis (a)	Epidermis (a)
DMSO_110cell_CGATAATAAATT	6290	30707	DMSO_U0126_110cell_adult5	0.514540658	Neural (a)	Neural (a)
DMSO_110cell_CGATAGACCACA	6190	30030	DMSO_U0126_110cell_adult3	0.249750250	B7.8 Muscle	B7.8 Muscle
DMSO_110cell_CGATCAGACTCC	3215	 7122	DMSO_U0126_110cell_adult1	0.112327998	Epidermis (b)	Epidermis (b)
DMSO_110cell_CGATGAATTCGC	6075	27231	DMSO_U0126_110cell_adult1	0.066101135	Epidermis (b)	Epidermis (b)
DMSO_110cell_CGATGGGGCGCC	4318	11099	DMSO_U0126_110cell_adult3	0.009009821	Epidermis (a)	Epidermis (a)
DMSO_110cell_CGATTACGTGAC	5194	16943	DMSO_U0126_110cell_adult5	0.082629995	Epidermis (a)	Epidermis (a)
DMSO_110cell_CGATTCTGAGGG	5446	19643	DMSO_U0126_110cell_adult1	0.117090058	Neural (A) C1/2	Neural (A) C1/2
DMSO_110cell_CGATTTTCAGGG	5938	24688	DMSO_U0126_110cell_adult2	0.105314323	Neural (A) C1/2	Neural (A) C1/2
DMSO_110cell_CGCAATAGGGGA	3321	 6554	DMSO_U0126_110cell_adult1	0.000000000	Epidermis (b)	Epidermis (b)
DMSO_110cell_CGCACATAACTT	3835	 9181	DMSO_U0126_110cell_adult4	0.054460298	1˚ Notochord	1˚ Notochord
DMSO_110cell_CGCACGCCGACG	4656	14009	DMSO_U0126_110cell_adult3	0.028553073	B7.5	B7.5
DMSO_110cell_CGCATTGCCTTG	3119	 6598	DMSO_U0126_110cell_adult1	0.015156108	Epidermis (b)	Epidermis (b)
DMSO_110cell_CGCCAAATGCCC	6603	45436	DMSO_U0126_110cell_adult2	0.092437715	B8.5	B8.5
DMSO_110cell_CGCCACTTCAAC	5410	20201	DMSO_U0126_110cell_adult2	0.039602000	Epidermis (b)	Epidermis (b)
DMSO_110cell_CGCCCAATTTAA	5883	24591	DMSO_U0126_110cell_adult3	0.036598756	Neural (b)	Neural (b)
DMSO_110cell_CGCCGACAGCGG	5186	17066	DMSO_U0126_110cell_adult1	0.000000000	Epidermis (b)	Epidermis (b)
DMSO_110cell_CGCCGGGAGATT	5384	18989	DMSO_U0126_110cell_adult4	0.015798620	TLC	TLC
DMSO_110cell_CGCCTGATGTAG	5067	16030	DMSO_U0126_110cell_adult5	0.024953213	Epidermis (a)	Epidermis (a)
DMSO_110cell_CGCCTGTAAGGA	5334	18451	DMSO_U0126_110cell_adult3	0.032518563	Neural (a)	Neural (a)
DMSO_110cell_CGCGACTTCCTC	5788	21711	DMSO_U0126_110cell_adult1	0.013817880	Epidermis (b)	Epidermis (b)
DMSO_110cell_CGCGAGAGGTTC	5496	21292	DMSO_U0126_110cell_adult3	0.009393199	B7.7	B7.7
DMSO_110cell_CGCGCCGTGGGC	4844	14748	DMSO_U0126_110cell_adult5	0.006780580	Epidermis (a)	Epidermis (a)
DMSO_110cell_CGCGGACACTCA	3410	 7091	DMSO_U0126_110cell_adult3	0.000000000	Neural (a)	Neural (a)
DMSO_110cell_CGCGGAGTAAGC	4812	13875	DMSO_U0126_110cell_adult3	0.036036036	B7.4 Muscle	B7.4 Muscle
DMSO_110cell_CGCGGATTGTCG	3980	 9547	DMSO_U0126_110cell_adult1	0.010474495	Epidermis (b)	Epidermis (b)
DMSO_110cell_CGCGGCCACATC	3375	 7123	DMSO_U0126_110cell_adult4	0.028078057	Epidermis (b)	Epidermis (b)
DMSO_110cell_CGCGGGAAGGTT	5966	22670	DMSO_U0126_110cell_adult1	0.039700044	B7.4 Muscle	B7.4 Muscle
DMSO_110cell_CGCGTCCTAAAA	5496	21496	DMSO_U0126_110cell_adult1	0.004652028	Epidermis (a)	Epidermis (a)
DMSO_110cell_CGCGTTGGGTTC	3526	 7422	DMSO_U0126_110cell_adult4	0.026946915	Epidermis (a)	Epidermis (a)
DMSO_110cell_CGCTAAAGTGCG	3506	 8129	DMSO_U0126_110cell_adult2	0.012301636	Epidermis (b)	Epidermis (b)
DMSO_110cell_CGCTCAGTCTTG	5768	24518	DMSO_U0126_110cell_adult2	0.024471817	1˚ Notochord	1˚ Notochord
DMSO_110cell_CGCTCCCTGAAC	5704	24140	DMSO_U0126_110cell_adult5	0.016570008	Epidermis (b)	Epidermis (b)
DMSO_110cell_CGCTCTCTGCTC	5505	22141	DMSO_U0126_110cell_adult1	0.027099047	Epidermis (b)	Epidermis (b)
DMSO_110cell_CGCTGAAGGACC	4120	10025	DMSO_U0126_110cell_adult1	0.019950125	Neural (b)	Neural (b)
DMSO_110cell_CGCTGTCATTCG	4418	11399	DMSO_U0126_110cell_adult1	0.035090797	Epidermis (b)	Epidermis (b)
DMSO_110cell_CGCTTCAATGAT	4601	12737	DMSO_U0126_110cell_adult4	0.227683128	Epidermis (b)	Epidermis (b)
DMSO_110cell_CGCTTTAGTGAA	5488	20174	DMSO_U0126_110cell_adult3	0.034698126	Neural (a)	Neural (a)
DMSO_110cell_CGGAAAGAACAC	3219	 6062	DMSO_U0126_110cell_adult1	0.016496206	Neural (a)	Neural (a)
DMSO_110cell_CGGACACCATGT	6889	42061	DMSO_U0126_110cell_adult1	0.016642495	1˚ Notochord	1˚ Notochord
DMSO_110cell_CGGACAGACAGT	2833	 5113	DMSO_U0126_110cell_adult4	0.019557989	TLC	TLC
DMSO_110cell_CGGAGAGGTAAT	6092	27793	DMSO_U0126_110cell_adult5	0.161911273	TLC	TLC
DMSO_110cell_CGGAGCAAGAGT	5003	14640	DMSO_U0126_110cell_adult1	0.027322404	Epidermis (b)	Epidermis (b)
DMSO_110cell_CGGAGCCGACCT	5089	15587	DMSO_U0126_110cell_adult1	0.012831205	Neural (a)	Neural (a)
DMSO_110cell_CGGATTAGCCCA	4389	11931	DMSO_U0126_110cell_adult1	0.050289163	B8.5	B8.5
DMSO_110cell_CGGATTGTGAGA	5459	20039	DMSO_U0126_110cell_adult2	0.074854035	Epidermis (b)	Epidermis (b)
DMSO_110cell_CGGCAAGCGACG	4679	12701	DMSO_U0126_110cell_adult4	0.007873396	Epidermis (a)	Epidermis (a)
DMSO_110cell_CGGCACGCAAGG	5872	24608	DMSO_U0126_110cell_adult1	0.004063719	Epidermis (a)	Epidermis (a)
DMSO_110cell_CGGCACGCCTGT	4044	 9377	DMSO_U0126_110cell_adult1	0.010664392	Neural (b)	Neural (b)
DMSO_110cell_CGGCACGTTTAA	4591	12439	DMSO_U0126_110cell_adult1	0.032156926	Neural (b)	Neural (b)
DMSO_110cell_CGGCACTATCAC	5671	23993	DMSO_U0126_110cell_adult3	0.025007294	Epidermis (a)	Epidermis (a)
DMSO_110cell_CGGCTAAACGCC	4631	13050	DMSO_U0126_110cell_adult4	0.000000000	Epidermis (a)	Epidermis (a)
DMSO_110cell_CGGCTAATTTAG	6452	33425	DMSO_U0126_110cell_adult4	0.011967091	Neural (b)	Neural (b)
DMSO_110cell_CGGCTATGTAGC	4087	10186	DMSO_U0126_110cell_adult4	0.029452189	Neural (a)	Neural (a)
DMSO_110cell_CGGCTCCTCGCC	4575	13131	DMSO_U0126_110cell_adult5	0.030462265	B8.6	B8.6
DMSO_110cell_CGGCTTATACTT	5638	22652	DMSO_U0126_110cell_adult4	0.052975455	Epidermis (b)	Epidermis (b)
DMSO_110cell_CGGGAGCCTCTC	5861	24417	DMSO_U0126_110cell_adult1	0.008191014	Neural (b)	Neural (b)
DMSO_110cell_CGGGATCGGAAA	5276	18918	DMSO_U0126_110cell_adult2	0.042287768	TLC	TLC
DMSO_110cell_CGGGATTTGCAT	4107	 9888	DMSO_U0126_110cell_adult3	0.000000000	1˚ Notochord	1˚ Notochord
DMSO_110cell_CGGGCAAACTCT	3365	 6631	DMSO_U0126_110cell_adult3	0.060322727	Neural (b)	Neural (b)
DMSO_110cell_CGGGCGATGCAC	5123	16042	DMSO_U0126_110cell_adult1	0.000000000	Epidermis (b)	Epidermis (b)
DMSO_110cell_CGGGGACCTTCT	4833	16395	DMSO_U0126_110cell_adult2	0.237877402	B7.8 Muscle	B7.8 Muscle
DMSO_110cell_CGGTGGTACATA	3375	 7421	DMSO_U0126_110cell_adult2	0.013475273	Epidermis (a)	Epidermis (a)
DMSO_110cell_CGGTTAGTGCCC	4334	10557	DMSO_U0126_110cell_adult1	0.028417164	Epidermis (b)	Epidermis (b)
DMSO_110cell_CGGTTGGCGCGT	5124	16132	DMSO_U0126_110cell_adult5	0.006198859	Epidermis (b)	Epidermis (b)
DMSO_110cell_CGTAAAGAGAGA	4299	10748	DMSO_U0126_110cell_adult3	0.083736509	Epidermis (b)	Epidermis (b)
DMSO_110cell_CGTAACCTTATC	3785	 8660	DMSO_U0126_110cell_adult5	0.646651270	B7.5	B7.5
DMSO_110cell_CGTAATAAGAAG	6907	51680	DMSO_U0126_110cell_adult5	0.425696594	B7.4 Muscle	B7.4 Muscle
DMSO_110cell_CGTAATCACTGT	5299	18160	DMSO_U0126_110cell_adult1	0.115638767	Endoderm (A)	Endoderm (A)
DMSO_110cell_CGTACTCGGCGA	4812	13896	DMSO_U0126_110cell_adult5	0.014392631	Epidermis (b)	Epidermis (b)
DMSO_110cell_CGTACTCTTTAC	5098	17695	DMSO_U0126_110cell_adult1	0.056513139	Epidermis (a)	Epidermis (a)
DMSO_110cell_CGTACTTATCAA	5558	19129	DMSO_U0126_110cell_adult1	0.198651262	Neural (a)	Neural (a)
DMSO_110cell_CGTACTTGTCGA	6387	31800	DMSO_U0126_110cell_adult3	0.166666667	B7.4 Muscle	B7.4 Muscle
DMSO_110cell_CGTATACTTCCC	2851	 5112	DMSO_U0126_110cell_adult5	0.273865415	B8.5	B8.5
DMSO_110cell_CGTATCATGAGC	6124	27474	DMSO_U0126_110cell_adult3	0.080075708	Neural (A) C3/4	Neural (A) C3/4
DMSO_110cell_CGTATGTAACGT	6360	31944	DMSO_U0126_110cell_adult3	0.046957175	Epidermis (a)	Epidermis (a)
DMSO_110cell_CGTCCGAATTAT	5300	17533	DMSO_U0126_110cell_adult1	0.085552957	1˚ Notochord	1˚ Notochord
DMSO_110cell_CGTCCGGGAGCC	6008	27402	DMSO_U0126_110cell_adult1	0.091234216	Neural (A) C3/4	Neural (A) C3/4
DMSO_110cell_CGTCCTCCGAGA	6664	39294	DMSO_U0126_110cell_adult5	0.010179671	Neural (A) C3/4	Neural (A) C3/4
DMSO_110cell_CGTCGCTAGTGG	5695	22428	DMSO_U0126_110cell_adult1	0.057963260	Neural (A) C3/4	Neural (A) C3/4
DMSO_110cell_CGTCGTTCCTTC	6719	34960	DMSO_U0126_110cell_adult4	0.014302059	Neural (b)	Neural (b)
DMSO_110cell_CGTCTAGAGGTC	4371	11861	DMSO_U0126_110cell_adult5	0.033723969	Neural (b)	Neural (b)
DMSO_110cell_CGTGACGCGCTT	5377	18423	DMSO_U0126_110cell_adult3	0.043423981	Neural (A) C3/4	Neural (A) C3/4
DMSO_110cell_CGTGAGAACAGA	5038	16446	DMSO_U0126_110cell_adult2	0.145932142	Neural (a)	Neural (a)
DMSO_110cell_CGTGGGCACGAG	5000	15961	DMSO_U0126_110cell_adult2	0.018795815	Epidermis (a)	Epidermis (a)
DMSO_110cell_CGTGTCGTTCCA	4696	12781	DMSO_U0126_110cell_adult1	0.046944684	Neural (a)	Neural (a)
DMSO_110cell_CGTGTTGATTGG	5935	24087	DMSO_U0126_110cell_adult1	0.066425873	Neural (a)	Neural (a)
DMSO_110cell_CGTTGAACCCAC	4224	11063	DMSO_U0126_110cell_adult1	0.009039139	Epidermis (a)	Epidermis (a)
DMSO_110cell_CGTTGACCCGTC	4499	12665	DMSO_U0126_110cell_adult5	0.071061982	Neural (a)	Neural (a)
DMSO_110cell_CTAAAACGCGCA	3911	 8854	DMSO_U0126_110cell_adult1	0.000000000	1˚ Notochord	1˚ Notochord
DMSO_110cell_CTAAACGATTAG	5403	19946	DMSO_U0126_110cell_adult5	0.130351950	Epidermis (a)	Epidermis (a)
DMSO_110cell_CTAAACGTTTAG	5751	22519	DMSO_U0126_110cell_adult5	0.039966251	Epidermis (a)	Epidermis (a)
DMSO_110cell_CTAACACTCTGC	4061	 9825	DMSO_U0126_110cell_adult5	0.101781170	Neural (a)	Neural (a)
DMSO_110cell_CTAACATCAAAC	4999	15619	DMSO_U0126_110cell_adult5	0.064024585	Neural (a)	Neural (a)
DMSO_110cell_CTAAGCAGAGGT	5136	17378	DMSO_U0126_110cell_adult5	0.028772011	1˚ Notochord	1˚ Notochord
DMSO_110cell_CTAAGCGCGATA	4086	 9481	DMSO_U0126_110cell_adult1	0.021094821	Neural (a)	Neural (a)
DMSO_110cell_CTAAGTGGTTGT	5079	16251	DMSO_U0126_110cell_adult4	0.572272476	B7.5	B7.5
DMSO_110cell_CTAATAACACGG	5743	23155	DMSO_U0126_110cell_adult1	0.077736990	Epidermis (a)	Epidermis (a)
DMSO_110cell_CTAATAGAAGAC	5193	16255	DMSO_U0126_110cell_adult1	0.387573054	Neural (a)	Neural (a)
DMSO_110cell_CTAATGGTACGG	5884	24838	DMSO_U0126_110cell_adult1	0.152991384	B7.4 Muscle	B7.4 Muscle
DMSO_110cell_CTACACTACTGT	4623	13227	DMSO_U0126_110cell_adult2	0.612383760	Neural (a)	Neural (a)
DMSO_110cell_CTACATCACTTT	5485	19180	DMSO_U0126_110cell_adult1	0.411887383	Neural (a)	Neural (a)
DMSO_110cell_CTACATTGTTTG	4899	13982	DMSO_U0126_110cell_adult1	0.100128737	Epidermis (b)	Epidermis (b)
DMSO_110cell_CTACCACCTGCA	4673	14776	DMSO_U0126_110cell_adult4	0.020303194	Epidermis (a)	Epidermis (a)
DMSO_110cell_CTACCAGAGGAC	4922	16555	DMSO_U0126_110cell_adult5	0.132890365	Epidermis (a)	Epidermis (a)
DMSO_110cell_CTACCATGGGTA	3998	10162	DMSO_U0126_110cell_adult3	0.186971069	Neural (b)	Neural (b)
DMSO_110cell_CTACCCCTTATA	5676	21348	DMSO_U0126_110cell_adult1	0.140528387	Epidermis (a)	Epidermis (a)
DMSO_110cell_CTACCCGTTGCT	6221	30579	DMSO_U0126_110cell_adult5	0.026161745	Epidermis (a)	Epidermis (a)
DMSO_110cell_CTACCCTCCAAG	5652	21011	DMSO_U0126_110cell_adult1	0.052353529	Epidermis (a)	Epidermis (a)
DMSO_110cell_CTACGATCCCGC	5780	23915	DMSO_U0126_110cell_adult5	0.071085093	Neural (A) C3/4	Neural (A) C3/4
DMSO_110cell_CTACGCTAGGGG	6982	52024	DMSO_U0126_110cell_adult2	0.042288175	Neural (A) C3/4	Neural (A) C3/4
DMSO_110cell_CTACGGAAGCAG	5079	17494	DMSO_U0126_110cell_adult2	0.400137190	Neural (A) C3/4	Neural (A) C3/4
DMSO_110cell_CTACTATTATGA	5362	17594	DMSO_U0126_110cell_adult5	0.187563942	Neural (a)	Neural (a)
DMSO_110cell_CTACTCATAATA	4297	11338	DMSO_U0126_110cell_adult2	0.149938261	Epidermis (a)	Epidermis (a)
DMSO_110cell_CTACTTACTTGT	6265	29805	DMSO_U0126_110cell_adult1	0.271766482	Epidermis (b)	Epidermis (b)
DMSO_110cell_CTAGAAAACGAA	6352	31226	DMSO_U0126_110cell_adult2	0.835841927	Neural (a)	Neural (a)
DMSO_110cell_CTAGAAAGGTTA	5166	16973	DMSO_U0126_110cell_adult5	0.041241973	Epidermis (b)	Epidermis (b)
DMSO_110cell_CTAGCATGGCGC	5481	20638	DMSO_U0126_110cell_adult3	0.024227154	Neural (A) C3/4	Neural (A) C3/4
DMSO_110cell_CTAGGAGTAGCT	3486	 7005	DMSO_U0126_110cell_adult1	0.413990007	B8.5	B8.5
DMSO_110cell_CTAGGAGTCGAT	5283	18759	DMSO_U0126_110cell_adult5	0.090623168	Epidermis (b)	Epidermis (b)
DMSO_110cell_CTAGGTTAACAT	5264	17715	DMSO_U0126_110cell_adult1	0.197572679	Epidermis (a)	Epidermis (a)
DMSO_110cell_CTAGTACATAAT	5249	17040	DMSO_U0126_110cell_adult1	0.211267606	Epidermis (b)	Epidermis (b)
DMSO_110cell_CTAGTCCATAAA	3779	 9213	DMSO_U0126_110cell_adult2	0.151959188	1˚ Notochord	1˚ Notochord
DMSO_110cell_CTATCCAGTGTA	3209	 6324	DMSO_U0126_110cell_adult4	0.347881088	Epidermis (a)	Epidermis (a)
DMSO_110cell_CTATCTCCCTAA	2852	 5276	DMSO_U0126_110cell_adult5	0.341167551	B8.5	B8.5
DMSO_110cell_CTATGACTGTGA	2863	 5115	DMSO_U0126_110cell_adult1	0.215053763	TLC	TLC
DMSO_110cell_CTCAAAACCGTG	3178	 6572	DMSO_U0126_110cell_adult1	0.152160682	B8.5	B8.5
DMSO_110cell_CTCAACCCTTGG	6030	27143	DMSO_U0126_110cell_adult2	0.011052573	Epidermis (b)	Epidermis (b)
DMSO_110cell_CTCAAGTATGTC	5495	22389	DMSO_U0126_110cell_adult2	1.540935281	B8.5	B8.5
DMSO_110cell_CTCAATTCATGT	6197	28178	DMSO_U0126_110cell_adult1	0.269713961	Epidermis (b)	Epidermis (b)
DMSO_110cell_CTCACCGAGTTT	6518	33958	DMSO_U0126_110cell_adult3	0.008834443	Epidermis (b)	Epidermis (b)
DMSO_110cell_CTCAGGCGCTGC	4034	 9751	DMSO_U0126_110cell_adult4	0.010255358	Neural (a)	Neural (a)
DMSO_110cell_CTCAGGGTTGTC	7385	60287	DMSO_U0126_110cell_adult3	0.044785775	Epidermis (b)	Epidermis (b)
DMSO_110cell_CTCAGTCCTGGA	5451	19600	DMSO_U0126_110cell_adult5	0.030612245	Epidermis (a)	Epidermis (a)
DMSO_110cell_CTCCAATTGATA	4917	15394	DMSO_U0126_110cell_adult2	0.246849422	Neural (b)	Neural (b)
DMSO_110cell_CTCCCACCCAAT	6214	30570	DMSO_U0126_110cell_adult3	0.019627085	Epidermis (b)	Epidermis (b)
DMSO_110cell_CTCCCCTTTCTC	6350	30015	DMSO_U0126_110cell_adult4	0.016658337	Epidermis (b)	Epidermis (b)
DMSO_110cell_CTCCCTAAATCA	2859	 5354	DMSO_U0126_110cell_adult2	1.494209936	B8.5	B8.5
DMSO_110cell_CTCCCTTACTAC	5214	17766	DMSO_U0126_110cell_adult1	0.264550265	Neural (a)	Neural (a)
DMSO_110cell_CTCCCTTTTTCT	7339	55762	DMSO_U0126_110cell_adult4	0.306660450	Neural (A) C1/2	Neural (A) C1/2
DMSO_110cell_CTCCGTCTCTGA	5113	17269	DMSO_U0126_110cell_adult1	0.052116509	Epidermis (b)	Epidermis (b)
DMSO_110cell_CTCGAATAATTC	5318	17308	DMSO_U0126_110cell_adult1	0.231107003	Epidermis (a)	Epidermis (a)
DMSO_110cell_CTCGACGCATTA	4417	15719	DMSO_U0126_110cell_adult5	0.012723456	B7.6	B7.6
DMSO_110cell_CTCGAGACTACA	4319	11897	DMSO_U0126_110cell_adult5	0.025216441	1˚ Notochord	1˚ Notochord
DMSO_110cell_CTCGCAGTATTG	4047	10120	DMSO_U0126_110cell_adult2	0.019762846	Epidermis (a)	Epidermis (a)
DMSO_110cell_CTCGGACCAAGT	4237	11163	DMSO_U0126_110cell_adult2	0.017916331	Neural (a)	Neural (a)
DMSO_110cell_CTCGGCGCGCGT	5711	23265	DMSO_U0126_110cell_adult5	0.038684720	Neural (A) C3/4	Neural (A) C3/4
DMSO_110cell_CTCGTAGGCCTC	3928	 8387	DMSO_U0126_110cell_adult3	0.000000000	Neural (a)	Neural (a)
DMSO_110cell_CTCGTATTACCA	3530	 7397	DMSO_U0126_110cell_adult1	0.378531837	Neural (a)	Neural (a)
DMSO_110cell_CTCGTCGTACAC	5218	17385	DMSO_U0126_110cell_adult5	0.028760426	Neural (a)	Neural (a)
DMSO_110cell_CTCGTGACACTA	3254	 6544	DMSO_U0126_110cell_adult1	0.244498778	Neural (A) C1/2	Neural (A) C1/2
DMSO_110cell_CTCTACAGAGGT	5419	18518	DMSO_U0126_110cell_adult5	0.264607409	Neural (a)	Neural (a)
DMSO_110cell_CTCTACTCGGAC	6610	35717	DMSO_U0126_110cell_adult1	0.139989361	B7.8 Muscle	B7.8 Muscle
DMSO_110cell_CTCTCGTAGAGA	3591	 7974	DMSO_U0126_110cell_adult5	0.238274392	TLC	TLC
DMSO_110cell_CTCTCGTTGATT	5280	17709	DMSO_U0126_110cell_adult2	0.022587385	TLC	TLC
DMSO_110cell_CTCTGCGAGAGG	4483	11874	DMSO_U0126_110cell_adult1	0.025265285	Epidermis (b)	Epidermis (b)
DMSO_110cell_CTCTGGGAAGTA	2854	 5082	DMSO_U0126_110cell_adult3	0.039354585	Epidermis (b)	Epidermis (b)
DMSO_110cell_CTCTTATGAAAT	5735	21856	DMSO_U0126_110cell_adult1	0.192166911	Epidermis (b)	Epidermis (b)
DMSO_110cell_CTGAAAACCTCC	5079	16034	DMSO_U0126_110cell_adult1	0.162155420	Epidermis (a)	Epidermis (a)
DMSO_110cell_CTGACAGGATTT	5634	20874	DMSO_U0126_110cell_adult1	0.086231676	Epidermis (a)	Epidermis (a)
DMSO_110cell_CTGAGGTTATGT	4047	 9323	DMSO_U0126_110cell_adult4	0.182344739	Epidermis (a)	Epidermis (a)
DMSO_110cell_CTGATCAGATGT	7014	46260	DMSO_U0126_110cell_adult5	0.209684393	B8.5	B8.5
DMSO_110cell_CTGATGCGGTCC	4746	16315	DMSO_U0126_110cell_adult1	0.055163960	B7.6	B7.6
DMSO_110cell_CTGATTGCGCTG	6797	38151	DMSO_U0126_110cell_adult4	0.010484653	Epidermis (b)	Epidermis (b)
DMSO_110cell_CTGCAACTCTCT	7110	49683	DMSO_U0126_110cell_adult5	0.050319023	Neural (A) C3/4	Neural (A) C3/4
DMSO_110cell_CTGCCCACTGAA	3720	 8344	DMSO_U0126_110cell_adult1	0.000000000	B8.5	B8.5
DMSO_110cell_CTGCCCGGACCA	5426	20008	DMSO_U0126_110cell_adult2	0.079968013	Neural (b)	Neural (b)
DMSO_110cell_CTGCGCTTTTGG	4919	15069	DMSO_U0126_110cell_adult1	0.000000000	Endoderm (B)	Endoderm (B)
DMSO_110cell_CTGCTAATCCAA	6716	37036	DMSO_U0126_110cell_adult1	0.448212550	TLC	TLC
DMSO_110cell_CTGGCAAACAGC	4626	13455	DMSO_U0126_110cell_adult5	0.037160907	Epidermis (b)	Epidermis (b)
DMSO_110cell_CTGGCCTACGGT	6455	32572	DMSO_U0126_110cell_adult1	0.012280486	Epidermis (a)	Epidermis (a)
DMSO_110cell_CTGGCTCGTCGC	6329	33916	DMSO_U0126_110cell_adult5	0.020639226	1˚ Notochord	1˚ Notochord
DMSO_110cell_CTGGGACGTTGT	3955	 9576	DMSO_U0126_110cell_adult2	0.041771094	Epidermis (a)	Epidermis (a)
DMSO_110cell_CTGGGTGGCACG	4726	16215	DMSO_U0126_110cell_adult2	0.006167129	Epidermis (a)	Epidermis (a)
DMSO_110cell_CTGGTACCTGGG	5129	16108	DMSO_U0126_110cell_adult4	0.024832381	Epidermis (b)	Epidermis (b)
DMSO_110cell_CTGTAAACGGAA	5614	21635	DMSO_U0126_110cell_adult4	0.217240582	Epidermis (b)	Epidermis (b)
DMSO_110cell_CTGTAAGCAATG	4414	11272	DMSO_U0126_110cell_adult1	0.133073101	B8.6	B8.6
DMSO_110cell_CTGTACATTCGG	3191	 7420	DMSO_U0126_110cell_adult5	0.242587601	B7.6	B7.6
DMSO_110cell_CTGTCACTGTCT	5589	22956	DMSO_U0126_110cell_adult5	0.326711971	B7.8 Muscle	B7.8 Muscle
DMSO_110cell_CTGTGATACCGT	4411	11930	DMSO_U0126_110cell_adult4	0.008382230	Neural (a)	Neural (a)
DMSO_110cell_CTGTTATGTTGA	4550	12864	DMSO_U0126_110cell_adult2	0.443097015	Epidermis (b)	Epidermis (b)
DMSO_110cell_CTGTTGATCAAG	5115	15627	DMSO_U0126_110cell_adult1	0.396749216	Neural (a)	Neural (a)
DMSO_110cell_CTTACAGAGTCG	4765	13424	DMSO_U0126_110cell_adult3	0.216030989	Neural (a)	Neural (a)
DMSO_110cell_CTTACGATCTTC	3013	 5635	DMSO_U0126_110cell_adult5	0.177462289	B8.5	B8.5
DMSO_110cell_CTTAGAGAGGAA	3571	 7704	DMSO_U0126_110cell_adult1	0.077881620	Epidermis (a)	Epidermis (a)
DMSO_110cell_CTTATAGCCACT	5319	18044	DMSO_U0126_110cell_adult1	0.110840168	Epidermis (a)	Epidermis (a)
DMSO_110cell_CTTATGCGTAGA	4991	15929	DMSO_U0126_110cell_adult1	0.106723586	B8.5	B8.5
DMSO_110cell_CTTATGTGAGTC	6698	39864	DMSO_U0126_110cell_adult1	0.860425447	B7.4 Muscle	B7.4 Muscle
DMSO_110cell_CTTCATTTGCTC	5071	16554	DMSO_U0126_110cell_adult2	0.060408361	B8.5	B8.5
DMSO_110cell_CTTCGATGTACC	4688	13226	DMSO_U0126_110cell_adult4	0.022682595	Epidermis (b)	Epidermis (b)
DMSO_110cell_CTTCTCTTCACA	6722	43625	DMSO_U0126_110cell_adult2	0.061891117	Epidermis (a)	Epidermis (a)
DMSO_110cell_CTTGAGCGAATA	4150	10621	DMSO_U0126_110cell_adult2	0.028245928	Epidermis (a)	Epidermis (a)
DMSO_110cell_CTTGCCGGCTCC	5238	19064	DMSO_U0126_110cell_adult5	0.000000000	1˚ Notochord	1˚ Notochord
DMSO_110cell_CTTGGCTGCTGG	4019	 9245	DMSO_U0126_110cell_adult2	0.032449973	Epidermis (b)	Epidermis (b)
DMSO_110cell_CTTGGGTAAATC	3895	 9020	DMSO_U0126_110cell_adult1	0.299334812	B8.5	B8.5
DMSO_110cell_CTTGGTGGTATG	4820	13595	DMSO_U0126_110cell_adult5	0.073556455	Neural (a)	Neural (a)
DMSO_110cell_CTTGTTAGTCCC	5617	22092	DMSO_U0126_110cell_adult1	0.045265254	Epidermis (b)	Epidermis (b)
DMSO_110cell_CTTTCCAAGTCA	5685	20473	DMSO_U0126_110cell_adult1	0.185610316	Neural (a)	Neural (a)
DMSO_110cell_CTTTCTGATGCC	6494	35182	DMSO_U0126_110cell_adult3	0.122221591	Neural (A) C3/4	Neural (A) C3/4
DMSO_110cell_CTTTGGATGAAA	3231	 7423	DMSO_U0126_110cell_adult1	0.040414927	Epidermis (b)	Epidermis (b)
DMSO_110cell_CTTTGTACCTCG	4232	10634	DMSO_U0126_110cell_adult1	0.018807598	Neural (a)	Neural (a)
DMSO_110cell_CTTTTACAGGGC	3516	 7509	DMSO_U0126_110cell_adult3	0.000000000	B8.5	B8.5
DMSO_110cell_GAAACCATCGGT	5281	18987	DMSO_U0126_110cell_adult5	0.005266761	Epidermis (a)	Epidermis (a)
DMSO_110cell_GAAACCGTCAGC	6375	31372	DMSO_U0126_110cell_adult4	0.000000000	Endoderm (A)	Endoderm (A)
DMSO_110cell_GAAATTTCATAA	4358	12619	DMSO_U0126_110cell_adult2	1.323401220	Neural (a)	Neural (a)
DMSO_110cell_GAAATTTCTCTA	7075	43118	DMSO_U0126_110cell_adult1	0.062618860	Neural (a)	Neural (a)
DMSO_110cell_GAACAACCTGCA	5179	16835	DMSO_U0126_110cell_adult1	0.463320463	Neural (b)	Neural (b)
DMSO_110cell_GAACAACGGTTA	6064	27113	DMSO_U0126_110cell_adult1	0.191789916	B7.4 Muscle	B7.4 Muscle
DMSO_110cell_GAACCACTAATG	5013	15875	DMSO_U0126_110cell_adult5	0.025196850	1˚ Notochord	1˚ Notochord
DMSO_110cell_GAACGAGACTCT	4714	14479	DMSO_U0126_110cell_adult2	0.158850749	B7.8 Muscle	B7.8 Muscle
DMSO_110cell_GAACGCCTTTCC	5806	23857	DMSO_U0126_110cell_adult4	0.121557614	1˚ Notochord	1˚ Notochord
DMSO_110cell_GAACGTTGGGTG	4879	14520	DMSO_U0126_110cell_adult1	0.027548209	Neural (a)	Neural (a)
DMSO_110cell_GAACTCCATAGC	3882	 8808	DMSO_U0126_110cell_adult4	0.147593097	B8.5	B8.5
DMSO_110cell_GAACTCCCAGCC	5462	21335	DMSO_U0126_110cell_adult2	0.004687134	1˚ Notochord	1˚ Notochord
DMSO_110cell_GAACTCTTAGAA	4621	13357	DMSO_U0126_110cell_adult5	0.134760800	Epidermis (a)	Epidermis (a)
DMSO_110cell_GAAGATCGAGAA	4884	14530	DMSO_U0126_110cell_adult4	0.282174811	Epidermis (b)	Epidermis (b)
DMSO_110cell_GAAGCGATAGCG	5439	19345	DMSO_U0126_110cell_adult3	0.015507883	Epidermis (b)	Epidermis (b)
DMSO_110cell_GAAGCGGCCAAC	3204	 6406	DMSO_U0126_110cell_adult4	0.015610365	Epidermis (a)	Epidermis (a)
DMSO_110cell_GAAGGATAGAGG	5442	19533	DMSO_U0126_110cell_adult1	0.573388624	Neural (A) C3/4	Neural (A) C3/4
DMSO_110cell_GAAGGGTCGGGT	5427	19102	DMSO_U0126_110cell_adult2	0.010470108	Epidermis (a)	Epidermis (a)
DMSO_110cell_GAAGTCGGAGTC	7176	49986	DMSO_U0126_110cell_adult1	0.012003361	B7.7	B7.7
DMSO_110cell_GAAGTTCCCCAT	5473	20196	DMSO_U0126_110cell_adult2	0.049514755	Epidermis (b)	Epidermis (b)
DMSO_110cell_GAATAAGCTCTA	5425	20175	DMSO_U0126_110cell_adult2	0.153655514	1˚ Notochord	1˚ Notochord
DMSO_110cell_GAATCAAGGACT	6375	31794	DMSO_U0126_110cell_adult3	0.616468516	B7.4 Muscle	B7.4 Muscle
DMSO_110cell_GAATCAAGTATG	5903	24786	DMSO_U0126_110cell_adult5	0.936012265	Neural (b)	Neural (b)
DMSO_110cell_GAATCACCCTAC	6066	27253	DMSO_U0126_110cell_adult3	0.022015925	Endoderm (B)	Endoderm (B)
DMSO_110cell_GAATCGAGTAAT	5248	19182	DMSO_U0126_110cell_adult1	0.093837973	B8.5	B8.5
DMSO_110cell_GAATCTAGATCA	4216	11099	DMSO_U0126_110cell_adult2	0.234255338	B8.5	B8.5
DMSO_110cell_GAATGTACCGCT	5131	18908	DMSO_U0126_110cell_adult2	0.185106833	B7.5	B7.5
DMSO_110cell_GAATTCTATATT	6092	25096	DMSO_U0126_110cell_adult3	0.103602168	Neural (b)	Neural (b)
DMSO_110cell_GACAAAAGTTGT	5879	22625	DMSO_U0126_110cell_adult1	0.106077348	Epidermis (b)	Epidermis (b)
DMSO_110cell_GACAATACAAGC	5250	18785	DMSO_U0126_110cell_adult5	0.015970189	Epidermis (b)	Epidermis (b)
DMSO_110cell_GACACCCCCGAG	5570	22506	DMSO_U0126_110cell_adult2	0.044432596	Neural (A) C3/4	Neural (A) C3/4
DMSO_110cell_GACACCTACTTA	4914	14800	DMSO_U0126_110cell_adult1	0.560810811	Neural (A) C1/2	Neural (A) C1/2
DMSO_110cell_GACACGGGCAGA	5837	24251	DMSO_U0126_110cell_adult1	0.032988330	Neural (A) C1/2	Neural (A) C1/2
DMSO_110cell_GACACTGGACCG	4794	14433	DMSO_U0126_110cell_adult1	0.000000000	Epidermis (b)	Epidermis (b)
DMSO_110cell_GACACTTATCTG	5485	20015	DMSO_U0126_110cell_adult4	0.114913815	Epidermis (a)	Epidermis (a)
DMSO_110cell_GACAGTGACCTT	5008	16438	DMSO_U0126_110cell_adult2	0.048667721	Epidermis (b)	Epidermis (b)
DMSO_110cell_GACCAGCCTGTG	4753	14611	DMSO_U0126_110cell_adult2	0.041064951	Neural (A) C3/4	Neural (A) C3/4
DMSO_110cell_GACCCGAAGGCG	5675	22584	DMSO_U0126_110cell_adult5	0.030995395	Epidermis (b)	Epidermis (b)
DMSO_110cell_GACCCGCAAAAG	4317	10985	DMSO_U0126_110cell_adult1	0.000000000	Epidermis (b)	Epidermis (b)
DMSO_110cell_GACCCGCCTTTA	3927	 9381	DMSO_U0126_110cell_adult1	0.031979533	Epidermis (b)	Epidermis (b)
DMSO_110cell_GACCCGGGCACG	3236	 6183	DMSO_U0126_110cell_adult4	0.000000000	Epidermis (b)	Epidermis (b)
DMSO_110cell_GACCCTGACCTC	3570	 8203	DMSO_U0126_110cell_adult2	0.012190662	B8.6	B8.6
DMSO_110cell_GACCCTTCATGG	4986	15027	DMSO_U0126_110cell_adult1	0.013309376	Endoderm (B)	Endoderm (B)
DMSO_110cell_GACCGCCCAGGT	4665	13800	DMSO_U0126_110cell_adult1	0.050724638	B7.8 Muscle	B7.8 Muscle
DMSO_110cell_GACCGTATGGGT	5813	23787	DMSO_U0126_110cell_adult1	0.260646572	Neural (A) C3/4	Neural (A) C3/4
DMSO_110cell_GACCTACGCCCC	4398	11106	DMSO_U0126_110cell_adult1	0.000000000	Neural (a)	Neural (a)
DMSO_110cell_GACCTCGGCCGA	5371	19034	DMSO_U0126_110cell_adult1	0.052537564	Neural (A) C3/4	Neural (A) C3/4
DMSO_110cell_GACCTTGTAGGA	5062	15816	DMSO_U0126_110cell_adult1	0.056904401	Epidermis (a)	Epidermis (a)
DMSO_110cell_GACGAGCAGAGG	4896	14706	DMSO_U0126_110cell_adult2	0.020399837	Neural (a)	Neural (a)
DMSO_110cell_GACGAGGAAACC	5598	22519	DMSO_U0126_110cell_adult5	0.008881389	Epidermis (b)	Epidermis (b)
DMSO_110cell_GACGATTCAATT	5163	17496	DMSO_U0126_110cell_adult2	0.137174211	Neural (a)	Neural (a)
DMSO_110cell_GACGCCGAAAGA	4872	15321	DMSO_U0126_110cell_adult2	0.013053978	Epidermis (a)	Epidermis (a)
DMSO_110cell_GACGGAGGCTCG	4456	12599	DMSO_U0126_110cell_adult2	0.023811414	1˚ Notochord	1˚ Notochord
DMSO_110cell_GACGGGAGCGAG	4015	 9561	DMSO_U0126_110cell_adult4	0.041836628	Epidermis (b)	Epidermis (b)
DMSO_110cell_GACGGGGGCGCT	4825	14655	DMSO_U0126_110cell_adult4	0.000000000	Neural (a)	Neural (a)
DMSO_110cell_GACGGTCGTTAC	5298	17912	DMSO_U0126_110cell_adult4	0.022331398	B7.5	B7.5
DMSO_110cell_GACGTGGTCCCT	4166	 9908	DMSO_U0126_110cell_adult1	0.060557126	B8.5	B8.5
DMSO_110cell_GACGTTACGACA	4992	16264	DMSO_U0126_110cell_adult4	0.073782587	Epidermis (a)	Epidermis (a)
DMSO_110cell_GACTCCCCGGCC	4605	13655	DMSO_U0126_110cell_adult5	0.014646650	B7.8 Muscle	B7.8 Muscle
DMSO_110cell_GACTCGCAGGGG	5266	17409	DMSO_U0126_110cell_adult5	0.000000000	Neural (a)	Neural (a)
DMSO_110cell_GACTCTCCTCCC	3595	 7614	DMSO_U0126_110cell_adult1	0.013133701	Neural (b)	Neural (b)
DMSO_110cell_GACTGGGTTACT	5509	17727	DMSO_U0126_110cell_adult4	0.011282225	Epidermis (b)	Epidermis (b)
DMSO_110cell_GACTTGAAGCAC	6240	33829	DMSO_U0126_110cell_adult2	0.206923054	Neural (A) C1/2	Neural (A) C1/2
DMSO_110cell_GACTTGCCACTA	4291	10851	DMSO_U0126_110cell_adult4	0.018431481	Epidermis (b)	Epidermis (b)
DMSO_110cell_GACTTGTCCGGC	5198	17908	DMSO_U0126_110cell_adult2	0.005584096	Epidermis (b)	Epidermis (b)
DMSO_110cell_GACTTTAACCGA	5624	21312	DMSO_U0126_110cell_adult1	0.497372372	Neural (a)	Neural (a)
DMSO_110cell_GAGAACACTACG	5976	26949	DMSO_U0126_110cell_adult1	0.534342647	Neural (A) C1/2	Neural (A) C1/2
DMSO_110cell_GAGAAGCTAAGT	3603	 7802	DMSO_U0126_110cell_adult1	0.461420149	Neural (A) C1/2	Neural (A) C1/2
DMSO_110cell_GAGAATGCTCAG	5337	21870	DMSO_U0126_110cell_adult5	0.114311843	Neural (A) C3/4	Neural (A) C3/4
DMSO_110cell_GAGAGCTGGGAA	5202	17116	DMSO_U0126_110cell_adult5	0.040897406	Epidermis (b)	Epidermis (b)
DMSO_110cell_GAGAGGTTTCTG	5797	24450	DMSO_U0126_110cell_adult3	0.032719836	Neural (b)	Neural (b)
DMSO_110cell_GAGATCCTCCAG	5724	25386	DMSO_U0126_110cell_adult2	0.011817537	Epidermis (a)	Epidermis (a)
DMSO_110cell_GAGATTCAATAT	3555	 7274	DMSO_U0126_110cell_adult1	0.508660984	TLC	TLC
DMSO_110cell_GAGATTCGAACA	3211	 6057	DMSO_U0126_110cell_adult3	0.082549117	Epidermis (a)	Epidermis (a)
DMSO_110cell_GAGCCAAGTACG	3697	 8366	DMSO_U0126_110cell_adult1	0.011953144	B8.5	B8.5
DMSO_110cell_GAGCCTAGCGGC	4244	11540	DMSO_U0126_110cell_adult4	0.000000000	1˚ Notochord	1˚ Notochord
DMSO_110cell_GAGCGCTCTCAA	7001	39188	DMSO_U0126_110cell_adult4	0.017862611	TLC	TLC
DMSO_110cell_GAGCGGCTAAAT	5340	19110	DMSO_U0126_110cell_adult2	0.204081633	B7.4 Muscle	B7.4 Muscle
DMSO_110cell_GAGCGGGCGTAG	5335	17997	DMSO_U0126_110cell_adult1	0.011112963	Epidermis (b)	Epidermis (b)
DMSO_110cell_GAGCGTGCGTTA	5949	25245	DMSO_U0126_110cell_adult5	0.023767083	Neural (A) C3/4	Neural (A) C3/4
DMSO_110cell_GAGCGTTTGGCA	5083	16369	DMSO_U0126_110cell_adult1	0.036654652	Epidermis (b)	Epidermis (b)
DMSO_110cell_GAGGAGCCCGGA	5819	27375	DMSO_U0126_110cell_adult2	0.000000000	1˚ Notochord	1˚ Notochord
DMSO_110cell_GAGGAGGAGAAA	7051	48181	DMSO_U0126_110cell_adult2	0.207550694	Epidermis (b)	Epidermis (b)
DMSO_110cell_GAGGCGCACCAG	2805	 5225	DMSO_U0126_110cell_adult1	0.019138756	B8.5	B8.5
DMSO_110cell_GAGGGCATCCGC	6087	26215	DMSO_U0126_110cell_adult1	0.019073050	TLC	TLC
DMSO_110cell_GAGGGTTCTAAT	5213	16607	DMSO_U0126_110cell_adult2	0.030107786	Epidermis (b)	Epidermis (b)
DMSO_110cell_GAGTAAGCCAAC	6126	25354	DMSO_U0126_110cell_adult3	0.019720754	Neural (a)	Neural (a)
DMSO_110cell_GAGTATCTATAG	5556	22198	DMSO_U0126_110cell_adult2	1.067663753	Neural (A) C1/2	Neural (A) C1/2
DMSO_110cell_GAGTGCTGCTAA	5445	18405	DMSO_U0126_110cell_adult1	0.108666123	Neural (A) C3/4	Neural (A) C3/4
DMSO_110cell_GAGTTCAGAAGT	3339	 6818	DMSO_U0126_110cell_adult2	0.102669405	TLC	TLC
DMSO_110cell_GAGTTGGCAACC	3405	 6974	DMSO_U0126_110cell_adult1	0.000000000	Neural (b)	Neural (b)
DMSO_110cell_GATAAAACGGGA	4891	14923	DMSO_U0126_110cell_adult3	0.053608524	Epidermis (b)	Epidermis (b)
DMSO_110cell_GATAAAAGTACA	4981	15335	DMSO_U0126_110cell_adult3	0.163025758	Epidermis (a)	Epidermis (a)
DMSO_110cell_GATAAGGAGATC	5682	21591	DMSO_U0126_110cell_adult5	0.384419434	Neural (b)	Neural (b)
DMSO_110cell_GATACCTAGTAG	6919	49462	DMSO_U0126_110cell_adult5	0.149609801	B8.5	B8.5
DMSO_110cell_GATAGCATGGCC	4513	12798	DMSO_U0126_110cell_adult1	0.007813721	Epidermis (b)	Epidermis (b)
DMSO_110cell_GATATACCCGCA	4740	14469	DMSO_U0126_110cell_adult3	0.020733983	Epidermis (b)	Epidermis (b)
DMSO_110cell_GATATTGAATGG	5869	22842	DMSO_U0126_110cell_adult3	0.048156904	B7.7	B7.7
DMSO_110cell_GATATTTACGTC	5263	16896	DMSO_U0126_110cell_adult1	0.047348485	Epidermis (a)	Epidermis (a)
DMSO_110cell_GATCAAAACTGC	5380	18896	DMSO_U0126_110cell_adult1	0.164055885	Neural (A) C1/2	Neural (A) C1/2
DMSO_110cell_GATCAACTGAGC	5094	16928	DMSO_U0126_110cell_adult1	0.271739130	Neural (A) C1/2	Neural (A) C1/2
DMSO_110cell_GATCACGCGAAA	3187	 6127	DMSO_U0126_110cell_adult5	0.016321201	Neural (a)	Neural (a)
DMSO_110cell_GATCCATTACGT	2781	 4880	DMSO_U0126_110cell_adult5	0.122950820	B8.5	B8.5
DMSO_110cell_GATCGGCTACAC	6390	34967	DMSO_U0126_110cell_adult2	0.203048589	B7.4 Muscle	B7.4 Muscle
DMSO_110cell_GATCGGGTAGGA	6418	31721	DMSO_U0126_110cell_adult1	0.040982315	TLC	TLC
DMSO_110cell_GATCGTTGGTTC	5542	19934	DMSO_U0126_110cell_adult1	0.030099328	Epidermis (a)	Epidermis (a)
DMSO_110cell_GATCTTTTAGTT	3249	 6292	DMSO_U0126_110cell_adult1	0.238397966	TLC	TLC
DMSO_110cell_GATGAATCGCGT	5031	15135	DMSO_U0126_110cell_adult4	0.006607202	Epidermis (b)	Epidermis (b)
DMSO_110cell_GATGAGGTTAGT	4838	15046	DMSO_U0126_110cell_adult5	0.365545660	Epidermis (b)	Epidermis (b)
DMSO_110cell_GATGCAATGCCA	3911	 8840	DMSO_U0126_110cell_adult1	0.135746606	Epidermis (b)	Epidermis (b)
DMSO_110cell_GATGCTTTCTGA	6445	33020	DMSO_U0126_110cell_adult4	0.369473047	Neural (A) C1/2	Neural (A) C1/2
DMSO_110cell_GATGGATAGCTT	4850	14205	DMSO_U0126_110cell_adult2	0.098556846	Epidermis (b)	Epidermis (b)
DMSO_110cell_GATGGGGGATGA	5891	24095	DMSO_U0126_110cell_adult4	0.149408591	B7.4 Muscle	B7.4 Muscle
DMSO_110cell_GATGGGTGATTC	7215	50784	DMSO_U0126_110cell_adult5	0.015752993	Neural (b)	Neural (b)
DMSO_110cell_GATGTACTAATT	7229	49068	DMSO_U0126_110cell_adult3	0.069291595	Epidermis (a)	Epidermis (a)
DMSO_110cell_GATGTCATGTGA	3741	 8079	DMSO_U0126_110cell_adult1	0.061888848	Epidermis (b)	Epidermis (b)
DMSO_110cell_GATTACCAATCT	6025	24348	DMSO_U0126_110cell_adult3	0.024642681	Epidermis (a)	Epidermis (a)
DMSO_110cell_GATTACGGCTAA	5265	18068	DMSO_U0126_110cell_adult4	0.027673234	Endoderm (A)	Endoderm (A)
DMSO_110cell_GATTCCTTGTAT	4539	12276	DMSO_U0126_110cell_adult1	0.097751711	1˚ Notochord	1˚ Notochord
DMSO_110cell_GATTCGACCTTT	5825	25638	DMSO_U0126_110cell_adult2	0.062407364	Epidermis (b)	Epidermis (b)
DMSO_110cell_GATTCGGTGTCC	3009	 6368	DMSO_U0126_110cell_adult5	0.062814070	B7.6	B7.6
DMSO_110cell_GATTCTACGACG	4032	 9489	DMSO_U0126_110cell_adult1	0.094846665	Epidermis (b)	Epidermis (b)
DMSO_110cell_GATTCTTAAGGC	5909	25255	DMSO_U0126_110cell_adult2	0.110869135	Epidermis (b)	Epidermis (b)
DMSO_110cell_GATTGATTTCAT	3699	 8414	DMSO_U0126_110cell_adult1	0.309008795	Epidermis (b)	Epidermis (b)
DMSO_110cell_GATTGTCCCGGG	6969	45265	DMSO_U0126_110cell_adult5	0.022092124	Epidermis (b)	Epidermis (b)
DMSO_110cell_GATTTTTCGTGG	4875	15124	DMSO_U0126_110cell_adult2	0.066120074	Epidermis (b)	Epidermis (b)
DMSO_110cell_GCAAAATCGGCG	5389	20053	DMSO_U0126_110cell_adult5	0.009973570	Neural (A) C3/4	Neural (A) C3/4
DMSO_110cell_GCAAACAGGTAG	5006	14773	DMSO_U0126_110cell_adult1	0.054152846	1˚ Notochord	1˚ Notochord
DMSO_110cell_GCAACATTTTGG	5488	20322	DMSO_U0126_110cell_adult1	0.339533510	Neural (A) C1/2	Neural (A) C1/2
DMSO_110cell_GCAACGGGGGCC	5013	15517	DMSO_U0126_110cell_adult1	0.006444545	Epidermis (a)	Epidermis (a)
DMSO_110cell_GCAACGTATTCA	5083	18939	DMSO_U0126_110cell_adult2	0.116162416	TLC	TLC
DMSO_110cell_GCAAGAGAGCGC	5145	16622	DMSO_U0126_110cell_adult5	0.018048370	Epidermis (a)	Epidermis (a)
DMSO_110cell_GCAAGATGTAAT	6980	47814	DMSO_U0126_110cell_adult1	0.299075585	B7.7	B7.7
DMSO_110cell_GCAAGCCAACCC	5708	22986	DMSO_U0126_110cell_adult5	0.030453319	Epidermis (b)	Epidermis (b)
DMSO_110cell_GCACAAACAACT	5266	18856	DMSO_U0126_110cell_adult1	0.084853627	Epidermis (b)	Epidermis (b)
DMSO_110cell_GCACAGCTAATG	5357	18089	DMSO_U0126_110cell_adult5	0.027641108	Epidermis (b)	Epidermis (b)
DMSO_110cell_GCACGATGTACT	4775	13012	DMSO_U0126_110cell_adult3	0.023055641	Epidermis (a)	Epidermis (a)
DMSO_110cell_GCACTGAGACAA	4125	10163	DMSO_U0126_110cell_adult4	0.039358457	Epidermis (b)	Epidermis (b)
DMSO_110cell_GCAGCTATGCTC	6168	28814	DMSO_U0126_110cell_adult5	0.006941070	Neural (b)	Neural (b)
DMSO_110cell_GCAGCTTGTATT	3448	 7135	DMSO_U0126_110cell_adult2	0.014015417	TLC	TLC
DMSO_110cell_GCAGGGAAGCAA	2964	 5826	DMSO_U0126_110cell_adult3	0.051493306	Neural (a)	Neural (a)
DMSO_110cell_GCAGGGCTTTGG	3284	 6668	DMSO_U0126_110cell_adult4	0.029994001	1˚ Notochord	1˚ Notochord
DMSO_110cell_GCAGGTTGTCGA	5588	20974	DMSO_U0126_110cell_adult3	0.166873272	B7.8 Muscle	B7.8 Muscle
DMSO_110cell_GCAGTGACGAGT	4269	11426	DMSO_U0126_110cell_adult2	0.035007877	Neural (a)	Neural (a)
DMSO_110cell_GCAGTTCACATG	5607	23042	DMSO_U0126_110cell_adult2	0.316812777	B7.5	B7.5
DMSO_110cell_GCAGTTGCGCTA	3328	 6743	DMSO_U0126_110cell_adult1	0.014830194	TLC	TLC
DMSO_110cell_GCATAAGCAGAT	4639	13926	DMSO_U0126_110cell_adult2	0.050265690	Epidermis (b)	Epidermis (b)
DMSO_110cell_GCATAGAACGCG	5707	22209	DMSO_U0126_110cell_adult1	0.036021433	Epidermis (b)	Epidermis (b)
DMSO_110cell_GCATCAGTATTA	2822	 5060	DMSO_U0126_110cell_adult5	1.442687747	B8.5	B8.5
DMSO_110cell_GCATCTCTTCTG	3733	 8106	DMSO_U0126_110cell_adult1	0.049346163	Epidermis (a)	Epidermis (a)
DMSO_110cell_GCATGCTAACTC	7332	65349	DMSO_U0126_110cell_adult2	0.032135151	B8.5	B8.5
DMSO_110cell_GCATGTTGCCGT	3674	 8221	DMSO_U0126_110cell_adult4	0.000000000	Epidermis (b)	Epidermis (b)
DMSO_110cell_GCATTATGTCTC	3951	 9860	DMSO_U0126_110cell_adult5	0.111561866	Epidermis (a)	Epidermis (a)
DMSO_110cell_GCCAACACACTT	5401	20228	DMSO_U0126_110cell_adult1	0.202689342	B7.8 Muscle	B7.8 Muscle
DMSO_110cell_GCCAATATTTGC	5547	20694	DMSO_U0126_110cell_adult5	0.028993911	Epidermis (a)	Epidermis (a)
DMSO_110cell_GCCATAGAATCC	3616	 8440	DMSO_U0126_110cell_adult5	0.011848341	Epidermis (b)	Epidermis (b)
DMSO_110cell_GCCATATCTAAA	2959	 5988	DMSO_U0126_110cell_adult2	3.122912492	B7.8 Muscle	B7.8 Muscle
DMSO_110cell_GCCATCGTCGGT	3425	 7087	DMSO_U0126_110cell_adult3	0.056441372	B8.5	B8.5
DMSO_110cell_GCCCAGATAGAG	5924	26052	DMSO_U0126_110cell_adult5	0.134346691	B7.4 Muscle	B7.4 Muscle
DMSO_110cell_GCCCCGCCGTGT	4692	13071	DMSO_U0126_110cell_adult3	0.000000000	B8.6	B8.6
DMSO_110cell_GCCCGGAGACCG	6097	26019	DMSO_U0126_110cell_adult3	0.026903417	Neural (A) C1/2	Neural (A) C1/2
DMSO_110cell_GCCCTACTATCA	6130	26912	DMSO_U0126_110cell_adult5	0.033442331	Epidermis (b)	Epidermis (b)
DMSO_110cell_GCCCTAGAAGTG	3089	 6075	DMSO_U0126_110cell_adult3	0.016460905	Epidermis (b)	Epidermis (b)
DMSO_110cell_GCCCTATACCGC	4686	13441	DMSO_U0126_110cell_adult3	0.089279071	B7.8 Muscle	B7.8 Muscle
DMSO_110cell_GCCGCGGTTCTT	4802	13635	DMSO_U0126_110cell_adult2	0.014668133	Neural (a)	Neural (a)
DMSO_110cell_GCCGCTTGATCT	4037	10713	DMSO_U0126_110cell_adult2	0.056006721	Neural (A) C1/2	Neural (A) C1/2
DMSO_110cell_GCCGGCCTCGGC	5943	27453	DMSO_U0126_110cell_adult2	0.065566605	B7.8 Muscle	B7.8 Muscle
DMSO_110cell_GCCGGGCAGTTA	5552	22521	DMSO_U0126_110cell_adult3	0.066604502	Neural (A) C1/2	Neural (A) C1/2
DMSO_110cell_GCCGTTCCCACG	5915	26833	DMSO_U0126_110cell_adult5	0.000000000	1˚ Notochord	1˚ Notochord
DMSO_110cell_GCCTAATCTTGG	6227	28577	DMSO_U0126_110cell_adult1	0.027994541	1˚ Notochord	1˚ Notochord
DMSO_110cell_GCCTATAAGTTC	5682	21917	DMSO_U0126_110cell_adult5	0.200757403	Epidermis (a)	Epidermis (a)
DMSO_110cell_GCCTCATCGACC	5826	26878	DMSO_U0126_110cell_adult2	0.111615448	B7.8 Muscle	B7.8 Muscle
DMSO_110cell_GCCTCTTAAACG	5523	20612	DMSO_U0126_110cell_adult1	0.184358626	Epidermis (a)	Epidermis (a)
DMSO_110cell_GCCTGCACTCGG	3816	 9324	DMSO_U0126_110cell_adult1	0.010725011	Epidermis (a)	Epidermis (a)
DMSO_110cell_GCCTGCTTGGCT	7516	62562	DMSO_U0126_110cell_adult5	0.009590486	B7.7	B7.7
DMSO_110cell_GCCTGGAGCCGG	5438	19156	DMSO_U0126_110cell_adult5	0.000000000	Epidermis (b)	Epidermis (b)
DMSO_110cell_GCCTGTACTACG	5868	24561	DMSO_U0126_110cell_adult5	0.024428973	Neural (a)	Neural (a)
DMSO_110cell_GCCTGTGACCGA	4756	13355	DMSO_U0126_110cell_adult1	0.007487832	1˚ Notochord	1˚ Notochord
DMSO_110cell_GCCTTTACCTAG	4751	13185	DMSO_U0126_110cell_adult4	0.212362533	Neural (a)	Neural (a)
DMSO_110cell_GCCTTTAGTTGA	5518	19371	DMSO_U0126_110cell_adult1	0.268442517	Neural (b)	Neural (b)
DMSO_110cell_GCGAAGGCCACT	5551	21299	DMSO_U0126_110cell_adult5	0.037560449	Neural (a)	Neural (a)
DMSO_110cell_GCGAATCGCTCA	5541	20245	DMSO_U0126_110cell_adult1	0.019757965	Neural (a)	Neural (a)
DMSO_110cell_GCGAATGAATCC	2775	 4877	DMSO_U0126_110cell_adult1	0.266557310	Neural (b)	Neural (b)
DMSO_110cell_GCGACTAGCCCC	5198	16630	DMSO_U0126_110cell_adult1	0.012026458	Neural (b)	Neural (b)
DMSO_110cell_GCGACTTGATTA	5872	24889	DMSO_U0126_110cell_adult5	0.024107035	Epidermis (b)	Epidermis (b)
DMSO_110cell_GCGAGGAACTCC	5438	19303	DMSO_U0126_110cell_adult1	0.015541626	Epidermis (b)	Epidermis (b)
DMSO_110cell_GCGAGGGCCGCC	5697	22758	DMSO_U0126_110cell_adult1	0.026364355	Neural (A) C1/2	Neural (A) C1/2
DMSO_110cell_GCGAGTTTGTCG	5231	16633	DMSO_U0126_110cell_adult5	0.030060723	Neural (a)	Neural (a)
DMSO_110cell_GCGATCTCACTT	6766	40011	DMSO_U0126_110cell_adult1	0.037489690	Epidermis (b)	Epidermis (b)
DMSO_110cell_GCGATTCCACCA	2800	 5298	DMSO_U0126_110cell_adult1	0.094375236	B8.5	B8.5
DMSO_110cell_GCGCAGGACCTA	6065	28696	DMSO_U0126_110cell_adult3	0.006969612	Epidermis (a)	Epidermis (a)
DMSO_110cell_GCGCAGGTATTC	5599	19708	DMSO_U0126_110cell_adult3	0.106555713	Neural (b)	Neural (b)
DMSO_110cell_GCGCAGTCAGTT	6777	40281	DMSO_U0126_110cell_adult1	0.012412800	B7.7	B7.7
DMSO_110cell_GCGCCGAATATG	3364	 6848	DMSO_U0126_110cell_adult4	0.043808411	B8.5	B8.5
DMSO_110cell_GCGCCTATGCTT	5812	22734	DMSO_U0126_110cell_adult5	0.030790886	Epidermis (a)	Epidermis (a)
DMSO_110cell_GCGCGACGTTAA	6406	33226	DMSO_U0126_110cell_adult4	0.000000000	Epidermis (b)	Epidermis (b)
DMSO_110cell_GCGCGTGCTCAG	2957	 5019	DMSO_U0126_110cell_adult1	0.000000000	Epidermis (b)	Epidermis (b)
DMSO_110cell_GCGCTCAAAACC	4428	11913	DMSO_U0126_110cell_adult1	0.025182574	TLC	TLC
DMSO_110cell_GCGCTCTAGGCT	5280	17892	DMSO_U0126_110cell_adult5	0.022356360	Epidermis (a)	Epidermis (a)
DMSO_110cell_GCGGGACATAGG	3055	 5676	DMSO_U0126_110cell_adult3	0.000000000	B8.6	B8.6
DMSO_110cell_GCGGGAGATTGT	6220	29039	DMSO_U0126_110cell_adult1	0.044767382	Neural (A) C1/2	Neural (A) C1/2
DMSO_110cell_GCGGGGATCAAG	3981	10028	DMSO_U0126_110cell_adult1	0.009972078	Epidermis (b)	Epidermis (b)
DMSO_110cell_GCGGTTGTCCCA	4264	11530	DMSO_U0126_110cell_adult2	0.017346054	Epidermis (b)	Epidermis (b)
DMSO_110cell_GCGTCTCCGTGA	3900	 9416	DMSO_U0126_110cell_adult3	0.000000000	1˚ Notochord	1˚ Notochord
DMSO_110cell_GCGTTAATGATT	6320	29717	DMSO_U0126_110cell_adult3	0.104317394	Neural (a)	Neural (a)
DMSO_110cell_GCGTTTCTTCCG	6294	30666	DMSO_U0126_110cell_adult3	0.016304702	Epidermis (a)	Epidermis (a)
DMSO_110cell_GCTAACAGATTA	5073	17650	DMSO_U0126_110cell_adult5	2.033994334	B7.8 Muscle	B7.8 Muscle
DMSO_110cell_GCTAACGTAGGA	5457	20410	DMSO_U0126_110cell_adult1	0.181283684	Epidermis (b)	Epidermis (b)
DMSO_110cell_GCTAACTTCACT	4198	10968	DMSO_U0126_110cell_adult5	0.082056893	B8.5	B8.5
DMSO_110cell_GCTAAGATGTCT	5874	25941	DMSO_U0126_110cell_adult5	0.084807833	TLC	TLC
DMSO_110cell_GCTACCCACTCT	4912	14917	DMSO_U0126_110cell_adult1	0.026815043	Epidermis (a)	Epidermis (a)
DMSO_110cell_GCTAGCGAGAGA	5333	18879	DMSO_U0126_110cell_adult4	0.127125377	B7.5	B7.5
DMSO_110cell_GCTAGCGTGCTA	6165	28304	DMSO_U0126_110cell_adult5	0.000000000	Endoderm (A)	Endoderm (A)
DMSO_110cell_GCTAGGTGATTA	4748	12499	DMSO_U0126_110cell_adult4	0.072005760	Epidermis (b)	Epidermis (b)
DMSO_110cell_GCTAGTCTATGC	3553	 7324	DMSO_U0126_110cell_adult3	0.000000000	1˚ Notochord	1˚ Notochord
DMSO_110cell_GCTATAATTCGG	5803	25160	DMSO_U0126_110cell_adult2	0.520667727	B7.4 Muscle	B7.4 Muscle
DMSO_110cell_GCTATGGGCAAA	5898	24761	DMSO_U0126_110cell_adult1	0.028270264	Epidermis (b)	Epidermis (b)
DMSO_110cell_GCTCAGGATATT	6576	34600	DMSO_U0126_110cell_adult4	0.141618497	TLC	TLC
DMSO_110cell_GCTCCGCCACTG	5739	22840	DMSO_U0126_110cell_adult1	0.100700525	Neural (A) C1/2	Neural (A) C1/2
DMSO_110cell_GCTCTAAAACGC	3284	 6922	DMSO_U0126_110cell_adult2	0.390060676	B7.8 Muscle	B7.8 Muscle
DMSO_110cell_GCTCTGTCCGCT	5320	18518	DMSO_U0126_110cell_adult4	0.005400151	Epidermis (b)	Epidermis (b)
DMSO_110cell_GCTGCTTTGCCA	4210	11145	DMSO_U0126_110cell_adult5	0.062808434	B8.5	B8.5
DMSO_110cell_GCTGGCCGGCAT	6899	46216	DMSO_U0126_110cell_adult2	0.017310023	Epidermis (a)	Epidermis (a)
DMSO_110cell_GCTGGGGCCAGT	4807	12974	DMSO_U0126_110cell_adult1	0.030830893	Epidermis (b)	Epidermis (b)
DMSO_110cell_GCTGTCCATCCG	5414	19121	DMSO_U0126_110cell_adult1	0.026149260	Neural (a)	Neural (a)
DMSO_110cell_GCTGTGGCAAAT	4873	13970	DMSO_U0126_110cell_adult1	0.014316392	Epidermis (a)	Epidermis (a)
DMSO_110cell_GCTTAGATATTC	5719	24407	DMSO_U0126_110cell_adult1	0.135207113	B8.5	B8.5
DMSO_110cell_GCTTAGGTATCG	4866	14675	DMSO_U0126_110cell_adult4	0.115843271	Neural (a)	Neural (a)
DMSO_110cell_GCTTATAGGCTG	3368	 7503	DMSO_U0126_110cell_adult2	0.026656004	Epidermis (a)	Epidermis (a)
DMSO_110cell_GCTTATCCATTG	3485	 7004	DMSO_U0126_110cell_adult1	0.114220445	Neural (b)	Neural (b)
DMSO_110cell_GCTTTGATTCGT	2890	 6473	DMSO_U0126_110cell_adult5	0.108141511	B7.6	B7.6
DMSO_110cell_GCTTTGCCGCCT	4764	14355	DMSO_U0126_110cell_adult1	0.020898642	Endoderm (B)	Endoderm (B)
DMSO_110cell_GCTTTTCTTCGC	5920	26052	DMSO_U0126_110cell_adult5	0.003838477	Epidermis (b)	Epidermis (b)
DMSO_110cell_GGAAAAACATAG	3656	 7765	DMSO_U0126_110cell_adult4	0.528010303	Neural (A) C1/2	Neural (A) C1/2
DMSO_110cell_GGAACTAACTGG	3894	 8463	DMSO_U0126_110cell_adult4	0.035448423	B8.5	B8.5
DMSO_110cell_GGAACTCCAATG	5288	17723	DMSO_U0126_110cell_adult1	0.028211928	Epidermis (a)	Epidermis (a)
DMSO_110cell_GGAAGTTCAAAA	4486	11745	DMSO_U0126_110cell_adult1	0.519369945	Neural (a)	Neural (a)
DMSO_110cell_GGAATCCCATGG	4777	14045	DMSO_U0126_110cell_adult3	0.028479886	Neural (b)	Neural (b)
DMSO_110cell_GGAATGCCAATT	6591	36121	DMSO_U0126_110cell_adult3	0.005536945	Epidermis (b)	Epidermis (b)
DMSO_110cell_GGACAACCGCGA	4978	17250	DMSO_U0126_110cell_adult4	0.098550725	B8.5	B8.5
DMSO_110cell_GGACAACGGTGC	6456	32325	DMSO_U0126_110cell_adult3	0.000000000	1˚ Notochord	1˚ Notochord
DMSO_110cell_GGACAATACCTC	6455	34800	DMSO_U0126_110cell_adult2	0.048850575	Epidermis (b)	Epidermis (b)
DMSO_110cell_GGACAGCAAAGT	4996	15618	DMSO_U0126_110cell_adult1	0.256114739	Neural (b)	Neural (b)
DMSO_110cell_GGACAGGTGACC	5873	24834	DMSO_U0126_110cell_adult1	0.020133688	Epidermis (b)	Epidermis (b)
DMSO_110cell_GGACATCAGAGA	5753	21700	DMSO_U0126_110cell_adult4	0.032258065	Epidermis (a)	Epidermis (a)
DMSO_110cell_GGACATCTATCA	5490	19200	DMSO_U0126_110cell_adult4	0.052083333	Epidermis (a)	Epidermis (a)
DMSO_110cell_GGACCGGGTGCC	3432	 7524	DMSO_U0126_110cell_adult5	0.026581606	Neural (a)	Neural (a)
DMSO_110cell_GGACCTACATGA	6309	31505	DMSO_U0126_110cell_adult1	0.292017140	B7.8 Muscle	B7.8 Muscle
DMSO_110cell_GGACTATATTGT	5186	16856	DMSO_U0126_110cell_adult5	0.112719506	Epidermis (b)	Epidermis (b)
DMSO_110cell_GGACTCCTACAG	5003	15485	DMSO_U0126_110cell_adult1	0.025831450	Epidermis (a)	Epidermis (a)
DMSO_110cell_GGACTGATGCAG	3057	 6028	DMSO_U0126_110cell_adult1	0.033178500	Neural (b)	Neural (b)
DMSO_110cell_GGACTGATTAAT	4761	14204	DMSO_U0126_110cell_adult5	0.274570544	Epidermis (b)	Epidermis (b)
DMSO_110cell_GGAGCCCTGCCA	4057	 9891	DMSO_U0126_110cell_adult5	0.020220402	TLC	TLC
DMSO_110cell_GGAGCCGTCTAG	5890	25215	DMSO_U0126_110cell_adult2	0.019829467	Epidermis (a)	Epidermis (a)
DMSO_110cell_GGAGGATTGCTT	6109	26099	DMSO_U0126_110cell_adult1	0.084294417	Epidermis (b)	Epidermis (b)
DMSO_110cell_GGAGGCGTTTGA	4187	10225	DMSO_U0126_110cell_adult4	0.068459658	1˚ Notochord	1˚ Notochord
DMSO_110cell_GGAGGTGCATCA	4478	12293	DMSO_U0126_110cell_adult2	0.089481819	Neural (a)	Neural (a)
DMSO_110cell_GGATCCCACAGA	6140	27842	DMSO_U0126_110cell_adult3	0.107750880	Neural (A) C3/4	Neural (A) C3/4
DMSO_110cell_GGATTTCAGATA	5974	23757	DMSO_U0126_110cell_adult1	0.058930000	Epidermis (a)	Epidermis (a)
DMSO_110cell_GGATTTGACAGT	3526	 7363	DMSO_U0126_110cell_adult3	0.081488524	Epidermis (b)	Epidermis (b)
DMSO_110cell_GGCACAGAGGTC	3277	 6645	DMSO_U0126_110cell_adult3	0.000000000	1˚ Notochord	1˚ Notochord
DMSO_110cell_GGCAGGACATTC	3818	 9207	DMSO_U0126_110cell_adult2	0.086890409	Epidermis (b)	Epidermis (b)
DMSO_110cell_GGCAGGTCCTCC	5195	18266	DMSO_U0126_110cell_adult1	0.032847914	Epidermis (b)	Epidermis (b)
DMSO_110cell_GGCCAACGCGAG	4570	13001	DMSO_U0126_110cell_adult1	0.046150296	Neural (a)	Neural (a)
DMSO_110cell_GGCCCGACTGCT	4903	14706	DMSO_U0126_110cell_adult1	0.000000000	Neural (a)	Neural (a)
DMSO_110cell_GGCCCTGTATTC	4446	11240	DMSO_U0126_110cell_adult1	0.035587189	1˚ Notochord	1˚ Notochord
DMSO_110cell_GGCCGTACCTGC	5258	19028	DMSO_U0126_110cell_adult2	0.005255413	Epidermis (a)	Epidermis (a)
DMSO_110cell_GGCCTTGTTATA	6829	41917	DMSO_U0126_110cell_adult2	0.038170671	Epidermis (a)	Epidermis (a)
DMSO_110cell_GGCGAACAGGCG	4418	11896	DMSO_U0126_110cell_adult4	0.016812374	Epidermis (b)	Epidermis (b)
DMSO_110cell_GGCGGGATGTAG	4656	13601	DMSO_U0126_110cell_adult2	0.014704801	Endoderm (A)	Endoderm (A)
DMSO_110cell_GGCTACGTTCAC	3965	 8788	DMSO_U0126_110cell_adult3	0.011379153	1˚ Notochord	1˚ Notochord
DMSO_110cell_GGCTAGCGGTCC	5648	22112	DMSO_U0126_110cell_adult5	0.009044863	Epidermis (a)	Epidermis (a)
DMSO_110cell_GGCTCCGGTTAA	6448	32753	DMSO_U0126_110cell_adult2	0.003053155	Epidermis (a)	Epidermis (a)
DMSO_110cell_GGCTCGCCCCTT	5454	19679	DMSO_U0126_110cell_adult3	0.000000000	Epidermis (b)	Epidermis (b)
DMSO_110cell_GGCTCGCGGACT	5167	16170	DMSO_U0126_110cell_adult3	0.006184292	Epidermis (a)	Epidermis (a)
DMSO_110cell_GGCTGAGCATCA	6971	46046	DMSO_U0126_110cell_adult3	0.034747861	B7.4 Muscle	B7.4 Muscle
DMSO_110cell_GGCTTCTTGACA	6977	45500	DMSO_U0126_110cell_adult1	0.074725275	B7.4 Muscle	B7.4 Muscle
DMSO_110cell_GGGAACTTAACA	3587	 7923	DMSO_U0126_110cell_adult3	0.037864445	Epidermis (a)	Epidermis (a)
DMSO_110cell_GGGAAGTAATTC	5101	17941	DMSO_U0126_110cell_adult2	0.039016777	Endoderm (A)	Endoderm (A)
DMSO_110cell_GGGAGGACCACA	3694	 7936	DMSO_U0126_110cell_adult1	0.037802419	Epidermis (b)	Epidermis (b)
DMSO_110cell_GGGATTCTCGAG	6534	33227	DMSO_U0126_110cell_adult1	0.003009601	Epidermis (b)	Epidermis (b)
DMSO_110cell_GGGCAAATCCTA	3840	 8751	DMSO_U0126_110cell_adult2	0.057136327	Neural (a)	Neural (a)
DMSO_110cell_GGGCAGCAACGC	7330	57764	DMSO_U0126_110cell_adult5	0.017311821	TLC	TLC
DMSO_110cell_GGGCCAAACTGA	5163	16292	DMSO_U0126_110cell_adult3	0.018413945	Neural (a)	Neural (a)
DMSO_110cell_GGGCCAGTATGG	2831	 4988	DMSO_U0126_110cell_adult2	0.020048115	Neural (b)	Neural (b)
DMSO_110cell_GGGCCGTCCTCG	3216	 6125	DMSO_U0126_110cell_adult1	0.097959184	Neural (b)	Neural (b)
DMSO_110cell_GGGCGGGGCATA	4615	11946	DMSO_U0126_110cell_adult3	0.016742006	Epidermis (b)	Epidermis (b)
DMSO_110cell_GGGCTAACTTTA	4784	14421	DMSO_U0126_110cell_adult3	0.062408987	Epidermis (a)	Epidermis (a)
DMSO_110cell_GGGCTGCATACA	6200	28043	DMSO_U0126_110cell_adult4	0.007131905	Neural (b)	Neural (b)
DMSO_110cell_GGGGAATTAGGT	5843	23244	DMSO_U0126_110cell_adult5	0.025813113	Epidermis (b)	Epidermis (b)
DMSO_110cell_GGGGACACCGCA	3854	 8770	DMSO_U0126_110cell_adult3	0.022805017	Epidermis (b)	Epidermis (b)
DMSO_110cell_GGGGCATAGGTT	4390	10975	DMSO_U0126_110cell_adult2	0.054669704	Neural (a)	Neural (a)
DMSO_110cell_GGGGCCGGATCT	3133	 6268	DMSO_U0126_110cell_adult1	0.063816209	Neural (A) C1/2	Neural (A) C1/2
DMSO_110cell_GGGGCGGTAGGG	4801	13480	DMSO_U0126_110cell_adult3	0.022255193	Neural (A) C1/2	Neural (A) C1/2
DMSO_110cell_GGGGTGACCTCG	4821	14662	DMSO_U0126_110cell_adult2	0.109125631	Neural (A) C3/4	Neural (A) C3/4
DMSO_110cell_GGGGTTGTAGCC	4848	15051	DMSO_U0126_110cell_adult2	0.019932230	Epidermis (b)	Epidermis (b)
DMSO_110cell_GGGTCCTAAGCA	6098	26592	DMSO_U0126_110cell_adult1	0.018802647	Epidermis (a)	Epidermis (a)
DMSO_110cell_GGGTGACTTGTC	4895	14075	DMSO_U0126_110cell_adult1	0.014209591	Epidermis (a)	Epidermis (a)
DMSO_110cell_GGGTGCTTTCTC	5948	24931	DMSO_U0126_110cell_adult1	0.016044282	Epidermis (b)	Epidermis (b)
DMSO_110cell_GGGTGTTCTTTA	5376	17568	DMSO_U0126_110cell_adult5	0.000000000	Neural (b)	Neural (b)
DMSO_110cell_GGGTTACGTCGT	3886	 8917	DMSO_U0126_110cell_adult5	0.033643602	Epidermis (a)	Epidermis (a)
DMSO_110cell_GGTAAACAGCTA	6952	42843	DMSO_U0126_110cell_adult1	0.035011554	Neural (a)	Neural (a)
DMSO_110cell_GGTAACGTAAGA	3148	 5806	DMSO_U0126_110cell_adult3	0.964519463	Neural (A) C1/2	Neural (A) C1/2
DMSO_110cell_GGTAATCGGATC	2814	 5099	DMSO_U0126_110cell_adult1	0.039223377	B8.5	B8.5
DMSO_110cell_GGTACATCAGTC	2961	 5654	DMSO_U0126_110cell_adult5	0.353731871	B8.5	B8.5
DMSO_110cell_GGTAGCCTGCTA	6495	34549	DMSO_U0126_110cell_adult4	0.011577759	B7.7	B7.7
DMSO_110cell_GGTAGCGCCGTA	3441	 7044	DMSO_U0126_110cell_adult4	0.014196479	Neural (a)	Neural (a)
DMSO_110cell_GGTATCTCTGGT	3012	 5566	DMSO_U0126_110cell_adult5	0.071864894	B8.5	B8.5
DMSO_110cell_GGTATGCGAGCA	4954	16004	DMSO_U0126_110cell_adult2	0.012496876	Neural (a)	Neural (a)
DMSO_110cell_GGTCAACATACC	3508	 7224	DMSO_U0126_110cell_adult1	0.041528239	TLC	TLC
DMSO_110cell_GGTCATTTTAAC	2907	 6643	DMSO_U0126_110cell_adult5	0.572030709	B7.6	B7.6
DMSO_110cell_GGTCCATCATAG	4130	 9988	DMSO_U0126_110cell_adult4	0.090108130	Neural (b)	Neural (b)
DMSO_110cell_GGTCCCCTTTGT	5879	22365	DMSO_U0126_110cell_adult3	0.062597809	Neural (a)	Neural (a)
DMSO_110cell_GGTCCGAATGTG	4864	14547	DMSO_U0126_110cell_adult4	0.020622809	1˚ Notochord	1˚ Notochord
DMSO_110cell_GGTCGGCAATCT	5001	16152	DMSO_U0126_110cell_adult2	0.117632491	B7.8 Muscle	B7.8 Muscle
DMSO_110cell_GGTGACTTGTGC	4431	11950	DMSO_U0126_110cell_adult4	0.008368201	1˚ Notochord	1˚ Notochord
DMSO_110cell_GGTGAGGTTGTT	7577	60851	DMSO_U0126_110cell_adult3	0.049300751	B7.4 Muscle	B7.4 Muscle
DMSO_110cell_GGTGCAATGGGA	3267	 6284	DMSO_U0126_110cell_adult1	0.031826862	Epidermis (b)	Epidermis (b)
DMSO_110cell_GGTGCCCCCATA	5050	15300	DMSO_U0126_110cell_adult3	0.013071895	Epidermis (b)	Epidermis (b)
DMSO_110cell_GGTGCTGATTTG	5460	17433	DMSO_U0126_110cell_adult3	0.080307463	Neural (A) C1/2	Neural (A) C1/2
DMSO_110cell_GGTGGCGGGGAG	3734	 8246	DMSO_U0126_110cell_adult5	0.000000000	TLC	TLC
DMSO_110cell_GGTGGGGACGGT	3551	 7350	DMSO_U0126_110cell_adult5	0.000000000	Epidermis (a)	Epidermis (a)
DMSO_110cell_GGTGTACCCCCG	5445	21186	DMSO_U0126_110cell_adult1	0.023600491	B7.7	B7.7
DMSO_110cell_GGTGTGACTTGC	4249	10664	DMSO_U0126_110cell_adult1	0.046886722	Epidermis (b)	Epidermis (b)
DMSO_110cell_GGTGTTGTAGAT	6429	32962	DMSO_U0126_110cell_adult1	0.260906498	Neural (A) C3/4	Neural (A) C3/4
DMSO_110cell_GGTGTTTCAAGA	4506	12484	DMSO_U0126_110cell_adult2	0.248317847	Epidermis (b)	Epidermis (b)
DMSO_110cell_GGTTAGATTGAT	4855	14180	DMSO_U0126_110cell_adult3	0.126939351	Epidermis (a)	Epidermis (a)
DMSO_110cell_GGTTGAGTCGAT	7506	67384	DMSO_U0126_110cell_adult3	0.008904191	B8.5	B8.5
DMSO_110cell_GGTTTGGGGCTT	6007	23772	DMSO_U0126_110cell_adult3	0.008413259	Epidermis (b)	Epidermis (b)
DMSO_110cell_GTAAAATGGTCT	4756	12453	DMSO_U0126_110cell_adult3	0.200754838	Neural (a)	Neural (a)
DMSO_110cell_GTAACACGTTGG	4338	11183	DMSO_U0126_110cell_adult4	0.116247876	TLC	TLC
DMSO_110cell_GTAACTTATGGG	4929	14807	DMSO_U0126_110cell_adult1	0.040521375	Epidermis (a)	Epidermis (a)
DMSO_110cell_GTAATACGGGGC	4678	13093	DMSO_U0126_110cell_adult1	0.076376690	TLC	TLC
DMSO_110cell_GTAATGAGTCGG	5996	24248	DMSO_U0126_110cell_adult5	0.041240515	Neural (b)	Neural (b)
DMSO_110cell_GTAATGTATACT	5309	16637	DMSO_U0126_110cell_adult1	0.060106990	Epidermis (b)	Epidermis (b)
DMSO_110cell_GTAATTTCAGAG	5516	19400	DMSO_U0126_110cell_adult1	0.304123711	Epidermis (a)	Epidermis (a)
DMSO_110cell_GTACATAATTAG	4209	10322	DMSO_U0126_110cell_adult3	0.203448944	Epidermis (a)	Epidermis (a)
DMSO_110cell_GTACATAGTCCG	5484	21527	DMSO_U0126_110cell_adult3	0.074325266	Neural (A) C1/2	Neural (A) C1/2
DMSO_110cell_GTACATCCATTG	4939	15752	DMSO_U0126_110cell_adult3	0.120619604	Epidermis (b)	Epidermis (b)
DMSO_110cell_GTACCGCCATAA	5087	16770	DMSO_U0126_110cell_adult1	0.029815146	Epidermis (b)	Epidermis (b)
DMSO_110cell_GTACCTACATGT	5890	24732	DMSO_U0126_110cell_adult1	0.145560408	Epidermis (a)	Epidermis (a)
DMSO_110cell_GTACGACACATC	4509	12523	DMSO_U0126_110cell_adult5	0.119779606	Epidermis (b)	Epidermis (b)
DMSO_110cell_GTACGAGGCTCA	4669	12635	DMSO_U0126_110cell_adult1	0.015829046	1˚ Notochord	1˚ Notochord
DMSO_110cell_GTACGCGCCCGG	6429	33396	DMSO_U0126_110cell_adult2	0.011977482	Epidermis (a)	Epidermis (a)
DMSO_110cell_GTACTGGCCGGA	5231	16860	DMSO_U0126_110cell_adult3	0.011862396	Epidermis (b)	Epidermis (b)
DMSO_110cell_GTACTTATAAGA	4885	15100	DMSO_U0126_110cell_adult2	0.231788079	Neural (b)	Neural (b)
DMSO_110cell_GTACTTGAGTTC	5799	25475	DMSO_U0126_110cell_adult2	0.027477920	Endoderm (B)	Endoderm (B)
DMSO_110cell_GTAGATCCTATG	7365	53136	DMSO_U0126_110cell_adult1	0.071514604	Epidermis (b)	Epidermis (b)
DMSO_110cell_GTAGATCTTATA	4651	13321	DMSO_U0126_110cell_adult3	0.840777719	Epidermis (b)	Epidermis (b)
DMSO_110cell_GTAGCGTACCAA	5384	19715	DMSO_U0126_110cell_adult3	0.030433680	Epidermis (b)	Epidermis (b)
DMSO_110cell_GTAGGCGCTCCG	4835	14513	DMSO_U0126_110cell_adult1	0.000000000	Epidermis (a)	Epidermis (a)
DMSO_110cell_GTAGGGATCGAT	4689	12562	DMSO_U0126_110cell_adult4	0.055723611	Neural (b)	Neural (b)
DMSO_110cell_GTAGGTGTCGAC	3693	 8599	DMSO_U0126_110cell_adult2	0.011629259	Epidermis (a)	Epidermis (a)
DMSO_110cell_GTAGTGGGCTTG	4823	12598	DMSO_U0126_110cell_adult4	0.047626607	B8.5	B8.5
DMSO_110cell_GTATAAGCCGTG	4873	17447	DMSO_U0126_110cell_adult1	0.051584800	Endoderm (B)	Endoderm (B)
DMSO_110cell_GTATACATATTT	5747	23072	DMSO_U0126_110cell_adult2	0.190707351	Epidermis (b)	Epidermis (b)
DMSO_110cell_GTATCAGAACAC	4691	13759	DMSO_U0126_110cell_adult1	0.247110982	Epidermis (b)	Epidermis (b)
DMSO_110cell_GTATCCGATTGC	4957	16311	DMSO_U0126_110cell_adult2	0.042915824	Epidermis (b)	Epidermis (b)
DMSO_110cell_GTATCCGTCCAT	4175	10422	DMSO_U0126_110cell_adult1	0.566110152	Neural (A) C1/2	Neural (A) C1/2
DMSO_110cell_GTATCGAGCGGT	3899	 9194	DMSO_U0126_110cell_adult5	0.010876659	B8.6	B8.6
DMSO_110cell_GTATGTTGCCAG	5235	16965	DMSO_U0126_110cell_adult3	0.029472443	Epidermis (b)	Epidermis (b)
DMSO_110cell_GTATGTTGGCTG	4229	10732	DMSO_U0126_110cell_adult3	0.242266120	B7.5	B7.5
DMSO_110cell_GTATTCGTATCT	3822	 9244	DMSO_U0126_110cell_adult1	0.800519256	B7.6	B7.6
DMSO_110cell_GTCACCGACTCC	4931	15911	DMSO_U0126_110cell_adult2	0.037709761	Epidermis (a)	Epidermis (a)
DMSO_110cell_GTCACCTAGGTA	3716	 8680	DMSO_U0126_110cell_adult1	0.552995392	B7.6	B7.6
DMSO_110cell_GTCACTGCCTTT	5260	18504	DMSO_U0126_110cell_adult2	0.016212711	Epidermis (a)	Epidermis (a)
DMSO_110cell_GTCAGCGAGTAC	4732	13131	DMSO_U0126_110cell_adult5	0.053308964	Neural (a)	Neural (a)
DMSO_110cell_GTCATAGGCATA	4131	10405	DMSO_U0126_110cell_adult1	0.038443056	Epidermis (b)	Epidermis (b)
DMSO_110cell_GTCATTTACTAC	4398	12779	DMSO_U0126_110cell_adult5	0.164332107	Epidermis (b)	Epidermis (b)
DMSO_110cell_GTCCACTGATGG	6948	45932	DMSO_U0126_110cell_adult5	0.047896891	B7.5	B7.5
DMSO_110cell_GTCCATCTAAGA	5481	19941	DMSO_U0126_110cell_adult4	1.048091871	Neural (b)	Neural (b)
DMSO_110cell_GTCCCAAGTAAC	5394	19832	DMSO_U0126_110cell_adult2	0.196651876	Neural (a)	Neural (a)
DMSO_110cell_GTCCCTCTAGAC	6440	35241	DMSO_U0126_110cell_adult4	0.022700831	Neural (b)	Neural (b)
DMSO_110cell_GTCCGGACCGGC	5494	19089	DMSO_U0126_110cell_adult1	0.015715857	1˚ Notochord	1˚ Notochord
DMSO_110cell_GTCCTATCGGGG	6720	40554	DMSO_U0126_110cell_adult1	0.007397544	Endoderm (B)	Endoderm (B)
DMSO_110cell_GTCCTTTCTCGA	6215	28070	DMSO_U0126_110cell_adult3	0.071250445	Epidermis (b)	Epidermis (b)
DMSO_110cell_GTCGAGGAGTCG	5258	17977	DMSO_U0126_110cell_adult1	0.027813317	Epidermis (b)	Epidermis (b)
DMSO_110cell_GTCGGTTCGCCT	5719	21889	DMSO_U0126_110cell_adult3	0.009137009	Epidermis (b)	Epidermis (b)
DMSO_110cell_GTCGTGAACTCC	7318	58541	DMSO_U0126_110cell_adult2	0.023914863	B7.7	B7.7
DMSO_110cell_GTCGTTTGGATT	5111	15637	DMSO_U0126_110cell_adult3	0.031975443	Neural (b)	Neural (b)
DMSO_110cell_GTCTAACCTCTG	3944	 9210	DMSO_U0126_110cell_adult1	0.054288817	Epidermis (b)	Epidermis (b)
DMSO_110cell_GTCTCGCGCGCT	3906	 9880	DMSO_U0126_110cell_adult5	0.020242915	Neural (A) C1/2	Neural (A) C1/2
DMSO_110cell_GTCTGCGCAAAC	2857	 5610	DMSO_U0126_110cell_adult5	0.017825312	TLC	TLC
DMSO_110cell_GTCTGGGAATTT	6429	34292	DMSO_U0126_110cell_adult2	0.335355185	Neural (A) C1/2	Neural (A) C1/2
DMSO_110cell_GTCTGTTTTAGA	2956	 5441	DMSO_U0126_110cell_adult1	0.422716412	B8.5	B8.5
DMSO_110cell_GTCTTGAGGAAC	3186	 5969	DMSO_U0126_110cell_adult5	0.050259675	TLC	TLC
DMSO_110cell_GTGAAACCTCTT	5572	20933	DMSO_U0126_110cell_adult2	0.186308699	Neural (a)	Neural (a)
DMSO_110cell_GTGACGTGGTGA	4666	12883	DMSO_U0126_110cell_adult1	0.093146006	Epidermis (a)	Epidermis (a)
DMSO_110cell_GTGAGAATACCA	6400	29568	DMSO_U0126_110cell_adult1	0.422754329	Neural (a)	Neural (a)
DMSO_110cell_GTGAGCATCCTG	5617	21412	DMSO_U0126_110cell_adult4	0.014010835	Neural (b)	Neural (b)
DMSO_110cell_GTGAGCCACTTA	4805	13447	DMSO_U0126_110cell_adult1	0.074366030	TLC	TLC
DMSO_110cell_GTGAGTGCGGTG	3116	 5484	DMSO_U0126_110cell_adult1	0.018234865	Epidermis (b)	Epidermis (b)
DMSO_110cell_GTGATAACCTTG	5565	20582	DMSO_U0126_110cell_adult2	0.160334273	Neural (b)	Neural (b)
DMSO_110cell_GTGCCAACTACA	4604	13335	DMSO_U0126_110cell_adult5	0.059992501	Epidermis (b)	Epidermis (b)
DMSO_110cell_GTGCCATTTTCG	6397	31694	DMSO_U0126_110cell_adult5	0.085189626	Neural (A) C1/2	Neural (A) C1/2
DMSO_110cell_GTGCCCGCCTCC	3483	 8372	DMSO_U0126_110cell_adult2	0.000000000	Epidermis (b)	Epidermis (b)
DMSO_110cell_GTGCGAACCATT	5264	16994	DMSO_U0126_110cell_adult5	0.100035307	B7.8 Muscle	B7.8 Muscle
DMSO_110cell_GTGCGTATTTGT	5077	16386	DMSO_U0126_110cell_adult5	0.024411083	Epidermis (a)	Epidermis (a)
DMSO_110cell_GTGCTGCGTTGC	4560	12517	DMSO_U0126_110cell_adult3	0.015978270	TLC	TLC
DMSO_110cell_GTGCTTGGGTGT	5352	16494	DMSO_U0126_110cell_adult1	0.030314054	Epidermis (a)	Epidermis (a)
DMSO_110cell_GTGGAAGGCCAG	5437	19655	DMSO_U0126_110cell_adult1	0.000000000	Epidermis (b)	Epidermis (b)
DMSO_110cell_GTGGACTATCAG	3853	 8791	DMSO_U0126_110cell_adult1	0.056876351	Epidermis (b)	Epidermis (b)
DMSO_110cell_GTGGCAGCCTAT	7132	50014	DMSO_U0126_110cell_adult1	0.003998880	Epidermis (a)	Epidermis (a)
DMSO_110cell_GTGGGTCATTAC	5639	21729	DMSO_U0126_110cell_adult4	0.128860049	B7.4 Muscle	B7.4 Muscle
DMSO_110cell_GTGGTCCAATTA	4949	14653	DMSO_U0126_110cell_adult1	0.081894493	B8.6	B8.6
DMSO_110cell_GTGGTCGCGAAT	4686	13487	DMSO_U0126_110cell_adult5	0.051901831	Epidermis (b)	Epidermis (b)
DMSO_110cell_GTGGTGTTGAGG	4666	13324	DMSO_U0126_110cell_adult5	0.052536776	Neural (a)	Neural (a)
DMSO_110cell_GTGTATTTATAG	6347	31255	DMSO_U0126_110cell_adult5	0.099184131	Neural (b)	Neural (b)
DMSO_110cell_GTGTCACAGGTT	6073	27924	DMSO_U0126_110cell_adult2	0.057298381	Epidermis (a)	Epidermis (a)
DMSO_110cell_GTGTTATCACTG	3414	 7349	DMSO_U0126_110cell_adult2	0.394611512	Neural (a)	Neural (a)
DMSO_110cell_GTGTTCGCACCG	4912	14763	DMSO_U0126_110cell_adult3	0.020321073	Epidermis (b)	Epidermis (b)
DMSO_110cell_GTTACAGCATAC	5610	21307	DMSO_U0126_110cell_adult3	0.253437837	Neural (b)	Neural (b)
DMSO_110cell_GTTACCCGCGAG	4722	13488	DMSO_U0126_110cell_adult2	0.007413998	Epidermis (b)	Epidermis (b)
DMSO_110cell_GTTATAGACATG	7002	44318	DMSO_U0126_110cell_adult5	0.060923327	Endoderm (B)	Endoderm (B)
DMSO_110cell_GTTATTTGATAC	4960	14608	DMSO_U0126_110cell_adult3	0.424424973	Neural (a)	Neural (a)
DMSO_110cell_GTTCAACGGGGG	4375	11845	DMSO_U0126_110cell_adult2	0.025327142	Neural (A) C1/2	Neural (A) C1/2
DMSO_110cell_GTTCAAGGTACA	5924	26321	DMSO_U0126_110cell_adult2	0.946012689	B7.4 Muscle	B7.4 Muscle
DMSO_110cell_GTTCAGTGCTCA	4778	13894	DMSO_U0126_110cell_adult2	0.107960271	Epidermis (b)	Epidermis (b)
DMSO_110cell_GTTCCACTGTTG	4806	14115	DMSO_U0126_110cell_adult1	0.191285866	TLC	TLC
DMSO_110cell_GTTCCAGTAATG	3341	 6858	DMSO_U0126_110cell_adult1	0.320793234	B8.5	B8.5
DMSO_110cell_GTTCCCAGGGAG	4658	13532	DMSO_U0126_110cell_adult2	0.051729234	Epidermis (b)	Epidermis (b)
DMSO_110cell_GTTCGTTACCAT	6683	40753	DMSO_U0126_110cell_adult5	0.284641621	B7.4 Muscle	B7.4 Muscle
DMSO_110cell_GTTCTCAAATCT	4608	12738	DMSO_U0126_110cell_adult3	0.125608416	Epidermis (a)	Epidermis (a)
DMSO_110cell_GTTCTCGCGATC	6235	29074	DMSO_U0126_110cell_adult1	0.051592488	Neural (A) C3/4	Neural (A) C3/4
DMSO_110cell_GTTGACATTCTA	5428	20250	DMSO_U0126_110cell_adult4	0.222222222	Epidermis (b)	Epidermis (b)
DMSO_110cell_GTTGATTGTGTG	3830	 8908	DMSO_U0126_110cell_adult5	0.033677593	Neural (a)	Neural (a)
DMSO_110cell_GTTGGGTTCCTT	6296	32375	DMSO_U0126_110cell_adult5	0.024710425	B8.5	B8.5
DMSO_110cell_GTTGGTTATCCC	4644	13409	DMSO_U0126_110cell_adult2	0.014915355	1˚ Notochord	1˚ Notochord
DMSO_110cell_GTTTACAGCCTA	4221	11589	DMSO_U0126_110cell_adult1	0.051773233	Epidermis (b)	Epidermis (b)
DMSO_110cell_GTTTAGGATGGG	5845	24060	DMSO_U0126_110cell_adult3	0.016625104	Epidermis (a)	Epidermis (a)
DMSO_110cell_GTTTAGTCTGTT	6021	25060	DMSO_U0126_110cell_adult4	0.730247406	B7.5	B7.5
DMSO_110cell_GTTTCATTACTA	3299	 6791	DMSO_U0126_110cell_adult2	0.220880577	B8.5	B8.5
DMSO_110cell_GTTTCGTGAAAG	4835	14429	DMSO_U0126_110cell_adult4	0.090096334	Neural (a)	Neural (a)
DMSO_110cell_GTTTGCCTCTGA	4069	 9777	DMSO_U0126_110cell_adult4	0.214789813	B7.8 Muscle	B7.8 Muscle
DMSO_110cell_GTTTGCTAGCGC	5803	23832	DMSO_U0126_110cell_adult5	0.012588117	TLC	TLC
DMSO_110cell_GTTTTGAATTAG	5209	16455	DMSO_U0126_110cell_adult3	0.097234883	Neural (a)	Neural (a)
DMSO_110cell_TAAAATTAGGTT	6426	29858	DMSO_U0126_110cell_adult1	0.036841048	Epidermis (a)	Epidermis (a)
DMSO_110cell_TAAATAGACATT	4158	10483	DMSO_U0126_110cell_adult3	0.124010302	Epidermis (b)	Epidermis (b)
DMSO_110cell_TAAATTTAGTGC	3821	 9414	DMSO_U0126_110cell_adult5	0.031867431	B7.7	B7.7
DMSO_110cell_TAACAACGAACA	5271	18470	DMSO_U0126_110cell_adult2	0.655116405	Neural (a)	Neural (a)
DMSO_110cell_TAACAATATACG	6124	27112	DMSO_U0126_110cell_adult4	0.169666568	Epidermis (a)	Epidermis (a)
DMSO_110cell_TAACAGAATTTC	5135	18347	DMSO_U0126_110cell_adult5	0.218019295	Epidermis (a)	Epidermis (a)
DMSO_110cell_TAACCATCTCCG	4251	10669	DMSO_U0126_110cell_adult1	0.074983597	Epidermis (b)	Epidermis (b)
DMSO_110cell_TAACCGTGGTTG	5053	17037	DMSO_U0126_110cell_adult5	0.311087633	B7.5	B7.5
DMSO_110cell_TAACGGCCTTGT	5707	22800	DMSO_U0126_110cell_adult3	0.026315789	Neural (A) C3/4	Neural (A) C3/4
DMSO_110cell_TAACTTTATGGA	6769	40630	DMSO_U0126_110cell_adult2	0.315038149	Neural (a)	Neural (a)
DMSO_110cell_TAACTTTTATCC	3095	 6364	DMSO_U0126_110cell_adult2	0.172847266	Epidermis (b)	Epidermis (b)
DMSO_110cell_TAAGCAGGACTC	4899	14854	DMSO_U0126_110cell_adult5	0.047125353	Epidermis (a)	Epidermis (a)
DMSO_110cell_TAAGGCGGCCCA	4539	14202	DMSO_U0126_110cell_adult2	0.000000000	Epidermis (b)	Epidermis (b)
DMSO_110cell_TAAGTGTTTCCG	3227	 6334	DMSO_U0126_110cell_adult1	0.031575624	B7.7	B7.7
DMSO_110cell_TAAGTTGGTGTC	5320	17568	DMSO_U0126_110cell_adult5	0.256147541	Neural (a)	Neural (a)
DMSO_110cell_TAATCGCTGTTA	5682	21425	DMSO_U0126_110cell_adult5	0.177362894	Neural (a)	Neural (a)
DMSO_110cell_TAATGAAGACTA	4182	10184	DMSO_U0126_110cell_adult3	0.274941084	Epidermis (b)	Epidermis (b)
DMSO_110cell_TAATGATTACAA	4462	11845	DMSO_U0126_110cell_adult3	0.067539046	Epidermis (b)	Epidermis (b)
DMSO_110cell_TAATGATTTGCT	4337	11158	DMSO_U0126_110cell_adult5	0.224054490	B8.6	B8.6
DMSO_110cell_TAATGTATTCCC	3424	 7102	DMSO_U0126_110cell_adult1	0.661785413	B8.5	B8.5
DMSO_110cell_TAATTTGGACTG	5921	23850	DMSO_U0126_110cell_adult1	0.037735849	Epidermis (a)	Epidermis (a)
DMSO_110cell_TACAACCGCCCG	4729	13484	DMSO_U0126_110cell_adult1	0.000000000	1˚ Notochord	1˚ Notochord
DMSO_110cell_TACAAGCTTCCT	5293	17956	DMSO_U0126_110cell_adult5	0.027845845	Epidermis (b)	Epidermis (b)
DMSO_110cell_TACACAACGCAT	5608	20379	DMSO_U0126_110cell_adult1	0.039256097	Epidermis (b)	Epidermis (b)
DMSO_110cell_TACACAAGCATT	4550	12509	DMSO_U0126_110cell_adult5	0.175873371	Neural (a)	Neural (a)
DMSO_110cell_TACACACAACAG	6939	46627	DMSO_U0126_110cell_adult1	0.034314882	Neural (b)	Neural (b)
DMSO_110cell_TACAGACTCCGA	5351	17791	DMSO_U0126_110cell_adult1	0.106795571	Neural (a)	Neural (a)
DMSO_110cell_TACAGCTATAAG	6579	37223	DMSO_U0126_110cell_adult1	0.413722698	TLC	TLC
DMSO_110cell_TACATATATCTG	6685	39725	DMSO_U0126_110cell_adult3	0.073001888	Epidermis (a)	Epidermis (a)
DMSO_110cell_TACATTTAAATG	5575	19722	DMSO_U0126_110cell_adult1	0.035493358	1˚ Notochord	1˚ Notochord
DMSO_110cell_TACCCAGAAATT	3791	 9116	DMSO_U0126_110cell_adult1	0.449758666	Epidermis (b)	Epidermis (b)
DMSO_110cell_TACCCTTCAGAA	4703	13672	DMSO_U0126_110cell_adult1	0.841135167	B7.8 Muscle	B7.8 Muscle
DMSO_110cell_TACCGCAGTCAT	4801	13936	DMSO_U0126_110cell_adult1	0.021526980	Epidermis (b)	Epidermis (b)
DMSO_110cell_TACCGGTGCAGT	4678	13595	DMSO_U0126_110cell_adult5	0.029422582	1˚ Notochord	1˚ Notochord
DMSO_110cell_TACCTCGGCCCG	5319	18059	DMSO_U0126_110cell_adult1	0.005537405	Epidermis (a)	Epidermis (a)
DMSO_110cell_TACGAAGACACA	5744	23453	DMSO_U0126_110cell_adult5	0.089540784	Neural (b)	Neural (b)
DMSO_110cell_TACGACCCATCA	4065	 9956	DMSO_U0126_110cell_adult2	0.060265167	B8.5	B8.5
DMSO_110cell_TACGATTCAGTC	5710	23216	DMSO_U0126_110cell_adult2	0.198139214	Neural (A) C1/2	Neural (A) C1/2
DMSO_110cell_TACGGATGACAA	4948	14810	DMSO_U0126_110cell_adult1	0.411883862	Neural (a)	Neural (a)
DMSO_110cell_TACGGTGGATCC	4754	13589	DMSO_U0126_110cell_adult5	0.036794466	Neural (a)	Neural (a)
DMSO_110cell_TACGGTTACAAT	4342	10405	DMSO_U0126_110cell_adult3	0.259490630	Neural (b)	Neural (b)
DMSO_110cell_TACGTTGCGTAC	4486	12299	DMSO_U0126_110cell_adult5	0.032522969	1˚ Notochord	1˚ Notochord
DMSO_110cell_TACTCATGAGAT	2754	 4835	DMSO_U0126_110cell_adult5	1.013443640	Neural (a)	Neural (a)
DMSO_110cell_TACTCCAGTTGG	4588	11846	DMSO_U0126_110cell_adult4	0.092858349	Neural (b)	Neural (b)
DMSO_110cell_TACTCCTGCCCG	5175	19479	DMSO_U0126_110cell_adult1	0.071872273	B7.4 Muscle	B7.4 Muscle
DMSO_110cell_TACTGTGATGCT	5842	24635	DMSO_U0126_110cell_adult5	0.085244571	Epidermis (b)	Epidermis (b)
DMSO_110cell_TACTGTTGTCTA	5544	18856	DMSO_U0126_110cell_adult4	0.424268137	Neural (b)	Neural (b)
DMSO_110cell_TACTTCCGAACA	3417	 7194	DMSO_U0126_110cell_adult1	0.333611343	Neural (A) C1/2	Neural (A) C1/2
DMSO_110cell_TACTTCTTGACG	5437	19742	DMSO_U0126_110cell_adult2	0.030392058	Epidermis (b)	Epidermis (b)
DMSO_110cell_TAGAAGTCGTGT	4890	14918	DMSO_U0126_110cell_adult4	0.234615900	Neural (A) C1/2	Neural (A) C1/2
DMSO_110cell_TAGACGCACTAA	2843	 5073	DMSO_U0126_110cell_adult5	0.946185689	Neural (A) C1/2	Neural (A) C1/2
DMSO_110cell_TAGACTCGATTT	3132	 5986	DMSO_U0126_110cell_adult5	0.233879051	Neural (b)	Neural (b)
DMSO_110cell_TAGAGCGGGATT	7049	40686	DMSO_U0126_110cell_adult3	0.034409871	Neural (a)	Neural (a)
DMSO_110cell_TAGAGTTAAGCC	5564	20867	DMSO_U0126_110cell_adult5	0.028753534	Epidermis (b)	Epidermis (b)
DMSO_110cell_TAGATACGTACT	3781	 8228	DMSO_U0126_110cell_adult1	0.437530384	Neural (b)	Neural (b)
DMSO_110cell_TAGATAGGCTAA	3281	 6504	DMSO_U0126_110cell_adult1	0.292127921	Epidermis (a)	Epidermis (a)
DMSO_110cell_TAGATCGTTTTC	4931	15560	DMSO_U0126_110cell_adult2	0.057840617	Neural (b)	Neural (b)
DMSO_110cell_TAGCAATCACGC	4241	11948	DMSO_U0126_110cell_adult1	0.050217610	Epidermis (a)	Epidermis (a)
DMSO_110cell_TAGCAGCCAGTG	5610	21318	DMSO_U0126_110cell_adult2	0.065672202	Neural (A) C1/2	Neural (A) C1/2
DMSO_110cell_TAGCCCCCAAAT	5799	24305	DMSO_U0126_110cell_adult4	0.032915038	Epidermis (b)	Epidermis (b)
DMSO_110cell_TAGCCCCCCGCG	4663	13462	DMSO_U0126_110cell_adult2	0.007428317	Epidermis (a)	Epidermis (a)
DMSO_110cell_TAGCCCGATATT	5418	19142	DMSO_U0126_110cell_adult5	0.057465260	Epidermis (a)	Epidermis (a)
DMSO_110cell_TAGCGATAGTAG	4929	14659	DMSO_U0126_110cell_adult4	0.804966232	B7.8 Muscle	B7.8 Muscle
DMSO_110cell_TAGCGTCACACG	4193	10785	DMSO_U0126_110cell_adult1	0.101993510	Neural (b)	Neural (b)
DMSO_110cell_TAGCTACGTGAG	4261	10462	DMSO_U0126_110cell_adult1	0.267635251	Neural (a)	Neural (a)
DMSO_110cell_TAGGAGTACATG	5613	22416	DMSO_U0126_110cell_adult2	0.254282655	Neural (b)	Neural (b)
DMSO_110cell_TAGGCTCACACG	3804	 8689	DMSO_U0126_110cell_adult5	0.000000000	TLC	TLC
DMSO_110cell_TAGTAACGAAAT	6265	27744	DMSO_U0126_110cell_adult4	0.115340254	Epidermis (a)	Epidermis (a)
DMSO_110cell_TAGTACATGATC	5520	20149	DMSO_U0126_110cell_adult1	0.074445382	Endoderm (A)	Endoderm (A)
DMSO_110cell_TAGTACGCTCGT	7301	55122	DMSO_U0126_110cell_adult1	0.016327419	Endoderm (B)	Endoderm (B)
DMSO_110cell_TAGTCAACTAGA	4250	10404	DMSO_U0126_110cell_adult1	0.653594771	Neural (b)	Neural (b)
DMSO_110cell_TAGTGGGCACAC	5137	16345	DMSO_U0126_110cell_adult4	0.030590395	Epidermis (a)	Epidermis (a)
DMSO_110cell_TAGTTATTGCCA	4238	11022	DMSO_U0126_110cell_adult2	0.099800399	Epidermis (b)	Epidermis (b)
DMSO_110cell_TATAAAATAGGC	3775	 8852	DMSO_U0126_110cell_adult5	0.350203344	Neural (A) C1/2	Neural (A) C1/2
DMSO_110cell_TATAAGATTTTG	3564	 7878	DMSO_U0126_110cell_adult1	0.038080731	1˚ Notochord	1˚ Notochord
DMSO_110cell_TATAGATGCGAG	6059	29180	DMSO_U0126_110cell_adult1	0.263879369	B8.5	B8.5
DMSO_110cell_TATAGGATAGAA	4384	12000	DMSO_U0126_110cell_adult5	0.658333333	Neural (A) C1/2	Neural (A) C1/2
DMSO_110cell_TATATTGCTCTC	3375	 6963	DMSO_U0126_110cell_adult2	0.215424386	B8.5	B8.5
DMSO_110cell_TATCACATATTT	4974	15349	DMSO_U0126_110cell_adult3	0.228027885	Epidermis (b)	Epidermis (b)
DMSO_110cell_TATCATGTCTAA	4509	11750	DMSO_U0126_110cell_adult1	0.374468085	Epidermis (a)	Epidermis (a)
DMSO_110cell_TATCATTTCGTG	6308	30455	DMSO_U0126_110cell_adult1	0.774913807	Neural (A) C1/2	Neural (A) C1/2
DMSO_110cell_TATCCGACTACG	5779	24290	DMSO_U0126_110cell_adult4	0.386990531	B7.8 Muscle	B7.8 Muscle
DMSO_110cell_TATCGCATTTAA	5709	21533	DMSO_U0126_110cell_adult1	0.260065945	Epidermis (a)	Epidermis (a)
DMSO_110cell_TATCTGGAGCGG	2755	 4910	DMSO_U0126_110cell_adult1	0.000000000	Neural (b)	Neural (b)
DMSO_110cell_TATGATGGATTT	4561	12108	DMSO_U0126_110cell_adult2	0.231252065	Epidermis (b)	Epidermis (b)
DMSO_110cell_TATGCACTGCTT	4350	11266	DMSO_U0126_110cell_adult2	0.062133854	1˚ Notochord	1˚ Notochord
DMSO_110cell_TATGCCGCACCT	4459	12233	DMSO_U0126_110cell_adult2	0.081746097	Neural (a)	Neural (a)
DMSO_110cell_TATGCCTCGGTG	6675	35829	DMSO_U0126_110cell_adult4	0.027910352	Epidermis (a)	Epidermis (a)
DMSO_110cell_TATGCGTGGGGT	4941	14133	DMSO_U0126_110cell_adult1	0.007075639	Neural (a)	Neural (a)
DMSO_110cell_TATGCTTGTGTA	4099	10479	DMSO_U0126_110cell_adult4	0.057257372	Endoderm (B)	Endoderm (B)
DMSO_110cell_TATGGCGCTACA	6351	31165	DMSO_U0126_110cell_adult1	0.009626183	B7.7	B7.7
DMSO_110cell_TATGTAATCATC	3398	 6713	DMSO_U0126_110cell_adult4	0.089378817	B8.5	B8.5
DMSO_110cell_TATGTTAGATTA	3415	 6777	DMSO_U0126_110cell_adult1	0.221336875	B8.6	B8.6
DMSO_110cell_TATGTTGAGCGT	4691	12964	DMSO_U0126_110cell_adult1	0.023141006	Epidermis (a)	Epidermis (a)
DMSO_110cell_TATTAATTGTCT	3917	 9075	DMSO_U0126_110cell_adult1	0.121212121	B8.5	B8.5
DMSO_110cell_TATTAGAATGGC	5897	25352	DMSO_U0126_110cell_adult2	0.335279268	Neural (A) C1/2	Neural (A) C1/2
DMSO_110cell_TATTATTTGTGG	4845	13761	DMSO_U0126_110cell_adult1	0.145338275	Neural (a)	Neural (a)
DMSO_110cell_TATTGTTACGGC	3938	 9222	DMSO_U0126_110cell_adult2	0.021687270	Epidermis (b)	Epidermis (b)
DMSO_110cell_TCAAAACACCCT	5908	26269	DMSO_U0126_110cell_adult2	0.216985801	Neural (a)	Neural (a)
DMSO_110cell_TCAAAATCCTAT	6747	38758	DMSO_U0126_110cell_adult1	0.276072037	Epidermis (b)	Epidermis (b)
DMSO_110cell_TCAAAGCTAGGG	4176	10543	DMSO_U0126_110cell_adult1	0.009484966	Epidermis (a)	Epidermis (a)
DMSO_110cell_TCAACATCACTC	5903	25435	DMSO_U0126_110cell_adult5	0.055042265	Epidermis (a)	Epidermis (a)
DMSO_110cell_TCAACGCAGCTG	6483	33979	DMSO_U0126_110cell_adult1	0.073574855	TLC	TLC
DMSO_110cell_TCAATAGGACTT	5937	25058	DMSO_U0126_110cell_adult4	0.706361242	Neural (A) C1/2	Neural (A) C1/2
DMSO_110cell_TCACATCCTGAA	5596	20877	DMSO_U0126_110cell_adult2	0.263447813	Neural (b)	Neural (b)
DMSO_110cell_TCACCGGATCTC	3790	 9011	DMSO_U0126_110cell_adult2	0.033292642	1˚ Notochord	1˚ Notochord
DMSO_110cell_TCACCTTCCACA	6615	36230	DMSO_U0126_110cell_adult3	0.132486889	Neural (A) C1/2	Neural (A) C1/2
DMSO_110cell_TCACGTCGGACC	3166	 6149	DMSO_U0126_110cell_adult1	0.032525614	B8.5	B8.5
DMSO_110cell_TCACTAATGCCA	3225	 6499	DMSO_U0126_110cell_adult1	0.615479305	B7.8 Muscle	B7.8 Muscle
DMSO_110cell_TCACTCCGGGAA	4285	11247	DMSO_U0126_110cell_adult4	0.035565040	Epidermis (b)	Epidermis (b)
DMSO_110cell_TCACTCTAATGG	5560	21154	DMSO_U0126_110cell_adult1	0.359270114	Neural (A) C1/2	Neural (A) C1/2
DMSO_110cell_TCAGAACACGTT	3425	 6820	DMSO_U0126_110cell_adult1	0.087976540	Epidermis (b)	Epidermis (b)
DMSO_110cell_TCAGAGCCCCTT	4811	14825	DMSO_U0126_110cell_adult2	0.006745363	Epidermis (b)	Epidermis (b)
DMSO_110cell_TCAGCCTCAGGT	5822	23670	DMSO_U0126_110cell_adult2	0.050697085	Epidermis (b)	Epidermis (b)
DMSO_110cell_TCAGGGGCCGGT	4008	 8796	DMSO_U0126_110cell_adult3	0.000000000	Neural (a)	Neural (a)
DMSO_110cell_TCAGTTATCTCA	7570	61860	DMSO_U0126_110cell_adult1	0.092143550	B7.7	B7.7
DMSO_110cell_TCATAAAGTGGT	6750	37385	DMSO_U0126_110cell_adult1	0.106994784	Epidermis (b)	Epidermis (b)
DMSO_110cell_TCATACCGGAAC	4867	14077	DMSO_U0126_110cell_adult1	0.028415145	Epidermis (a)	Epidermis (a)
DMSO_110cell_TCATACGGGTAC	4017	 9625	DMSO_U0126_110cell_adult3	0.020779221	Epidermis (a)	Epidermis (a)
DMSO_110cell_TCATAGGTATCA	4860	14613	DMSO_U0126_110cell_adult2	0.232669541	Epidermis (a)	Epidermis (a)
DMSO_110cell_TCATATCGTTCA	7082	52239	DMSO_U0126_110cell_adult5	0.367541492	B7.4 Muscle	B7.4 Muscle
DMSO_110cell_TCATCTCTAATT	5292	18558	DMSO_U0126_110cell_adult5	0.361030283	Epidermis (b)	Epidermis (b)
DMSO_110cell_TCCAGCGTTTCC	5784	24879	DMSO_U0126_110cell_adult2	0.020097271	Epidermis (a)	Epidermis (a)
DMSO_110cell_TCCATAGTTTAG	5365	17613	DMSO_U0126_110cell_adult1	0.170328734	1˚ Notochord	1˚ Notochord
DMSO_110cell_TCCATGCAGTCG	5209	16868	DMSO_U0126_110cell_adult1	0.065212236	Neural (a)	Neural (a)
DMSO_110cell_TCCATTATTCCT	4863	14666	DMSO_U0126_110cell_adult5	0.115914360	1˚ Notochord	1˚ Notochord
DMSO_110cell_TCCCGTTTCATC	3381	 6737	DMSO_U0126_110cell_adult1	0.089060413	TLC	TLC
DMSO_110cell_TCCGACACTAGT	4336	12012	DMSO_U0126_110cell_adult1	0.258075258	B7.5	B7.5
DMSO_110cell_TCCGATCGTTAC	2923	 5585	DMSO_U0126_110cell_adult3	0.071620412	Epidermis (a)	Epidermis (a)
DMSO_110cell_TCCGATGATGAG	4393	11101	DMSO_U0126_110cell_adult2	0.036032790	Neural (a)	Neural (a)
DMSO_110cell_TCCGCCTTCACT	6053	27407	DMSO_U0126_110cell_adult1	0.087568869	B7.4 Muscle	B7.4 Muscle
DMSO_110cell_TCCGCGTAGGAT	6715	39766	DMSO_U0126_110cell_adult2	0.015088266	Epidermis (a)	Epidermis (a)
DMSO_110cell_TCCGCTTTAGTG	3925	 8927	DMSO_U0126_110cell_adult1	0.033605915	Epidermis (a)	Epidermis (a)
DMSO_110cell_TCCGGCGAGGAG	6293	31444	DMSO_U0126_110cell_adult5	0.006360514	Epidermis (a)	Epidermis (a)
DMSO_110cell_TCCGGCGTGAAG	5992	28909	DMSO_U0126_110cell_adult2	0.006918261	1˚ Notochord	1˚ Notochord
DMSO_110cell_TCCGTAACTAAT	6090	27364	DMSO_U0126_110cell_adult2	0.537202163	Neural (A) C1/2	Neural (A) C1/2
DMSO_110cell_TCCGTCTTCTTT	4809	13209	DMSO_U0126_110cell_adult1	0.060564766	Neural (a)	Neural (a)
DMSO_110cell_TCCTAGGAGCTG	3028	 5763	DMSO_U0126_110cell_adult3	0.052056221	Epidermis (b)	Epidermis (b)
DMSO_110cell_TCCTCGAAATCC	4014	 9234	DMSO_U0126_110cell_adult5	0.249079489	B8.5	B8.5
DMSO_110cell_TCCTGTCAATCA	4560	11595	DMSO_U0126_110cell_adult3	0.043122035	Epidermis (a)	Epidermis (a)
DMSO_110cell_TCCTTACCCACT	3409	 7672	DMSO_U0126_110cell_adult1	0.013034411	Neural (a)	Neural (a)
DMSO_110cell_TCGAAATTAAGC	5394	20535	DMSO_U0126_110cell_adult2	1.319698076	B7.8 Muscle	B7.8 Muscle
DMSO_110cell_TCGAACGCGGGG	5125	17106	DMSO_U0126_110cell_adult1	0.023383608	Epidermis (a)	Epidermis (a)
DMSO_110cell_TCGAAGCGACCC	3232	 6302	DMSO_U0126_110cell_adult5	0.047603935	TLC	TLC
DMSO_110cell_TCGAATATTGGC	5813	22889	DMSO_U0126_110cell_adult3	0.056795841	Epidermis (b)	Epidermis (b)
DMSO_110cell_TCGACTGAGCAG	3817	 9079	DMSO_U0126_110cell_adult4	0.033043287	Neural (b)	Neural (b)
DMSO_110cell_TCGAGCGTGGCC	5166	17459	DMSO_U0126_110cell_adult1	0.034366229	Epidermis (b)	Epidermis (b)
DMSO_110cell_TCGATCAGGGGC	5752	21192	DMSO_U0126_110cell_adult1	0.004718762	Epidermis (a)	Epidermis (a)
DMSO_110cell_TCGATGATACCG	5675	22159	DMSO_U0126_110cell_adult4	0.180513561	Neural (A) C1/2	Neural (A) C1/2
DMSO_110cell_TCGATTAGTTGG	3826	 8113	DMSO_U0126_110cell_adult1	0.024651793	1˚ Notochord	1˚ Notochord
DMSO_110cell_TCGATTCAAGGT	3492	 7266	DMSO_U0126_110cell_adult1	0.027525461	B8.5	B8.5
DMSO_110cell_TCGCGGATTAAC	4378	11472	DMSO_U0126_110cell_adult1	0.034867503	1˚ Notochord	1˚ Notochord
DMSO_110cell_TCGCTCCTTGAT	5751	23315	DMSO_U0126_110cell_adult4	0.115805276	Neural (A) C3/4	Neural (A) C3/4
DMSO_110cell_TCGCTTCTGCAC	3625	 7581	DMSO_U0126_110cell_adult1	0.026381744	Epidermis (a)	Epidermis (a)
DMSO_110cell_TCGGAGAGTCGT	6111	29143	DMSO_U0126_110cell_adult3	0.034313557	B7.4 Muscle	B7.4 Muscle
DMSO_110cell_TCGGAGCATCGG	6234	29888	DMSO_U0126_110cell_adult2	0.036804069	Neural (A) C1/2	Neural (A) C1/2
DMSO_110cell_TCGGATGATAAC	5767	23540	DMSO_U0126_110cell_adult5	0.263381478	Neural (b)	Neural (b)
DMSO_110cell_TCGGCAGGCGAA	3352	 6731	DMSO_U0126_110cell_adult4	0.029713267	Neural (A) C1/2	Neural (A) C1/2
DMSO_110cell_TCGGGGACATTG	4558	13769	DMSO_U0126_110cell_adult2	0.036313458	Epidermis (b)	Epidermis (b)
DMSO_110cell_TCGGTCTACCCA	5183	17061	DMSO_U0126_110cell_adult3	0.111365102	Neural (A) C1/2	Neural (A) C1/2
DMSO_110cell_TCGTATGGCATC	4902	15261	DMSO_U0126_110cell_adult2	0.000000000	1˚ Notochord	1˚ Notochord
DMSO_110cell_TCGTCTAGGCAC	3236	 6447	DMSO_U0126_110cell_adult3	0.000000000	1˚ Notochord	1˚ Notochord
DMSO_110cell_TCTAAAATCGCA	2857	 5309	DMSO_U0126_110cell_adult2	0.226031268	B8.5	B8.5
DMSO_110cell_TCTAAGATCCAC	4511	12933	DMSO_U0126_110cell_adult3	0.154643161	Epidermis (b)	Epidermis (b)
DMSO_110cell_TCTAAGTCGTAT	4981	15540	DMSO_U0126_110cell_adult2	0.205920206	Epidermis (a)	Epidermis (a)
DMSO_110cell_TCTACCTATCGA	6167	27497	DMSO_U0126_110cell_adult4	0.847365167	B7.5	B7.5
DMSO_110cell_TCTACTCTTGTG	4959	14088	DMSO_U0126_110cell_adult1	0.106473595	Epidermis (a)	Epidermis (a)
DMSO_110cell_TCTAGATTGTTA	5808	23314	DMSO_U0126_110cell_adult1	1.102341940	B7.4 Muscle	B7.4 Muscle
DMSO_110cell_TCTAGCAACACG	6165	29121	DMSO_U0126_110cell_adult5	0.010301844	B7.7	B7.7
DMSO_110cell_TCTAGGTAAATA	4888	14041	DMSO_U0126_110cell_adult4	0.356099993	Neural (A) C1/2	Neural (A) C1/2
DMSO_110cell_TCTATTGTGCAA	5325	18303	DMSO_U0126_110cell_adult2	0.497186254	Neural (A) C1/2	Neural (A) C1/2
DMSO_110cell_TCTCCAGAAGGG	3215	 7044	DMSO_U0126_110cell_adult2	0.056785917	Epidermis (a)	Epidermis (a)
DMSO_110cell_TCTCGGCCACCA	5007	15452	DMSO_U0126_110cell_adult1	0.006471654	Endoderm (A)	Endoderm (A)
DMSO_110cell_TCTCTAACCATG	5330	20250	DMSO_U0126_110cell_adult2	0.795061728	Neural (A) C1/2	Neural (A) C1/2
DMSO_110cell_TCTCTCACTGTG	4038	 9155	DMSO_U0126_110cell_adult1	0.032768979	1˚ Notochord	1˚ Notochord
DMSO_110cell_TCTCTTAAGCGC	3649	 7938	DMSO_U0126_110cell_adult1	0.050390527	Epidermis (a)	Epidermis (a)
DMSO_110cell_TCTGCTGGGCCG	4397	11080	DMSO_U0126_110cell_adult3	0.081227437	Neural (b)	Neural (b)
DMSO_110cell_TCTGGAGTATAG	6136	25971	DMSO_U0126_110cell_adult3	0.184821532	Neural (a)	Neural (a)
DMSO_110cell_TCTTAGAGACAC	3910	 8947	DMSO_U0126_110cell_adult1	0.212361685	Epidermis (b)	Epidermis (b)
DMSO_110cell_TCTTATTGCTAC	4211	11338	DMSO_U0126_110cell_adult1	0.052919386	Epidermis (b)	Epidermis (b)
DMSO_110cell_TCTTCAAGAGAA	4347	11315	DMSO_U0126_110cell_adult4	1.104728237	Neural (a)	Neural (a)
DMSO_110cell_TCTTCACGCGCA	5080	15813	DMSO_U0126_110cell_adult1	0.018971732	Neural (a)	Neural (a)
DMSO_110cell_TCTTCATCTCGT	4606	12215	DMSO_U0126_110cell_adult1	0.090053213	B8.5	B8.5
DMSO_110cell_TCTTCTGGATTA	6298	30904	DMSO_U0126_110cell_adult1	0.520968159	B7.4 Muscle	B7.4 Muscle
DMSO_110cell_TCTTGCAGACTG	6667	37736	DMSO_U0126_110cell_adult1	0.201399194	B7.4 Muscle	B7.4 Muscle
DMSO_110cell_TGAAAGCCATCA	6472	36252	DMSO_U0126_110cell_adult2	0.041377027	Epidermis (a)	Epidermis (a)
DMSO_110cell_TGAAATCGTGAG	5009	15484	DMSO_U0126_110cell_adult1	0.619994833	B7.8 Muscle	B7.8 Muscle
DMSO_110cell_TGAAGAAATTTC	3926	10056	DMSO_U0126_110cell_adult5	0.218774861	Neural (A) C1/2	Neural (A) C1/2
DMSO_110cell_TGAAGAACTCAT	3823	 8701	DMSO_U0126_110cell_adult5	0.884955752	Neural (A) C1/2	Neural (A) C1/2
DMSO_110cell_TGAAGTCCTGAT	6245	28264	DMSO_U0126_110cell_adult1	0.010614209	Epidermis (b)	Epidermis (b)
DMSO_110cell_TGAAGTCTTCCC	5323	18165	DMSO_U0126_110cell_adult1	0.049545830	Epidermis (a)	Epidermis (a)
DMSO_110cell_TGAATCGCGTTG	4531	13157	DMSO_U0126_110cell_adult2	0.022801551	Epidermis (a)	Epidermis (a)
DMSO_110cell_TGAATTGGCTCG	5333	18432	DMSO_U0126_110cell_adult1	0.043402778	Epidermis (a)	Epidermis (a)
DMSO_110cell_TGACAAGTCCAG	7161	49194	DMSO_U0126_110cell_adult4	0.044720901	Neural (b)	Neural (b)
DMSO_110cell_TGACAGGATTTA	6079	25467	DMSO_U0126_110cell_adult3	0.180625908	Neural (b)	Neural (b)
DMSO_110cell_TGACCGATCGCT	7028	39896	DMSO_U0126_110cell_adult3	0.010026068	Neural (b)	Neural (b)
DMSO_110cell_TGACCTGTCTCC	5023	15728	DMSO_U0126_110cell_adult3	0.000000000	1˚ Notochord	1˚ Notochord
DMSO_110cell_TGACGATAGCGC	4790	14829	DMSO_U0126_110cell_adult2	0.020230629	Epidermis (a)	Epidermis (a)
DMSO_110cell_TGACGGTCATGC	4739	14112	DMSO_U0126_110cell_adult5	0.070861678	Neural (a)	Neural (a)
DMSO_110cell_TGACTATCCTGG	3834	 8567	DMSO_U0126_110cell_adult1	0.501925995	Neural (b)	Neural (b)
DMSO_110cell_TGACTCGGCGCC	3473	 7080	DMSO_U0126_110cell_adult3	0.014124294	Epidermis (b)	Epidermis (b)
DMSO_110cell_TGAGACGGCTAC	4774	13644	DMSO_U0126_110cell_adult5	0.065963061	Neural (a)	Neural (a)
DMSO_110cell_TGAGAGATTATT	3883	 9347	DMSO_U0126_110cell_adult1	0.320958596	Epidermis (b)	Epidermis (b)
DMSO_110cell_TGAGATCATGCT	2901	 5101	DMSO_U0126_110cell_adult4	0.098019996	1˚ Notochord	1˚ Notochord
DMSO_110cell_TGAGCACAGGTG	4497	11185	DMSO_U0126_110cell_adult4	0.205632544	B7.5	B7.5
DMSO_110cell_TGAGGGTAATAA	5173	17024	DMSO_U0126_110cell_adult4	0.052866541	Epidermis (b)	Epidermis (b)
DMSO_110cell_TGATAGTGTAAC	5511	20106	DMSO_U0126_110cell_adult3	0.368049339	Epidermis (b)	Epidermis (b)
DMSO_110cell_TGATGACTGCGC	5250	18477	DMSO_U0126_110cell_adult5	0.010824268	B7.7	B7.7
DMSO_110cell_TGATGGAAACTA	5982	24375	DMSO_U0126_110cell_adult4	0.233846154	Neural (b)	Neural (b)
DMSO_110cell_TGATGGCGCTCA	5447	19874	DMSO_U0126_110cell_adult1	0.186172889	Neural (b)	Neural (b)
DMSO_110cell_TGATTACTTTAA	5024	15842	DMSO_U0126_110cell_adult5	0.145183689	Epidermis (a)	Epidermis (a)
DMSO_110cell_TGATTGCCCTTG	6114	28847	DMSO_U0126_110cell_adult1	0.246126114	Neural (A) C3/4	Neural (A) C3/4
DMSO_110cell_TGATTGTGTGCG	5094	16211	DMSO_U0126_110cell_adult1	0.037011905	Epidermis (b)	Epidermis (b)
DMSO_110cell_TGCAAATCTGTG	5632	20898	DMSO_U0126_110cell_adult5	0.133984113	Epidermis (a)	Epidermis (a)
DMSO_110cell_TGCAACCACTGG	3788	 9023	DMSO_U0126_110cell_adult1	0.022165577	Epidermis (b)	Epidermis (b)
DMSO_110cell_TGCAATTCGTAT	2965	 6044	DMSO_U0126_110cell_adult3	0.033090668	Epidermis (b)	Epidermis (b)
DMSO_110cell_TGCACAAACGTA	4931	14449	DMSO_U0126_110cell_adult1	0.027683577	Epidermis (b)	Epidermis (b)
DMSO_110cell_TGCACAACTTCG	5029	16790	DMSO_U0126_110cell_adult4	0.035735557	Epidermis (b)	Epidermis (b)
DMSO_110cell_TGCACGTCTGAA	5016	15422	DMSO_U0126_110cell_adult1	0.103747893	Neural (b)	Neural (b)
DMSO_110cell_TGCAGGAGTGAT	5613	21504	DMSO_U0126_110cell_adult5	0.041852679	Epidermis (b)	Epidermis (b)
DMSO_110cell_TGCATTATGGAG	3886	 9023	DMSO_U0126_110cell_adult1	0.809043555	B8.5	B8.5
DMSO_110cell_TGCCAAAATTCC	5413	20002	DMSO_U0126_110cell_adult2	0.114988501	Neural (a)	Neural (a)
DMSO_110cell_TGCCAAGGAGGG	5144	16351	DMSO_U0126_110cell_adult4	0.030579169	Neural (A) C3/4	Neural (A) C3/4
DMSO_110cell_TGCCCAACGCTA	5030	16436	DMSO_U0126_110cell_adult5	0.006084205	Epidermis (a)	Epidermis (a)
DMSO_110cell_TGCCCCAACGGT	6846	42358	DMSO_U0126_110cell_adult1	0.009443316	Neural (a)	Neural (a)
DMSO_110cell_TGCCGAAGCTTT	4274	11452	DMSO_U0126_110cell_adult5	0.165909885	B7.5	B7.5
DMSO_110cell_TGCCGACAACGC	3468	 6750	DMSO_U0126_110cell_adult3	0.014814815	Neural (b)	Neural (b)
DMSO_110cell_TGCCGACCTATG	5099	17812	DMSO_U0126_110cell_adult1	0.022456771	Epidermis (a)	Epidermis (a)
DMSO_110cell_TGCCTAAAGTTC	4244	11056	DMSO_U0126_110cell_adult3	0.009044863	1˚ Notochord	1˚ Notochord
DMSO_110cell_TGCCTAACATGA	5302	17719	DMSO_U0126_110cell_adult1	0.084654890	Epidermis (b)	Epidermis (b)
DMSO_110cell_TGCCTCAGACAT	5919	24945	DMSO_U0126_110cell_adult5	0.056123472	Epidermis (b)	Epidermis (b)
DMSO_110cell_TGCCTCTATTGT	6262	30630	DMSO_U0126_110cell_adult5	0.107737512	Epidermis (a)	Epidermis (a)
DMSO_110cell_TGCCTGGCTTGT	6793	42833	DMSO_U0126_110cell_adult5	0.009338594	B8.5	B8.5
DMSO_110cell_TGCCTGGGTCGT	4416	12846	DMSO_U0126_110cell_adult5	0.007784524	Epidermis (b)	Epidermis (b)
DMSO_110cell_TGCGATACCGGT	6616	40099	DMSO_U0126_110cell_adult2	0.004987656	Epidermis (b)	Epidermis (b)
DMSO_110cell_TGCGATGAGTGG	3669	 7628	DMSO_U0126_110cell_adult2	0.026219192	Epidermis (a)	Epidermis (a)
DMSO_110cell_TGCGGATTGACT	4625	12838	DMSO_U0126_110cell_adult2	0.101261879	Neural (a)	Neural (a)
DMSO_110cell_TGCGGTATCTGC	4590	13546	DMSO_U0126_110cell_adult1	0.036911265	B7.7	B7.7
DMSO_110cell_TGCGTCCACAAC	4351	12809	DMSO_U0126_110cell_adult2	0.015614021	Epidermis (a)	Epidermis (a)
DMSO_110cell_TGCGTGGGGCCT	3964	 9222	DMSO_U0126_110cell_adult1	0.065061809	Epidermis (b)	Epidermis (b)
DMSO_110cell_TGCGTGTGGGCC	2898	 5306	DMSO_U0126_110cell_adult5	0.000000000	Neural (a)	Neural (a)
DMSO_110cell_TGCTAGAAGCGC	4213	11074	DMSO_U0126_110cell_adult3	0.018060321	Neural (b)	Neural (b)
DMSO_110cell_TGCTATAAACGT	3183	 6513	DMSO_U0126_110cell_adult2	1.166896975	Neural (b)	Neural (b)
DMSO_110cell_TGCTGCAGCAAA	2998	 5708	DMSO_U0126_110cell_adult1	0.157673441	B8.5	B8.5
DMSO_110cell_TGCTGTTCAGTC	5255	17520	DMSO_U0126_110cell_adult1	0.011415525	Epidermis (a)	Epidermis (a)
DMSO_110cell_TGCTTACATACG	5578	20548	DMSO_U0126_110cell_adult2	0.301732529	Neural (a)	Neural (a)
DMSO_110cell_TGGAAAACGTTT	5843	23781	DMSO_U0126_110cell_adult5	0.058870527	Endoderm (B)	Endoderm (B)
DMSO_110cell_TGGAAACCGTAG	4622	13891	DMSO_U0126_110cell_adult1	0.345547477	Epidermis (b)	Epidermis (b)
DMSO_110cell_TGGAAAGCTCAA	6834	40040	DMSO_U0126_110cell_adult3	0.019980020	Neural (b)	Neural (b)
DMSO_110cell_TGGAACTGTGTG	5024	15818	DMSO_U0126_110cell_adult2	0.094828676	Epidermis (a)	Epidermis (a)
DMSO_110cell_TGGACGCCGGCC	5321	17381	DMSO_U0126_110cell_adult1	0.005753409	Epidermis (a)	Epidermis (a)
DMSO_110cell_TGGAGACCCAAC	5052	17834	DMSO_U0126_110cell_adult2	0.151396209	B7.5	B7.5
DMSO_110cell_TGGAGGCTCAAT	3652	 8424	DMSO_U0126_110cell_adult1	0.083095916	Epidermis (a)	Epidermis (a)
DMSO_110cell_TGGATACCGAAG	4963	15905	DMSO_U0126_110cell_adult3	0.025149324	Endoderm (A)	Endoderm (A)
DMSO_110cell_TGGCACTGGTCA	4874	15026	DMSO_U0126_110cell_adult4	0.039930787	Neural (A) C1/2	Neural (A) C1/2
DMSO_110cell_TGGCGTCGGGTA	3082	 6179	DMSO_U0126_110cell_adult5	0.048551546	B8.6	B8.6
DMSO_110cell_TGGCTACCATTG	6915	44244	DMSO_U0126_110cell_adult1	0.011300967	Epidermis (b)	Epidermis (b)
DMSO_110cell_TGGCTCTGGACT	3525	 7545	DMSO_U0126_110cell_adult1	0.013253810	TLC	TLC
DMSO_110cell_TGGGAGCCCAAA	2979	 5530	DMSO_U0126_110cell_adult4	0.018083183	Epidermis (a)	Epidermis (a)
DMSO_110cell_TGGGATGATACA	4610	12562	DMSO_U0126_110cell_adult3	0.071644643	Neural (a)	Neural (a)
DMSO_110cell_TGGGTCTGGTAA	3007	 5480	DMSO_U0126_110cell_adult5	0.018248175	Epidermis (a)	Epidermis (a)
DMSO_110cell_TGGTAATTTCGG	5712	22317	DMSO_U0126_110cell_adult1	0.434646234	B8.5	B8.5
DMSO_110cell_TGTAAGTTTGAG	3926	 8987	DMSO_U0126_110cell_adult1	0.044508735	TLC	TLC
DMSO_110cell_TGTAATAGTCGG	4172	 9775	DMSO_U0126_110cell_adult1	0.255754476	Neural (a)	Neural (a)
DMSO_110cell_TGTAGGATCTAA	4593	13525	DMSO_U0126_110cell_adult2	0.125693161	1˚ Notochord	1˚ Notochord
DMSO_110cell_TGTATGCATATT	3694	 8053	DMSO_U0126_110cell_adult3	0.285607848	TLC	TLC
DMSO_110cell_TGTATTTTATCT	4321	10690	DMSO_U0126_110cell_adult3	0.168381665	Neural (A) C1/2	Neural (A) C1/2
DMSO_110cell_TGTCCAGGTTTT	7608	62230	DMSO_U0126_110cell_adult1	0.014462478	Epidermis (b)	Epidermis (b)
DMSO_110cell_TGTCCTCTCACA	4329	10884	DMSO_U0126_110cell_adult2	0.459389930	Neural (b)	Neural (b)
DMSO_110cell_TGTCGACCCGAT	4929	15165	DMSO_U0126_110cell_adult5	0.000000000	1˚ Notochord	1˚ Notochord
DMSO_110cell_TGTCGCCGCTTA	4649	13087	DMSO_U0126_110cell_adult4	0.030564683	Neural (b)	Neural (b)
DMSO_110cell_TGTCGGTTGTTC	5559	20376	DMSO_U0126_110cell_adult1	0.166862976	Neural (A) C1/2	Neural (A) C1/2
DMSO_110cell_TGTCTCCAAGAT	4889	14487	DMSO_U0126_110cell_adult4	0.103541106	1˚ Notochord	1˚ Notochord
DMSO_110cell_TGTCTTAGCAGA	6900	44280	DMSO_U0126_110cell_adult5	0.013550136	Neural (b)	Neural (b)
DMSO_110cell_TGTGAACTGTCG	3930	 9026	DMSO_U0126_110cell_adult2	0.088632838	Neural (a)	Neural (a)
DMSO_110cell_TGTGGAAAACAT	3824	 8950	DMSO_U0126_110cell_adult1	0.256983240	Epidermis (b)	Epidermis (b)
DMSO_110cell_TGTGGGTATAGG	3082	 5777	DMSO_U0126_110cell_adult2	0.034620045	Neural (a)	Neural (a)
DMSO_110cell_TGTGTATTTGGC	5302	18932	DMSO_U0126_110cell_adult2	0.586308895	Neural (A) C1/2	Neural (A) C1/2
DMSO_110cell_TGTGTGCAACGC	6207	29113	DMSO_U0126_110cell_adult1	0.003434892	1˚ Notochord	1˚ Notochord
DMSO_110cell_TGTTACGCCATG	5169	17488	DMSO_U0126_110cell_adult4	0.040027447	Epidermis (b)	Epidermis (b)
DMSO_110cell_TGTTATTCACGT	5295	19250	DMSO_U0126_110cell_adult1	0.701298701	B7.8 Muscle	B7.8 Muscle
DMSO_110cell_TGTTCTCTGGGG	4365	11300	DMSO_U0126_110cell_adult2	0.061946903	Neural (a)	Neural (a)
DMSO_110cell_TGTTCTGCCAGT	5320	18515	DMSO_U0126_110cell_adult3	0.010802052	Epidermis (a)	Epidermis (a)
DMSO_110cell_TGTTGAGCTCCT	4412	11692	DMSO_U0126_110cell_adult2	0.059869997	Epidermis (a)	Epidermis (a)
DMSO_110cell_TGTTGAGGTGAG	6954	47152	DMSO_U0126_110cell_adult2	0.218442484	B7.4 Muscle	B7.4 Muscle
DMSO_110cell_TGTTGCCATTAA	4654	13223	DMSO_U0126_110cell_adult1	0.098313545	TLC	TLC
DMSO_110cell_TGTTTCTCCAAC	3176	 6061	DMSO_U0126_110cell_adult5	0.164989276	B8.5	B8.5
DMSO_110cell_TGTTTGCTTCAG	3531	 7542	DMSO_U0126_110cell_adult5	0.013259082	B8.6	B8.6
DMSO_110cell_TTAAAATGCGGG	5528	19525	DMSO_U0126_110cell_adult1	0.010243278	Epidermis (b)	Epidermis (b)
DMSO_110cell_TTAAAGTGGGTT	4511	12388	DMSO_U0126_110cell_adult1	1.017113335	Neural (A) C1/2	Neural (A) C1/2
DMSO_110cell_TTAACCCCAGCT	4618	12416	DMSO_U0126_110cell_adult1	0.080541237	Neural (a)	Neural (a)
DMSO_110cell_TTAACGTACGGG	4843	14930	DMSO_U0126_110cell_adult2	0.093770931	Epidermis (a)	Epidermis (a)
DMSO_110cell_TTAAGATCGGTG	2901	 5508	DMSO_U0126_110cell_adult1	0.036310821	Epidermis (a)	Epidermis (a)
DMSO_110cell_TTAATACGAAAG	3383	 7128	DMSO_U0126_110cell_adult5	0.547138047	B8.5	B8.5
DMSO_110cell_TTAATGCGCACG	6440	32847	DMSO_U0126_110cell_adult1	0.021310926	Epidermis (b)	Epidermis (b)
DMSO_110cell_TTACACGCCTGG	3009	 5465	DMSO_U0126_110cell_adult3	0.036596523	Epidermis (b)	Epidermis (b)
DMSO_110cell_TTACAGGTTTCC	6292	32162	DMSO_U0126_110cell_adult5	0.848827809	B7.8 Muscle	B7.8 Muscle
DMSO_110cell_TTACATCGGTTC	2803	 5003	DMSO_U0126_110cell_adult3	0.219868079	TLC	TLC
DMSO_110cell_TTACGCGCAATT	4100	10986	DMSO_U0126_110cell_adult5	0.045512470	TLC	TLC
DMSO_110cell_TTACGGACATGA	4896	14140	DMSO_U0126_110cell_adult3	0.226308345	Neural (a)	Neural (a)
DMSO_110cell_TTAGAATTGGTA	6585	40375	DMSO_U0126_110cell_adult2	0.438390093	Neural (a)	Neural (a)
DMSO_110cell_TTAGAGAACAGC	5415	19840	DMSO_U0126_110cell_adult1	0.614919355	Neural (A) C1/2	Neural (A) C1/2
DMSO_110cell_TTAGAGACACAA	3774	 8966	DMSO_U0126_110cell_adult1	0.881106402	Neural (a)	Neural (a)
DMSO_110cell_TTAGAGCCACGT	3945	 9417	DMSO_U0126_110cell_adult2	0.031857279	B7.5	B7.5
DMSO_110cell_TTAGATAAATTT	5418	16621	DMSO_U0126_110cell_adult3	0.030082426	Neural (a)	Neural (a)
DMSO_110cell_TTAGCTTATCAG	7370	58561	DMSO_U0126_110cell_adult2	0.054643876	Epidermis (b)	Epidermis (b)
DMSO_110cell_TTAGGCATTTAT	6570	35735	DMSO_U0126_110cell_adult3	0.170700993	TLC	TLC
DMSO_110cell_TTAGGGATAACT	6970	43724	DMSO_U0126_110cell_adult3	0.064038057	Endoderm (B)	Endoderm (B)
DMSO_110cell_TTAGGGTCACAA	5823	22850	DMSO_U0126_110cell_adult1	0.013129103	Endoderm (A)	Endoderm (A)
DMSO_110cell_TTAGTTTTAGTG	5542	19039	DMSO_U0126_110cell_adult3	0.073533274	Epidermis (a)	Epidermis (a)
DMSO_110cell_TTATCCGCTTAC	4411	11771	DMSO_U0126_110cell_adult2	0.016990910	1˚ Notochord	1˚ Notochord
DMSO_110cell_TTATCTGAAGGT	5830	22223	DMSO_U0126_110cell_adult1	0.260990865	Epidermis (b)	Epidermis (b)
DMSO_110cell_TTATGCCTACCA	4537	13281	DMSO_U0126_110cell_adult1	0.286123033	Neural (A) C1/2	Neural (A) C1/2
DMSO_110cell_TTATGCCTCATA	3894	 9081	DMSO_U0126_110cell_adult4	0.066072019	1˚ Notochord	1˚ Notochord
DMSO_110cell_TTATTCCTGGAT	4573	12669	DMSO_U0126_110cell_adult1	0.063146263	Epidermis (a)	Epidermis (a)
DMSO_110cell_TTATTGGCTCTC	3104	 5946	DMSO_U0126_110cell_adult1	0.218634376	B8.5	B8.5
DMSO_110cell_TTCAACGTCACA	4192	10478	DMSO_U0126_110cell_adult2	0.009543806	B8.6	B8.6
DMSO_110cell_TTCAATATGCAG	5269	18132	DMSO_U0126_110cell_adult2	0.082726671	Epidermis (a)	Epidermis (a)
DMSO_110cell_TTCAATGAGTCG	3465	 8156	DMSO_U0126_110cell_adult2	0.098087298	Epidermis (b)	Epidermis (b)
DMSO_110cell_TTCACTAATATG	5255	18837	DMSO_U0126_110cell_adult2	0.594574508	Neural (A) C3/4	Neural (A) C3/4
DMSO_110cell_TTCAGAAAATGT	4025	 9811	DMSO_U0126_110cell_adult1	0.601365814	B7.5	B7.5
DMSO_110cell_TTCAGCGCTCCC	5774	24544	DMSO_U0126_110cell_adult1	0.110006519	B7.8 Muscle	B7.8 Muscle
DMSO_110cell_TTCAGTTCCGAA	5787	23036	DMSO_U0126_110cell_adult3	0.052092377	Epidermis (b)	Epidermis (b)
DMSO_110cell_TTCATAACGTAG	6025	26042	DMSO_U0126_110cell_adult1	0.195837493	Neural (a)	Neural (a)
DMSO_110cell_TTCATGAAGCGA	4410	12248	DMSO_U0126_110cell_adult2	0.114304376	Epidermis (b)	Epidermis (b)
DMSO_110cell_TTCATTAGATCA	5919	24995	DMSO_U0126_110cell_adult3	1.100220044	B7.5	B7.5
DMSO_110cell_TTCCCGCGCGAC	4376	12028	DMSO_U0126_110cell_adult1	0.000000000	Epidermis (a)	Epidermis (a)
DMSO_110cell_TTCCTATTGGAA	5445	19813	DMSO_U0126_110cell_adult1	0.161510120	Epidermis (b)	Epidermis (b)
DMSO_110cell_TTCCTCAGCATG	3622	 8235	DMSO_U0126_110cell_adult5	0.121432908	Neural (A) C1/2	Neural (A) C1/2
DMSO_110cell_TTCCTCCGGATG	6158	28540	DMSO_U0126_110cell_adult3	0.227750526	B7.4 Muscle	B7.4 Muscle
DMSO_110cell_TTCCTTAATCCT	7176	50475	DMSO_U0126_110cell_adult4	0.414066369	B7.8 Muscle	B7.8 Muscle
DMSO_110cell_TTCGAACCTGAG	5380	18093	DMSO_U0126_110cell_adult1	0.077377991	Neural (a)	Neural (a)
DMSO_110cell_TTCGCAAACCCA	6177	29123	DMSO_U0126_110cell_adult4	0.020602273	Neural (a)	Neural (a)
DMSO_110cell_TTCGCAGCTGAA	5716	21375	DMSO_U0126_110cell_adult5	0.028070175	Epidermis (a)	Epidermis (a)
DMSO_110cell_TTCGGTCTAGTG	3155	 5922	DMSO_U0126_110cell_adult1	0.151975684	TLC	TLC
DMSO_110cell_TTCTGAAGGCAT	3871	 8888	DMSO_U0126_110cell_adult1	0.146264626	B8.5	B8.5
DMSO_110cell_TTCTTGGGTGAG	6696	34522	DMSO_U0126_110cell_adult1	0.060830775	Neural (a)	Neural (a)
DMSO_110cell_TTGACACGACAA	5132	17844	DMSO_U0126_110cell_adult2	0.016812374	Epidermis (a)	Epidermis (a)
DMSO_110cell_TTGACCGGAGGG	4240	11080	DMSO_U0126_110cell_adult2	0.072202166	Epidermis (b)	Epidermis (b)
DMSO_110cell_TTGAGCCCACAC	4588	13901	DMSO_U0126_110cell_adult2	0.007193727	B8.5	B8.5
DMSO_110cell_TTGAGCTCTTTA	3961	10074	DMSO_U0126_110cell_adult5	0.079412349	Epidermis (a)	Epidermis (a)
DMSO_110cell_TTGAGTCTCACC	4186	10348	DMSO_U0126_110cell_adult3	0.077309625	Neural (A) C3/4	Neural (A) C3/4
DMSO_110cell_TTGATCGAACAA	4860	14828	DMSO_U0126_110cell_adult3	0.006743998	Epidermis (b)	Epidermis (b)
DMSO_110cell_TTGATCTTAGAA	7085	48110	DMSO_U0126_110cell_adult5	0.066514238	Epidermis (b)	Epidermis (b)
DMSO_110cell_TTGATGGGCTGG	4891	14529	DMSO_U0126_110cell_adult1	0.020648358	Epidermis (b)	Epidermis (b)
DMSO_110cell_TTGCACCAAACT	5437	19663	DMSO_U0126_110cell_adult5	0.101713879	Epidermis (a)	Epidermis (a)
DMSO_110cell_TTGCAGCAGGGC	3492	 7492	DMSO_U0126_110cell_adult1	0.186865990	B7.8 Muscle	B7.8 Muscle
DMSO_110cell_TTGCAGGTCCCA	7399	57481	DMSO_U0126_110cell_adult1	0.059149980	Neural (A) C3/4	Neural (A) C3/4
DMSO_110cell_TTGCCCCTAGAG	4993	16850	DMSO_U0126_110cell_adult1	0.041543027	1˚ Notochord	1˚ Notochord
DMSO_110cell_TTGCCGCGAGCC	5263	19432	DMSO_U0126_110cell_adult1	0.015438452	Epidermis (a)	Epidermis (a)
DMSO_110cell_TTGCCTGACAGT	4515	11790	DMSO_U0126_110cell_adult1	0.016963528	Epidermis (b)	Epidermis (b)
DMSO_110cell_TTGCGGTGATCG	2965	 5353	DMSO_U0126_110cell_adult1	0.093405567	Neural (b)	Neural (b)
DMSO_110cell_TTGCTAGAGTGG	4705	12931	DMSO_U0126_110cell_adult4	0.030933416	Epidermis (b)	Epidermis (b)
DMSO_110cell_TTGCTCCTGCAA	5082	17861	DMSO_U0126_110cell_adult5	0.039191535	B7.5	B7.5
DMSO_110cell_TTGCTGTTGGAA	5746	20970	DMSO_U0126_110cell_adult4	0.028612303	Epidermis (a)	Epidermis (a)
DMSO_110cell_TTGGACCTCTAC	4058	 9988	DMSO_U0126_110cell_adult2	0.040048058	Neural (b)	Neural (b)
DMSO_110cell_TTGGCTTTACCC	4660	13029	DMSO_U0126_110cell_adult4	0.007675186	1˚ Notochord	1˚ Notochord
DMSO_110cell_TTGGGCCCAATT	4258	10761	DMSO_U0126_110cell_adult4	0.018585633	Epidermis (a)	Epidermis (a)
DMSO_110cell_TTGGGCGCACTG	4915	14080	DMSO_U0126_110cell_adult4	0.000000000	Neural (a)	Neural (a)
DMSO_110cell_TTGGGGAACATT	5169	16944	DMSO_U0126_110cell_adult3	0.613786591	B7.8 Muscle	B7.8 Muscle
DMSO_110cell_TTGGGTCCTAGT	4543	11898	DMSO_U0126_110cell_adult1	0.058833417	Neural (b)	Neural (b)
DMSO_110cell_TTGGGTCTTCGT	4239	10668	DMSO_U0126_110cell_adult2	0.084364454	Epidermis (b)	Epidermis (b)
DMSO_110cell_TTGGTCATTCAC	5511	20195	DMSO_U0126_110cell_adult1	0.143599901	Epidermis (b)	Epidermis (b)
DMSO_110cell_TTGGTGTTTAAC	6366	31390	DMSO_U0126_110cell_adult3	0.092386110	Epidermis (b)	Epidermis (b)
DMSO_110cell_TTGGTTAGTATG	4384	11538	DMSO_U0126_110cell_adult1	0.147339227	B8.5	B8.5
DMSO_110cell_TTGTAAGATAAG	5017	16025	DMSO_U0126_110cell_adult2	0.861154446	Neural (a)	Neural (a)
DMSO_110cell_TTGTATGACGGC	3092	 5929	DMSO_U0126_110cell_adult3	0.050598752	Epidermis (b)	Epidermis (b)
DMSO_110cell_TTGTCTGTACTT	6013	26310	DMSO_U0126_110cell_adult1	0.938806537	Neural (A) C1/2	Neural (A) C1/2
DMSO_110cell_TTGTGGCTAGGC	6113	28540	DMSO_U0126_110cell_adult3	0.007007708	Neural (a)	Neural (a)
DMSO_110cell_TTGTTGAAGATA	5550	19690	DMSO_U0126_110cell_adult2	1.330624683	Neural (b)	Neural (b)
DMSO_110cell_TTTACCCTTACC	4438	11989	DMSO_U0126_110cell_adult2	0.675619318	Neural (a)	Neural (a)
DMSO_110cell_TTTACCGAAGCA	5867	25993	DMSO_U0126_110cell_adult2	0.088485361	Epidermis (a)	Epidermis (a)
DMSO_110cell_TTTACTGATTCT	5700	20911	DMSO_U0126_110cell_adult3	0.258237291	Neural (A) C3/4	Neural (A) C3/4
DMSO_110cell_TTTAGACAAGGA	5333	19205	DMSO_U0126_110cell_adult1	1.202811768	Neural (A) C1/2	Neural (A) C1/2
DMSO_110cell_TTTAGGCCTGAC	4453	11985	DMSO_U0126_110cell_adult1	0.033375052	Epidermis (b)	Epidermis (b)
DMSO_110cell_TTTAGGCTGTTT	5060	15740	DMSO_U0126_110cell_adult1	0.095298602	Epidermis (a)	Epidermis (a)
DMSO_110cell_TTTAGTCCCCTA	2971	 5905	DMSO_U0126_110cell_adult3	0.016934801	Epidermis (b)	Epidermis (b)
DMSO_110cell_TTTCATATCCGC	4152	10974	DMSO_U0126_110cell_adult2	0.063787133	B8.5	B8.5
DMSO_110cell_TTTCATCACCCG	6990	45632	DMSO_U0126_110cell_adult1	0.008765778	1˚ Notochord	1˚ Notochord
DMSO_110cell_TTTCATGGGTGC	7148	53083	DMSO_U0126_110cell_adult3	0.016954581	Neural (A) C3/4	Neural (A) C3/4
DMSO_110cell_TTTCCAGTAGGT	5097	17261	DMSO_U0126_110cell_adult2	0.069520885	TLC	TLC
DMSO_110cell_TTTCCCAGCCAG	6082	26412	DMSO_U0126_110cell_adult3	0.136301681	B7.8 Muscle	B7.8 Muscle
DMSO_110cell_TTTCGATAAACT	5812	22835	DMSO_U0126_110cell_adult1	0.210203635	Epidermis (a)	Epidermis (a)
DMSO_110cell_TTTCTTAGGTAG	5689	22757	DMSO_U0126_110cell_adult1	0.720657380	Neural (A) C1/2	Neural (A) C1/2
DMSO_110cell_TTTGAAACTAGA	5508	20533	DMSO_U0126_110cell_adult3	1.344177665	B7.8 Muscle	B7.8 Muscle
DMSO_110cell_TTTGAAATCTTC	5957	27421	DMSO_U0126_110cell_adult5	0.393858721	Neural (A) C3/4	Neural (A) C3/4
DMSO_110cell_TTTGAGTGTCAT	5724	22020	DMSO_U0126_110cell_adult1	0.272479564	Neural (A) C1/2	Neural (A) C1/2
DMSO_110cell_TTTGCGACCGTA	3415	 6922	DMSO_U0126_110cell_adult3	0.014446692	1˚ Notochord	1˚ Notochord
DMSO_110cell_TTTGGAGACAGC	5645	21475	DMSO_U0126_110cell_adult1	0.018626310	B8.6	B8.6
DMSO_110cell_TTTGGAGAGCCA	6540	34524	DMSO_U0126_110cell_adult5	0.023172286	Epidermis (b)	Epidermis (b)
DMSO_110cell_TTTGGGAGTCCG	5022	17186	DMSO_U0126_110cell_adult5	0.046549517	Epidermis (a)	Epidermis (a)
DMSO_110cell_TTTGTCTATGGA	3213	 6159	DMSO_U0126_110cell_adult5	1.039129729	Neural (b)	Neural (b)
DMSO_110cell_TTTGTGTGTACT	4129	 9804	DMSO_U0126_110cell_adult1	0.142798858	Neural (b)	Neural (b)
DMSO_110cell_TTTTATCTGGAG	5362	18666	DMSO_U0126_110cell_adult1	0.010714668	1˚ Notochord	1˚ Notochord
DMSO_110cell_TTTTCCACTGCT	5214	18871	DMSO_U0126_110cell_adult5	0.158974087	B7.5	B7.5
DMSO_110cell_TTTTCCCATAGG	4883	15030	DMSO_U0126_110cell_adult2	0.558882236	B7.8 Muscle	B7.8 Muscle
DMSO_110cell_TTTTCGTGTTGT	6210	26932	DMSO_U0126_110cell_adult4	0.089113322	Epidermis (b)	Epidermis (b)
DMSO_110cell_TTTTCTTGTTAA	6379	31914	DMSO_U0126_110cell_adult3	0.050134737	Epidermis (a)	Epidermis (a)
DMSO_110cell_TTTTGCAATGAA	4301	11145	DMSO_U0126_110cell_adult1	0.089726335	Epidermis (a)	Epidermis (a)
DMSO_110cell_TTTTGTAAGTAG	5887	24956	DMSO_U0126_110cell_adult5	0.164289149	TLC	TLC
DMSO_110cell_TTTTGTCTAGAG	4556	11891	DMSO_U0126_110cell_adult5	0.092506938	Neural (a)	Neural (a)
DMSO_110cell_TTTTTGGGGTTA	6257	28540	DMSO_U0126_110cell_adult1	0.010511563	Epidermis (b)	Epidermis (b)
DMSO_MidG_AAAAAGGCCAGG	2857	 5596	DMSO_U0126_midG_adult1	0.053609721	Epidermis (b)	Epidermis (b)
DMSO_MidG_AAAACCAACGTC	1994	 3206	DMSO_U0126_midG_adult2	0.062383032	Epidermis (a)	Epidermis (a)
DMSO_MidG_AAAACCCGTTAC	2504	 5675	DMSO_U0126_midG_adult2	0.211453744	B7.4 Muscle	B7.4 Muscle
DMSO_MidG_AAAACCGCTAAG	3827	 9856	DMSO_U0126_midG_adult1	0.081168831	Epidermis (b)	Epidermis (b)
DMSO_MidG_AAAAGATGACTA	2099	 3501	DMSO_U0126_midG_adult1	0.114253071	Epidermis (a)	Epidermis (a)
DMSO_MidG_AAAAGCCAGGTA	3398	 7494	DMSO_U0126_midG_adult2	0.320256205	B8.5 Mesenchyme	B8.5 Mesenchyme
DMSO_MidG_AAAAGGTAGAAT	2535	 4510	DMSO_U0126_midG_adult1	0.044345898	Epidermis (a)	Epidermis (a)
DMSO_MidG_AAAAGTGTAACA	2772	 5117	DMSO_U0126_midG_adult1	0.195427008	Endoderm (B)	Endoderm (B)
DMSO_MidG_AAAAGTTGCTCA	4454	12840	DMSO_U0126_midG_adult1	0.007788162	TVC	TVC
DMSO_MidG_AAAATATCTCGG	2971	 6344	DMSO_U0126_midG_adult1	0.110340479	Epidermis (a)	Epidermis (a)
DMSO_MidG_AAAATCCGTACC	2260	 4127	DMSO_U0126_midG_adult1	0.290768112	TVC	TVC
DMSO_MidG_AAAATCGATGCC	2144	 3476	DMSO_U0126_midG_adult1	0.057537399	NP (A) 1/2:I	NP (A) 1/2:I
DMSO_MidG_AAAATGGATTGG	1648	 2518	DMSO_U0126_midG_adult2	0.198570294	NP (A) 1/2:II	NP (A) 1/2:II
DMSO_MidG_AAAATTTATCAG	3726	 8622	DMSO_U0126_midG_adult2	0.046392948	DMT epidermis	DMT epidermis
DMSO_MidG_AAACCAACCACC	4878	15916	DMSO_U0126_midG_adult1	0.075395828	NP (a) 3:III/IV	NP (a) 3:III/IV
DMSO_MidG_AAACCCAAATCG	2213	 3619	DMSO_U0126_midG_adult1	0.055263885	Epidermis (b)	Epidermis (b)
DMSO_MidG_AAACCCTCCTGA	2492	 4697	DMSO_U0126_midG_adult1	0.000000000	Epidermis (b)	Epidermis (b)
DMSO_MidG_AAACCGGCGGCT	3060	 6873	DMSO_U0126_midG_adult2	0.000000000	NP (A) 1/2:I	NP (A) 1/2:I
DMSO_MidG_AAACCTATGCCT	1990	 3442	DMSO_U0126_midG_adult1	0.029052876	B7.4 Muscle	B7.4 Muscle
DMSO_MidG_AAACGAAGTGCG	2344	 4802	DMSO_U0126_midG_adult1	0.229071220	B7.4 Muscle	B7.4 Muscle
DMSO_MidG_AAACGGTGAGAG	6804	42116	DMSO_U0126_midG_adult2	0.011871973	NP (a) 1/2:V/VI	NP (a) 1/2:V/VI
DMSO_MidG_AAACTGTCATCT	4008	10150	DMSO_U0126_midG_adult2	0.266009852	Epidermis (b)	Epidermis (b)
DMSO_MidG_AAAGATAGTCAC	3201	 7011	DMSO_U0126_midG_adult2	0.328055912	Epidermis (a)	Epidermis (a)
DMSO_MidG_AAAGCATGCACT	2613	 4632	DMSO_U0126_midG_adult2	0.000000000	Endoderm (A)	Endoderm (A)
DMSO_MidG_AAAGCGAAAGCG	4005	10438	DMSO_U0126_midG_adult1	0.057482276	TLC posterior	TLC posterior
DMSO_MidG_AAAGGGATCACT	2840	 5331	DMSO_U0126_midG_adult1	0.075032827	Endoderm (A)	Endoderm (A)
DMSO_MidG_AAAGTGAGGGTC	1567	 2263	DMSO_U0126_midG_adult2	0.132567388	2˚ Notochord	2˚ Notochord
DMSO_MidG_AAAGTGGTAGCC	2369	 4060	DMSO_U0126_midG_adult2	0.098522167	NP (A) 1/2:I	NP (A) 1/2:I
DMSO_MidG_AAATATCTGGAC	4992	17358	DMSO_U0126_midG_adult2	0.230441295	NP (b) #1 anterior	NP (b) #1 anterior
DMSO_MidG_AAATATGTCTAA	3497	 7714	DMSO_U0126_midG_adult1	0.220378533	Epidermis (b)	Epidermis (b)
DMSO_MidG_AAATCGGAATTC	3027	 6070	DMSO_U0126_midG_adult1	0.016474465	1˚ Notochord	1˚ Notochord
DMSO_MidG_AAATCTTTGAGT	2075	 3450	DMSO_U0126_midG_adult1	0.115942029	Epidermis (b)	Epidermis (b)
DMSO_MidG_AAATGATGGACC	2581	 5083	DMSO_U0126_midG_adult2	0.059020264	B7.8 Muscle	B7.8 Muscle
DMSO_MidG_AAATTCAAAGTG	3101	 6346	DMSO_U0126_midG_adult2	0.094547747	Epidermis (a)	Epidermis (a)
DMSO_MidG_AAATTCCGTCGC	3939	10345	DMSO_U0126_midG_adult2	0.009666506	Tail tip epidermis	Tail tip epidermis
DMSO_MidG_AAATTCTAAGAA	3530	 8081	DMSO_U0126_midG_adult2	0.185620592	Epidermis (a)	Epidermis (a)
DMSO_MidG_AAATTGGCCAGC	3687	 9514	DMSO_U0126_midG_adult1	0.000000000	Epidermis (a)	Epidermis (a)
DMSO_MidG_AACAACGCCGTA	1798	 2880	DMSO_U0126_midG_adult2	0.034722222	Epidermis (a)	Epidermis (a)
DMSO_MidG_AACAAGGTTTCG	3085	 6338	DMSO_U0126_midG_adult2	0.252445566	Epidermis (a)	Epidermis (a)
DMSO_MidG_AACAATAGGGCG	2552	 4738	DMSO_U0126_midG_adult1	0.126635711	Epidermis (b)	Epidermis (b)
DMSO_MidG_AACAATTGTACA	2956	 6296	DMSO_U0126_midG_adult2	0.412960610	Endoderm (A)	Endoderm (A)
DMSO_MidG_AACAGCTGGGGT	1570	 2196	DMSO_U0126_midG_adult2	0.000000000	1˚ Notochord	1˚ Notochord
DMSO_MidG_AACAGGCCACCT	4902	17281	DMSO_U0126_midG_adult1	0.040506915	Epidermis (a)	Epidermis (a)
DMSO_MidG_AACAGTAACGCG	1714	 2654	DMSO_U0126_midG_adult1	0.000000000	Epidermis (b)	Epidermis (b)
DMSO_MidG_AACATCCTGCAA	2411	 4294	DMSO_U0126_midG_adult2	0.023288309	1˚ Notochord	1˚ Notochord
DMSO_MidG_AACATCGTGTTG	2959	 5863	DMSO_U0126_midG_adult1	0.068224458	DMT epidermis	DMT epidermis
DMSO_MidG_AACCACAATGGA	3781	 9310	DMSO_U0126_midG_adult1	0.644468314	B8.5 Mesenchyme	B8.5 Mesenchyme
DMSO_MidG_AACCACGACTCG	2528	 4483	DMSO_U0126_midG_adult1	0.022306491	1˚ Notochord	1˚ Notochord
DMSO_MidG_AACCAGGTTTGG	2199	 3618	DMSO_U0126_midG_adult2	0.027639580	NP (A) 1/2:I	NP (A) 1/2:I
DMSO_MidG_AACCGGATGTGA	2669	 5286	DMSO_U0126_midG_adult2	0.075671585	Tail tip epidermis	Tail tip epidermis
DMSO_MidG_AACCGGTGCATC	2969	 6499	DMSO_U0126_midG_adult1	0.015386983	NP (a) 3:III/IV	NP (a) 3:III/IV
DMSO_MidG_AACCTGTATAAA	2957	 5838	DMSO_U0126_midG_adult1	0.548132922	Tail tip epidermis	Tail tip epidermis
DMSO_MidG_AACCTTGAATTC	2298	 3959	DMSO_U0126_midG_adult1	0.025258904	Epidermis (a)	Epidermis (a)
DMSO_MidG_AACGACCCCCGA	3455	 7777	DMSO_U0126_midG_adult2	0.051433715	NP (a) 1/2:V/VI	NP (a) 1/2:V/VI
DMSO_MidG_AACGCCAAGTAG	1906	 3103	DMSO_U0126_midG_adult2	0.032226877	1˚ Notochord	1˚ Notochord
DMSO_MidG_AACGCGCAATAG	2381	 4347	DMSO_U0126_midG_adult2	0.000000000	Epidermis (b)	Epidermis (b)
DMSO_MidG_AACGCGCACACC	4256	12791	DMSO_U0126_midG_adult2	0.031271988	NP (A) 3:I	NP (A) 3:I
DMSO_MidG_AACGCGTAAGTT	3158	 6230	DMSO_U0126_midG_adult1	0.016051364	Epidermis (a)	Epidermis (a)
DMSO_MidG_AACGGAGGTGTA	2454	 4285	DMSO_U0126_midG_adult1	0.256709452	Epidermis (b)	Epidermis (b)
DMSO_MidG_AACGGCTTTGGT	2045	 3216	DMSO_U0126_midG_adult2	0.000000000	1˚ Notochord	1˚ Notochord
DMSO_MidG_AACGGTGCCCGT	5384	23382	DMSO_U0126_midG_adult2	0.047044735	B7.8 Muscle	B7.8 Muscle
DMSO_MidG_AACGTACCGCGG	3437	 7920	DMSO_U0126_midG_adult1	0.025252525	Endoderm (A)	Endoderm (A)
DMSO_MidG_AACGTCTCTTAG	3150	 6587	DMSO_U0126_midG_adult2	0.121451344	NP (a) 3:V/VI	NP (a) 3:V/VI
DMSO_MidG_AACGTGTGTCTG	3360	 7306	DMSO_U0126_midG_adult1	0.013687380	Epidermis (b)	Epidermis (b)
DMSO_MidG_AACTACCGGCCT	5140	18090	DMSO_U0126_midG_adult2	0.110558320	NP (b) #1 anterior	NP (b) #1 anterior
DMSO_MidG_AACTATGCATAC	3161	 6785	DMSO_U0126_midG_adult1	0.221075903	Epidermis (b)	Epidermis (b)
DMSO_MidG_AACTATGTAAAT	4164	11262	DMSO_U0126_midG_adult2	0.239744273	TLC posterior	TLC posterior
DMSO_MidG_AACTCGGCGCAG	2020	 3359	DMSO_U0126_midG_adult1	0.029770765	1˚ Notochord	1˚ Notochord
DMSO_MidG_AACTCTAGACAG	2815	 5530	DMSO_U0126_midG_adult2	0.162748644	Epidermis (a)	Epidermis (a)
DMSO_MidG_AACTGCTGTTAC	3523	 8410	DMSO_U0126_midG_adult2	0.214030916	Epidermis (a)	Epidermis (a)
DMSO_MidG_AACTTAGCAGCT	3842	10869	DMSO_U0126_midG_adult2	0.000000000	Epidermis (b)	Epidermis (b)
DMSO_MidG_AACTTCCCTCCG	3939	10694	DMSO_U0126_midG_adult2	0.102861418	B7.8 Muscle	B7.8 Muscle
DMSO_MidG_AACTTGAGACGT	3319	 7444	DMSO_U0126_midG_adult1	0.067168189	Epidermis (a)	Epidermis (a)
DMSO_MidG_AACTTTCATCAT	3685	 8351	DMSO_U0126_midG_adult2	0.263441504	Epidermis (b)	Epidermis (b)
DMSO_MidG_AAGAATAGGGAA	2747	 5442	DMSO_U0126_midG_adult1	0.588019111	Epidermis (a)	Epidermis (a)
DMSO_MidG_AAGAATCTCACT	3199	 6647	DMSO_U0126_midG_adult1	0.315931999	Epidermis (a)	Epidermis (a)
DMSO_MidG_AAGAGGTTAAAC	3524	 7959	DMSO_U0126_midG_adult2	0.125643925	DMT epidermis	DMT epidermis
DMSO_MidG_AAGATCGGGCAG	2304	 3829	DMSO_U0126_midG_adult1	0.026116479	NP (a) 1/2:III/IV	NP (a) 1/2:III/IV
DMSO_MidG_AAGCACCTCGTT	3685	 8639	DMSO_U0126_midG_adult2	0.185206621	Epidermis (b)	Epidermis (b)
DMSO_MidG_AAGCAGGCTCAA	3865	 9770	DMSO_U0126_midG_adult2	0.061412487	NP (A) 1/2:II	NP (A) 1/2:II
DMSO_MidG_AAGCCAGTGAAC	3505	 8118	DMSO_U0126_midG_adult2	0.086228135	NP (b) #1 anterior	NP (b) #1 anterior
DMSO_MidG_AAGCCATACCCA	2991	 6525	DMSO_U0126_midG_adult1	0.030651341	NP (b) #2 posterior	NP (b) #2 posterior
DMSO_MidG_AAGCCCCATCCA	2978	 6056	DMSO_U0126_midG_adult2	0.016512550	DMT epidermis	DMT epidermis
DMSO_MidG_AAGCCCGTAGAA	3166	 6440	DMSO_U0126_midG_adult1	0.046583851	NP (A) 3:I	NP (A) 3:I
DMSO_MidG_AAGCCCTTAAAT	2463	 4325	DMSO_U0126_midG_adult2	0.069364162	1˚ Notochord	1˚ Notochord
DMSO_MidG_AAGCCTGAGCGC	4667	14986	DMSO_U0126_midG_adult2	0.013345789	TLC anterior	TLC anterior
DMSO_MidG_AAGCGAGGGATT	1654	 2518	DMSO_U0126_midG_adult1	0.079428118	NP (A) 1/2:I	NP (A) 1/2:I
DMSO_MidG_AAGCGGGAGGGT	2589	 4542	DMSO_U0126_midG_adult1	0.022016733	Epidermis (b)	Epidermis (b)
DMSO_MidG_AAGCTTATCGTA	2663	 5516	DMSO_U0126_midG_adult1	0.036258158	B7.7 Mesenchyme	B7.7 Mesenchyme
DMSO_MidG_AAGCTTCTATGA	6082	28769	DMSO_U0126_midG_adult1	0.104278911	TLC posterior	TLC posterior
DMSO_MidG_AAGGAACGAGGG	2148	 3614	DMSO_U0126_midG_adult2	0.000000000	Epidermis (b)	Epidermis (b)
DMSO_MidG_AAGGAGGCATTC	2552	 4989	DMSO_U0126_midG_adult2	0.160352776	NP (a) 1/2:III/IV	NP (a) 1/2:III/IV
DMSO_MidG_AAGGCAATACTT	4174	11911	DMSO_U0126_midG_adult2	0.310637226	Epidermis (a)	Epidermis (a)
DMSO_MidG_AAGGCACGGGAA	2679	 5315	DMSO_U0126_midG_adult2	0.037629351	B7.8 Muscle	B7.8 Muscle
DMSO_MidG_AAGGCCCATTTG	3696	 8959	DMSO_U0126_midG_adult2	0.078133720	NP (A) 3:II	NP (A) 3:II
DMSO_MidG_AAGGCTGACCAG	6730	39961	DMSO_U0126_midG_adult1	0.005004880	NP (a) 1/2:V/VI	NP (a) 1/2:V/VI
DMSO_MidG_AAGGGAAGATCT	2894	 5685	DMSO_U0126_midG_adult2	1.196130167	NP (A) 1/2:I	NP (A) 1/2:I
DMSO_MidG_AAGGGAATCCGC	1505	 2158	DMSO_U0126_midG_adult1	0.046339203	Epidermis (a)	Epidermis (a)
DMSO_MidG_AAGGTCAACACC	1897	 3035	DMSO_U0126_midG_adult2	0.098846787	NP (A) 1/2:I	NP (A) 1/2:I
DMSO_MidG_AAGGTCATCGAC	4956	16330	DMSO_U0126_midG_adult1	0.036742192	NP (a) 1/2:III/IV	NP (a) 1/2:III/IV
DMSO_MidG_AAGGTCTGCGTC	1601	 2424	DMSO_U0126_midG_adult2	0.000000000	DMT epidermis	DMT epidermis
DMSO_MidG_AAGTAAATGTAG	4589	16032	DMSO_U0126_midG_adult2	1.833832335	B7.8 Muscle	B7.8 Muscle
DMSO_MidG_AAGTAAGGGTAT	4065	10504	DMSO_U0126_midG_adult1	1.075780655	NP (A) 1/2:I	NP (A) 1/2:I
DMSO_MidG_AAGTAAGTTACT	4352	12646	DMSO_U0126_midG_adult2	0.324213190	2˚ Notochord	2˚ Notochord
DMSO_MidG_AAGTACCAAACG	3225	 7112	DMSO_U0126_midG_adult1	1.335770529	TVC	TVC
DMSO_MidG_AAGTAGTGTGAA	3138	 6483	DMSO_U0126_midG_adult2	0.555298473	Epidermis (b)	Epidermis (b)
DMSO_MidG_AAGTCCCTGAAC	2981	 6332	DMSO_U0126_midG_adult1	0.015792798	Epidermis (a)	Epidermis (a)
DMSO_MidG_AAGTCTTGCATA	3385	 7536	DMSO_U0126_midG_adult2	0.185774947	Epidermis (a)	Epidermis (a)
DMSO_MidG_AAGTGACACAGA	3228	 6789	DMSO_U0126_midG_adult2	0.795404331	NP (A) 1/2:I	NP (A) 1/2:I
DMSO_MidG_AAGTGCTCCTTC	4897	16594	DMSO_U0126_midG_adult2	0.096420393	NP (A) 1/2:II	NP (A) 1/2:II
DMSO_MidG_AAGTGTCCGAAC	4046	10522	DMSO_U0126_midG_adult1	0.218589622	NP (a) 3:III/IV	NP (a) 3:III/IV
DMSO_MidG_AAGTTAATCAGT	3174	 6347	DMSO_U0126_midG_adult1	0.078777375	Epidermis (b)	Epidermis (b)
DMSO_MidG_AAGTTACATACA	3219	 8000	DMSO_U0126_midG_adult1	2.612500000	B7.8 Muscle	B7.8 Muscle
DMSO_MidG_AAGTTTAACTAT	2217	 3888	DMSO_U0126_midG_adult1	0.025720165	Epidermis (a)	Epidermis (a)
DMSO_MidG_AAGTTTCACTTA	2598	 5241	DMSO_U0126_midG_adult1	0.400686892	Epidermis (b)	Epidermis (b)
DMSO_MidG_AATAAGAATTTA	4903	16003	DMSO_U0126_midG_adult1	0.099981254	Endoderm (A)	Endoderm (A)
DMSO_MidG_AATAATTGCGTT	3372	 7496	DMSO_U0126_midG_adult1	0.146744931	Epidermis (b)	Epidermis (b)
DMSO_MidG_AATACAAAAGTC	2204	 3741	DMSO_U0126_midG_adult2	0.320769848	1˚ Notochord	1˚ Notochord
DMSO_MidG_AATACCCGTCGC	3175	 6677	DMSO_U0126_midG_adult1	0.014976786	NP (a) 1/2:V/VI	NP (a) 1/2:V/VI
DMSO_MidG_AATACCGCATGA	2672	 5015	DMSO_U0126_midG_adult2	0.139581256	Epidermis (a)	Epidermis (a)
DMSO_MidG_AATACCGTGAAG	2314	 3979	DMSO_U0126_midG_adult2	0.050263885	Epidermis (b)	Epidermis (b)
DMSO_MidG_AATACGCCATTC	3864	 9658	DMSO_U0126_midG_adult2	0.093186995	Epidermis (b)	Epidermis (b)
DMSO_MidG_AATAGATGTGAG	2741	 5025	DMSO_U0126_midG_adult1	0.417910448	2˚ Notochord	2˚ Notochord
DMSO_MidG_AATAGCACTTTC	4571	13675	DMSO_U0126_midG_adult1	1.923217550	NP (A) 4:I	NP (A) 4:I
DMSO_MidG_AATAGGTTTAGA	2271	 3758	DMSO_U0126_midG_adult2	0.399148483	NP (a) 1/2:III/IV	NP (a) 1/2:III/IV
DMSO_MidG_AATAGTGTCATT	2942	 5778	DMSO_U0126_midG_adult1	0.224991346	1˚ Notochord	1˚ Notochord
DMSO_MidG_AATCAAGATCAC	5315	19827	DMSO_U0126_midG_adult2	0.131134312	Epidermis (a)	Epidermis (a)
DMSO_MidG_AATCAAGTTCGA	6950	45580	DMSO_U0126_midG_adult2	0.096533567	NP (a) 1/2:V/VI	NP (a) 1/2:V/VI
DMSO_MidG_AATCCCTGAGTT	3337	 7509	DMSO_U0126_midG_adult2	0.266347050	Epidermis (b)	Epidermis (b)
DMSO_MidG_AATCCGAATAAC	5361	20210	DMSO_U0126_midG_adult2	1.573478476	NP (b) #1 anterior	NP (b) #1 anterior
DMSO_MidG_AATCCGCGCAGT	3133	 6676	DMSO_U0126_midG_adult1	0.000000000	DMT epidermis	DMT epidermis
DMSO_MidG_AATCCTGCGACC	3475	 8562	DMSO_U0126_midG_adult1	0.058397571	B7.4 Muscle	B7.4 Muscle
DMSO_MidG_AATCGATCAGTG	3873	 9511	DMSO_U0126_midG_adult2	0.231311113	Tail tip epidermis	Tail tip epidermis
DMSO_MidG_AATCGGCGGCAT	2665	 5194	DMSO_U0126_midG_adult2	0.019252984	Epidermis (b)	Epidermis (b)
DMSO_MidG_AATCGGCGGTAG	2663	 4776	DMSO_U0126_midG_adult1	0.000000000	TLC anterior	TLC anterior
DMSO_MidG_AATCTAGCCCCG	3365	 7877	DMSO_U0126_midG_adult2	0.050780754	NP (A) 3:II	NP (A) 3:II
DMSO_MidG_AATCTATCGACA	1718	 2534	DMSO_U0126_midG_adult1	0.473559590	NP (b) #2 posterior	NP (b) #2 posterior
DMSO_MidG_AATCTCGTATCC	3556	 8610	DMSO_U0126_midG_adult1	0.243902439	Epidermis (a)	Epidermis (a)
DMSO_MidG_AATCTGAAAGTG	1741	 2671	DMSO_U0126_midG_adult2	0.336952452	NP (a) 1/2:V/VI	NP (a) 1/2:V/VI
DMSO_MidG_AATCTGTACGAG	1716	 2599	DMSO_U0126_midG_adult2	0.038476337	Epidermis (a)	Epidermis (a)
DMSO_MidG_AATGAAACAAAG	2457	 4277	DMSO_U0126_midG_adult1	0.303951368	1˚ Notochord	1˚ Notochord
DMSO_MidG_AATGAATTATCC	2815	 5418	DMSO_U0126_midG_adult2	0.276854928	Epidermis (a)	Epidermis (a)
DMSO_MidG_AATGACAGAGGT	2544	 4231	DMSO_U0126_midG_adult1	0.141810447	Epidermis (a)	Epidermis (a)
DMSO_MidG_AATGATCGAAAA	3359	 8478	DMSO_U0126_midG_adult2	0.589761736	B7.8 Muscle	B7.8 Muscle
DMSO_MidG_AATGATCTAGAC	2455	 4403	DMSO_U0126_midG_adult2	0.590506473	DMT epidermis	DMT epidermis
DMSO_MidG_AATGCCCGTTGC	3157	 6412	DMSO_U0126_midG_adult1	0.000000000	1˚ Notochord	1˚ Notochord
DMSO_MidG_AATGCCTACGGG	4323	12375	DMSO_U0126_midG_adult2	0.210101010	NP (b) #1 anterior	NP (b) #1 anterior
DMSO_MidG_AATGGGAGATCC	4967	16277	DMSO_U0126_midG_adult2	0.079867297	NP (a) 1/2:V/VI	NP (a) 1/2:V/VI
DMSO_MidG_AATGTCATCTCA	2757	 5223	DMSO_U0126_midG_adult1	0.210606931	1˚ Notochord	1˚ Notochord
DMSO_MidG_AATGTCTGCACT	2857	 5557	DMSO_U0126_midG_adult1	0.017995321	Epidermis (b)	Epidermis (b)
DMSO_MidG_AATGTCTGTCCA	4435	13292	DMSO_U0126_midG_adult1	0.030093289	Epidermis (a)	Epidermis (a)
DMSO_MidG_AATGTTCGGTTA	2805	 5482	DMSO_U0126_midG_adult2	0.966800438	B7.7 Mesenchyme	B7.7 Mesenchyme
DMSO_MidG_AATTCTTGGTCC	2872	 6251	DMSO_U0126_midG_adult1	0.031994881	Epidermis (b)	Epidermis (b)
DMSO_MidG_AATTGACACAAT	4979	15638	DMSO_U0126_midG_adult2	0.108709554	NP (a) 3:V/VI	NP (a) 3:V/VI
DMSO_MidG_AATTGGGCGACA	3715	 9454	DMSO_U0126_midG_adult2	0.010577533	Epidermis (a)	Epidermis (a)
DMSO_MidG_AATTTACTAAGG	3490	 8002	DMSO_U0126_midG_adult2	0.099975006	Epidermis (b)	Epidermis (b)
DMSO_MidG_AATTTATAGCCG	4300	11863	DMSO_U0126_midG_adult1	0.067436567	Epidermis (b)	Epidermis (b)
DMSO_MidG_AATTTATTCTGT	3877	 9491	DMSO_U0126_midG_adult2	0.063217785	NP (A) 1/2:II	NP (A) 1/2:II
DMSO_MidG_AATTTGAACGGT	3848	 9460	DMSO_U0126_midG_adult2	0.095137421	Endoderm (A)	Endoderm (A)
DMSO_MidG_AATTTTTCCTTG	4348	12057	DMSO_U0126_midG_adult1	0.066351497	Tail tip epidermis	Tail tip epidermis
DMSO_MidG_ACAAACCACCCG	2664	 5380	DMSO_U0126_midG_adult2	0.037174721	Epidermis (a)	Epidermis (a)
DMSO_MidG_ACAAAGGTTCGG	4432	13601	DMSO_U0126_midG_adult2	0.036762003	B7.8 Muscle	B7.8 Muscle
DMSO_MidG_ACAACGCCTGTA	2105	 3824	DMSO_U0126_midG_adult2	0.052301255	Epidermis (a)	Epidermis (a)
DMSO_MidG_ACAACTGACCCA	6456	38568	DMSO_U0126_midG_adult2	0.038892346	TLC posterior	TLC posterior
DMSO_MidG_ACAAGAGGACTG	2874	 5275	DMSO_U0126_midG_adult1	0.056872038	Epidermis (b)	Epidermis (b)
DMSO_MidG_ACAAGCACGACG	5087	16646	DMSO_U0126_midG_adult1	0.006007449	NP (a) 3:V/VI	NP (a) 3:V/VI
DMSO_MidG_ACAAGCCTGATA	3673	 8796	DMSO_U0126_midG_adult1	0.022737608	Epidermis (b)	Epidermis (b)
DMSO_MidG_ACAATATGTTAC	3980	 9825	DMSO_U0126_midG_adult1	0.722646310	NP (b) #1 anterior	NP (b) #1 anterior
DMSO_MidG_ACAATCATGAGA	3369	 7424	DMSO_U0126_midG_adult1	0.754310345	Epidermis (a)	Epidermis (a)
DMSO_MidG_ACAATCGCACGC	3366	 7578	DMSO_U0126_midG_adult1	0.000000000	NP (b) #2 posterior	NP (b) #2 posterior
DMSO_MidG_ACAATGGAGATA	3910	10136	DMSO_U0126_midG_adult2	0.789265983	Epidermis (b)	Epidermis (b)
DMSO_MidG_ACAATGGGAAAG	3016	 5953	DMSO_U0126_midG_adult2	0.268772048	Epidermis (b)	Epidermis (b)
DMSO_MidG_ACAATTAAATGC	2992	 5833	DMSO_U0126_midG_adult1	0.240013715	DMT epidermis	DMT epidermis
DMSO_MidG_ACACAAGGATCA	3001	 6226	DMSO_U0126_midG_adult1	0.000000000	Epidermis (a)	Epidermis (a)
DMSO_MidG_ACACACCGGGGC	3175	 6895	DMSO_U0126_midG_adult2	0.043509790	TVC	TVC
DMSO_MidG_ACACACGGCCTA	2835	 5721	DMSO_U0126_midG_adult2	0.034958923	Epidermis (a)	Epidermis (a)
DMSO_MidG_ACACAGCCGGTG	3103	 7066	DMSO_U0126_midG_adult1	0.070761393	B7.8 Muscle	B7.8 Muscle
DMSO_MidG_ACACATTTTTCG	4881	16679	DMSO_U0126_midG_adult2	1.366988429	NP (A) 1/2:II	NP (A) 1/2:II
DMSO_MidG_ACACCGCCGCAG	3089	 6465	DMSO_U0126_midG_adult1	0.000000000	1˚ Notochord	1˚ Notochord
DMSO_MidG_ACACCGTAAAAT	1586	 2326	DMSO_U0126_midG_adult1	0.128976784	DMT epidermis	DMT epidermis
DMSO_MidG_ACACCTAACCAT	3483	 7954	DMSO_U0126_midG_adult2	0.364596429	Tail tip epidermis	Tail tip epidermis
DMSO_MidG_ACACGAAGTTTT	1549	 2336	DMSO_U0126_midG_adult1	0.000000000	Epidermis (b)	Epidermis (b)
DMSO_MidG_ACACGATCCTTA	2941	 5961	DMSO_U0126_midG_adult1	0.218084214	TLC posterior	TLC posterior
DMSO_MidG_ACACGCGATGGG	3341	 7353	DMSO_U0126_midG_adult2	0.013599891	Epidermis (a)	Epidermis (a)
DMSO_MidG_ACACGTAGCGGA	3126	 6854	DMSO_U0126_midG_adult2	0.014590020	TLC anterior	TLC anterior
DMSO_MidG_ACACTAAGGCAT	3202	 6798	DMSO_U0126_midG_adult1	0.014710209	DMT epidermis	DMT epidermis
DMSO_MidG_ACAGAAAACGGC	3417	 7834	DMSO_U0126_midG_adult2	0.051059484	Tail tip epidermis	Tail tip epidermis
DMSO_MidG_ACAGATAACCTC	3447	 8256	DMSO_U0126_midG_adult2	0.096899225	Epidermis (b)	Epidermis (b)
DMSO_MidG_ACAGCCGCAGTC	4568	14265	DMSO_U0126_midG_adult2	0.042060988	NP (a) 1/2:V/VI	NP (a) 1/2:V/VI
DMSO_MidG_ACAGCGCTTCCG	4547	14988	DMSO_U0126_midG_adult1	0.046704030	B7.4 Muscle	B7.4 Muscle
DMSO_MidG_ACAGGCCACTGT	3057	 6077	DMSO_U0126_midG_adult2	0.049366464	TLC posterior	TLC posterior
DMSO_MidG_ACAGTAATGGGG	3037	 5983	DMSO_U0126_midG_adult1	0.350994484	NP (a) 1/2:III/IV	NP (a) 1/2:III/IV
DMSO_MidG_ACAGTCATTCGG	2922	 6213	DMSO_U0126_midG_adult2	0.160952841	Tail tip epidermis	Tail tip epidermis
DMSO_MidG_ACAGTCTAGATG	3617	 9316	DMSO_U0126_midG_adult1	0.440103049	B7.4 Muscle	B7.4 Muscle
DMSO_MidG_ACAGTCTTCTGC	5060	18381	DMSO_U0126_midG_adult2	0.016321201	Tail tip epidermis	Tail tip epidermis
DMSO_MidG_ACAGTGAGTAGA	3033	 6606	DMSO_U0126_midG_adult1	0.454132607	B7.4 Muscle	B7.4 Muscle
DMSO_MidG_ACAGTTCTCACC	2705	 5136	DMSO_U0126_midG_adult2	0.038940810	1˚ Notochord	1˚ Notochord
DMSO_MidG_ACATAAGACCTC	4251	12074	DMSO_U0126_midG_adult1	0.331290376	Endoderm (B)	Endoderm (B)
DMSO_MidG_ACATATAGATCA	1734	 2650	DMSO_U0126_midG_adult2	0.603773585	Tail tip epidermis	Tail tip epidermis
DMSO_MidG_ACATCATCAGCG	3746	 9526	DMSO_U0126_midG_adult1	0.010497586	Endoderm (A)	Endoderm (A)
DMSO_MidG_ACATCCATCGGC	4616	14518	DMSO_U0126_midG_adult2	0.000000000	B7.7 Mesenchyme	B7.7 Mesenchyme
DMSO_MidG_ACATGCAAAAAA	2461	 4572	DMSO_U0126_midG_adult1	0.415573053	NP (b) #2 posterior	NP (b) #2 posterior
DMSO_MidG_ACATGGGATCGC	3378	 7400	DMSO_U0126_midG_adult2	0.067567568	B8.5 Mesenchyme	B8.5 Mesenchyme
DMSO_MidG_ACATTCATGGGC	1638	 2636	DMSO_U0126_midG_adult1	0.113808801	Epidermis (b)	Epidermis (b)
DMSO_MidG_ACCAACTCCAGT	2912	 5928	DMSO_U0126_midG_adult2	0.303643725	NP (A) 3:II	NP (A) 3:II
DMSO_MidG_ACCAAGCATCTG	3481	 7751	DMSO_U0126_midG_adult2	0.051606244	Epidermis (b)	Epidermis (b)
DMSO_MidG_ACCAAGCCTCAG	2606	 4760	DMSO_U0126_midG_adult1	0.021008403	Epidermis (b)	Epidermis (b)
DMSO_MidG_ACCAAGCCTGCA	4811	15383	DMSO_U0126_midG_adult1	0.097510239	NP (A) 4:I	NP (A) 4:I
DMSO_MidG_ACCAAGCGAATA	3014	 6082	DMSO_U0126_midG_adult2	0.098651759	1˚ Notochord	1˚ Notochord
DMSO_MidG_ACCACATACTAT	4308	11768	DMSO_U0126_midG_adult1	0.365397689	TLC posterior	TLC posterior
DMSO_MidG_ACCACCCAGAAG	2717	 5478	DMSO_U0126_midG_adult2	0.237312888	TVC	TVC
DMSO_MidG_ACCACGTCTGCG	2849	 5228	DMSO_U0126_midG_adult1	0.019127774	NP (a) 1/2:III/IV	NP (a) 1/2:III/IV
DMSO_MidG_ACCAGGTTTGGA	3192	 6576	DMSO_U0126_midG_adult2	0.045620438	Epidermis (a)	Epidermis (a)
DMSO_MidG_ACCAGTTCTGAA	3023	 5799	DMSO_U0126_midG_adult1	0.051733057	DMT epidermis	DMT epidermis
DMSO_MidG_ACCCAAAACCCG	3092	 6814	DMSO_U0126_midG_adult1	0.000000000	Epidermis (b)	Epidermis (b)
DMSO_MidG_ACCCAAATTCGG	5715	25987	DMSO_U0126_midG_adult2	0.146226960	NP (A) 1/2:II	NP (A) 1/2:II
DMSO_MidG_ACCCACTGAGTA	4415	12819	DMSO_U0126_midG_adult1	0.171620251	NP (a) 1/2:III/IV	NP (a) 1/2:III/IV
DMSO_MidG_ACCCAGACCGCT	2804	 5409	DMSO_U0126_midG_adult1	0.000000000	Epidermis (b)	Epidermis (b)
DMSO_MidG_ACCCAGCGCTAG	3236	 7390	DMSO_U0126_midG_adult2	0.000000000	NP (a) 3:III/IV	NP (a) 3:III/IV
DMSO_MidG_ACCCAGGTCAGT	2856	 5556	DMSO_U0126_midG_adult2	0.125989921	NP (A) 4:I	NP (A) 4:I
DMSO_MidG_ACCCATAACCGG	2827	 5776	DMSO_U0126_midG_adult2	0.086565097	DMT epidermis	DMT epidermis
DMSO_MidG_ACCCGGAAGGTG	3080	 6881	DMSO_U0126_midG_adult2	0.000000000	Epidermis (a)	Epidermis (a)
DMSO_MidG_ACCCGTGTCTAA	4312	12490	DMSO_U0126_midG_adult1	0.000000000	TLC posterior	TLC posterior
DMSO_MidG_ACCCTCTGCATT	2927	 5907	DMSO_U0126_midG_adult2	0.084645336	Tail tip epidermis	Tail tip epidermis
DMSO_MidG_ACCCTTGTTAGG	3351	 7518	DMSO_U0126_midG_adult2	0.226123969	Epidermis (a)	Epidermis (a)
DMSO_MidG_ACCGATCGGCGG	2895	 5599	DMSO_U0126_midG_adult1	0.017860332	1˚ Notochord	1˚ Notochord
DMSO_MidG_ACCGCAGCCGAA	3221	 6953	DMSO_U0126_midG_adult2	0.014382281	NP (a) 1/2:III/IV	NP (a) 1/2:III/IV
DMSO_MidG_ACCGCCTGCAAG	3779	 9441	DMSO_U0126_midG_adult2	0.042368393	Epidermis (a)	Epidermis (a)
DMSO_MidG_ACCGCGAACACA	3448	 7934	DMSO_U0126_midG_adult2	0.037811949	Epidermis (b)	Epidermis (b)
DMSO_MidG_ACCGCGAACCAC	4377	13215	DMSO_U0126_midG_adult2	0.007567159	DMT epidermis	DMT epidermis
DMSO_MidG_ACCGCTAAACTG	2706	 5185	DMSO_U0126_midG_adult1	0.019286403	DMT epidermis	DMT epidermis
DMSO_MidG_ACCGGCTTAATT	3314	 7367	DMSO_U0126_midG_adult1	0.122166418	Epidermis (a)	Epidermis (a)
DMSO_MidG_ACCGTAAGTATT	3499	 8169	DMSO_U0126_midG_adult2	1.003794834	Epidermis (a)	Epidermis (a)
DMSO_MidG_ACCGTAATAGAC	2045	 3270	DMSO_U0126_midG_adult2	0.183486239	NP (a) 1/2:V/VI	NP (a) 1/2:V/VI
DMSO_MidG_ACCGTAATGTTA	3594	 8403	DMSO_U0126_midG_adult2	0.761632750	Epidermis (a)	Epidermis (a)
DMSO_MidG_ACCGTGACCGTG	2149	 3935	DMSO_U0126_midG_adult1	0.025412961	B7.8 Muscle	B7.8 Muscle
DMSO_MidG_ACCTAACTGGGA	1786	 3004	DMSO_U0126_midG_adult2	0.199733688	Epidermis (a)	Epidermis (a)
DMSO_MidG_ACCTCGAAAAAA	2328	 4019	DMSO_U0126_midG_adult2	0.199054491	Epidermis (b)	Epidermis (b)
DMSO_MidG_ACCTCGATTCTT	1832	 2885	DMSO_U0126_midG_adult2	0.069324090	Epidermis (a)	Epidermis (a)
DMSO_MidG_ACCTCTAGTTCG	1640	 2677	DMSO_U0126_midG_adult2	0.448262981	TVC	TVC
DMSO_MidG_ACCTTCGCACGG	2523	 4594	DMSO_U0126_midG_adult2	0.087070091	NP (A) 1/2:I	NP (A) 1/2:I
DMSO_MidG_ACCTTCTTGCAA	2005	 3808	DMSO_U0126_midG_adult1	0.157563025	B7.4 Muscle	B7.4 Muscle
DMSO_MidG_ACCTTGTTTGAG	3905	 9900	DMSO_U0126_midG_adult2	0.121212121	NP (b) #2 posterior	NP (b) #2 posterior
DMSO_MidG_ACGAACAACTTT	3904	 9635	DMSO_U0126_midG_adult2	0.207576544	Epidermis (a)	Epidermis (a)
DMSO_MidG_ACGATGCAACAA	2114	 3931	DMSO_U0126_midG_adult2	0.050877639	Epidermis (b)	Epidermis (b)
DMSO_MidG_ACGATTCTGGCT	2552	 5128	DMSO_U0126_midG_adult1	0.000000000	Epidermis (a)	Epidermis (a)
DMSO_MidG_ACGCACCGTGGA	2553	 4483	DMSO_U0126_midG_adult1	0.022306491	Epidermis (a)	Epidermis (a)
DMSO_MidG_ACGCACGAGCCT	1927	 3293	DMSO_U0126_midG_adult1	0.000000000	Epidermis (b)	Epidermis (b)
DMSO_MidG_ACGCATCGTGTA	3220	 6680	DMSO_U0126_midG_adult2	0.000000000	NP (a) 3:III/IV	NP (a) 3:III/IV
DMSO_MidG_ACGCCAAATACG	3161	 6635	DMSO_U0126_midG_adult1	0.030143180	Endoderm (A)	Endoderm (A)
DMSO_MidG_ACGCCGTTGTTG	4140	11312	DMSO_U0126_midG_adult2	0.088401697	NP (A) 4:I	NP (A) 4:I
DMSO_MidG_ACGCGCCACTCT	3299	 7257	DMSO_U0126_midG_adult1	0.027559598	Epidermis (a)	Epidermis (a)
DMSO_MidG_ACGCGCCGGGGG	3079	 7057	DMSO_U0126_midG_adult1	0.000000000	B7.8 Muscle	B7.8 Muscle
DMSO_MidG_ACGCGCGTTTCG	4066	10226	DMSO_U0126_midG_adult1	0.009778995	TLC posterior	TLC posterior
DMSO_MidG_ACGCTCCTGACC	4245	12136	DMSO_U0126_midG_adult2	0.008239947	DMT epidermis	DMT epidermis
DMSO_MidG_ACGCTGGGTTTC	3165	 7055	DMSO_U0126_midG_adult2	0.070871722	Epidermis (b)	Epidermis (b)
DMSO_MidG_ACGGAGAGTGAC	1963	 3393	DMSO_U0126_midG_adult2	0.058944887	2˚ Notochord	2˚ Notochord
DMSO_MidG_ACGGATCGCAGT	4674	16735	DMSO_U0126_midG_adult1	0.077681506	B7.8 Muscle	B7.8 Muscle
DMSO_MidG_ACGGATTGATCC	3211	 6827	DMSO_U0126_midG_adult2	0.175772667	Epidermis (a)	Epidermis (a)
DMSO_MidG_ACGGCAAATGCC	1772	 2997	DMSO_U0126_midG_adult1	0.066733400	NP (a) 1/2:V/VI	NP (a) 1/2:V/VI
DMSO_MidG_ACGGCCACATGA	2838	 5355	DMSO_U0126_midG_adult2	0.000000000	Epidermis (a)	Epidermis (a)
DMSO_MidG_ACGGGGTCCGGC	4498	13729	DMSO_U0126_midG_adult2	0.000000000	Endoderm (B)	Endoderm (B)
DMSO_MidG_ACGGTCGAAGAA	2206	 3740	DMSO_U0126_midG_adult2	0.000000000	B8.5 Mesenchyme	B8.5 Mesenchyme
DMSO_MidG_ACGGTCTGCCGT	2616	 4795	DMSO_U0126_midG_adult1	0.000000000	NP (a) 1/2:V/VI	NP (a) 1/2:V/VI
DMSO_MidG_ACGGTGGACGAA	2510	 4347	DMSO_U0126_midG_adult1	0.000000000	Epidermis (b)	Epidermis (b)
DMSO_MidG_ACGTACACATCT	2297	 3990	DMSO_U0126_midG_adult1	0.175438596	Tail tip epidermis	Tail tip epidermis
DMSO_MidG_ACGTACCAAGAA	2410	 4359	DMSO_U0126_midG_adult1	0.183528332	Epidermis (b)	Epidermis (b)
DMSO_MidG_ACGTAGTAACAA	2044	 3212	DMSO_U0126_midG_adult2	0.249066002	1˚ Notochord	1˚ Notochord
DMSO_MidG_ACGTAGTGGCGC	3926	 9745	DMSO_U0126_midG_adult2	0.010261673	TLC posterior	TLC posterior
DMSO_MidG_ACGTATTCGAGA	3572	 8261	DMSO_U0126_midG_adult2	0.363152161	Epidermis (a)	Epidermis (a)
DMSO_MidG_ACGTCACAGTTA	4697	14726	DMSO_U0126_midG_adult1	0.020372131	Tail tip epidermis	Tail tip epidermis
DMSO_MidG_ACGTCAGTAATG	6161	33059	DMSO_U0126_midG_adult2	0.042348528	Endoderm (B)	Endoderm (B)
DMSO_MidG_ACGTCGGACGTG	3596	 8347	DMSO_U0126_midG_adult2	0.011980352	Epidermis (b)	Epidermis (b)
DMSO_MidG_ACGTGGATAATC	2225	 3473	DMSO_U0126_midG_adult2	0.057587100	Germ	Germ
DMSO_MidG_ACGTTAATGCAA	3079	 6212	DMSO_U0126_midG_adult1	0.160978751	Epidermis (a)	Epidermis (a)
DMSO_MidG_ACGTTGTAAGAA	3254	 7170	DMSO_U0126_midG_adult1	0.418410042	Epidermis (b)	Epidermis (b)
DMSO_MidG_ACTAATGAAGAC	3056	 6168	DMSO_U0126_midG_adult2	0.405317769	Epidermis (a)	Epidermis (a)
DMSO_MidG_ACTACTAATCGT	6020	27539	DMSO_U0126_midG_adult2	0.395802317	NP (A) 1/2:II	NP (A) 1/2:II
DMSO_MidG_ACTAGGAGGAGT	2649	 4580	DMSO_U0126_midG_adult1	0.021834061	NP (a) 3:V/VI	NP (a) 3:V/VI
DMSO_MidG_ACTAGTCAATAT	6286	36869	DMSO_U0126_midG_adult2	1.494480458	B7.4 Muscle	B7.4 Muscle
DMSO_MidG_ACTCAGAGCGGC	1824	 2967	DMSO_U0126_midG_adult2	0.000000000	Epidermis (b)	Epidermis (b)
DMSO_MidG_ACTCCCGACTAG	3222	 7086	DMSO_U0126_midG_adult2	0.014112334	Endoderm (B)	Endoderm (B)
DMSO_MidG_ACTCGGAGGTCT	3798	 9259	DMSO_U0126_midG_adult2	0.010800302	Endoderm (A)	Endoderm (A)
DMSO_MidG_ACTCGTCTTTAT	4406	12623	DMSO_U0126_midG_adult2	0.134674800	Epidermis (b)	Epidermis (b)
DMSO_MidG_ACTCTTCAAGTA	4099	10819	DMSO_U0126_midG_adult1	0.157130973	Endoderm (B)	Endoderm (B)
DMSO_MidG_ACTGCAAGGACA	1677	 2661	DMSO_U0126_midG_adult1	0.112739572	NP (a) 1/2:III/IV	NP (a) 1/2:III/IV
DMSO_MidG_ACTGCAGCGGCG	3269	 7115	DMSO_U0126_midG_adult2	0.070274069	NP (A) 1/2:I	NP (A) 1/2:I
DMSO_MidG_ACTGCTAACTCA	2398	 4147	DMSO_U0126_midG_adult2	0.289365807	TVC	TVC
DMSO_MidG_ACTGCTCAAGCA	2599	 4951	DMSO_U0126_midG_adult1	0.000000000	Epidermis (b)	Epidermis (b)
DMSO_MidG_ACTGGGGCCCTG	3654	 8204	DMSO_U0126_midG_adult1	0.012189176	1˚ Notochord	1˚ Notochord
DMSO_MidG_ACTGGTGACCCT	5218	18407	DMSO_U0126_midG_adult1	0.054327158	NP (b) #1 anterior	NP (b) #1 anterior
DMSO_MidG_ACTGTCGTAACG	3102	 6379	DMSO_U0126_midG_adult2	0.047029315	1˚ Notochord	1˚ Notochord
DMSO_MidG_ACTGTTCCAGCG	3425	 7638	DMSO_U0126_midG_adult1	0.013092433	Epidermis (a)	Epidermis (a)
DMSO_MidG_ACTTAGTCAGAA	2885	 5722	DMSO_U0126_midG_adult2	0.087382034	Epidermis (b)	Epidermis (b)
DMSO_MidG_ACTTCTAAAAGG	3280	 7437	DMSO_U0126_midG_adult2	0.067231411	Endoderm (A)	Endoderm (A)
DMSO_MidG_ACTTGAACTTTA	4481	13665	DMSO_U0126_midG_adult1	0.878155873	NP (a) 3:III/IV	NP (a) 3:III/IV
DMSO_MidG_ACTTGAGTATAT	2876	 5696	DMSO_U0126_midG_adult1	0.456460674	B7.4 Muscle	B7.4 Muscle
DMSO_MidG_ACTTTTGTGCAA	2865	 5470	DMSO_U0126_midG_adult1	0.566727605	Epidermis (b)	Epidermis (b)
DMSO_MidG_AGAAAGAATTGA	1703	 2544	DMSO_U0126_midG_adult2	0.275157233	1˚ Notochord	1˚ Notochord
DMSO_MidG_AGAACGTACTGT	2455	 4481	DMSO_U0126_midG_adult1	0.066949342	Tail tip epidermis	Tail tip epidermis
DMSO_MidG_AGAACTGCGTCA	3041	 6228	DMSO_U0126_midG_adult2	0.128452152	NP (a) 1/2:V/VI	NP (a) 1/2:V/VI
DMSO_MidG_AGAACTTGTCTC	6430	37693	DMSO_U0126_midG_adult2	0.010612050	B7.7 Mesenchyme	B7.7 Mesenchyme
DMSO_MidG_AGAAGAGTTCAA	3192	 6539	DMSO_U0126_midG_adult2	0.045878575	Endoderm (A)	Endoderm (A)
DMSO_MidG_AGAAGATTAGTC	2080	 3355	DMSO_U0126_midG_adult1	0.149031297	Epidermis (b)	Epidermis (b)
DMSO_MidG_AGACAACCTCGT	1731	 2817	DMSO_U0126_midG_adult2	0.070997515	2˚ Notochord	2˚ Notochord
DMSO_MidG_AGACAGGTATAC	3992	10439	DMSO_U0126_midG_adult2	0.114953540	Epidermis (a)	Epidermis (a)
DMSO_MidG_AGACCCGTGTAG	3371	 7840	DMSO_U0126_midG_adult2	0.153061224	B7.4 Muscle	B7.4 Muscle
DMSO_MidG_AGACGACGAAAG	4010	10250	DMSO_U0126_midG_adult2	0.136585366	NP (A) 3:I	NP (A) 3:I
DMSO_MidG_AGACGCAGGTGT	3672	 8584	DMSO_U0126_midG_adult2	0.023299161	Endoderm (A)	Endoderm (A)
DMSO_MidG_AGACGGCCCGAT	3030	 6234	DMSO_U0126_midG_adult1	0.000000000	Epidermis (a)	Epidermis (a)
DMSO_MidG_AGACTCCGCTTG	3525	 8418	DMSO_U0126_midG_adult2	0.035637919	Epidermis (b)	Epidermis (b)
DMSO_MidG_AGACTCCTTTAT	2264	 4310	DMSO_U0126_midG_adult2	0.487238979	NP (a) 1/2:III/IV	NP (a) 1/2:III/IV
DMSO_MidG_AGACTCGCACCC	3052	 6629	DMSO_U0126_midG_adult2	0.030170463	Epidermis (a)	Epidermis (a)
DMSO_MidG_AGACTGAACGAG	2674	 4869	DMSO_U0126_midG_adult2	0.020538098	Tail tip epidermis	Tail tip epidermis
DMSO_MidG_AGAGAAGTAAAC	4021	10675	DMSO_U0126_midG_adult1	1.021077283	NP (A) 1/2:II	NP (A) 1/2:II
DMSO_MidG_AGAGAATCCTCC	2385	 4125	DMSO_U0126_midG_adult2	0.024242424	1˚ Notochord	1˚ Notochord
DMSO_MidG_AGAGGTGTAAGA	5072	17568	DMSO_U0126_midG_adult1	0.221994536	Endoderm (A)	Endoderm (A)
DMSO_MidG_AGAGGTTGAATT	3557	 7771	DMSO_U0126_midG_adult2	0.193025351	DMT epidermis	DMT epidermis
DMSO_MidG_AGATAACTGTAC	2020	 3425	DMSO_U0126_midG_adult2	0.875912409	Epidermis (a)	Epidermis (a)
DMSO_MidG_AGATACGGAATC	1618	 2607	DMSO_U0126_midG_adult1	0.652090526	Endoderm (A)	Endoderm (A)
DMSO_MidG_AGATACTGTGAA	3296	 7335	DMSO_U0126_midG_adult2	0.122699387	Epidermis (b)	Epidermis (b)
DMSO_MidG_AGATATCGCGTA	1711	 2537	DMSO_U0126_midG_adult1	0.039416634	B8.5 Mesenchyme	B8.5 Mesenchyme
DMSO_MidG_AGATCCATATCC	5774	28976	DMSO_U0126_midG_adult1	0.051766980	Endoderm (A)	Endoderm (A)
DMSO_MidG_AGATCGTGCCTA	1940	 3039	DMSO_U0126_midG_adult1	0.000000000	Tail tip epidermis	Tail tip epidermis
DMSO_MidG_AGATGGTTGTAC	4198	11450	DMSO_U0126_midG_adult2	0.008733624	Endoderm (A)	Endoderm (A)
DMSO_MidG_AGATGTCATTGA	2279	 3899	DMSO_U0126_midG_adult1	0.153885612	Epidermis (b)	Epidermis (b)
DMSO_MidG_AGATTTATCGGG	4092	11261	DMSO_U0126_midG_adult1	0.062161442	Endoderm (B)	Endoderm (B)
DMSO_MidG_AGCAAGTGGGAG	2278	 3977	DMSO_U0126_midG_adult1	0.201156651	TVC	TVC
DMSO_MidG_AGCAATACATGG	1695	 2434	DMSO_U0126_midG_adult2	0.000000000	1˚ Notochord	1˚ Notochord
DMSO_MidG_AGCAGTCAACTG	3568	 8497	DMSO_U0126_midG_adult2	0.035306579	Epidermis (a)	Epidermis (a)
DMSO_MidG_AGCATAAAACCC	3319	 8464	DMSO_U0126_midG_adult2	1.264177694	B7.4 Muscle	B7.4 Muscle
DMSO_MidG_AGCATAGTACCA	3018	 6005	DMSO_U0126_midG_adult2	0.566194838	Epidermis (b)	Epidermis (b)
DMSO_MidG_AGCATCTCGCGG	3672	 8976	DMSO_U0126_midG_adult1	0.055704100	B7.7 Mesenchyme	B7.7 Mesenchyme
DMSO_MidG_AGCATGGGCACC	1945	 3315	DMSO_U0126_midG_adult1	0.000000000	1˚ Notochord	1˚ Notochord
DMSO_MidG_AGCATTCGAGTT	3613	 8544	DMSO_U0126_midG_adult2	0.035112360	Tail tip epidermis	Tail tip epidermis
DMSO_MidG_AGCCACCGGAGC	2790	 5598	DMSO_U0126_midG_adult2	0.000000000	NP (a) 1/2:V/VI	NP (a) 1/2:V/VI
DMSO_MidG_AGCCATTTAGTT	5119	18478	DMSO_U0126_midG_adult1	0.124472345	Epidermis (a)	Epidermis (a)
DMSO_MidG_AGCCCGAGTGCG	4873	16248	DMSO_U0126_midG_adult1	0.012309207	Epidermis (a)	Epidermis (a)
DMSO_MidG_AGCCCTACCATT	1615	 2588	DMSO_U0126_midG_adult1	0.000000000	B8.5 Mesenchyme	B8.5 Mesenchyme
DMSO_MidG_AGCCCTCTAGGG	2740	 5267	DMSO_U0126_midG_adult2	0.018986140	Endoderm (A)	Endoderm (A)
DMSO_MidG_AGCCGACCTGTG	3380	 7595	DMSO_U0126_midG_adult2	0.039499671	NP (A) 3:II	NP (A) 3:II
DMSO_MidG_AGCCGCCAGAGA	4686	15436	DMSO_U0126_midG_adult2	0.032391811	Endoderm (B)	Endoderm (B)
DMSO_MidG_AGCCGGGATGGC	2529	 4358	DMSO_U0126_midG_adult1	0.000000000	1˚ Notochord	1˚ Notochord
DMSO_MidG_AGCCGTACTCTA	3155	 6346	DMSO_U0126_midG_adult1	0.015757958	NP (A) 1/2:II	NP (A) 1/2:II
DMSO_MidG_AGCCTGACGCAT	2720	 5196	DMSO_U0126_midG_adult2	0.153964588	NP (A) 1/2:I	NP (A) 1/2:I
DMSO_MidG_AGCCTTCTACTC	2093	 3378	DMSO_U0126_midG_adult1	0.000000000	Epidermis (a)	Epidermis (a)
DMSO_MidG_AGCGAAGTCATC	4061	10788	DMSO_U0126_midG_adult2	0.101965146	Tail tip epidermis	Tail tip epidermis
DMSO_MidG_AGCGACATCACG	3263	 7366	DMSO_U0126_midG_adult2	0.122183003	TVC	TVC
DMSO_MidG_AGCGACATGATA	4420	14196	DMSO_U0126_midG_adult2	0.408565793	B7.4 Muscle	B7.4 Muscle
DMSO_MidG_AGCGACTTTGTT	3256	 6729	DMSO_U0126_midG_adult1	0.014861049	DMT epidermis	DMT epidermis
DMSO_MidG_AGCGAGATTTTA	2484	 4970	DMSO_U0126_midG_adult2	0.241448692	Epidermis (a)	Epidermis (a)
DMSO_MidG_AGCGATCTAGTA	5110	17738	DMSO_U0126_midG_adult2	0.073288984	Endoderm (B)	Endoderm (B)
DMSO_MidG_AGCGGCACGGAA	3430	 7699	DMSO_U0126_midG_adult1	0.000000000	Epidermis (b)	Epidermis (b)
DMSO_MidG_AGCGGTTACCCT	3170	 6222	DMSO_U0126_midG_adult1	0.016072003	DMT epidermis	DMT epidermis
DMSO_MidG_AGCTAATGGAAG	2806	 5634	DMSO_U0126_midG_adult2	0.993965211	Epidermis (b)	Epidermis (b)
DMSO_MidG_AGCTACCGGCGG	3114	 6437	DMSO_U0126_midG_adult1	0.000000000	Epidermis (b)	Epidermis (b)
DMSO_MidG_AGCTATACGCAA	4698	15958	DMSO_U0126_midG_adult1	0.570246898	B7.8 Muscle	B7.8 Muscle
DMSO_MidG_AGCTCCTTGCCC	5555	23959	DMSO_U0126_midG_adult2	0.000000000	Epidermis (b)	Epidermis (b)
DMSO_MidG_AGCTCTATCAGT	4426	13545	DMSO_U0126_midG_adult1	1.218161683	B7.4 Muscle	B7.4 Muscle
DMSO_MidG_AGCTGAAGAGTA	2253	 4064	DMSO_U0126_midG_adult2	0.024606299	Epidermis (b)	Epidermis (b)
DMSO_MidG_AGCTGATTACTT	1989	 3222	DMSO_U0126_midG_adult1	0.000000000	Endoderm (A)	Endoderm (A)
DMSO_MidG_AGCTTCGGTGAC	3195	 7245	DMSO_U0126_midG_adult2	0.000000000	Epidermis (a)	Epidermis (a)
DMSO_MidG_AGGAAAACGCAA	3841	10591	DMSO_U0126_midG_adult2	0.302143329	NP (A) 1/2:I	NP (A) 1/2:I
DMSO_MidG_AGGAACATCCAG	2987	 5787	DMSO_U0126_midG_adult2	0.034560221	Epidermis (a)	Epidermis (a)
DMSO_MidG_AGGACACACGCT	2404	 4477	DMSO_U0126_midG_adult2	0.022336386	DMT epidermis	DMT epidermis
DMSO_MidG_AGGACCCAACGG	1961	 2998	DMSO_U0126_midG_adult2	0.000000000	Epidermis (a)	Epidermis (a)
DMSO_MidG_AGGACTAACCTG	2104	 3733	DMSO_U0126_midG_adult2	0.160728636	Epidermis (b)	Epidermis (b)
DMSO_MidG_AGGATAGTGTAA	2609	 4637	DMSO_U0126_midG_adult1	0.172525340	Epidermis (a)	Epidermis (a)
DMSO_MidG_AGGATTGTCAGT	2907	 5917	DMSO_U0126_midG_adult2	0.016900456	Epidermis (a)	Epidermis (a)
DMSO_MidG_AGGCAAATTCTT	5693	23226	DMSO_U0126_midG_adult1	0.172220787	TLC posterior	TLC posterior
DMSO_MidG_AGGCACAGTACG	2491	 4521	DMSO_U0126_midG_adult2	0.022119000	DMT epidermis	DMT epidermis
DMSO_MidG_AGGCACGTATGA	2855	 5543	DMSO_U0126_midG_adult2	0.054122316	1˚ Notochord	1˚ Notochord
DMSO_MidG_AGGCAGTCGACC	3111	 6519	DMSO_U0126_midG_adult1	0.030679552	NP (a) 1/2:V/VI	NP (a) 1/2:V/VI
DMSO_MidG_AGGCCAGCGAGG	1790	 2998	DMSO_U0126_midG_adult2	0.000000000	Endoderm (A)	Endoderm (A)
DMSO_MidG_AGGCCGACCAGA	3636	 9427	DMSO_U0126_midG_adult1	0.180333086	B7.4 Muscle	B7.4 Muscle
DMSO_MidG_AGGCCGCAGGAC	2955	 6276	DMSO_U0126_midG_adult1	0.000000000	B7.7 Mesenchyme	B7.7 Mesenchyme
DMSO_MidG_AGGCCTGTATGC	3400	 7555	DMSO_U0126_midG_adult2	0.039708802	NP (A) 1/2:I	NP (A) 1/2:I
DMSO_MidG_AGGCGAGCAACT	1631	 2382	DMSO_U0126_midG_adult2	0.000000000	Epidermis (b)	Epidermis (b)
DMSO_MidG_AGGCGGATTTAT	5238	18203	DMSO_U0126_midG_adult2	0.010987200	Endoderm (B)	Endoderm (B)
DMSO_MidG_AGGCTGTTGGTC	2776	 5381	DMSO_U0126_midG_adult1	0.018583906	Epidermis (a)	Epidermis (a)
DMSO_MidG_AGGGAGTAGGAA	1502	 2309	DMSO_U0126_midG_adult1	0.043308792	Endoderm (A)	Endoderm (A)
DMSO_MidG_AGGGCCTCTGTC	4135	11137	DMSO_U0126_midG_adult2	0.134686181	NP (b) #1 anterior	NP (b) #1 anterior
DMSO_MidG_AGGGGCCGCGCG	2779	 5195	DMSO_U0126_midG_adult2	0.019249278	Epidermis (b)	Epidermis (b)
DMSO_MidG_AGGGGCGGACTG	3360	 7573	DMSO_U0126_midG_adult2	0.000000000	Epidermis (a)	Epidermis (a)
DMSO_MidG_AGGGGTCCCGAC	2731	 5597	DMSO_U0126_midG_adult2	0.053600143	NP (a) 3:III/IV	NP (a) 3:III/IV
DMSO_MidG_AGGGTCGGGCCG	1557	 2249	DMSO_U0126_midG_adult2	0.088928413	Epidermis (a)	Epidermis (a)
DMSO_MidG_AGGGTTCCGGGT	1779	 2733	DMSO_U0126_midG_adult1	0.000000000	1˚ Notochord	1˚ Notochord
DMSO_MidG_AGGGTTGTACTC	1825	 2805	DMSO_U0126_midG_adult2	0.071301248	Epidermis (b)	Epidermis (b)
DMSO_MidG_AGGGTTTATCTC	3917	 9497	DMSO_U0126_midG_adult1	0.042118564	DMT epidermis	DMT epidermis
DMSO_MidG_AGGTAGGAAAAA	2972	 6070	DMSO_U0126_midG_adult1	0.313014827	NP (b) #2 posterior	NP (b) #2 posterior
DMSO_MidG_AGGTAGTATTCA	3760	 9311	DMSO_U0126_midG_adult2	0.236279669	Epidermis (a)	Epidermis (a)
DMSO_MidG_AGGTCCTCGACT	4399	13779	DMSO_U0126_midG_adult1	0.050801945	NP (a) 3:III/IV	NP (a) 3:III/IV
DMSO_MidG_AGGTCGATAAGC	3664	 9249	DMSO_U0126_midG_adult2	0.162179695	DMT epidermis	DMT epidermis
DMSO_MidG_AGGTGCGAACGT	2834	 5694	DMSO_U0126_midG_adult1	0.017562346	NP (A) 1/2:I	NP (A) 1/2:I
DMSO_MidG_AGGTTATCCAAG	3780	 8999	DMSO_U0126_midG_adult2	0.133348150	Epidermis (b)	Epidermis (b)
DMSO_MidG_AGGTTCTATGCC	4493	15848	DMSO_U0126_midG_adult2	0.265017668	B7.8 Muscle	B7.8 Muscle
DMSO_MidG_AGGTTTCACCAC	3681	 8769	DMSO_U0126_midG_adult2	0.045615235	Tail tip epidermis	Tail tip epidermis
DMSO_MidG_AGGTTTGGGTTT	4291	11541	DMSO_U0126_midG_adult1	0.017329521	Epidermis (b)	Epidermis (b)
DMSO_MidG_AGTAACCGAATT	3481	 7787	DMSO_U0126_midG_adult2	0.051367664	Endoderm (A)	Endoderm (A)
DMSO_MidG_AGTAATACTTCT	2275	 3847	DMSO_U0126_midG_adult1	0.779828438	TVC	TVC
DMSO_MidG_AGTACCGTAACC	2920	 5852	DMSO_U0126_midG_adult2	0.119617225	Epidermis (a)	Epidermis (a)
DMSO_MidG_AGTAGCGTTCGT	1937	 3629	DMSO_U0126_midG_adult2	0.413337007	B7.4 Muscle	B7.4 Muscle
DMSO_MidG_AGTAGGGACAGA	2458	 4304	DMSO_U0126_midG_adult1	0.000000000	1˚ Notochord	1˚ Notochord
DMSO_MidG_AGTAGTATCGCT	2991	 6077	DMSO_U0126_midG_adult1	0.065821952	Epidermis (a)	Epidermis (a)
DMSO_MidG_AGTATCATGCAA	1743	 2602	DMSO_U0126_midG_adult2	0.153727902	B8.5 Mesenchyme	B8.5 Mesenchyme
DMSO_MidG_AGTCACCCAAGC	1949	 3391	DMSO_U0126_midG_adult2	0.088469478	B7.4 Muscle	B7.4 Muscle
DMSO_MidG_AGTCACGCTCTT	2650	 5232	DMSO_U0126_midG_adult2	0.019113150	Epidermis (a)	Epidermis (a)
DMSO_MidG_AGTCCACGCCAT	6774	41591	DMSO_U0126_midG_adult1	0.002404366	NP (a) 1/2:V/VI	NP (a) 1/2:V/VI
DMSO_MidG_AGTCCCACGACG	5084	17536	DMSO_U0126_midG_adult1	0.034215328	NP (a) 1/2:III/IV	NP (a) 1/2:III/IV
DMSO_MidG_AGTCCGGACTCC	2206	 3665	DMSO_U0126_midG_adult2	0.000000000	Tail tip epidermis	Tail tip epidermis
DMSO_MidG_AGTCGAAATGAG	1744	 2626	DMSO_U0126_midG_adult2	0.076161462	Epidermis (b)	Epidermis (b)
DMSO_MidG_AGTCGAATTGCC	2185	 4236	DMSO_U0126_midG_adult2	0.000000000	Epidermis (b)	Epidermis (b)
DMSO_MidG_AGTCGACGTGCC	4918	16941	DMSO_U0126_midG_adult1	0.000000000	Endoderm (B)	Endoderm (B)
DMSO_MidG_AGTCGACTCACT	4121	10799	DMSO_U0126_midG_adult2	0.000000000	NP (a) 3:V/VI	NP (a) 3:V/VI
DMSO_MidG_AGTCGCGATGAA	1912	 2819	DMSO_U0126_midG_adult1	0.035473572	NP (b) #2 posterior	NP (b) #2 posterior
DMSO_MidG_AGTCGCTAAGAC	1896	 2823	DMSO_U0126_midG_adult1	0.000000000	1˚ Notochord	1˚ Notochord
DMSO_MidG_AGTCTGCTAGGT	4010	 9711	DMSO_U0126_midG_adult2	0.082380805	NP (A) 1/2:II	NP (A) 1/2:II
DMSO_MidG_AGTGAGCTTGCC	2294	 3950	DMSO_U0126_midG_adult1	0.075949367	Epidermis (b)	Epidermis (b)
DMSO_MidG_AGTGCAGGTCTT	1859	 3078	DMSO_U0126_midG_adult2	0.162443145	Epidermis (a)	Epidermis (a)
DMSO_MidG_AGTGCATGTTCG	3204	 6852	DMSO_U0126_midG_adult1	0.043782837	Endoderm (B)	Endoderm (B)
DMSO_MidG_AGTGCGCGATTT	2735	 4918	DMSO_U0126_midG_adult1	0.020333469	DMT epidermis	DMT epidermis
DMSO_MidG_AGTGCGTCTACA	2146	 3616	DMSO_U0126_midG_adult1	0.000000000	Epidermis (a)	Epidermis (a)
DMSO_MidG_AGTGCGTCTCTC	3971	 9890	DMSO_U0126_midG_adult1	0.020222447	Epidermis (a)	Epidermis (a)
DMSO_MidG_AGTGCTAATGTC	3662	 9077	DMSO_U0126_midG_adult1	0.077117991	Epidermis (a)	Epidermis (a)
DMSO_MidG_AGTGCTCAGCAT	2529	 4491	DMSO_U0126_midG_adult2	0.000000000	Epidermis (b)	Epidermis (b)
DMSO_MidG_AGTGCTTGGGTA	1876	 3138	DMSO_U0126_midG_adult1	0.063734863	TLC anterior	TLC anterior
DMSO_MidG_AGTGGCATTCTT	2910	 5537	DMSO_U0126_midG_adult2	0.252844501	Epidermis (a)	Epidermis (a)
DMSO_MidG_AGTGGCCAATGG	4476	13187	DMSO_U0126_midG_adult1	0.045499355	NP (A) 4:I	NP (A) 4:I
DMSO_MidG_AGTGGTAATAAG	2793	 5433	DMSO_U0126_midG_adult1	0.441744892	Epidermis (a)	Epidermis (a)
DMSO_MidG_AGTGTACAAACG	1763	 2667	DMSO_U0126_midG_adult1	0.187476565	Epidermis (b)	Epidermis (b)
DMSO_MidG_AGTGTACAGGCC	3241	 6760	DMSO_U0126_midG_adult2	0.000000000	Endoderm (A)	Endoderm (A)
DMSO_MidG_AGTTAATCAACC	1988	 3271	DMSO_U0126_midG_adult2	0.550290431	B8.5 Mesenchyme	B8.5 Mesenchyme
DMSO_MidG_AGTTCAAAGGCA	3479	 7917	DMSO_U0126_midG_adult2	0.063155236	Epidermis (b)	Epidermis (b)
DMSO_MidG_AGTTCATGATAT	3008	 6029	DMSO_U0126_midG_adult2	0.746392437	Tail tip epidermis	Tail tip epidermis
DMSO_MidG_AGTTCTTCAATA	1982	 3418	DMSO_U0126_midG_adult1	1.930953774	B7.4 Muscle	B7.4 Muscle
DMSO_MidG_AGTTGCGGACGA	4634	15154	DMSO_U0126_midG_adult1	0.171571862	B7.4 Muscle	B7.4 Muscle
DMSO_MidG_AGTTTAGCGCGG	2180	 3760	DMSO_U0126_midG_adult2	0.000000000	TLC anterior	TLC anterior
DMSO_MidG_ATAAACATTACA	2345	 4197	DMSO_U0126_midG_adult2	0.071479628	Tail tip epidermis	Tail tip epidermis
DMSO_MidG_ATAAAGTAGATA	3785	 9061	DMSO_U0126_midG_adult2	0.165544642	Epidermis (a)	Epidermis (a)
DMSO_MidG_ATAACAAATAAC	1730	 2599	DMSO_U0126_midG_adult2	0.153905348	Epidermis (b)	Epidermis (b)
DMSO_MidG_ATAACTCGTCTC	3304	 7246	DMSO_U0126_midG_adult2	0.110405741	Epidermis (a)	Epidermis (a)
DMSO_MidG_ATAAGGTTCACA	3020	 5645	DMSO_U0126_midG_adult2	0.053144376	NP (a) 1/2:III/IV	NP (a) 1/2:III/IV
DMSO_MidG_ATAATAGTCTAT	6323	34790	DMSO_U0126_midG_adult1	0.261569416	NP (A) 1/2:II	NP (A) 1/2:II
DMSO_MidG_ATAATCCTACCG	3774	 9820	DMSO_U0126_midG_adult1	0.040733198	Epidermis (a)	Epidermis (a)
DMSO_MidG_ATACAGTCTTTT	3163	 6754	DMSO_U0126_midG_adult1	0.266508736	1˚ Notochord	1˚ Notochord
DMSO_MidG_ATACATCGCGCT	3886	10054	DMSO_U0126_midG_adult2	0.099462900	NP (a) 1/2:V/VI	NP (a) 1/2:V/VI
DMSO_MidG_ATACCGTGGACT	2598	 4838	DMSO_U0126_midG_adult1	0.062009095	1˚ Notochord	1˚ Notochord
DMSO_MidG_ATACGCGGCGCA	3844	 9799	DMSO_U0126_midG_adult1	0.000000000	Endoderm (B)	Endoderm (B)
DMSO_MidG_ATACGTGAAGAC	3857	10141	DMSO_U0126_midG_adult2	2.504683956	NP (A) 4:I	NP (A) 4:I
DMSO_MidG_ATACTGGACGGG	2938	 5839	DMSO_U0126_midG_adult2	0.034252440	Epidermis (b)	Epidermis (b)
DMSO_MidG_ATACTGGGCATC	3335	 8176	DMSO_U0126_midG_adult1	0.085616438	Tail tip epidermis	Tail tip epidermis
DMSO_MidG_ATACTGTGTGGA	2270	 4083	DMSO_U0126_midG_adult2	0.073475386	NP (b) #1 anterior	NP (b) #1 anterior
DMSO_MidG_ATACTTCATGTA	3393	 7281	DMSO_U0126_midG_adult2	0.631781349	Epidermis (b)	Epidermis (b)
DMSO_MidG_ATAGATAACCTA	2791	 5457	DMSO_U0126_midG_adult2	0.421477002	Epidermis (a)	Epidermis (a)
DMSO_MidG_ATAGCAATCCGT	3955	 9837	DMSO_U0126_midG_adult1	0.050828505	Endoderm (A)	Endoderm (A)
DMSO_MidG_ATAGCTATGTTC	4691	14782	DMSO_U0126_midG_adult2	0.108239751	DMT epidermis	DMT epidermis
DMSO_MidG_ATAGCTCGATTC	2917	 5415	DMSO_U0126_midG_adult1	0.036934441	Epidermis (a)	Epidermis (a)
DMSO_MidG_ATAGGCTTAGGA	2226	 3741	DMSO_U0126_midG_adult1	0.026730821	NP (a) 1/2:V/VI	NP (a) 1/2:V/VI
DMSO_MidG_ATAGTGGGGACA	3168	 6449	DMSO_U0126_midG_adult1	0.031012560	Epidermis (b)	Epidermis (b)
DMSO_MidG_ATAGTTAATTGT	6072	29124	DMSO_U0126_midG_adult1	0.192281280	Endoderm (A)	Endoderm (A)
DMSO_MidG_ATATAGATAAAT	3780	 9345	DMSO_U0126_midG_adult1	0.010700910	1˚ Notochord	1˚ Notochord
DMSO_MidG_ATATAGGTGGAC	2457	 4335	DMSO_U0126_midG_adult2	0.369088812	Epidermis (a)	Epidermis (a)
DMSO_MidG_ATATCCGACGAG	2833	 5245	DMSO_U0126_midG_adult2	0.019065777	NP (a) 1/2:V/VI	NP (a) 1/2:V/VI
DMSO_MidG_ATATCGGCTTTA	2958	 6081	DMSO_U0126_midG_adult2	0.098667982	Endoderm (A)	Endoderm (A)
DMSO_MidG_ATATCTTTCTAC	7369	69112	DMSO_U0126_midG_adult2	0.091156384	B7.7 Mesenchyme	B7.7 Mesenchyme
DMSO_MidG_ATATGATCACTA	4647	13610	DMSO_U0126_midG_adult2	0.389419544	NP (a) 3:III/IV	NP (a) 3:III/IV
DMSO_MidG_ATCAAAATTATC	3383	 7605	DMSO_U0126_midG_adult2	0.118343195	Epidermis (b)	Epidermis (b)
DMSO_MidG_ATCAACAATAGA	4105	11137	DMSO_U0126_midG_adult2	0.215497890	Epidermis (a)	Epidermis (a)
DMSO_MidG_ATCAACTCTCTA	4200	11139	DMSO_U0126_midG_adult1	0.179549331	Endoderm (A)	Endoderm (A)
DMSO_MidG_ATCAATGGTCTA	3290	 7045	DMSO_U0126_midG_adult1	0.227111427	Epidermis (b)	Epidermis (b)
DMSO_MidG_ATCACACAAAGA	3497	 8478	DMSO_U0126_midG_adult2	0.165133286	Epidermis (a)	Epidermis (a)
DMSO_MidG_ATCACGATAAAG	5176	18272	DMSO_U0126_midG_adult1	0.054728546	Endoderm (A)	Endoderm (A)
DMSO_MidG_ATCAGATCCTTC	3788	 9059	DMSO_U0126_midG_adult2	0.011038746	Epidermis (b)	Epidermis (b)
DMSO_MidG_ATCAGTTACCAA	4332	11980	DMSO_U0126_midG_adult2	0.751252087	NP (a) 3:III/IV	NP (a) 3:III/IV
DMSO_MidG_ATCATACAGTTA	2651	 4952	DMSO_U0126_midG_adult2	0.646203554	Tail tip epidermis	Tail tip epidermis
DMSO_MidG_ATCATATATGGT	2228	 3800	DMSO_U0126_midG_adult1	1.578947368	Epidermis (a)	Epidermis (a)
DMSO_MidG_ATCATCTCAAAG	2600	 4748	DMSO_U0126_midG_adult1	1.095197978	NP (A) 1/2:I	NP (A) 1/2:I
DMSO_MidG_ATCATTAATGTG	2412	 4764	DMSO_U0126_midG_adult2	0.041981528	Epidermis (a)	Epidermis (a)
DMSO_MidG_ATCATTTAGATA	4314	12285	DMSO_U0126_midG_adult2	0.366300366	Epidermis (a)	Epidermis (a)
DMSO_MidG_ATCCAAACAAAC	2933	 6554	DMSO_U0126_midG_adult2	0.335672872	Epidermis (b)	Epidermis (b)
DMSO_MidG_ATCCACAACACG	1992	 3259	DMSO_U0126_midG_adult2	0.061368518	Epidermis (a)	Epidermis (a)
DMSO_MidG_ATCCACATGCAT	1516	 2370	DMSO_U0126_midG_adult1	0.042194093	Endoderm (A)	Endoderm (A)
DMSO_MidG_ATCCACGACATT	1864	 3173	DMSO_U0126_midG_adult1	0.094547747	B7.4 Muscle	B7.4 Muscle
DMSO_MidG_ATCCACTTCCAG	2308	 3794	DMSO_U0126_midG_adult1	0.000000000	Endoderm (A)	Endoderm (A)
DMSO_MidG_ATCCCCAGTCTT	3218	 6704	DMSO_U0126_midG_adult2	0.223747017	DMT epidermis	DMT epidermis
DMSO_MidG_ATCCCCGCCACC	4158	11516	DMSO_U0126_midG_adult1	0.000000000	Epidermis (b)	Epidermis (b)
DMSO_MidG_ATCCGGACACAG	2057	 3421	DMSO_U0126_midG_adult1	0.000000000	Epidermis (a)	Epidermis (a)
DMSO_MidG_ATCCGTGACGTA	5123	18192	DMSO_U0126_midG_adult2	0.021987687	DMT epidermis	DMT epidermis
DMSO_MidG_ATCCTAGGCGTG	4571	13968	DMSO_U0126_midG_adult2	0.042955326	NP (A) 1/2:II	NP (A) 1/2:II
DMSO_MidG_ATCCTCGAGTCT	1918	 2799	DMSO_U0126_midG_adult2	0.035727045	Epidermis (a)	Epidermis (a)
DMSO_MidG_ATCGAATAGCGT	3889	 9744	DMSO_U0126_midG_adult1	2.062807882	NP (A) 4:I	NP (A) 4:I
DMSO_MidG_ATCGAGATGCTG	3296	 7273	DMSO_U0126_midG_adult2	0.027498969	Epidermis (a)	Epidermis (a)
DMSO_MidG_ATCGAGTTGCTA	2871	 5507	DMSO_U0126_midG_adult1	0.018158707	Epidermis (a)	Epidermis (a)
DMSO_MidG_ATCGCAGTATAC	5170	20850	DMSO_U0126_midG_adult1	0.359712230	B7.4 Muscle	B7.4 Muscle
DMSO_MidG_ATCGCCGGGTCT	2815	 5632	DMSO_U0126_midG_adult2	0.035511364	Epidermis (b)	Epidermis (b)
DMSO_MidG_ATCGCGAAAGCA	4663	15076	DMSO_U0126_midG_adult2	0.053064473	NP (b) #1 anterior	NP (b) #1 anterior
DMSO_MidG_ATCGGATTACGC	3862	 9174	DMSO_U0126_midG_adult1	0.010900371	Epidermis (a)	Epidermis (a)
DMSO_MidG_ATCGGTTTCGCG	3186	 6517	DMSO_U0126_midG_adult2	0.030688967	NP (a) 1/2:III/IV	NP (a) 1/2:III/IV
DMSO_MidG_ATCGTAGAAATA	3553	 8286	DMSO_U0126_midG_adult1	1.943036447	TVC	TVC
DMSO_MidG_ATCGTTTCCGGT	7201	57265	DMSO_U0126_midG_adult2	0.008731337	B7.7 Mesenchyme	B7.7 Mesenchyme
DMSO_MidG_ATCTACGACGAC	3875	 9823	DMSO_U0126_midG_adult1	0.091621704	NP (b) #2 posterior	NP (b) #2 posterior
DMSO_MidG_ATCTCCGCGGTG	3109	 6319	DMSO_U0126_midG_adult2	0.000000000	Endoderm (B)	Endoderm (B)
DMSO_MidG_ATCTCTTCTGAA	3526	 8331	DMSO_U0126_midG_adult2	0.588164686	Tail tip epidermis	Tail tip epidermis
DMSO_MidG_ATCTGCAATCGT	1988	 3400	DMSO_U0126_midG_adult2	0.147058824	Epidermis (a)	Epidermis (a)
DMSO_MidG_ATCTTAGTCGTT	2922	 6070	DMSO_U0126_midG_adult2	0.214168040	Epidermis (a)	Epidermis (a)
DMSO_MidG_ATGAACCGTGAT	5104	18032	DMSO_U0126_midG_adult1	0.038819876	Epidermis (b)	Epidermis (b)
DMSO_MidG_ATGAACCTAGGA	1988	 3362	DMSO_U0126_midG_adult2	0.208209399	Epidermis (b)	Epidermis (b)
DMSO_MidG_ATGAAGTTATGC	2932	 5878	DMSO_U0126_midG_adult2	0.765566519	DMT epidermis	DMT epidermis
DMSO_MidG_ATGACCTTCTGC	2353	 4010	DMSO_U0126_midG_adult2	0.049875312	NP (A) 1/2:I	NP (A) 1/2:I
DMSO_MidG_ATGACGGAAAAT	3222	 7689	DMSO_U0126_midG_adult1	0.312134218	TVC	TVC
DMSO_MidG_ATGACGGACTCT	4917	15311	DMSO_U0126_midG_adult2	0.052250016	NP (a) 1/2:V/VI	NP (a) 1/2:V/VI
DMSO_MidG_ATGAGATGTTTA	4660	15966	DMSO_U0126_midG_adult2	2.937492171	B7.4 Muscle	B7.4 Muscle
DMSO_MidG_ATGAGATTGGGG	1527	 2357	DMSO_U0126_midG_adult1	0.296987696	Germ	Germ
DMSO_MidG_ATGAGCCACTGT	2078	 3551	DMSO_U0126_midG_adult1	0.056322163	Epidermis (a)	Epidermis (a)
DMSO_MidG_ATGAGGCTTCAT	2127	 3551	DMSO_U0126_midG_adult2	0.225288651	Epidermis (b)	Epidermis (b)
DMSO_MidG_ATGAGTAGGATT	3392	 7732	DMSO_U0126_midG_adult1	0.155199172	Epidermis (b)	Epidermis (b)
DMSO_MidG_ATGAGTTAAGCT	3256	 6852	DMSO_U0126_midG_adult1	0.145942790	NP (a) 1/2:V/VI	NP (a) 1/2:V/VI
DMSO_MidG_ATGATTTCCCGG	4767	15828	DMSO_U0126_midG_adult2	0.151630023	NP (A) 3:I	NP (A) 3:I
DMSO_MidG_ATGCAATTACAC	1817	 2779	DMSO_U0126_midG_adult1	0.287873336	1˚ Notochord	1˚ Notochord
DMSO_MidG_ATGCCAGTAGAG	2248	 4082	DMSO_U0126_midG_adult2	0.048995590	Epidermis (a)	Epidermis (a)
DMSO_MidG_ATGCGCGTCAGT	3262	 6879	DMSO_U0126_midG_adult1	0.029073993	Epidermis (b)	Epidermis (b)
DMSO_MidG_ATGCGCGTCCAC	2274	 3811	DMSO_U0126_midG_adult2	0.052479664	NP (a) 1/2:III/IV	NP (a) 1/2:III/IV
DMSO_MidG_ATGCTAATTATC	2229	 4063	DMSO_U0126_midG_adult2	1.870539011	Epidermis (b)	Epidermis (b)
DMSO_MidG_ATGGATATTGTG	1957	 3042	DMSO_U0126_midG_adult2	0.000000000	Endoderm (A)	Endoderm (A)
DMSO_MidG_ATGGCAGTACAT	3210	 6959	DMSO_U0126_midG_adult2	0.402356660	NP (a) 1/2:V/VI	NP (a) 1/2:V/VI
DMSO_MidG_ATGGCCTAGGTC	3742	 8976	DMSO_U0126_midG_adult1	0.000000000	NP (a) 1/2:V/VI	NP (a) 1/2:V/VI
DMSO_MidG_ATGGCGAATAGC	3917	10507	DMSO_U0126_midG_adult2	0.104692110	Epidermis (a)	Epidermis (a)
DMSO_MidG_ATGGGATATTAT	2083	 3213	DMSO_U0126_midG_adult1	0.000000000	1˚ Notochord	1˚ Notochord
DMSO_MidG_ATGGGCCCCCTG	2391	 4156	DMSO_U0126_midG_adult1	0.048123195	Tail tip epidermis	Tail tip epidermis
DMSO_MidG_ATGGGGCCGGCG	2132	 3749	DMSO_U0126_midG_adult1	0.000000000	Epidermis (b)	Epidermis (b)
DMSO_MidG_ATGTAACGTTGT	4616	16380	DMSO_U0126_midG_adult2	0.146520147	Epidermis (b)	Epidermis (b)
DMSO_MidG_ATGTCAAGTAGT	2956	 5675	DMSO_U0126_midG_adult2	0.211453744	1˚ Notochord	1˚ Notochord
DMSO_MidG_ATGTCCAGTAAT	3423	 7710	DMSO_U0126_midG_adult1	0.116731518	Epidermis (a)	Epidermis (a)
DMSO_MidG_ATGTCTAGTTGT	3073	 6553	DMSO_U0126_midG_adult1	0.427285213	Epidermis (a)	Epidermis (a)
DMSO_MidG_ATGTCTCATTGC	2301	 4581	DMSO_U0126_midG_adult1	0.567561668	B7.4 Muscle	B7.4 Muscle
DMSO_MidG_ATGTGACCTCAT	4224	11821	DMSO_U0126_midG_adult2	0.236866593	NP (A) 3:I	NP (A) 3:I
DMSO_MidG_ATGTGATACGTC	3685	 9039	DMSO_U0126_midG_adult2	1.427149021	NP (A) 4:I	NP (A) 4:I
DMSO_MidG_ATGTGCCCAGAC	3786	 9144	DMSO_U0126_midG_adult1	0.043744532	NP (a) 3:III/IV	NP (a) 3:III/IV
DMSO_MidG_ATGTGGGCGGCC	3043	 6252	DMSO_U0126_midG_adult1	0.000000000	Epidermis (b)	Epidermis (b)
DMSO_MidG_ATGTGGTCGGAG	3951	 9541	DMSO_U0126_midG_adult2	0.000000000	DMT epidermis	DMT epidermis
DMSO_MidG_ATGTTAAGCGCA	4922	15900	DMSO_U0126_midG_adult2	0.748427673	NP (b) #1 anterior	NP (b) #1 anterior
DMSO_MidG_ATGTTATAGCCC	3126	 6676	DMSO_U0126_midG_adult1	0.134811264	Epidermis (a)	Epidermis (a)
DMSO_MidG_ATTAAACTGATC	2687	 5135	DMSO_U0126_midG_adult2	0.817916261	NP (A) 1/2:I	NP (A) 1/2:I
DMSO_MidG_ATTAACAACAAA	2261	 4226	DMSO_U0126_midG_adult2	0.544249882	Epidermis (a)	Epidermis (a)
DMSO_MidG_ATTAATGTACTA	2282	 3905	DMSO_U0126_midG_adult2	0.025608195	Endoderm (A)	Endoderm (A)
DMSO_MidG_ATTAATGTCACG	4516	14418	DMSO_U0126_midG_adult2	0.430018033	B7.4 Muscle	B7.4 Muscle
DMSO_MidG_ATTACAAACAGA	2031	 3551	DMSO_U0126_midG_adult1	0.140805407	Epidermis (a)	Epidermis (a)
DMSO_MidG_ATTACAATACCG	2766	 5650	DMSO_U0126_midG_adult1	0.442477876	Epidermis (a)	Epidermis (a)
DMSO_MidG_ATTACGGAAAGT	3935	10531	DMSO_U0126_midG_adult1	0.569746463	B7.4 Muscle	B7.4 Muscle
DMSO_MidG_ATTACGTCGGAT	3650	 9153	DMSO_U0126_midG_adult2	0.065552278	Epidermis (b)	Epidermis (b)
DMSO_MidG_ATTATATCTATA	3385	 7343	DMSO_U0126_midG_adult1	0.163420945	Epidermis (a)	Epidermis (a)
DMSO_MidG_ATTATGCGGAGA	2690	 5440	DMSO_U0126_midG_adult2	0.073529412	Epidermis (a)	Epidermis (a)
DMSO_MidG_ATTATTACCGTA	7372	72726	DMSO_U0126_midG_adult2	0.035750626	B7.7 Mesenchyme	B7.7 Mesenchyme
DMSO_MidG_ATTCAAAGGAGG	2707	 4993	DMSO_U0126_midG_adult1	0.020028039	Tail tip epidermis	Tail tip epidermis
DMSO_MidG_ATTCCCTAGTTA	5001	17571	DMSO_U0126_midG_adult1	0.244721416	TLC posterior	TLC posterior
DMSO_MidG_ATTCGTATCGGA	3762	 9244	DMSO_U0126_midG_adult1	0.075724794	NP (a) 3:III/IV	NP (a) 3:III/IV
DMSO_MidG_ATTCTAGAGTGG	3314	 6920	DMSO_U0126_midG_adult1	0.245664740	Epidermis (b)	Epidermis (b)
DMSO_MidG_ATTGAACTGTAA	2940	 5723	DMSO_U0126_midG_adult1	0.139786825	Epidermis (a)	Epidermis (a)
DMSO_MidG_ATTGCAATCACC	3012	 6297	DMSO_U0126_midG_adult2	0.127044624	Epidermis (a)	Epidermis (a)
DMSO_MidG_ATTGCATCAGTA	3705	 8329	DMSO_U0126_midG_adult2	0.120062432	Epidermis (b)	Epidermis (b)
DMSO_MidG_ATTGCCGCCTTT	1691	 2881	DMSO_U0126_midG_adult1	0.069420340	Epidermis (b)	Epidermis (b)
DMSO_MidG_ATTGCTTAACGA	1653	 2608	DMSO_U0126_midG_adult1	0.421779141	2˚ Notochord	2˚ Notochord
DMSO_MidG_ATTGTCTTATTA	4259	11445	DMSO_U0126_midG_adult2	0.244648318	Epidermis (b)	Epidermis (b)
DMSO_MidG_ATTGTTAATAAG	3317	 7202	DMSO_U0126_midG_adult2	0.305470703	Epidermis (a)	Epidermis (a)
DMSO_MidG_ATTGTTCCTTCA	2210	 4132	DMSO_U0126_midG_adult2	0.048402711	Epidermis (b)	Epidermis (b)
DMSO_MidG_ATTTATTGGTCA	2900	 5922	DMSO_U0126_midG_adult1	0.337723742	B8.5 Mesenchyme	B8.5 Mesenchyme
DMSO_MidG_ATTTCGACGATT	4006	10704	DMSO_U0126_midG_adult2	0.121449925	NP (a) 1/2:V/VI	NP (a) 1/2:V/VI
DMSO_MidG_ATTTCGATTCTT	1838	 3195	DMSO_U0126_midG_adult2	0.125195618	Endoderm (A)	Endoderm (A)
DMSO_MidG_ATTTCTTCACGT	1579	 2686	DMSO_U0126_midG_adult1	0.000000000	Epidermis (b)	Epidermis (b)
DMSO_MidG_ATTTGCCTTATT	3108	 7512	DMSO_U0126_midG_adult2	0.212992545	Epidermis (b)	Epidermis (b)
DMSO_MidG_ATTTGGGGCCTG	1596	 2308	DMSO_U0126_midG_adult1	0.000000000	Germ	Germ
DMSO_MidG_ATTTGTCCAGGT	6161	31334	DMSO_U0126_midG_adult1	0.009574264	Endoderm (B)	Endoderm (B)
DMSO_MidG_ATTTTAGAGTCA	4138	10960	DMSO_U0126_midG_adult2	0.036496350	DMT epidermis	DMT epidermis
DMSO_MidG_ATTTTAGGTGGG	2101	 3372	DMSO_U0126_midG_adult1	0.000000000	B8.5 Mesenchyme	B8.5 Mesenchyme
DMSO_MidG_ATTTTCACTCTT	4427	12644	DMSO_U0126_midG_adult2	0.110724454	1˚ Notochord	1˚ Notochord
DMSO_MidG_ATTTTCTAGAAA	2032	 3311	DMSO_U0126_midG_adult2	0.030202356	Tail tip epidermis	Tail tip epidermis
DMSO_MidG_ATTTTTAGCAAC	3461	 8319	DMSO_U0126_midG_adult1	0.024041351	TLC anterior	TLC anterior
DMSO_MidG_CAAACCGAGCTC	1559	 2365	DMSO_U0126_midG_adult2	0.042283298	Tail tip epidermis	Tail tip epidermis
DMSO_MidG_CAAACCGGGCTA	3275	 7153	DMSO_U0126_midG_adult2	0.013980148	Epidermis (a)	Epidermis (a)
DMSO_MidG_CAAACGTTTTAG	1563	 2226	DMSO_U0126_midG_adult2	0.359389039	Epidermis (a)	Epidermis (a)
DMSO_MidG_CAAACTAAGTAC	3109	 6479	DMSO_U0126_midG_adult2	1.003241241	NP (A) 1/2:II	NP (A) 1/2:II
DMSO_MidG_CAAACTCGAAAT	2545	 5188	DMSO_U0126_midG_adult1	1.060138782	TVC	TVC
DMSO_MidG_CAAAGAAACAGA	2777	 5761	DMSO_U0126_midG_adult2	0.486026731	Epidermis (a)	Epidermis (a)
DMSO_MidG_CAAAGAACCTCA	2895	 5626	DMSO_U0126_midG_adult1	0.071098471	Epidermis (b)	Epidermis (b)
DMSO_MidG_CAAAGGTTTACT	4139	10981	DMSO_U0126_midG_adult2	0.682997905	NP (a) 3:III/IV	NP (a) 3:III/IV
DMSO_MidG_CAAATATAAGAA	2609	 4824	DMSO_U0126_midG_adult1	0.331674959	1˚ Notochord	1˚ Notochord
DMSO_MidG_CAAATTGGCGTC	5333	21346	DMSO_U0126_midG_adult2	0.140541553	NP (A) 1/2:II	NP (A) 1/2:II
DMSO_MidG_CAACAGTTGGAA	3523	 7942	DMSO_U0126_midG_adult1	0.201460589	Epidermis (a)	Epidermis (a)
DMSO_MidG_CAACCATCTATT	2931	 5698	DMSO_U0126_midG_adult2	0.035100035	1˚ Notochord	1˚ Notochord
DMSO_MidG_CAACCATTGTCG	3337	 7448	DMSO_U0126_midG_adult1	0.000000000	Epidermis (b)	Epidermis (b)
DMSO_MidG_CAACCGAGTCAT	2534	 4764	DMSO_U0126_midG_adult1	0.041981528	NP (a) 3:V/VI	NP (a) 3:V/VI
DMSO_MidG_CAACCTTAATCC	5071	17961	DMSO_U0126_midG_adult2	1.124658983	NP (b) #1 anterior	NP (b) #1 anterior
DMSO_MidG_CAACGCGAGCCT	2735	 5179	DMSO_U0126_midG_adult1	0.019308747	Epidermis (b)	Epidermis (b)
DMSO_MidG_CAACGTCTCTAT	4823	15347	DMSO_U0126_midG_adult1	0.000000000	1˚ Notochord	1˚ Notochord
DMSO_MidG_CAACGTTGCATC	2081	 3520	DMSO_U0126_midG_adult2	0.000000000	B8.5 Mesenchyme	B8.5 Mesenchyme
DMSO_MidG_CAACTATAAGTT	3070	 6571	DMSO_U0126_midG_adult1	0.106528687	Epidermis (a)	Epidermis (a)
DMSO_MidG_CAACTTCTCGCA	3987	 9930	DMSO_U0126_midG_adult2	0.050352467	NP (a) 1/2:V/VI	NP (a) 1/2:V/VI
DMSO_MidG_CAAGATGCATTG	6631	43980	DMSO_U0126_midG_adult1	0.059117781	B7.7 Mesenchyme	B7.7 Mesenchyme
DMSO_MidG_CAAGCATATATT	2262	 3933	DMSO_U0126_midG_adult2	0.483091787	B7.7 Mesenchyme	B7.7 Mesenchyme
DMSO_MidG_CAAGGCTTCAAA	2711	 5330	DMSO_U0126_midG_adult2	0.112570356	NP (a) 1/2:V/VI	NP (a) 1/2:V/VI
DMSO_MidG_CAAGGGTTGTTA	5091	19162	DMSO_U0126_midG_adult1	0.005218662	Endoderm (B)	Endoderm (B)
DMSO_MidG_CAAGTCAACAAC	3933	10212	DMSO_U0126_midG_adult2	0.088131610	NP (b) #2 posterior	NP (b) #2 posterior
DMSO_MidG_CAAGTTGATTTA	3872	 9410	DMSO_U0126_midG_adult1	0.116896918	Epidermis (b)	Epidermis (b)
DMSO_MidG_CAATAGGACAGC	2090	 3518	DMSO_U0126_midG_adult2	0.170551450	Tail tip epidermis	Tail tip epidermis
DMSO_MidG_CAATCAAATTCT	3475	 7579	DMSO_U0126_midG_adult1	0.488191054	Epidermis (b)	Epidermis (b)
DMSO_MidG_CAATCTTCTAGG	4514	12570	DMSO_U0126_midG_adult1	0.079554495	Endoderm (A)	Endoderm (A)
DMSO_MidG_CAATGAAGACCC	4817	16133	DMSO_U0126_midG_adult2	0.043389326	TLC anterior	TLC anterior
DMSO_MidG_CAATGTGCCAGC	3297	 7015	DMSO_U0126_midG_adult2	0.000000000	1˚ Notochord	1˚ Notochord
DMSO_MidG_CAATTCGTAGAC	2945	 6258	DMSO_U0126_midG_adult2	0.047938639	Tail tip epidermis	Tail tip epidermis
DMSO_MidG_CACAAGTTACGT	3499	 7521	DMSO_U0126_midG_adult1	0.013296104	Epidermis (b)	Epidermis (b)
DMSO_MidG_CACAATCCAGAG	2340	 3951	DMSO_U0126_midG_adult2	0.075930144	Epidermis (a)	Epidermis (a)
DMSO_MidG_CACAATTCTTAC	1612	 2323	DMSO_U0126_midG_adult1	0.172191132	Tail tip epidermis	Tail tip epidermis
DMSO_MidG_CACAGAAGACGG	3318	 7611	DMSO_U0126_midG_adult2	0.026277756	NP (a) 1/2:V/VI	NP (a) 1/2:V/VI
DMSO_MidG_CACATCTCGGGC	2998	 6331	DMSO_U0126_midG_adult1	0.047385879	Epidermis (b)	Epidermis (b)
DMSO_MidG_CACATTTGCTTC	4943	16616	DMSO_U0126_midG_adult2	0.018054887	Endoderm (B)	Endoderm (B)
DMSO_MidG_CACATTTTAGTT	3989	10039	DMSO_U0126_midG_adult1	0.358601454	Epidermis (b)	Epidermis (b)
DMSO_MidG_CACCACAATATT	3512	 8028	DMSO_U0126_midG_adult1	0.049825610	1˚ Notochord	1˚ Notochord
DMSO_MidG_CACCCAAACGTA	3407	 7482	DMSO_U0126_midG_adult1	0.106923283	Tail tip epidermis	Tail tip epidermis
DMSO_MidG_CACCCATGTTGC	5296	22383	DMSO_U0126_midG_adult2	0.062547469	NP (A) 1/2:I	NP (A) 1/2:I
DMSO_MidG_CACCCATTAGGG	1640	 2549	DMSO_U0126_midG_adult1	0.117693213	Epidermis (a)	Epidermis (a)
DMSO_MidG_CACCCGTCAATT	7182	51704	DMSO_U0126_midG_adult1	0.027077209	NP (b) #1 anterior	NP (b) #1 anterior
DMSO_MidG_CACCGGAGTCAG	3811	 8792	DMSO_U0126_midG_adult2	0.000000000	TLC posterior	TLC posterior
DMSO_MidG_CACCTAAAGCGA	2402	 4608	DMSO_U0126_midG_adult2	0.412326389	Endoderm (A)	Endoderm (A)
DMSO_MidG_CACGAAAGGTAC	2031	 3378	DMSO_U0126_midG_adult1	0.148016578	NP (A) 1/2:I	NP (A) 1/2:I
DMSO_MidG_CACGAATACCTC	3446	 8015	DMSO_U0126_midG_adult2	0.074859638	Epidermis (b)	Epidermis (b)
DMSO_MidG_CACGAGCTTGAA	3634	 9942	DMSO_U0126_midG_adult2	0.020116677	Epidermis (a)	Epidermis (a)
DMSO_MidG_CACGATCCAACA	3143	 6683	DMSO_U0126_midG_adult2	0.329193476	TVC	TVC
DMSO_MidG_CACGGAGACCCC	2657	 5061	DMSO_U0126_midG_adult2	0.000000000	1˚ Notochord	1˚ Notochord
DMSO_MidG_CACGGGCGGGCG	3598	 8343	DMSO_U0126_midG_adult1	0.000000000	NP (a) 1/2:V/VI	NP (a) 1/2:V/VI
DMSO_MidG_CACTAGTGAAGG	3013	 5967	DMSO_U0126_midG_adult1	0.033517681	1˚ Notochord	1˚ Notochord
DMSO_MidG_CACTATCAAGGT	3855	 9173	DMSO_U0126_midG_adult1	0.327046768	Epidermis (b)	Epidermis (b)
DMSO_MidG_CACTATCACCCG	1524	 2507	DMSO_U0126_midG_adult2	0.279218189	B7.4 Muscle	B7.4 Muscle
DMSO_MidG_CACTATCGCCTG	5272	19434	DMSO_U0126_midG_adult2	0.010291242	Epidermis (b)	Epidermis (b)
DMSO_MidG_CACTCCTGACCT	3460	 7922	DMSO_U0126_midG_adult1	0.037869225	Epidermis (b)	Epidermis (b)
DMSO_MidG_CACTCGCGGATG	3390	 7825	DMSO_U0126_midG_adult2	0.012779553	Epidermis (b)	Epidermis (b)
DMSO_MidG_CACTGACCCCCT	1922	 3016	DMSO_U0126_midG_adult2	0.000000000	2˚ Notochord	2˚ Notochord
DMSO_MidG_CACTGCCTAGAT	2343	 4080	DMSO_U0126_midG_adult1	0.073529412	Epidermis (b)	Epidermis (b)
DMSO_MidG_CACTGTGTGGTT	2621	 4852	DMSO_U0126_midG_adult2	0.061830173	Epidermis (b)	Epidermis (b)
DMSO_MidG_CACTTAAAGAAG	1925	 3046	DMSO_U0126_midG_adult2	1.641497045	NP (A) 1/2:I	NP (A) 1/2:I
DMSO_MidG_CACTTAGGCTCT	3862	11603	DMSO_U0126_midG_adult2	0.103421529	B7.8 Muscle	B7.8 Muscle
DMSO_MidG_CACTTTATTTCG	2524	 4503	DMSO_U0126_midG_adult1	0.355318676	Epidermis (b)	Epidermis (b)
DMSO_MidG_CAGACTATCCGT	3409	 8264	DMSO_U0126_midG_adult2	0.471926428	B7.4 Muscle	B7.4 Muscle
DMSO_MidG_CAGACTGTATTA	3385	 7489	DMSO_U0126_midG_adult2	0.387234611	TLC anterior	TLC anterior
DMSO_MidG_CAGAGGACATGT	4957	16610	DMSO_U0126_midG_adult1	0.054184226	NP (A) 1/2:II	NP (A) 1/2:II
DMSO_MidG_CAGATATTAAGT	2536	 5226	DMSO_U0126_midG_adult2	0.210486031	Epidermis (b)	Epidermis (b)
DMSO_MidG_CAGATGGCGAAG	2169	 4138	DMSO_U0126_midG_adult2	0.048332528	Epidermis (a)	Epidermis (a)
DMSO_MidG_CAGATGGCTAAA	3584	 8225	DMSO_U0126_midG_adult2	0.036474164	Epidermis (b)	Epidermis (b)
DMSO_MidG_CAGCAATTCTGA	3905	10235	DMSO_U0126_midG_adult2	0.009770396	Endoderm (A)	Endoderm (A)
DMSO_MidG_CAGCATTCAGCA	4636	16306	DMSO_U0126_midG_adult1	0.239175764	B7.8 Muscle	B7.8 Muscle
DMSO_MidG_CAGCCTACGTCC	3498	 8158	DMSO_U0126_midG_adult1	0.000000000	DMT epidermis	DMT epidermis
DMSO_MidG_CAGCGACAAAGC	1589	 2460	DMSO_U0126_midG_adult2	0.000000000	Epidermis (a)	Epidermis (a)
DMSO_MidG_CAGCGGTGCAGT	1598	 2576	DMSO_U0126_midG_adult2	0.038819876	NP (a) 3:V/VI	NP (a) 3:V/VI
DMSO_MidG_CAGCGTCACGTA	3378	 7520	DMSO_U0126_midG_adult2	0.026595745	Epidermis (a)	Epidermis (a)
DMSO_MidG_CAGCGTGACTCT	2427	 4331	DMSO_U0126_midG_adult1	0.000000000	Epidermis (a)	Epidermis (a)
DMSO_MidG_CAGCTTAGTGCT	1504	 2290	DMSO_U0126_midG_adult1	0.043668122	Epidermis (a)	Epidermis (a)
DMSO_MidG_CAGGCCCCAACT	3442	 8425	DMSO_U0126_midG_adult2	0.071216617	TVC	TVC
DMSO_MidG_CAGGCGTTTTCC	6360	32177	DMSO_U0126_midG_adult1	0.037293719	NP (A) 4:I	NP (A) 4:I
DMSO_MidG_CAGGGATTATGA	2330	 3868	DMSO_U0126_midG_adult2	0.155118925	Epidermis (a)	Epidermis (a)
DMSO_MidG_CAGGGGGCTATA	2305	 4249	DMSO_U0126_midG_adult2	0.047069899	Epidermis (b)	Epidermis (b)
DMSO_MidG_CAGGGGTTAAGC	1531	 2109	DMSO_U0126_midG_adult1	0.047415837	NP (A) 4:I	NP (A) 4:I
DMSO_MidG_CAGGGTATAAAG	5326	20066	DMSO_U0126_midG_adult2	0.797368683	NP (A) 4:I	NP (A) 4:I
DMSO_MidG_CAGGTCCAGTTA	3368	 6933	DMSO_U0126_midG_adult1	0.072118852	1˚ Notochord	1˚ Notochord
DMSO_MidG_CAGTAACGGTGG	6855	49540	DMSO_U0126_midG_adult2	0.022204279	TLC posterior	TLC posterior
DMSO_MidG_CAGTCAGATAAA	5988	28644	DMSO_U0126_midG_adult1	1.602429828	NP (A) 4:I	NP (A) 4:I
DMSO_MidG_CAGTGCAGGCAT	2895	 5874	DMSO_U0126_midG_adult2	0.153217569	B8.5 Mesenchyme	B8.5 Mesenchyme
DMSO_MidG_CAGTGCTATAAC	3019	 6194	DMSO_U0126_midG_adult2	0.080723281	Endoderm (A)	Endoderm (A)
DMSO_MidG_CAGTGTTGAACG	3231	 6364	DMSO_U0126_midG_adult2	0.078566939	DMT epidermis	DMT epidermis
DMSO_MidG_CAGTTAACCGTC	5085	20085	DMSO_U0126_midG_adult1	0.069703759	NP (A) 3:I	NP (A) 3:I
DMSO_MidG_CAGTTAGAGCTG	4575	12705	DMSO_U0126_midG_adult1	0.000000000	Endoderm (B)	Endoderm (B)
DMSO_MidG_CAGTTGGATCTA	2401	 4096	DMSO_U0126_midG_adult1	0.000000000	Epidermis (b)	Epidermis (b)
DMSO_MidG_CATAAAGCTACA	3749	 9006	DMSO_U0126_midG_adult2	0.388629802	Tail tip epidermis	Tail tip epidermis
DMSO_MidG_CATAACCGGCTT	4241	11529	DMSO_U0126_midG_adult2	0.034695117	NP (a) 3:III/IV	NP (a) 3:III/IV
DMSO_MidG_CATAGAAAATCA	4371	13166	DMSO_U0126_midG_adult2	0.098739177	Epidermis (b)	Epidermis (b)
DMSO_MidG_CATAGAATCGCC	1645	 2535	DMSO_U0126_midG_adult1	0.078895464	2˚ Notochord	2˚ Notochord
DMSO_MidG_CATAGAGTCTAT	2609	 4794	DMSO_U0126_midG_adult2	0.292031706	TLC anterior	TLC anterior
DMSO_MidG_CATAGCAACTTG	3544	 8095	DMSO_U0126_midG_adult1	0.012353305	Epidermis (b)	Epidermis (b)
DMSO_MidG_CATAGGTTGTCT	3636	 8904	DMSO_U0126_midG_adult1	1.684636119	NP (A) 1/2:II	NP (A) 1/2:II
DMSO_MidG_CATAGTCTTCGT	3314	 7847	DMSO_U0126_midG_adult1	0.191155856	B7.4 Muscle	B7.4 Muscle
DMSO_MidG_CATAGTTATCTC	4126	11144	DMSO_U0126_midG_adult1	0.152548457	2˚ Notochord	2˚ Notochord
DMSO_MidG_CATATCGCCACC	6564	39635	DMSO_U0126_midG_adult2	0.002523023	Endoderm (A)	Endoderm (A)
DMSO_MidG_CATATGGGACCG	2289	 3865	DMSO_U0126_midG_adult1	0.051746442	1˚ Notochord	1˚ Notochord
DMSO_MidG_CATCACGTCAGC	4281	11972	DMSO_U0126_midG_adult2	0.083528233	NP (a) 1/2:III/IV	NP (a) 1/2:III/IV
DMSO_MidG_CATCGAATGCTA	3654	 8306	DMSO_U0126_midG_adult1	0.132434385	NP (a) 3:III/IV	NP (a) 3:III/IV
DMSO_MidG_CATCGGGCTATG	2792	 5548	DMSO_U0126_midG_adult1	0.036049027	Epidermis (a)	Epidermis (a)
DMSO_MidG_CATCGTGCCGTT	2565	 4754	DMSO_U0126_midG_adult2	0.021034918	NP (A) 1/2:II	NP (A) 1/2:II
DMSO_MidG_CATCTCCGGCAC	3140	 6760	DMSO_U0126_midG_adult2	0.000000000	DMT epidermis	DMT epidermis
DMSO_MidG_CATGACAAAGGC	2681	 4996	DMSO_U0126_midG_adult2	0.080064051	DMT epidermis	DMT epidermis
DMSO_MidG_CATGACGCAGCA	4978	16831	DMSO_U0126_midG_adult1	0.005941418	Epidermis (b)	Epidermis (b)
DMSO_MidG_CATGACGTTGGA	3820	 9384	DMSO_U0126_midG_adult2	0.021312873	Endoderm (A)	Endoderm (A)
DMSO_MidG_CATGATGAACTG	4964	17039	DMSO_U0126_midG_adult2	0.070426668	DMT epidermis	DMT epidermis
DMSO_MidG_CATGATGAGGAA	2963	 6171	DMSO_U0126_midG_adult1	0.032409658	NP (A) 4:I	NP (A) 4:I
DMSO_MidG_CATGCCGCAAAA	5797	28473	DMSO_U0126_midG_adult1	0.010536298	B7.8 Muscle	B7.8 Muscle
DMSO_MidG_CATGGCAACGGC	3674	 8718	DMSO_U0126_midG_adult1	0.011470521	NP (a) 3:III/IV	NP (a) 3:III/IV
DMSO_MidG_CATGGCACTAGC	2592	 4717	DMSO_U0126_midG_adult2	0.000000000	Endoderm (A)	Endoderm (A)
DMSO_MidG_CATGGCCAAGAA	3413	 7447	DMSO_U0126_midG_adult2	0.107425809	NP (a) 1/2:III/IV	NP (a) 1/2:III/IV
DMSO_MidG_CATGGGAGTCCC	2266	 4068	DMSO_U0126_midG_adult1	0.000000000	Epidermis (a)	Epidermis (a)
DMSO_MidG_CATGGGCTGGAA	2555	 4644	DMSO_U0126_midG_adult1	0.000000000	Epidermis (b)	Epidermis (b)
DMSO_MidG_CATGTCGAGGCC	5394	20112	DMSO_U0126_midG_adult2	0.049721559	NP (A) 4:I	NP (A) 4:I
DMSO_MidG_CATGTGCCGTAA	3305	 7053	DMSO_U0126_midG_adult2	0.099248547	Tail tip epidermis	Tail tip epidermis
DMSO_MidG_CATGTTCACATT	2832	 5792	DMSO_U0126_midG_adult2	0.794198895	NP (A) 1/2:I	NP (A) 1/2:I
DMSO_MidG_CATTACATTTAG	3180	 6777	DMSO_U0126_midG_adult1	0.383650583	Epidermis (b)	Epidermis (b)
DMSO_MidG_CATTAGATAGAC	3090	 6253	DMSO_U0126_midG_adult2	0.431792739	Epidermis (a)	Epidermis (a)
DMSO_MidG_CATTCGGTTCTC	3120	 6767	DMSO_U0126_midG_adult2	0.000000000	DMT epidermis	DMT epidermis
DMSO_MidG_CATTCTAGAGTA	2613	 4792	DMSO_U0126_midG_adult2	0.292153589	1˚ Notochord	1˚ Notochord
DMSO_MidG_CATTGCAACTCA	2723	 5016	DMSO_U0126_midG_adult2	0.000000000	1˚ Notochord	1˚ Notochord
DMSO_MidG_CATTGTCTCCCC	3220	 6646	DMSO_U0126_midG_adult1	0.030093289	Epidermis (b)	Epidermis (b)
DMSO_MidG_CATTTTCAAGAA	4129	11515	DMSO_U0126_midG_adult2	0.147633521	Endoderm (A)	Endoderm (A)
DMSO_MidG_CCAAATCTCCCT	1862	 2897	DMSO_U0126_midG_adult1	0.000000000	2˚ Notochord	2˚ Notochord
DMSO_MidG_CCAAATTTGACG	3845	 9711	DMSO_U0126_midG_adult2	0.072083205	NP (A) 1/2:I	NP (A) 1/2:I
DMSO_MidG_CCAACATGTAGC	2865	 5774	DMSO_U0126_midG_adult2	0.034638033	Epidermis (a)	Epidermis (a)
DMSO_MidG_CCAAGTTAACAA	5108	17988	DMSO_U0126_midG_adult1	0.050033356	Epidermis (a)	Epidermis (a)
DMSO_MidG_CCAATCCTCCAG	3183	 6638	DMSO_U0126_midG_adult2	0.000000000	Endoderm (A)	Endoderm (A)
DMSO_MidG_CCAATTCTGACC	3873	 9797	DMSO_U0126_midG_adult2	0.020414413	Tail tip epidermis	Tail tip epidermis
DMSO_MidG_CCAATTTACATT	6247	31589	DMSO_U0126_midG_adult1	0.145620311	Epidermis (b)	Epidermis (b)
DMSO_MidG_CCAATTTATATT	5021	18242	DMSO_U0126_midG_adult2	2.115996053	NP (b) #1 anterior	NP (b) #1 anterior
DMSO_MidG_CCACACGCATCT	2293	 3916	DMSO_U0126_midG_adult2	0.025536261	Endoderm (A)	Endoderm (A)
DMSO_MidG_CCACCCCGGCAT	5350	21745	DMSO_U0126_midG_adult1	0.009197517	Endoderm (B)	Endoderm (B)
DMSO_MidG_CCACCCTCAAAG	5476	22564	DMSO_U0126_midG_adult1	0.031022868	DMT epidermis	DMT epidermis
DMSO_MidG_CCACCGGTAAGA	2751	 5695	DMSO_U0126_midG_adult1	0.052677788	NP (a) 1/2:III/IV	NP (a) 1/2:III/IV
DMSO_MidG_CCACGAGTTGCG	2996	 6219	DMSO_U0126_midG_adult1	0.000000000	DMT epidermis	DMT epidermis
DMSO_MidG_CCACGCGGAATG	3374	 7397	DMSO_U0126_midG_adult1	0.013518994	Epidermis (b)	Epidermis (b)
DMSO_MidG_CCACGCGTCCGT	4800	15177	DMSO_U0126_midG_adult1	0.000000000	NP (a) 3:III/IV	NP (a) 3:III/IV
DMSO_MidG_CCACGCTGGGTT	2554	 4555	DMSO_U0126_midG_adult2	0.000000000	Epidermis (b)	Epidermis (b)
DMSO_MidG_CCACGGCTCAGA	2919	 6184	DMSO_U0126_midG_adult1	0.016170763	Tail tip epidermis	Tail tip epidermis
DMSO_MidG_CCACGGTCTCAA	3635	 8726	DMSO_U0126_midG_adult1	0.000000000	DMT epidermis	DMT epidermis
DMSO_MidG_CCACGTTATTGA	2127	 3624	DMSO_U0126_midG_adult2	0.000000000	NP (A) 1/2:I	NP (A) 1/2:I
DMSO_MidG_CCACTCAATTGG	3737	 9463	DMSO_U0126_midG_adult2	0.095107260	Epidermis (b)	Epidermis (b)
DMSO_MidG_CCACTGACTCGT	6059	28655	DMSO_U0126_midG_adult2	0.006979585	NP (a) 1/2:V/VI	NP (a) 1/2:V/VI
DMSO_MidG_CCACTTCCCGAA	3634	 8536	DMSO_U0126_midG_adult1	0.011715089	Epidermis (b)	Epidermis (b)
DMSO_MidG_CCAGAAATTACC	3192	 6743	DMSO_U0126_midG_adult2	0.163132137	B7.4 Muscle	B7.4 Muscle
DMSO_MidG_CCAGACACATTA	1781	 2844	DMSO_U0126_midG_adult2	0.105485232	NP (a) 3:V/VI	NP (a) 3:V/VI
DMSO_MidG_CCAGACCTCATC	2926	 5733	DMSO_U0126_midG_adult1	0.122100122	NP (A) 1/2:I	NP (A) 1/2:I
DMSO_MidG_CCAGCATGAGGC	3151	 7062	DMSO_U0126_midG_adult2	0.056641178	Epidermis (a)	Epidermis (a)
DMSO_MidG_CCAGCCTTAGAT	2610	 4826	DMSO_U0126_midG_adult2	0.103605470	TVC	TVC
DMSO_MidG_CCAGCTTTATTG	2445	 4320	DMSO_U0126_midG_adult1	0.347222222	Tail tip epidermis	Tail tip epidermis
DMSO_MidG_CCAGGGCAGACC	4421	18493	DMSO_U0126_midG_adult2	0.037852160	B7.4 Muscle	B7.4 Muscle
DMSO_MidG_CCAGGTATATCT	3620	 8767	DMSO_U0126_midG_adult2	0.136876925	1˚ Notochord	1˚ Notochord
DMSO_MidG_CCAGGTGTTTAA	4643	14608	DMSO_U0126_midG_adult1	0.232749179	B7.4 Muscle	B7.4 Muscle
DMSO_MidG_CCAGTAGCTTCG	2732	 5613	DMSO_U0126_midG_adult2	0.071263139	Epidermis (b)	Epidermis (b)
DMSO_MidG_CCAGTCGCAACC	1750	 2864	DMSO_U0126_midG_adult1	0.000000000	Epidermis (a)	Epidermis (a)
DMSO_MidG_CCATCCCAGCAA	3323	 7568	DMSO_U0126_midG_adult1	0.092494715	TVC	TVC
DMSO_MidG_CCATGATGCGAT	1804	 3084	DMSO_U0126_midG_adult1	0.064850843	Epidermis (b)	Epidermis (b)
DMSO_MidG_CCATGCGCTTTA	2775	 5519	DMSO_U0126_midG_adult2	0.018119224	DMT epidermis	DMT epidermis
DMSO_MidG_CCATGGTGTATC	2191	 3720	DMSO_U0126_midG_adult1	0.080645161	Epidermis (a)	Epidermis (a)
DMSO_MidG_CCATTGCAGCGC	3519	 9371	DMSO_U0126_midG_adult2	0.032013659	B7.4 Muscle	B7.4 Muscle
DMSO_MidG_CCCAAGCCGACG	1568	 2270	DMSO_U0126_midG_adult1	0.044052863	NP (A) 3:II	NP (A) 3:II
DMSO_MidG_CCCACTAGACTA	2003	 3729	DMSO_U0126_midG_adult2	0.000000000	Germ	Germ
DMSO_MidG_CCCACTCCAGCC	1645	 2728	DMSO_U0126_midG_adult2	0.146627566	NP (A) 4:I	NP (A) 4:I
DMSO_MidG_CCCACTTTGCTG	4610	14221	DMSO_U0126_midG_adult2	0.000000000	Endoderm (A)	Endoderm (A)
DMSO_MidG_CCCAGGCCACCG	2578	 4687	DMSO_U0126_midG_adult1	0.021335609	NP (a) 3:V/VI	NP (a) 3:V/VI
DMSO_MidG_CCCAGGCTAGGT	1800	 2852	DMSO_U0126_midG_adult1	0.035063114	NP (A) 4:I	NP (A) 4:I
DMSO_MidG_CCCAGTAGGCGA	2152	 3679	DMSO_U0126_midG_adult2	0.000000000	1˚ Notochord	1˚ Notochord
DMSO_MidG_CCCATTTGCCTC	3001	 5795	DMSO_U0126_midG_adult1	0.017256255	Epidermis (a)	Epidermis (a)
DMSO_MidG_CCCCACCGTTAT	3987	10231	DMSO_U0126_midG_adult2	0.009774216	Epidermis (b)	Epidermis (b)
DMSO_MidG_CCCCAGTTATAA	4886	15419	DMSO_U0126_midG_adult2	0.972825734	NP (b) #1 anterior	NP (b) #1 anterior
DMSO_MidG_CCCCATAACTCC	3319	 7529	DMSO_U0126_midG_adult1	0.026563953	Epidermis (a)	Epidermis (a)
DMSO_MidG_CCCCATCATTGG	2866	 5585	DMSO_U0126_midG_adult2	0.000000000	Epidermis (b)	Epidermis (b)
DMSO_MidG_CCCCCCATGCTG	2256	 4108	DMSO_U0126_midG_adult1	0.000000000	Epidermis (b)	Epidermis (b)
DMSO_MidG_CCCCCCTACGAC	3934	11286	DMSO_U0126_midG_adult2	0.035442141	Tail tip epidermis	Tail tip epidermis
DMSO_MidG_CCCCCGCCGCCA	4295	12173	DMSO_U0126_midG_adult1	0.000000000	1˚ Notochord	1˚ Notochord
DMSO_MidG_CCCCCGTTGAGG	2452	 4359	DMSO_U0126_midG_adult1	0.022941042	NP (a) 1/2:V/VI	NP (a) 1/2:V/VI
DMSO_MidG_CCCCCTCCCTGA	2933	 5566	DMSO_U0126_midG_adult2	0.017966223	Epidermis (b)	Epidermis (b)
DMSO_MidG_CCCCCTCGTGTT	4182	11438	DMSO_U0126_midG_adult2	0.017485574	Tail tip epidermis	Tail tip epidermis
DMSO_MidG_CCCCGATGGGTC	1631	 2603	DMSO_U0126_midG_adult1	0.000000000	Epidermis (b)	Epidermis (b)
DMSO_MidG_CCCCGTCTTCCT	3199	 6554	DMSO_U0126_midG_adult1	0.000000000	1˚ Notochord	1˚ Notochord
DMSO_MidG_CCCCTGCTAGGA	2190	 3731	DMSO_U0126_midG_adult1	0.000000000	Epidermis (b)	Epidermis (b)
DMSO_MidG_CCCGAAGCCGGT	3775	 9106	DMSO_U0126_midG_adult2	0.010981770	NP (b) #2 posterior	NP (b) #2 posterior
DMSO_MidG_CCCGACCGCTAA	2343	 4085	DMSO_U0126_midG_adult2	0.048959608	Epidermis (b)	Epidermis (b)
DMSO_MidG_CCCGATCCCCAA	3732	 9259	DMSO_U0126_midG_adult2	0.086402419	NP (b) #1 anterior	NP (b) #1 anterior
DMSO_MidG_CCCGCGGATATA	2272	 4042	DMSO_U0126_midG_adult1	0.123701138	TVC	TVC
DMSO_MidG_CCCGCGTCCGTG	2580	 4826	DMSO_U0126_midG_adult1	0.020721094	2˚ Notochord	2˚ Notochord
DMSO_MidG_CCCGCTCAATAT	2805	 5527	DMSO_U0126_midG_adult1	0.000000000	Endoderm (B)	Endoderm (B)
DMSO_MidG_CCCGCTCAGAGG	2466	 4393	DMSO_U0126_midG_adult1	0.000000000	NP (a) 1/2:III/IV	NP (a) 1/2:III/IV
DMSO_MidG_CCCGGATGGGGC	1814	 2824	DMSO_U0126_midG_adult2	0.000000000	Epidermis (a)	Epidermis (a)
DMSO_MidG_CCCGGGACAAGC	2218	 3912	DMSO_U0126_midG_adult2	0.000000000	1˚ Notochord	1˚ Notochord
DMSO_MidG_CCCGGGACAGAC	4562	15316	DMSO_U0126_midG_adult1	0.117524158	B7.4 Muscle	B7.4 Muscle
DMSO_MidG_CCCGGGTGATGA	1838	 2799	DMSO_U0126_midG_adult1	0.000000000	Epidermis (a)	Epidermis (a)
DMSO_MidG_CCCGGTTCGGAC	3667	 8810	DMSO_U0126_midG_adult2	0.034052213	NP (A) 1/2:II	NP (A) 1/2:II
DMSO_MidG_CCCGTATGGGGT	2831	 5619	DMSO_U0126_midG_adult1	0.000000000	Endoderm (A)	Endoderm (A)
DMSO_MidG_CCCGTCGGATAG	3335	 7307	DMSO_U0126_midG_adult2	0.013685507	Epidermis (b)	Epidermis (b)
DMSO_MidG_CCCTACACATAG	3076	 6175	DMSO_U0126_midG_adult1	0.145748988	NP (a) 1/2:V/VI	NP (a) 1/2:V/VI
DMSO_MidG_CCCTACTCAGGC	3788	 9319	DMSO_U0126_midG_adult1	0.000000000	Epidermis (b)	Epidermis (b)
DMSO_MidG_CCCTCACAAATC	3186	 6594	DMSO_U0126_midG_adult1	0.015165302	Epidermis (b)	Epidermis (b)
DMSO_MidG_CCCTCCCGGCGC	3909	10349	DMSO_U0126_midG_adult1	0.009662769	Epidermis (b)	Epidermis (b)
DMSO_MidG_CCCTCCTCACCT	3547	 7843	DMSO_U0126_midG_adult1	0.012750223	B8.5 Mesenchyme	B8.5 Mesenchyme
DMSO_MidG_CCCTCGATGAGG	5221	23052	DMSO_U0126_midG_adult1	0.017352074	Epidermis (b)	Epidermis (b)
DMSO_MidG_CCCTGTCATACA	3799	 9238	DMSO_U0126_midG_adult2	0.043299415	TLC posterior	TLC posterior
DMSO_MidG_CCCTTAGTAGCC	3705	 9073	DMSO_U0126_midG_adult2	0.044086851	Tail tip epidermis	Tail tip epidermis
DMSO_MidG_CCCTTATCTCAA	4962	17675	DMSO_U0126_midG_adult1	0.062234795	Epidermis (b)	Epidermis (b)
DMSO_MidG_CCGAATATGTCG	3591	 9212	DMSO_U0126_midG_adult2	0.390794616	TVC	TVC
DMSO_MidG_CCGAATCTCAGT	2100	 3579	DMSO_U0126_midG_adult2	0.251466890	B8.5 Mesenchyme	B8.5 Mesenchyme
DMSO_MidG_CCGAATTAACAC	4991	18388	DMSO_U0126_midG_adult1	0.418751360	B7.8 Muscle	B7.8 Muscle
DMSO_MidG_CCGACAGCGTAA	5035	18143	DMSO_U0126_midG_adult1	0.022047070	Endoderm (B)	Endoderm (B)
DMSO_MidG_CCGAGACGCGAC	3815	 9749	DMSO_U0126_midG_adult2	0.010257462	NP (A) 1/2:I	NP (A) 1/2:I
DMSO_MidG_CCGAGCCTCATC	4635	14290	DMSO_U0126_midG_adult2	0.000000000	Epidermis (a)	Epidermis (a)
DMSO_MidG_CCGATAATAAAT	3175	 6977	DMSO_U0126_midG_adult1	0.945965315	NP (A) 1/2:II	NP (A) 1/2:II
DMSO_MidG_CCGATCTCTGTA	2702	 6145	DMSO_U0126_midG_adult2	0.032546786	Epidermis (b)	Epidermis (b)
DMSO_MidG_CCGCACTCACTC	5168	18961	DMSO_U0126_midG_adult2	0.026369917	NP (a) 3:V/VI	NP (a) 3:V/VI
DMSO_MidG_CCGCCAACTAGA	4048	10632	DMSO_U0126_midG_adult1	0.018811136	Epidermis (b)	Epidermis (b)
DMSO_MidG_CCGCCCTGAACC	2782	 5965	DMSO_U0126_midG_adult1	0.000000000	Epidermis (b)	Epidermis (b)
DMSO_MidG_CCGCCGCGGTAT	2633	 5146	DMSO_U0126_midG_adult2	0.019432569	Tail tip epidermis	Tail tip epidermis
DMSO_MidG_CCGCCTAACCAT	2963	 5761	DMSO_U0126_midG_adult2	0.017358098	Epidermis (a)	Epidermis (a)
DMSO_MidG_CCGCCTTGCCGA	3348	 7548	DMSO_U0126_midG_adult1	0.013248543	Epidermis (b)	Epidermis (b)
DMSO_MidG_CCGCGTCACGAC	2792	 5796	DMSO_U0126_midG_adult2	0.051759834	TVC	TVC
DMSO_MidG_CCGCTACGCAAT	4497	13946	DMSO_U0126_midG_adult1	0.086046178	TLC posterior	TLC posterior
DMSO_MidG_CCGGACCCGCGT	3382	 7896	DMSO_U0126_midG_adult1	0.000000000	Epidermis (b)	Epidermis (b)
DMSO_MidG_CCGGCTAGTTTC	4483	12859	DMSO_U0126_midG_adult2	0.217746326	NP (A) 4:I	NP (A) 4:I
DMSO_MidG_CCGGCTTTCGCT	4824	16092	DMSO_U0126_midG_adult1	0.006214268	Epidermis (b)	Epidermis (b)
DMSO_MidG_CCGGTGGACCAA	3524	 8407	DMSO_U0126_midG_adult2	0.011894850	Epidermis (a)	Epidermis (a)
DMSO_MidG_CCGGTTACCCAA	4854	15761	DMSO_U0126_midG_adult2	0.031723875	1˚ Notochord	1˚ Notochord
DMSO_MidG_CCGTACTCTGGA	2219	 3657	DMSO_U0126_midG_adult2	0.000000000	Epidermis (b)	Epidermis (b)
DMSO_MidG_CCGTATGCTGCA	2244	 4189	DMSO_U0126_midG_adult2	0.047744092	B7.7 Mesenchyme	B7.7 Mesenchyme
DMSO_MidG_CCGTCCAAGGTG	2948	 5892	DMSO_U0126_midG_adult2	0.016972166	B8.5 Mesenchyme	B8.5 Mesenchyme
DMSO_MidG_CCGTCCGGCGCC	4738	15055	DMSO_U0126_midG_adult1	0.000000000	Endoderm (A)	Endoderm (A)
DMSO_MidG_CCGTCCTGCCAT	2402	 4264	DMSO_U0126_midG_adult1	0.000000000	2˚ Notochord	2˚ Notochord
DMSO_MidG_CCGTGCTTCTCC	3096	 6046	DMSO_U0126_midG_adult1	0.000000000	Epidermis (a)	Epidermis (a)
DMSO_MidG_CCGTGGGTCAGT	4839	16930	DMSO_U0126_midG_adult1	0.011813349	B7.7 Mesenchyme	B7.7 Mesenchyme
DMSO_MidG_CCGTGGTCTGTT	4954	15949	DMSO_U0126_midG_adult1	0.000000000	NP (a) 1/2:V/VI	NP (a) 1/2:V/VI
DMSO_MidG_CCGTTCTTCCTG	2209	 3507	DMSO_U0126_midG_adult1	0.000000000	NP (a) 1/2:V/VI	NP (a) 1/2:V/VI
DMSO_MidG_CCGTTTCCGCTC	1935	 3139	DMSO_U0126_midG_adult1	0.000000000	2˚ Notochord	2˚ Notochord
DMSO_MidG_CCTAATAAGTCT	2812	 5486	DMSO_U0126_midG_adult1	0.109369304	Epidermis (a)	Epidermis (a)
DMSO_MidG_CCTAATGGATGC	3624	 8244	DMSO_U0126_midG_adult2	0.036390102	Epidermis (a)	Epidermis (a)
DMSO_MidG_CCTAGAGGTGTT	3546	10302	DMSO_U0126_midG_adult1	0.728013978	B7.8 Muscle	B7.8 Muscle
DMSO_MidG_CCTAGCGTCTCA	2853	 5989	DMSO_U0126_midG_adult1	0.050091835	NP (a) 1/2:III/IV	NP (a) 1/2:III/IV
DMSO_MidG_CCTCATTCTGGT	4492	14639	DMSO_U0126_midG_adult2	0.280073776	B7.8 Muscle	B7.8 Muscle
DMSO_MidG_CCTCCATTTAAG	3323	 7275	DMSO_U0126_midG_adult2	0.041237113	1˚ Notochord	1˚ Notochord
DMSO_MidG_CCTCCCGGCACG	2810	 5625	DMSO_U0126_midG_adult1	0.017777778	NP (a) 1/2:V/VI	NP (a) 1/2:V/VI
DMSO_MidG_CCTCGGACTGAG	3653	 8776	DMSO_U0126_midG_adult1	0.045578851	Epidermis (b)	Epidermis (b)
DMSO_MidG_CCTCTTCACCGT	1964	 3523	DMSO_U0126_midG_adult1	0.000000000	Epidermis (a)	Epidermis (a)
DMSO_MidG_CCTGAAATCTGA	3026	 5957	DMSO_U0126_midG_adult2	0.100721840	1˚ Notochord	1˚ Notochord
DMSO_MidG_CCTGAAGCGACT	3868	10436	DMSO_U0126_midG_adult1	0.124568800	NP (A) 3:II	NP (A) 3:II
DMSO_MidG_CCTGAGCTTGAT	2996	 5740	DMSO_U0126_midG_adult2	0.017421603	Tail tip epidermis	Tail tip epidermis
DMSO_MidG_CCTGCACATAAG	1873	 2902	DMSO_U0126_midG_adult2	0.172294969	TVC	TVC
DMSO_MidG_CCTGCGATCACT	4124	10667	DMSO_U0126_midG_adult1	0.037498828	NP (a) 1/2:III/IV	NP (a) 1/2:III/IV
DMSO_MidG_CCTGGTAAGGAG	3105	 6348	DMSO_U0126_midG_adult2	0.000000000	1˚ Notochord	1˚ Notochord
DMSO_MidG_CCTGGTAGCAGG	2898	 5867	DMSO_U0126_midG_adult2	0.000000000	Tail tip epidermis	Tail tip epidermis
DMSO_MidG_CCTGGTCCATCG	2910	 5802	DMSO_U0126_midG_adult2	0.000000000	1˚ Notochord	1˚ Notochord
DMSO_MidG_CCTGTCGGCAGC	2338	 3940	DMSO_U0126_midG_adult2	0.000000000	TLC anterior	TLC anterior
DMSO_MidG_CCTGTGCCACAC	2721	 5527	DMSO_U0126_midG_adult1	0.000000000	Epidermis (b)	Epidermis (b)
DMSO_MidG_CCTGTTGAACCG	2726	 5432	DMSO_U0126_midG_adult2	0.092047128	NP (A) 1/2:II	NP (A) 1/2:II
DMSO_MidG_CCTTAACTTCAT	4182	11481	DMSO_U0126_midG_adult1	0.060970299	1˚ Notochord	1˚ Notochord
DMSO_MidG_CCTTCCGCAATG	3646	 8944	DMSO_U0126_midG_adult1	0.011180680	Epidermis (b)	Epidermis (b)
DMSO_MidG_CCTTCGCGATAA	2696	 5234	DMSO_U0126_midG_adult2	0.038211693	1˚ Notochord	1˚ Notochord
DMSO_MidG_CCTTGACATGGT	1973	 3111	DMSO_U0126_midG_adult1	0.000000000	Epidermis (a)	Epidermis (a)
DMSO_MidG_CCTTGCCGCACT	3325	 6981	DMSO_U0126_midG_adult1	0.000000000	NP (a) 1/2:III/IV	NP (a) 1/2:III/IV
DMSO_MidG_CCTTTAAGCCTA	2409	 4422	DMSO_U0126_midG_adult2	0.067842605	2˚ Notochord	2˚ Notochord
DMSO_MidG_CCTTTCAGTTAA	4457	13791	DMSO_U0126_midG_adult1	0.210282068	Endoderm (B)	Endoderm (B)
DMSO_MidG_CGAAACAGGATT	3663	 9056	DMSO_U0126_midG_adult1	0.110424028	DMT epidermis	DMT epidermis
DMSO_MidG_CGAAATGGATCC	4450	12907	DMSO_U0126_midG_adult2	0.015495468	1˚ Notochord	1˚ Notochord
DMSO_MidG_CGAACAGACGCG	4825	15676	DMSO_U0126_midG_adult2	0.006379178	Endoderm (B)	Endoderm (B)
DMSO_MidG_CGAAGCATCGAC	5650	24211	DMSO_U0126_midG_adult1	0.008260708	Endoderm (B)	Endoderm (B)
DMSO_MidG_CGAAGTGCGAGT	3835	 9850	DMSO_U0126_midG_adult2	0.030456853	NP (A) 1/2:I	NP (A) 1/2:I
DMSO_MidG_CGAATCAACGAT	3445	 8006	DMSO_U0126_midG_adult1	0.487134649	B7.4 Muscle	B7.4 Muscle
DMSO_MidG_CGAATCTGTTTA	1925	 3081	DMSO_U0126_midG_adult2	0.681596884	2˚ Notochord	2˚ Notochord
DMSO_MidG_CGAATGTTAATC	3068	 6416	DMSO_U0126_midG_adult1	0.389650873	NP (A) 1/2:I	NP (A) 1/2:I
DMSO_MidG_CGACAAGCTCGA	4284	11788	DMSO_U0126_midG_adult2	0.093315236	NP (A) 3:II	NP (A) 3:II
DMSO_MidG_CGACACATGAAT	2840	 5502	DMSO_U0126_midG_adult1	0.072700836	Epidermis (a)	Epidermis (a)
DMSO_MidG_CGACATTTTCTC	4137	11396	DMSO_U0126_midG_adult1	0.131625132	Epidermis (a)	Epidermis (a)
DMSO_MidG_CGACCATTAGGT	3510	 7950	DMSO_U0126_midG_adult1	0.125786164	Epidermis (b)	Epidermis (b)
DMSO_MidG_CGACCGGACGAG	3375	 7710	DMSO_U0126_midG_adult2	0.012970169	Epidermis (b)	Epidermis (b)
DMSO_MidG_CGACGAGGAGAT	3042	 5988	DMSO_U0126_midG_adult1	0.033400134	DMT epidermis	DMT epidermis
DMSO_MidG_CGACGCACCGAC	3890	10012	DMSO_U0126_midG_adult2	0.000000000	Epidermis (b)	Epidermis (b)
DMSO_MidG_CGACTGAGCGTC	1597	 2604	DMSO_U0126_midG_adult1	0.000000000	Epidermis (b)	Epidermis (b)
DMSO_MidG_CGAGACTTATCT	4519	13771	DMSO_U0126_midG_adult1	0.000000000	Endoderm (A)	Endoderm (A)
DMSO_MidG_CGAGAGCGACGG	3015	 6217	DMSO_U0126_midG_adult1	0.016084928	Epidermis (b)	Epidermis (b)
DMSO_MidG_CGAGGCCGCGTT	4958	18406	DMSO_U0126_midG_adult2	0.010866022	B7.4 Muscle	B7.4 Muscle
DMSO_MidG_CGAGGCCTGCTG	2558	 5066	DMSO_U0126_midG_adult2	0.000000000	Epidermis (a)	Epidermis (a)
DMSO_MidG_CGAGGTCCGGCT	3603	 8756	DMSO_U0126_midG_adult2	0.000000000	Epidermis (a)	Epidermis (a)
DMSO_MidG_CGATAAGTTCGC	3853	10177	DMSO_U0126_midG_adult1	0.304608431	TVC	TVC
DMSO_MidG_CGATCTCATTTT	2862	 6570	DMSO_U0126_midG_adult1	0.243531202	Epidermis (a)	Epidermis (a)
DMSO_MidG_CGATGTCAACGA	2524	 4639	DMSO_U0126_midG_adult2	0.000000000	1˚ Notochord	1˚ Notochord
DMSO_MidG_CGATGTTAGTTT	5233	18581	DMSO_U0126_midG_adult2	0.296001292	TVC	TVC
DMSO_MidG_CGATTTCGTCCC	5426	21205	DMSO_U0126_midG_adult2	0.014147607	NP (a) 1/2:V/VI	NP (a) 1/2:V/VI
DMSO_MidG_CGATTTTCGTTA	3470	 7231	DMSO_U0126_midG_adult2	0.000000000	Epidermis (b)	Epidermis (b)
DMSO_MidG_CGCAAATAATGC	2697	 5033	DMSO_U0126_midG_adult1	0.059606596	DMT epidermis	DMT epidermis
DMSO_MidG_CGCACACTCCCG	3641	 9015	DMSO_U0126_midG_adult2	0.022185247	Epidermis (b)	Epidermis (b)
DMSO_MidG_CGCACCAGTTGT	4401	12693	DMSO_U0126_midG_adult1	0.023635074	NP (A) 1/2:II	NP (A) 1/2:II
DMSO_MidG_CGCACCGCCATG	3480	 8247	DMSO_U0126_midG_adult2	0.000000000	Epidermis (b)	Epidermis (b)
DMSO_MidG_CGCAGAGCTCGC	3121	 6777	DMSO_U0126_midG_adult2	0.000000000	1˚ Notochord	1˚ Notochord
DMSO_MidG_CGCAGGCGAGCA	2175	 3770	DMSO_U0126_midG_adult2	0.000000000	Epidermis (b)	Epidermis (b)
DMSO_MidG_CGCAGTCATCTG	3060	 6308	DMSO_U0126_midG_adult1	0.015852885	Epidermis (a)	Epidermis (a)
DMSO_MidG_CGCAGTGATGAC	4381	12768	DMSO_U0126_midG_adult1	0.007832080	Endoderm (A)	Endoderm (A)
DMSO_MidG_CGCATAATACTG	3363	 7895	DMSO_U0126_midG_adult1	0.291323623	Tail tip epidermis	Tail tip epidermis
DMSO_MidG_CGCATGACGGGA	3027	 6032	DMSO_U0126_midG_adult1	0.000000000	Epidermis (a)	Epidermis (a)
DMSO_MidG_CGCCAGCGGAGT	5294	18520	DMSO_U0126_midG_adult1	0.010799136	NP (b) #1 anterior	NP (b) #1 anterior
DMSO_MidG_CGCCCCAAGAGC	1574	 2492	DMSO_U0126_midG_adult1	0.000000000	Endoderm (A)	Endoderm (A)
DMSO_MidG_CGCCCCGCTGCC	3230	 7940	DMSO_U0126_midG_adult1	0.000000000	Epidermis (b)	Epidermis (b)
DMSO_MidG_CGCCGGGATCGG	2525	 4476	DMSO_U0126_midG_adult1	0.000000000	NP (A) 1/2:I	NP (A) 1/2:I
DMSO_MidG_CGCCGTCTGCAG	3050	 6465	DMSO_U0126_midG_adult1	0.000000000	Epidermis (a)	Epidermis (a)
DMSO_MidG_CGCCTCCCACTA	2818	 5498	DMSO_U0126_midG_adult1	0.000000000	NP (A) 1/2:I	NP (A) 1/2:I
DMSO_MidG_CGCCTCGGGAGA	3659	 8612	DMSO_U0126_midG_adult2	0.069670228	Epidermis (b)	Epidermis (b)
DMSO_MidG_CGCCTTAAGTGG	2007	 3320	DMSO_U0126_midG_adult1	0.120481928	Tail tip epidermis	Tail tip epidermis
DMSO_MidG_CGCGAAAAAAAC	1921	 3133	DMSO_U0126_midG_adult2	0.031918289	TVC	TVC
DMSO_MidG_CGCGAAAACCTG	2511	 4913	DMSO_U0126_midG_adult2	0.020354162	Epidermis (b)	Epidermis (b)
DMSO_MidG_CGCGAAGCACGA	2996	 6358	DMSO_U0126_midG_adult2	0.000000000	B7.4 Muscle	B7.4 Muscle
DMSO_MidG_CGCGATAATACA	3586	 8323	DMSO_U0126_midG_adult2	0.144178782	NP (A) 3:II	NP (A) 3:II
DMSO_MidG_CGCGATGGTTGA	3351	 7410	DMSO_U0126_midG_adult2	0.000000000	Epidermis (b)	Epidermis (b)
DMSO_MidG_CGCGATTCGGTT	2324	 4337	DMSO_U0126_midG_adult1	0.000000000	Tail tip epidermis	Tail tip epidermis
DMSO_MidG_CGCGATTTAGTG	3522	 7825	DMSO_U0126_midG_adult1	0.012779553	TLC anterior	TLC anterior
DMSO_MidG_CGCGCAATCGGT	1623	 2725	DMSO_U0126_midG_adult2	0.000000000	B7.4 Muscle	B7.4 Muscle
DMSO_MidG_CGCGGATACTGA	4826	15851	DMSO_U0126_midG_adult2	0.000000000	Endoderm (A)	Endoderm (A)
DMSO_MidG_CGCGGCTAACAG	4910	16472	DMSO_U0126_midG_adult2	0.000000000	Endoderm (B)	Endoderm (B)
DMSO_MidG_CGCTAGAGCTGC	4265	11351	DMSO_U0126_midG_adult1	0.026429389	Epidermis (b)	Epidermis (b)
DMSO_MidG_CGCTAGCCGGTT	2897	 5490	DMSO_U0126_midG_adult1	0.018214936	Epidermis (b)	Epidermis (b)
DMSO_MidG_CGCTATTGATAG	3473	 7827	DMSO_U0126_midG_adult1	0.140539159	Epidermis (b)	Epidermis (b)
DMSO_MidG_CGCTCAGCGTGA	4543	15742	DMSO_U0126_midG_adult2	0.069876763	B7.8 Muscle	B7.8 Muscle
DMSO_MidG_CGCTCCCCCAGT	3351	 7466	DMSO_U0126_midG_adult2	0.040182159	Epidermis (a)	Epidermis (a)
DMSO_MidG_CGCTCCTGCGCG	2478	 4760	DMSO_U0126_midG_adult1	0.000000000	TVC	TVC
DMSO_MidG_CGCTCGACCTCC	4310	12867	DMSO_U0126_midG_adult1	0.000000000	Epidermis (a)	Epidermis (a)
DMSO_MidG_CGCTCGTCAGGC	3896	10126	DMSO_U0126_midG_adult2	0.009875568	TVC	TVC
DMSO_MidG_CGCTGCTGGATG	3141	 6749	DMSO_U0126_midG_adult2	0.014817010	Epidermis (a)	Epidermis (a)
DMSO_MidG_CGCTTAGCTATT	2531	 5456	DMSO_U0126_midG_adult2	0.018328446	Epidermis (a)	Epidermis (a)
DMSO_MidG_CGGAAACGCGAA	2317	 4265	DMSO_U0126_midG_adult2	0.023446659	Epidermis (b)	Epidermis (b)
DMSO_MidG_CGGACATTCAGC	3319	 7520	DMSO_U0126_midG_adult1	0.066489362	Epidermis (a)	Epidermis (a)
DMSO_MidG_CGGAGCGAGAGG	3466	 9131	DMSO_U0126_midG_adult1	0.065710218	B7.8 Muscle	B7.8 Muscle
DMSO_MidG_CGGAGTAAGCCC	3567	 9361	DMSO_U0126_midG_adult2	0.010682619	Endoderm (A)	Endoderm (A)
DMSO_MidG_CGGCGAGCACAC	1942	 3165	DMSO_U0126_midG_adult2	0.000000000	1˚ Notochord	1˚ Notochord
DMSO_MidG_CGGCGAGCTTGT	2752	 5165	DMSO_U0126_midG_adult1	0.000000000	Epidermis (b)	Epidermis (b)
DMSO_MidG_CGGCGCCGGCGA	3281	 7235	DMSO_U0126_midG_adult2	0.027643400	Epidermis (b)	Epidermis (b)
DMSO_MidG_CGGCGGCGTGAC	2816	 5659	DMSO_U0126_midG_adult1	0.000000000	1˚ Notochord	1˚ Notochord
DMSO_MidG_CGGCGTGCAGTT	3914	 9645	DMSO_U0126_midG_adult1	0.020736133	DMT epidermis	DMT epidermis
DMSO_MidG_CGGCTATCCTGG	3576	 9349	DMSO_U0126_midG_adult2	0.160444967	Germ	Germ
DMSO_MidG_CGGGCGCACTAA	3411	 7356	DMSO_U0126_midG_adult2	0.000000000	Epidermis (a)	Epidermis (a)
DMSO_MidG_CGGGCGTTCGTA	3191	 6820	DMSO_U0126_midG_adult2	0.000000000	1˚ Notochord	1˚ Notochord
DMSO_MidG_CGGGGACCGGAC	3123	 6372	DMSO_U0126_midG_adult1	0.015693660	DMT epidermis	DMT epidermis
DMSO_MidG_CGGGGGTAAGTG	1637	 2677	DMSO_U0126_midG_adult2	0.037355248	Epidermis (b)	Epidermis (b)
DMSO_MidG_CGGGTATAAGCA	1590	 2378	DMSO_U0126_midG_adult2	0.126156434	B8.5 Mesenchyme	B8.5 Mesenchyme
DMSO_MidG_CGGTATGTACTG	2295	 4191	DMSO_U0126_midG_adult2	0.119303269	Epidermis (a)	Epidermis (a)
DMSO_MidG_CGTAAAAGTTTC	3404	 7484	DMSO_U0126_midG_adult2	0.066809193	1˚ Notochord	1˚ Notochord
DMSO_MidG_CGTAAAGATACA	3806	 9728	DMSO_U0126_midG_adult1	0.226151316	NP (a) 1/2:III/IV	NP (a) 1/2:III/IV
DMSO_MidG_CGTAACGTCTAG	3172	 6913	DMSO_U0126_midG_adult2	0.000000000	B7.7 Mesenchyme	B7.7 Mesenchyme
DMSO_MidG_CGTAAGCGGGGC	1652	 2432	DMSO_U0126_midG_adult2	0.000000000	DMT epidermis	DMT epidermis
DMSO_MidG_CGTAAGTGGAGC	2427	 4417	DMSO_U0126_midG_adult2	0.045279602	Epidermis (a)	Epidermis (a)
DMSO_MidG_CGTAATTAGTAT	5706	23760	DMSO_U0126_midG_adult2	0.311447811	Endoderm (B)	Endoderm (B)
DMSO_MidG_CGTACGCACGGG	3020	 6133	DMSO_U0126_midG_adult1	0.000000000	Epidermis (a)	Epidermis (a)
DMSO_MidG_CGTACTTCAACG	3285	 7215	DMSO_U0126_midG_adult2	0.000000000	Epidermis (a)	Epidermis (a)
DMSO_MidG_CGTAGCGGAATG	2434	 4201	DMSO_U0126_midG_adult1	0.047607712	NP (a) 1/2:V/VI	NP (a) 1/2:V/VI
DMSO_MidG_CGTAGCTAGACC	2931	 6134	DMSO_U0126_midG_adult1	0.179328334	NP (A) 1/2:I	NP (A) 1/2:I
DMSO_MidG_CGTAGTGAAGGT	2263	 3842	DMSO_U0126_midG_adult1	0.130140552	Tail tip epidermis	Tail tip epidermis
DMSO_MidG_CGTATGCACCTG	3053	 6514	DMSO_U0126_midG_adult1	0.030703101	TVC	TVC
DMSO_MidG_CGTATGTCTGGT	3522	 7847	DMSO_U0126_midG_adult1	0.127437237	Epidermis (a)	Epidermis (a)
DMSO_MidG_CGTCAATGGTTT	4132	10466	DMSO_U0126_midG_adult2	0.038218995	Epidermis (b)	Epidermis (b)
DMSO_MidG_CGTCAGCTAGTC	4242	11779	DMSO_U0126_midG_adult2	0.025469055	Tail tip epidermis	Tail tip epidermis
DMSO_MidG_CGTCATAGCTTT	1556	 2532	DMSO_U0126_midG_adult1	0.118483412	Epidermis (b)	Epidermis (b)
DMSO_MidG_CGTCCACTCTCT	3429	 7825	DMSO_U0126_midG_adult1	0.153354633	TVC	TVC
DMSO_MidG_CGTCGAATCTGC	3774	 9591	DMSO_U0126_midG_adult2	0.010426441	Endoderm (A)	Endoderm (A)
DMSO_MidG_CGTCGCTAGTAC	2982	 6225	DMSO_U0126_midG_adult2	0.016064257	Epidermis (a)	Epidermis (a)
DMSO_MidG_CGTCGGCGGACA	2964	 5958	DMSO_U0126_midG_adult1	0.000000000	Epidermis (a)	Epidermis (a)
DMSO_MidG_CGTCGGGCACGG	2249	 3750	DMSO_U0126_midG_adult1	0.000000000	NP (a) 3:V/VI	NP (a) 3:V/VI
DMSO_MidG_CGTCGTCAACAA	2261	 3899	DMSO_U0126_midG_adult1	0.000000000	Epidermis (a)	Epidermis (a)
DMSO_MidG_CGTCGTGGTTAA	2849	 5482	DMSO_U0126_midG_adult2	0.072966071	Tail tip epidermis	Tail tip epidermis
DMSO_MidG_CGTGAGCTTGCT	1677	 2570	DMSO_U0126_midG_adult1	0.000000000	Epidermis (a)	Epidermis (a)
DMSO_MidG_CGTGCAAAGACG	1672	 2437	DMSO_U0126_midG_adult2	0.041034058	Tail tip epidermis	Tail tip epidermis
DMSO_MidG_CGTGCGAACCTG	7164	58470	DMSO_U0126_midG_adult1	0.001710279	B7.7 Mesenchyme	B7.7 Mesenchyme
DMSO_MidG_CGTGCTTCTAAC	3398	 7920	DMSO_U0126_midG_adult2	0.151515152	Epidermis (a)	Epidermis (a)
DMSO_MidG_CGTGGCTATGTA	4366	11736	DMSO_U0126_midG_adult2	0.042603954	NP (A) 1/2:I	NP (A) 1/2:I
DMSO_MidG_CGTGGGAACGCT	4340	12546	DMSO_U0126_midG_adult2	0.047824008	NP (b) #2 posterior	NP (b) #2 posterior
DMSO_MidG_CGTGTGAGCTTT	3474	 7478	DMSO_U0126_midG_adult2	0.026745119	Endoderm (A)	Endoderm (A)
DMSO_MidG_CGTGTGTGACGA	2511	 4549	DMSO_U0126_midG_adult1	0.043965707	DMT epidermis	DMT epidermis
DMSO_MidG_CGTTACATAACC	2904	 6198	DMSO_U0126_midG_adult2	0.080671184	Epidermis (b)	Epidermis (b)
DMSO_MidG_CGTTAGACCCCA	3165	 6836	DMSO_U0126_midG_adult2	0.102399064	Epidermis (b)	Epidermis (b)
DMSO_MidG_CGTTAGCGCCAC	1549	 2184	DMSO_U0126_midG_adult1	0.045787546	Tail tip epidermis	Tail tip epidermis
DMSO_MidG_CGTTCCCTTGAT	5433	22051	DMSO_U0126_midG_adult2	0.031744592	Epidermis (a)	Epidermis (a)
DMSO_MidG_CGTTGACCAGGT	3382	 7470	DMSO_U0126_midG_adult1	0.026773762	Epidermis (a)	Epidermis (a)
DMSO_MidG_CGTTTAATGGGG	2843	 5465	DMSO_U0126_midG_adult1	0.109789570	Epidermis (a)	Epidermis (a)
DMSO_MidG_CGTTTCTTTATG	4109	10433	DMSO_U0126_midG_adult2	0.028754912	Endoderm (A)	Endoderm (A)
DMSO_MidG_CGTTTTACGTTT	1680	 2639	DMSO_U0126_midG_adult1	0.000000000	Epidermis (a)	Epidermis (a)
DMSO_MidG_CGTTTTATCCCA	1764	 2676	DMSO_U0126_midG_adult2	0.000000000	Tail tip epidermis	Tail tip epidermis
DMSO_MidG_CGTTTTTCAGAC	3054	 6232	DMSO_U0126_midG_adult1	0.016046213	Epidermis (b)	Epidermis (b)
DMSO_MidG_CTAAACGCGGTC	4107	11103	DMSO_U0126_midG_adult1	0.000000000	Epidermis (b)	Epidermis (b)
DMSO_MidG_CTAAACTCATTC	3843	 9772	DMSO_U0126_midG_adult1	0.347932869	Epidermis (b)	Epidermis (b)
DMSO_MidG_CTAACGACTCTG	3082	 6540	DMSO_U0126_midG_adult1	0.045871560	Epidermis (a)	Epidermis (a)
DMSO_MidG_CTAACTGTCCAA	2923	 5835	DMSO_U0126_midG_adult1	0.102827763	Epidermis (b)	Epidermis (b)
DMSO_MidG_CTAATCCAGCAC	4758	14992	DMSO_U0126_midG_adult2	0.033351121	NP (A) 3:I	NP (A) 3:I
DMSO_MidG_CTACAAAATGTT	4371	12460	DMSO_U0126_midG_adult1	0.337078652	NP (a) 1/2:V/VI	NP (a) 1/2:V/VI
DMSO_MidG_CTACAGCAAGGA	4092	11265	DMSO_U0126_midG_adult2	0.958721704	B7.4 Muscle	B7.4 Muscle
DMSO_MidG_CTACATCACCCA	3141	 6666	DMSO_U0126_midG_adult1	0.075007501	Epidermis (b)	Epidermis (b)
DMSO_MidG_CTACATCCCTAA	3160	 6465	DMSO_U0126_midG_adult1	0.154679041	Epidermis (a)	Epidermis (a)
DMSO_MidG_CTACCGCAAATT	1694	 2786	DMSO_U0126_midG_adult2	0.143575018	Epidermis (a)	Epidermis (a)
DMSO_MidG_CTACCTCGAACC	3288	 7033	DMSO_U0126_midG_adult2	0.028437367	Tail tip epidermis	Tail tip epidermis
DMSO_MidG_CTACGAACGGTC	2307	 3958	DMSO_U0126_midG_adult2	0.101061142	1˚ Notochord	1˚ Notochord
DMSO_MidG_CTACGCGCACGA	2908	 5683	DMSO_U0126_midG_adult2	0.000000000	TLC anterior	TLC anterior
DMSO_MidG_CTACTACTCGCA	2852	 5709	DMSO_U0126_midG_adult1	0.122613417	1˚ Notochord	1˚ Notochord
DMSO_MidG_CTACTTCTATAT	2368	 4379	DMSO_U0126_midG_adult1	0.205526376	NP (a) 1/2:III/IV	NP (a) 1/2:III/IV
DMSO_MidG_CTAGACAGAGGA	2602	 4860	DMSO_U0126_midG_adult2	0.061728395	Epidermis (b)	Epidermis (b)
DMSO_MidG_CTAGCCGTAGCT	4255	11902	DMSO_U0126_midG_adult2	0.008401949	Epidermis (b)	Epidermis (b)
DMSO_MidG_CTAGCCTGACTG	5341	21669	DMSO_U0126_midG_adult1	0.004614888	Endoderm (B)	Endoderm (B)
DMSO_MidG_CTAGCGGATGGG	2924	 5882	DMSO_U0126_midG_adult2	0.000000000	1˚ Notochord	1˚ Notochord
DMSO_MidG_CTAGTAGAACGT	2545	 4652	DMSO_U0126_midG_adult1	0.386930353	1˚ Notochord	1˚ Notochord
DMSO_MidG_CTAGTCTAGCGA	5947	28185	DMSO_U0126_midG_adult1	0.028383892	B7.7 Mesenchyme	B7.7 Mesenchyme
DMSO_MidG_CTAGTGCATTTC	4115	11431	DMSO_U0126_midG_adult2	0.323681218	NP (A) 3:I	NP (A) 3:I
DMSO_MidG_CTATACCCTGTT	2340	 4099	DMSO_U0126_midG_adult1	0.268358136	B8.5 Mesenchyme	B8.5 Mesenchyme
DMSO_MidG_CTATATAGAGTC	2676	 4858	DMSO_U0126_midG_adult2	0.494030465	1˚ Notochord	1˚ Notochord
DMSO_MidG_CTATATCCATTC	4204	11550	DMSO_U0126_midG_adult2	0.337662338	Epidermis (a)	Epidermis (a)
DMSO_MidG_CTATGAATTACA	3607	 9051	DMSO_U0126_midG_adult2	0.132582035	Epidermis (a)	Epidermis (a)
DMSO_MidG_CTATGCAAATCT	2659	 5057	DMSO_U0126_midG_adult2	0.158196559	Epidermis (a)	Epidermis (a)
DMSO_MidG_CTATGTTAATGT	3327	 6951	DMSO_U0126_midG_adult2	0.187023450	NP (a) 3:V/VI	NP (a) 3:V/VI
DMSO_MidG_CTATTAACCTCT	3807	 9489	DMSO_U0126_midG_adult2	0.758773316	NP (A) 1/2:II	NP (A) 1/2:II
DMSO_MidG_CTATTAATGCCG	3872	 9778	DMSO_U0126_midG_adult1	0.040908161	Epidermis (b)	Epidermis (b)
DMSO_MidG_CTATTCACGCAC	4134	11058	DMSO_U0126_midG_adult1	0.027129680	Epidermis (a)	Epidermis (a)
DMSO_MidG_CTATTGGGTTTT	4446	12715	DMSO_U0126_midG_adult1	0.117970901	Epidermis (b)	Epidermis (b)
DMSO_MidG_CTATTGTCTACG	3709	 8971	DMSO_U0126_midG_adult2	0.512763349	NP (A) 1/2:I	NP (A) 1/2:I
DMSO_MidG_CTATTGTTTGAT	4554	13793	DMSO_U0126_midG_adult2	0.014500109	1˚ Notochord	1˚ Notochord
DMSO_MidG_CTCAATCGGACT	2375	 4060	DMSO_U0126_midG_adult1	0.098522167	Tail tip epidermis	Tail tip epidermis
DMSO_MidG_CTCACCAACTAT	4446	13371	DMSO_U0126_midG_adult2	0.224366166	Epidermis (a)	Epidermis (a)
DMSO_MidG_CTCACTGAAGAT	3230	 6888	DMSO_U0126_midG_adult1	0.000000000	NP (a) 3:III/IV	NP (a) 3:III/IV
DMSO_MidG_CTCATCGAGCTG	3834	 9866	DMSO_U0126_midG_adult1	0.010135820	Endoderm (A)	Endoderm (A)
DMSO_MidG_CTCATCGGACAA	3755	 9280	DMSO_U0126_midG_adult1	0.032327586	DMT epidermis	DMT epidermis
DMSO_MidG_CTCATGTTGACG	3494	 8188	DMSO_U0126_midG_adult2	0.109916952	NP (A) 4:I	NP (A) 4:I
DMSO_MidG_CTCATTTCTACT	4410	13763	DMSO_U0126_midG_adult2	0.283368452	Epidermis (b)	Epidermis (b)
DMSO_MidG_CTCATTTTTCTA	4656	15932	DMSO_U0126_midG_adult2	0.935224705	B7.4 Muscle	B7.4 Muscle
DMSO_MidG_CTCCACGCCCCA	4400	12758	DMSO_U0126_midG_adult2	0.086220411	NP (A) 4:I	NP (A) 4:I
DMSO_MidG_CTCCACTGCACA	4110	12339	DMSO_U0126_midG_adult2	0.105356998	B7.4 Muscle	B7.4 Muscle
DMSO_MidG_CTCCAGCCCGCA	1623	 2765	DMSO_U0126_midG_adult1	0.000000000	Epidermis (a)	Epidermis (a)
DMSO_MidG_CTCCATCCTCGA	5041	19511	DMSO_U0126_midG_adult1	0.164010046	B7.4 Muscle	B7.4 Muscle
DMSO_MidG_CTCCCACTCATC	5634	23452	DMSO_U0126_midG_adult2	0.029848201	NP (a) 3:III/IV	NP (a) 3:III/IV
DMSO_MidG_CTCCCAGCTTAA	3873	10036	DMSO_U0126_midG_adult2	0.039856517	Epidermis (a)	Epidermis (a)
DMSO_MidG_CTCCCCCCCTTA	3170	 6579	DMSO_U0126_midG_adult1	0.000000000	Epidermis (a)	Epidermis (a)
DMSO_MidG_CTCCCCGATATA	3304	 7287	DMSO_U0126_midG_adult1	0.013723068	DMT epidermis	DMT epidermis
DMSO_MidG_CTCCCTCACTCT	3065	 7218	DMSO_U0126_midG_adult2	0.027708507	NP (A) 1/2:II	NP (A) 1/2:II
DMSO_MidG_CTCCCTTGAGGC	4366	13517	DMSO_U0126_midG_adult1	0.125767552	B7.4 Muscle	B7.4 Muscle
DMSO_MidG_CTCCGCAGTCCC	2204	 4302	DMSO_U0126_midG_adult2	0.302185030	B7.8 Muscle	B7.8 Muscle
DMSO_MidG_CTCCGTAGGTCC	5431	21382	DMSO_U0126_midG_adult1	0.028060986	Endoderm (A)	Endoderm (A)
DMSO_MidG_CTCCGTCATCAT	3515	 7769	DMSO_U0126_midG_adult2	0.025743339	Epidermis (b)	Epidermis (b)
DMSO_MidG_CTCCGTGGGTAT	2111	 4298	DMSO_U0126_midG_adult1	0.279199628	B7.4 Muscle	B7.4 Muscle
DMSO_MidG_CTCCTCTGAATT	3461	 7890	DMSO_U0126_midG_adult2	0.443599493	NP (A) 1/2:II	NP (A) 1/2:II
DMSO_MidG_CTCCTTACTGTT	3959	10980	DMSO_U0126_midG_adult1	0.136612022	NP (a) 1/2:III/IV	NP (a) 1/2:III/IV
DMSO_MidG_CTCCTTCGCAGG	2127	 3576	DMSO_U0126_midG_adult2	0.055928412	Epidermis (b)	Epidermis (b)
DMSO_MidG_CTCGACTCGCGT	3444	 7641	DMSO_U0126_midG_adult1	0.013087292	Epidermis (a)	Epidermis (a)
DMSO_MidG_CTCGAGAATGTT	2337	 4380	DMSO_U0126_midG_adult2	0.000000000	1˚ Notochord	1˚ Notochord
DMSO_MidG_CTCGATGCACCG	3724	 8868	DMSO_U0126_midG_adult2	0.033829499	Epidermis (b)	Epidermis (b)
DMSO_MidG_CTCGATGGAGTA	2967	 5959	DMSO_U0126_midG_adult2	0.537002853	B8.5 Mesenchyme	B8.5 Mesenchyme
DMSO_MidG_CTCGCAAAAAAC	5070	18902	DMSO_U0126_midG_adult1	0.079356682	Epidermis (a)	Epidermis (a)
DMSO_MidG_CTCGCTTCATCG	4372	12956	DMSO_U0126_midG_adult1	0.007718432	Endoderm (A)	Endoderm (A)
DMSO_MidG_CTCGGCCCACAG	2637	 5318	DMSO_U0126_midG_adult2	0.018804062	Epidermis (b)	Epidermis (b)
DMSO_MidG_CTCGGGGTCATA	3507	 8236	DMSO_U0126_midG_adult2	0.024283633	TLC anterior	TLC anterior
DMSO_MidG_CTCGTCTAAACC	3342	 7680	DMSO_U0126_midG_adult2	0.078125000	Epidermis (a)	Epidermis (a)
DMSO_MidG_CTCGTGGGACCT	5309	20769	DMSO_U0126_midG_adult1	0.019259473	NP (A) 3:II	NP (A) 3:II
DMSO_MidG_CTCGTTGGCGCA	1898	 3093	DMSO_U0126_midG_adult2	0.000000000	Epidermis (a)	Epidermis (a)
DMSO_MidG_CTCTACCTAGCC	2544	 5059	DMSO_U0126_midG_adult2	0.039533505	1˚ Notochord	1˚ Notochord
DMSO_MidG_CTCTCTGGCCTA	3635	 8340	DMSO_U0126_midG_adult1	0.059952038	NP (A) 1/2:I	NP (A) 1/2:I
DMSO_MidG_CTCTGTTCTATG	3832	 9669	DMSO_U0126_midG_adult2	0.786017168	Epidermis (b)	Epidermis (b)
DMSO_MidG_CTCTTAGTTAGC	5376	21450	DMSO_U0126_midG_adult1	0.102564103	Endoderm (B)	Endoderm (B)
DMSO_MidG_CTGAAATGGTGT	4094	10343	DMSO_U0126_midG_adult1	0.067678623	Epidermis (b)	Epidermis (b)
DMSO_MidG_CTGAAGAGGGCA	1575	 2425	DMSO_U0126_midG_adult1	0.164948454	Germ	Germ
DMSO_MidG_CTGAAGATTATT	5449	20088	DMSO_U0126_midG_adult1	0.910991637	NP (a) 1/2:III/IV	NP (a) 1/2:III/IV
DMSO_MidG_CTGAATGTTAGC	4228	11765	DMSO_U0126_midG_adult1	0.552486188	Epidermis (b)	Epidermis (b)
DMSO_MidG_CTGACCAGTAGT	1523	 2352	DMSO_U0126_midG_adult2	0.935374150	B7.4 Muscle	B7.4 Muscle
DMSO_MidG_CTGACTGCTCGG	2563	 4739	DMSO_U0126_midG_adult1	0.105507491	TVC	TVC
DMSO_MidG_CTGATCATGAAA	3814	 9672	DMSO_U0126_midG_adult2	0.392886683	Epidermis (b)	Epidermis (b)
DMSO_MidG_CTGATCCATTAA	3215	 6449	DMSO_U0126_midG_adult1	0.186075361	Epidermis (b)	Epidermis (b)
DMSO_MidG_CTGCAGCGAATC	1982	 3561	DMSO_U0126_midG_adult2	0.056163999	Epidermis (b)	Epidermis (b)
DMSO_MidG_CTGCCAGGCCAG	3693	 8948	DMSO_U0126_midG_adult2	0.011175682	Epidermis (a)	Epidermis (a)
DMSO_MidG_CTGCCCCTTATT	1762	 2627	DMSO_U0126_midG_adult2	0.228397411	B7.7 Mesenchyme	B7.7 Mesenchyme
DMSO_MidG_CTGCGCGACGGG	2904	 5701	DMSO_U0126_midG_adult1	0.000000000	Epidermis (b)	Epidermis (b)
DMSO_MidG_CTGCTCGGCGCA	3084	 6561	DMSO_U0126_midG_adult2	0.000000000	DMT epidermis	DMT epidermis
DMSO_MidG_CTGCTGATCGGG	1520	 2272	DMSO_U0126_midG_adult1	0.044014085	NP (A) 4:I	NP (A) 4:I
DMSO_MidG_CTGCTTCGCACT	4561	14341	DMSO_U0126_midG_adult1	0.027892058	DMT epidermis	DMT epidermis
DMSO_MidG_CTGGACGGTTCA	3786	 9810	DMSO_U0126_midG_adult1	0.040774720	NP (A) 1/2:I	NP (A) 1/2:I
DMSO_MidG_CTGGACTATTCC	3214	 6452	DMSO_U0126_midG_adult1	0.030998140	Epidermis (b)	Epidermis (b)
DMSO_MidG_CTGGAGTTTACA	4075	10564	DMSO_U0126_midG_adult1	0.113593336	Epidermis (b)	Epidermis (b)
DMSO_MidG_CTGGCGATCTTA	3802	 9451	DMSO_U0126_midG_adult2	0.000000000	DMT epidermis	DMT epidermis
DMSO_MidG_CTGGGCTTAATC	2895	 6065	DMSO_U0126_midG_adult2	0.049464138	Epidermis (b)	Epidermis (b)
DMSO_MidG_CTGGGTCTATGT	1568	 2327	DMSO_U0126_midG_adult2	0.000000000	Epidermis (a)	Epidermis (a)
DMSO_MidG_CTGGTCGAATCA	3447	 7464	DMSO_U0126_midG_adult1	0.013397642	2˚ Notochord	2˚ Notochord
DMSO_MidG_CTGTAAGAATTG	6123	30140	DMSO_U0126_midG_adult1	0.092899801	Epidermis (b)	Epidermis (b)
DMSO_MidG_CTGTACACCATG	2671	 5062	DMSO_U0126_midG_adult2	0.158040300	Epidermis (a)	Epidermis (a)
DMSO_MidG_CTGTAGTCATCT	4319	12266	DMSO_U0126_midG_adult2	0.301646829	Epidermis (a)	Epidermis (a)
DMSO_MidG_CTGTGCAGTCGA	2618	 4843	DMSO_U0126_midG_adult2	0.082593434	NP (a) 3:V/VI	NP (a) 3:V/VI
DMSO_MidG_CTGTGGCACTCG	3567	 8495	DMSO_U0126_midG_adult1	0.058858152	NP (A) 3:II	NP (A) 3:II
DMSO_MidG_CTGTTAGAATGG	2158	 3704	DMSO_U0126_midG_adult2	0.026997840	Endoderm (A)	Endoderm (A)
DMSO_MidG_CTGTTTTTACGA	2117	 3443	DMSO_U0126_midG_adult1	0.145222190	2˚ Notochord	2˚ Notochord
DMSO_MidG_CTTAAGATGAGG	4403	13190	DMSO_U0126_midG_adult2	0.833965125	B7.4 Muscle	B7.4 Muscle
DMSO_MidG_CTTAAGCGTTTA	3104	 6334	DMSO_U0126_midG_adult1	0.015787812	Epidermis (a)	Epidermis (a)
DMSO_MidG_CTTAAGTGCGTT	5388	21018	DMSO_U0126_midG_adult1	0.000000000	1˚ Notochord	1˚ Notochord
DMSO_MidG_CTTAAGTGGGGA	2260	 3820	DMSO_U0126_midG_adult1	0.026178010	B7.7 Mesenchyme	B7.7 Mesenchyme
DMSO_MidG_CTTACGAAAAAT	3165	 6432	DMSO_U0126_midG_adult2	0.513059701	NP (a) 1/2:III/IV	NP (a) 1/2:III/IV
DMSO_MidG_CTTACGCGCACT	2954	 6017	DMSO_U0126_midG_adult1	0.000000000	2˚ Notochord	2˚ Notochord
DMSO_MidG_CTTAGCGGCGCG	1956	 3044	DMSO_U0126_midG_adult1	0.032851511	NP (A) 1/2:I	NP (A) 1/2:I
DMSO_MidG_CTTATAATCCTC	4555	14048	DMSO_U0126_midG_adult2	1.288439636	NP (A) 1/2:II	NP (A) 1/2:II
DMSO_MidG_CTTATCAGGCGC	4301	11902	DMSO_U0126_midG_adult2	0.025205848	NP (A) 1/2:II	NP (A) 1/2:II
DMSO_MidG_CTTATGGTATGA	2453	 4256	DMSO_U0126_midG_adult1	0.258458647	Epidermis (b)	Epidermis (b)
DMSO_MidG_CTTATTATATAT	3433	 7890	DMSO_U0126_midG_adult2	1.013941698	Epidermis (a)	Epidermis (a)
DMSO_MidG_CTTATTATTTGG	5544	21501	DMSO_U0126_midG_adult1	0.009301893	Endoderm (A)	Endoderm (A)
DMSO_MidG_CTTCACAGCTTT	4484	13094	DMSO_U0126_midG_adult2	0.000000000	Endoderm (A)	Endoderm (A)
DMSO_MidG_CTTCATAACTTA	2489	 4660	DMSO_U0126_midG_adult2	0.214592275	Epidermis (a)	Epidermis (a)
DMSO_MidG_CTTCCGGCGTCT	5088	17723	DMSO_U0126_midG_adult2	0.005642386	Endoderm (A)	Endoderm (A)
DMSO_MidG_CTTCGCCCCTGA	2672	 5325	DMSO_U0126_midG_adult2	0.000000000	1˚ Notochord	1˚ Notochord
DMSO_MidG_CTTCGTTGGGAG	2953	 5914	DMSO_U0126_midG_adult1	0.016909029	Endoderm (A)	Endoderm (A)
DMSO_MidG_CTTCTAGACCCG	2596	 5109	DMSO_U0126_midG_adult2	0.000000000	TLC posterior	TLC posterior
DMSO_MidG_CTTCTCTAAGTT	3155	 6587	DMSO_U0126_midG_adult1	0.197358433	Epidermis (b)	Epidermis (b)
DMSO_MidG_CTTCTTTACGAT	4242	11687	DMSO_U0126_midG_adult1	0.162573800	Epidermis (a)	Epidermis (a)
DMSO_MidG_CTTGACACCGAT	2813	 5562	DMSO_U0126_midG_adult2	0.107874865	Epidermis (b)	Epidermis (b)
DMSO_MidG_CTTGCGCCGATT	4903	17233	DMSO_U0126_midG_adult2	0.000000000	Epidermis (a)	Epidermis (a)
DMSO_MidG_CTTGCGTAGCTC	2837	 5852	DMSO_U0126_midG_adult1	0.000000000	Epidermis (a)	Epidermis (a)
DMSO_MidG_CTTGCTAAGCGG	1940	 3442	DMSO_U0126_midG_adult2	0.000000000	Epidermis (a)	Epidermis (a)
DMSO_MidG_CTTGGACGTATC	1909	 3285	DMSO_U0126_midG_adult2	0.091324201	Epidermis (b)	Epidermis (b)
DMSO_MidG_CTTGGAGTTAAT	2664	 5780	DMSO_U0126_midG_adult1	0.570934256	B7.8 Muscle	B7.8 Muscle
DMSO_MidG_CTTGGCCGCGGT	2880	 5548	DMSO_U0126_midG_adult1	0.018024513	NP (A) 1/2:II	NP (A) 1/2:II
DMSO_MidG_CTTGTACTTTTG	6934	49087	DMSO_U0126_midG_adult1	0.189459531	NP (A) 1/2:II	NP (A) 1/2:II
DMSO_MidG_CTTGTATGACTG	5532	21898	DMSO_U0126_midG_adult2	0.146132067	NP (a) 1/2:V/VI	NP (a) 1/2:V/VI
DMSO_MidG_CTTGTCAGAATG	4019	10490	DMSO_U0126_midG_adult1	0.095328885	Epidermis (a)	Epidermis (a)
DMSO_MidG_CTTGTCGCTGAT	3707	 8759	DMSO_U0126_midG_adult2	0.011416828	NP (a) 1/2:V/VI	NP (a) 1/2:V/VI
DMSO_MidG_CTTGTTCACCGC	3553	 8480	DMSO_U0126_midG_adult2	0.000000000	Epidermis (b)	Epidermis (b)
DMSO_MidG_CTTTAAGGCCGC	3043	 6012	DMSO_U0126_midG_adult1	0.000000000	Epidermis (a)	Epidermis (a)
DMSO_MidG_CTTTCCAACCCA	6211	36817	DMSO_U0126_midG_adult2	0.119510009	B7.8 Muscle	B7.8 Muscle
DMSO_MidG_CTTTCGCGACAC	4626	16011	DMSO_U0126_midG_adult1	0.024982824	B7.8 Muscle	B7.8 Muscle
DMSO_MidG_CTTTTAACTCGC	3235	 7074	DMSO_U0126_midG_adult1	0.014136274	Epidermis (b)	Epidermis (b)
DMSO_MidG_CTTTTCGTGTGC	4444	12938	DMSO_U0126_midG_adult2	0.015458340	Epidermis (b)	Epidermis (b)
DMSO_MidG_CTTTTGCAATCG	4171	11499	DMSO_U0126_midG_adult2	0.252195843	NP (A) 1/2:II	NP (A) 1/2:II
DMSO_MidG_CTTTTGTATCCC	3594	 8087	DMSO_U0126_midG_adult1	0.061827625	Epidermis (b)	Epidermis (b)
DMSO_MidG_CTTTTTATTGCC	5179	18760	DMSO_U0126_midG_adult1	0.015991471	Epidermis (a)	Epidermis (a)
DMSO_MidG_CTTTTTTTAGAT	3579	 8159	DMSO_U0126_midG_adult2	0.085794828	Epidermis (a)	Epidermis (a)
DMSO_MidG_GAAAAGAAATCC	3305	 7395	DMSO_U0126_midG_adult2	0.243407708	1˚ Notochord	1˚ Notochord
DMSO_MidG_GAAACACATGAG	3202	 7041	DMSO_U0126_midG_adult2	0.340860673	Epidermis (a)	Epidermis (a)
DMSO_MidG_GAAACGTTTGTC	4311	12050	DMSO_U0126_midG_adult2	0.041493776	1˚ Notochord	1˚ Notochord
DMSO_MidG_GAAAGACCCTTT	3929	10138	DMSO_U0126_midG_adult1	0.098638785	Epidermis (b)	Epidermis (b)
DMSO_MidG_GAAAGACGACAA	3264	 7389	DMSO_U0126_midG_adult2	0.121802680	Epidermis (a)	Epidermis (a)
DMSO_MidG_GAAATCAATGCA	4529	13607	DMSO_U0126_midG_adult2	0.058793268	Endoderm (B)	Endoderm (B)
DMSO_MidG_GAAATTCGCTTG	1558	 2390	DMSO_U0126_midG_adult2	0.041841004	NP (a) 1/2:V/VI	NP (a) 1/2:V/VI
DMSO_MidG_GAAATTTGATCC	4584	16276	DMSO_U0126_midG_adult1	0.301056771	B7.4 Muscle	B7.4 Muscle
DMSO_MidG_GAAATTTGATTA	2857	 5422	DMSO_U0126_midG_adult1	0.092216894	Epidermis (b)	Epidermis (b)
DMSO_MidG_GAACAAATTAAG	5751	24912	DMSO_U0126_midG_adult2	0.104367373	Epidermis (b)	Epidermis (b)
DMSO_MidG_GAACAGCTCAAG	3217	 6896	DMSO_U0126_midG_adult1	0.101508121	Epidermis (b)	Epidermis (b)
DMSO_MidG_GAACCTCCACCA	2346	 4024	DMSO_U0126_midG_adult1	0.000000000	Epidermis (b)	Epidermis (b)
DMSO_MidG_GAACCTTCTGCG	2552	 4500	DMSO_U0126_midG_adult1	0.000000000	B7.7 Mesenchyme	B7.7 Mesenchyme
DMSO_MidG_GAACGATCCGTG	2954	 5940	DMSO_U0126_midG_adult1	0.033670034	Epidermis (a)	Epidermis (a)
DMSO_MidG_GAACGGATTATA	4518	14906	DMSO_U0126_midG_adult2	0.523279216	B7.4 Muscle	B7.4 Muscle
DMSO_MidG_GAACGTACAAGG	2258	 3990	DMSO_U0126_midG_adult2	0.100250627	1˚ Notochord	1˚ Notochord
DMSO_MidG_GAACGTGGATCA	4348	11965	DMSO_U0126_midG_adult2	0.066861680	TLC posterior	TLC posterior
DMSO_MidG_GAACTATTGTAT	3995	 9786	DMSO_U0126_midG_adult2	0.194154915	Epidermis (a)	Epidermis (a)
DMSO_MidG_GAAGAAAAGATC	5038	19393	DMSO_U0126_midG_adult2	1.180838447	B7.4 Muscle	B7.4 Muscle
DMSO_MidG_GAAGAGTTCAAT	2027	 3345	DMSO_U0126_midG_adult2	0.179372197	Germ	Germ
DMSO_MidG_GAAGCATAAACA	3416	 7607	DMSO_U0126_midG_adult2	0.078874721	1˚ Notochord	1˚ Notochord
DMSO_MidG_GAAGCCTGTACT	2679	 4866	DMSO_U0126_midG_adult2	0.041101521	Epidermis (b)	Epidermis (b)
DMSO_MidG_GAAGCGGCTTAA	3524	 7950	DMSO_U0126_midG_adult1	0.037735849	Epidermis (b)	Epidermis (b)
DMSO_MidG_GAAGGCAACACC	3235	 7003	DMSO_U0126_midG_adult1	0.042838783	Epidermis (b)	Epidermis (b)
DMSO_MidG_GAAGGGGGTCGG	3523	 7593	DMSO_U0126_midG_adult1	0.000000000	TLC posterior	TLC posterior
DMSO_MidG_GAAGGGTAGTAT	4840	15697	DMSO_U0126_midG_adult2	0.133783526	Endoderm (A)	Endoderm (A)
DMSO_MidG_GAAGGTGCGTAA	2262	 4233	DMSO_U0126_midG_adult1	0.000000000	1˚ Notochord	1˚ Notochord
DMSO_MidG_GAAGTCAAAATA	1591	 2535	DMSO_U0126_midG_adult2	1.617357002	TLC posterior	TLC posterior
DMSO_MidG_GAAGTTAAACTC	1582	 2473	DMSO_U0126_midG_adult1	1.819652244	TVC	TVC
DMSO_MidG_GAATATTACAGC	2631	 5035	DMSO_U0126_midG_adult2	0.675273088	Epidermis (a)	Epidermis (a)
DMSO_MidG_GAATCCGCTCGA	4069	11362	DMSO_U0126_midG_adult2	0.017602535	Tail tip epidermis	Tail tip epidermis
DMSO_MidG_GAATCGCTTTTA	4541	13822	DMSO_U0126_midG_adult1	0.036174215	Endoderm (B)	Endoderm (B)
DMSO_MidG_GAATGAGAGTCG	1882	 3056	DMSO_U0126_midG_adult2	0.065445026	Epidermis (a)	Epidermis (a)
DMSO_MidG_GAATGCCCGCAA	2234	 3871	DMSO_U0126_midG_adult2	0.000000000	NP (a) 3:V/VI	NP (a) 3:V/VI
DMSO_MidG_GAATGGATAGAA	5346	20765	DMSO_U0126_midG_adult2	0.414158440	NP (A) 1/2:II	NP (A) 1/2:II
DMSO_MidG_GAATTTGATAGC	2873	 5320	DMSO_U0126_midG_adult2	0.000000000	Epidermis (a)	Epidermis (a)
DMSO_MidG_GACAGCACTCAC	2042	 3426	DMSO_U0126_midG_adult1	0.087565674	Epidermis (b)	Epidermis (b)
DMSO_MidG_GACAGCTGCTTG	3466	 8350	DMSO_U0126_midG_adult2	0.095808383	TLC posterior	TLC posterior
DMSO_MidG_GACAGTCCATCG	2585	 4912	DMSO_U0126_midG_adult2	0.040716612	Epidermis (b)	Epidermis (b)
DMSO_MidG_GACATGCGAATC	4228	11892	DMSO_U0126_midG_adult2	0.084090145	Epidermis (b)	Epidermis (b)
DMSO_MidG_GACATTAATGGG	1775	 2793	DMSO_U0126_midG_adult1	0.071607590	Epidermis (a)	Epidermis (a)
DMSO_MidG_GACATTCCTCAT	2017	 3191	DMSO_U0126_midG_adult2	0.000000000	Epidermis (a)	Epidermis (a)
DMSO_MidG_GACCAAAAAACC	3937	 9526	DMSO_U0126_midG_adult2	0.052487928	NP (a) 3:III/IV	NP (a) 3:III/IV
DMSO_MidG_GACCACGTCTTG	3056	 5968	DMSO_U0126_midG_adult1	0.000000000	NP (b) #2 posterior	NP (b) #2 posterior
DMSO_MidG_GACCAGCGCCAC	2227	 3838	DMSO_U0126_midG_adult1	0.000000000	1˚ Notochord	1˚ Notochord
DMSO_MidG_GACCATCATAGA	3801	 9706	DMSO_U0126_midG_adult1	0.123634865	TLC posterior	TLC posterior
DMSO_MidG_GACCCGGGGAGC	2548	 4524	DMSO_U0126_midG_adult2	0.000000000	Epidermis (a)	Epidermis (a)
DMSO_MidG_GACCGAAGATCA	3983	10957	DMSO_U0126_midG_adult2	0.401569773	NP (A) 4:I	NP (A) 4:I
DMSO_MidG_GACCGAGATACG	3804	 9529	DMSO_U0126_midG_adult2	0.115437087	Epidermis (b)	Epidermis (b)
DMSO_MidG_GACCGGATGTAG	4077	10617	DMSO_U0126_midG_adult1	0.226052557	B7.4 Muscle	B7.4 Muscle
DMSO_MidG_GACCGGGGTGCA	4841	16748	DMSO_U0126_midG_adult2	0.005970862	Endoderm (B)	Endoderm (B)
DMSO_MidG_GACGAACCTCGT	4541	13771	DMSO_U0126_midG_adult1	0.130709462	NP (A) 1/2:I	NP (A) 1/2:I
DMSO_MidG_GACGCCAGATGA	2522	 4423	DMSO_U0126_midG_adult2	0.067827267	DMT epidermis	DMT epidermis
DMSO_MidG_GACGCTATGGAA	3032	 5863	DMSO_U0126_midG_adult1	0.017056115	Endoderm (A)	Endoderm (A)
DMSO_MidG_GACGCTTAGGCC	3188	 6729	DMSO_U0126_midG_adult2	0.000000000	Epidermis (b)	Epidermis (b)
DMSO_MidG_GACGGTCGTCGG	2531	 4534	DMSO_U0126_midG_adult2	0.044111160	NP (a) 1/2:V/VI	NP (a) 1/2:V/VI
DMSO_MidG_GACGGTTGGTCT	3589	 8322	DMSO_U0126_midG_adult1	0.012016342	Epidermis (b)	Epidermis (b)
DMSO_MidG_GACGTAATGGGA	4875	15591	DMSO_U0126_midG_adult2	0.121865179	TLC posterior	TLC posterior
DMSO_MidG_GACGTCCTAGAA	2761	 5283	DMSO_U0126_midG_adult1	0.075714556	Epidermis (a)	Epidermis (a)
DMSO_MidG_GACGTGTACCCG	3150	 6622	DMSO_U0126_midG_adult1	0.030202356	TVC	TVC
DMSO_MidG_GACTAACCTGAA	2905	 5822	DMSO_U0126_midG_adult1	0.188938509	1˚ Notochord	1˚ Notochord
DMSO_MidG_GACTAAGGCCAC	1931	 3736	DMSO_U0126_midG_adult1	0.026766595	B7.8 Muscle	B7.8 Muscle
DMSO_MidG_GACTACCATGCG	2721	 5441	DMSO_U0126_midG_adult1	0.110273847	B7.4 Muscle	B7.4 Muscle
DMSO_MidG_GACTAGCGAAGC	3449	 7842	DMSO_U0126_midG_adult2	0.025503698	Endoderm (A)	Endoderm (A)
DMSO_MidG_GACTCGTATAGC	1657	 2450	DMSO_U0126_midG_adult1	0.040816327	Epidermis (a)	Epidermis (a)
DMSO_MidG_GACTGAAACTTG	2526	 4849	DMSO_U0126_midG_adult2	0.061868426	DMT epidermis	DMT epidermis
DMSO_MidG_GACTGCGAAAAG	1597	 2328	DMSO_U0126_midG_adult1	0.085910653	Tail tip epidermis	Tail tip epidermis
DMSO_MidG_GACTGCGTCAAT	4231	11285	DMSO_U0126_midG_adult2	0.044306602	NP (A) 1/2:II	NP (A) 1/2:II
DMSO_MidG_GAGAATAGCAGT	2963	 6010	DMSO_U0126_midG_adult2	0.665557404	Tail tip epidermis	Tail tip epidermis
DMSO_MidG_GAGACATGAATC	1559	 2428	DMSO_U0126_midG_adult2	0.288303130	Endoderm (A)	Endoderm (A)
DMSO_MidG_GAGACCTGGCGA	2902	 5908	DMSO_U0126_midG_adult1	0.016926202	1˚ Notochord	1˚ Notochord
DMSO_MidG_GAGAGCTGGAAT	4730	14397	DMSO_U0126_midG_adult1	0.104188373	NP (A) 1/2:II	NP (A) 1/2:II
DMSO_MidG_GAGAGCTTTGCG	4108	10607	DMSO_U0126_midG_adult2	0.065994155	NP (a) 3:III/IV	NP (a) 3:III/IV
DMSO_MidG_GAGAGTGTAGGA	4351	11953	DMSO_U0126_midG_adult2	0.033464402	Endoderm (B)	Endoderm (B)
DMSO_MidG_GAGATCCCGCTC	3513	 9639	DMSO_U0126_midG_adult2	0.010374520	B7.4 Muscle	B7.4 Muscle
DMSO_MidG_GAGATCTTGAAG	3028	 6965	DMSO_U0126_midG_adult2	0.344580043	TVC	TVC
DMSO_MidG_GAGATGCATCAG	3840	11292	DMSO_U0126_midG_adult1	0.425079702	B7.4 Muscle	B7.4 Muscle
DMSO_MidG_GAGATTACCCTA	2816	 5491	DMSO_U0126_midG_adult2	0.273174285	NP (A) 1/2:I	NP (A) 1/2:I
DMSO_MidG_GAGATTTAGGGC	3225	 6585	DMSO_U0126_midG_adult1	0.045558087	Epidermis (a)	Epidermis (a)
DMSO_MidG_GAGCAGCCGAGA	3864	 9857	DMSO_U0126_midG_adult2	0.030435224	Epidermis (b)	Epidermis (b)
DMSO_MidG_GAGCCAAAGCAC	2554	 4499	DMSO_U0126_midG_adult1	0.000000000	Epidermis (a)	Epidermis (a)
DMSO_MidG_GAGCCAGTACGT	3494	 7828	DMSO_U0126_midG_adult2	0.038323965	Epidermis (a)	Epidermis (a)
DMSO_MidG_GAGCGCTAAGGC	1854	 2909	DMSO_U0126_midG_adult1	0.000000000	B7.7 Mesenchyme	B7.7 Mesenchyme
DMSO_MidG_GAGCGGGACCGT	1966	 3190	DMSO_U0126_midG_adult1	0.000000000	Tail tip epidermis	Tail tip epidermis
DMSO_MidG_GAGCGGTAGACT	2545	 4560	DMSO_U0126_midG_adult1	0.000000000	Epidermis (b)	Epidermis (b)
DMSO_MidG_GAGCTCATAGTG	2014	 3324	DMSO_U0126_midG_adult1	0.030084236	Epidermis (b)	Epidermis (b)
DMSO_MidG_GAGCTGACACGC	4428	12483	DMSO_U0126_midG_adult1	0.032043579	NP (b) #1 anterior	NP (b) #1 anterior
DMSO_MidG_GAGCTGTCATCC	2926	 5780	DMSO_U0126_midG_adult2	0.017301038	1˚ Notochord	1˚ Notochord
DMSO_MidG_GAGGAAAAATAC	2248	 3942	DMSO_U0126_midG_adult1	0.253678336	Epidermis (b)	Epidermis (b)
DMSO_MidG_GAGGAACCTGTC	3069	 6355	DMSO_U0126_midG_adult1	0.000000000	Endoderm (A)	Endoderm (A)
DMSO_MidG_GAGGACTGTCAG	5247	19931	DMSO_U0126_midG_adult2	0.005017310	B7.7 Mesenchyme	B7.7 Mesenchyme
DMSO_MidG_GAGGATCCTCTT	2090	 3467	DMSO_U0126_midG_adult1	0.086530141	NP (A) 4:I	NP (A) 4:I
DMSO_MidG_GAGGCAGACGCG	3561	 8958	DMSO_U0126_midG_adult1	0.066979236	B7.4 Muscle	B7.4 Muscle
DMSO_MidG_GAGGCAGTACCC	2639	 4871	DMSO_U0126_midG_adult2	0.000000000	Epidermis (a)	Epidermis (a)
DMSO_MidG_GAGGCGTACTGG	3150	 6578	DMSO_U0126_midG_adult1	0.000000000	Epidermis (a)	Epidermis (a)
DMSO_MidG_GAGGCTCCTTGT	2074	 3693	DMSO_U0126_midG_adult2	0.027078256	Epidermis (a)	Epidermis (a)
DMSO_MidG_GAGGGACGTTAA	1722	 2644	DMSO_U0126_midG_adult1	0.075642965	Endoderm (A)	Endoderm (A)
DMSO_MidG_GAGGGATGCTGC	1574	 2473	DMSO_U0126_midG_adult2	0.000000000	Epidermis (a)	Epidermis (a)
DMSO_MidG_GAGGGCCTCATC	4580	16788	DMSO_U0126_midG_adult2	0.041696450	Germ	Germ
DMSO_MidG_GAGGTATTGAAG	3822	10475	DMSO_U0126_midG_adult1	0.162291169	NP (a) 1/2:III/IV	NP (a) 1/2:III/IV
DMSO_MidG_GAGGTTAGAGGA	3234	 6490	DMSO_U0126_midG_adult2	0.077041602	DMT epidermis	DMT epidermis
DMSO_MidG_GAGTAGGAGACG	2260	 3880	DMSO_U0126_midG_adult2	0.103092784	Epidermis (b)	Epidermis (b)
DMSO_MidG_GAGTCTCCCAGG	5828	27526	DMSO_U0126_midG_adult1	0.010898787	NP (A) 3:I	NP (A) 3:I
DMSO_MidG_GAGTGGCATTTC	3015	 6595	DMSO_U0126_midG_adult1	0.060652009	Epidermis (b)	Epidermis (b)
DMSO_MidG_GAGTGGTCGCGT	3300	 6592	DMSO_U0126_midG_adult1	0.015169903	Epidermis (a)	Epidermis (a)
DMSO_MidG_GAGTTAGACCAA	3600	 8819	DMSO_U0126_midG_adult1	0.034017462	Endoderm (A)	Endoderm (A)
DMSO_MidG_GAGTTCATTCCA	3661	 9533	DMSO_U0126_midG_adult2	0.199307668	Tail tip epidermis	Tail tip epidermis
DMSO_MidG_GAGTTGCTCAGA	2188	 3725	DMSO_U0126_midG_adult2	0.214765101	Tail tip epidermis	Tail tip epidermis
DMSO_MidG_GAGTTTAAAAAA	2116	 3741	DMSO_U0126_midG_adult1	0.106923283	Endoderm (A)	Endoderm (A)
DMSO_MidG_GAGTTTTAGACC	2160	 3699	DMSO_U0126_midG_adult2	0.108137334	NP (A) 1/2:I	NP (A) 1/2:I
DMSO_MidG_GATAAATGAGAA	1653	 2713	DMSO_U0126_midG_adult2	1.326944342	Epidermis (a)	Epidermis (a)
DMSO_MidG_GATAATATGTGG	3107	 6667	DMSO_U0126_midG_adult2	0.419979001	Epidermis (b)	Epidermis (b)
DMSO_MidG_GATAATCCTTTT	4476	13616	DMSO_U0126_midG_adult2	1.035546416	NP (A) 1/2:II	NP (A) 1/2:II
DMSO_MidG_GATACGCTTAAA	2159	 3766	DMSO_U0126_midG_adult2	0.212426978	Epidermis (a)	Epidermis (a)
DMSO_MidG_GATAGCGTTACC	5441	20775	DMSO_U0126_midG_adult2	0.057761733	NP (a) 3:III/IV	NP (a) 3:III/IV
DMSO_MidG_GATAGTCCCTTG	4089	11361	DMSO_U0126_midG_adult1	0.052812252	1˚ Notochord	1˚ Notochord
DMSO_MidG_GATAGTTCGAGC	2264	 4237	DMSO_U0126_midG_adult1	0.047203210	Epidermis (a)	Epidermis (a)
DMSO_MidG_GATATACACGCA	2006	 3453	DMSO_U0126_midG_adult2	0.260642919	NP (A) 1/2:I	NP (A) 1/2:I
DMSO_MidG_GATATCAACTTA	5053	19695	DMSO_U0126_midG_adult2	2.939832445	B7.4 Muscle	B7.4 Muscle
DMSO_MidG_GATATGTACTGA	4183	10870	DMSO_U0126_midG_adult1	0.266789328	NP (a) 1/2:III/IV	NP (a) 1/2:III/IV
DMSO_MidG_GATATGTGGCGA	2306	 4153	DMSO_U0126_midG_adult2	0.000000000	NP (A) 1/2:I	NP (A) 1/2:I
DMSO_MidG_GATATGTTAGGT	4438	12644	DMSO_U0126_midG_adult1	0.166086681	Endoderm (A)	Endoderm (A)
DMSO_MidG_GATATTATGTTA	2339	 4771	DMSO_U0126_midG_adult2	2.452316076	B7.8 Muscle	B7.8 Muscle
DMSO_MidG_GATCAAATTGGG	2208	 3682	DMSO_U0126_midG_adult1	0.054318305	Epidermis (a)	Epidermis (a)
DMSO_MidG_GATCACGAATCC	3156	 6507	DMSO_U0126_midG_adult1	0.169048717	Tail tip epidermis	Tail tip epidermis
DMSO_MidG_GATCACGGGACT	2157	 3659	DMSO_U0126_midG_adult2	0.000000000	1˚ Notochord	1˚ Notochord
DMSO_MidG_GATCCGAAGTTC	2945	 5712	DMSO_U0126_midG_adult1	0.052521008	Epidermis (a)	Epidermis (a)
DMSO_MidG_GATCCTTTACAG	3614	 8471	DMSO_U0126_midG_adult1	0.247904616	NP (A) 1/2:II	NP (A) 1/2:II
DMSO_MidG_GATCGAAGGGGT	2421	 4177	DMSO_U0126_midG_adult1	0.023940627	Epidermis (b)	Epidermis (b)
DMSO_MidG_GATCGTCAAGGG	5101	17027	DMSO_U0126_midG_adult2	0.005873025	Endoderm (A)	Endoderm (A)
DMSO_MidG_GATCTAGCCAAG	2742	 5428	DMSO_U0126_midG_adult1	0.073691968	Epidermis (b)	Epidermis (b)
DMSO_MidG_GATCTATAACTT	4123	10918	DMSO_U0126_midG_adult2	0.686939000	Epidermis (b)	Epidermis (b)
DMSO_MidG_GATGCGGCCCGT	3839	 9609	DMSO_U0126_midG_adult2	0.010406910	Endoderm (B)	Endoderm (B)
DMSO_MidG_GATGCGGTGAAG	4219	10593	DMSO_U0126_midG_adult2	0.000000000	NP (a) 1/2:V/VI	NP (a) 1/2:V/VI
DMSO_MidG_GATGGCGCTTCA	4141	10928	DMSO_U0126_midG_adult2	0.009150805	Epidermis (b)	Epidermis (b)
DMSO_MidG_GATGGCGTCCTT	3110	 6067	DMSO_U0126_midG_adult2	0.000000000	Epidermis (b)	Epidermis (b)
DMSO_MidG_GATGGGTCTACC	2311	 4204	DMSO_U0126_midG_adult1	0.000000000	Epidermis (b)	Epidermis (b)
DMSO_MidG_GATTAACGAACA	3859	 9876	DMSO_U0126_midG_adult2	0.648035642	Epidermis (b)	Epidermis (b)
DMSO_MidG_GATTACAGCTTA	4054	10887	DMSO_U0126_midG_adult1	0.496004409	Tail tip epidermis	Tail tip epidermis
DMSO_MidG_GATTACGTCGTA	4178	11664	DMSO_U0126_midG_adult1	0.017146776	Epidermis (b)	Epidermis (b)
DMSO_MidG_GATTCGATAGTA	2171	 3921	DMSO_U0126_midG_adult1	0.535577659	Epidermis (a)	Epidermis (a)
DMSO_MidG_GATTCGTATTGT	2552	 4535	DMSO_U0126_midG_adult2	1.080485116	NP (A) 1/2:I	NP (A) 1/2:I
DMSO_MidG_GATTGCCTGCGG	2912	 5879	DMSO_U0126_midG_adult1	0.000000000	Epidermis (a)	Epidermis (a)
DMSO_MidG_GATTGTGCCCGT	3849	10097	DMSO_U0126_midG_adult2	0.059423591	B7.4 Muscle	B7.4 Muscle
DMSO_MidG_GATTGTGTCTAA	3626	 8402	DMSO_U0126_midG_adult2	0.166626994	Epidermis (b)	Epidermis (b)
DMSO_MidG_GATTTAATCCAT	1827	 3146	DMSO_U0126_midG_adult1	0.127145582	Endoderm (A)	Endoderm (A)
DMSO_MidG_GATTTACAGCAC	1596	 2618	DMSO_U0126_midG_adult2	0.000000000	Tail tip epidermis	Tail tip epidermis
DMSO_MidG_GATTTGCGTAAG	2339	 4716	DMSO_U0126_midG_adult2	0.063613232	Epidermis (a)	Epidermis (a)
DMSO_MidG_GCAAAAGTGCGA	4257	13112	DMSO_U0126_midG_adult2	0.305064063	B7.4 Muscle	B7.4 Muscle
DMSO_MidG_GCAAACTATAGG	4567	12854	DMSO_U0126_midG_adult2	0.365644935	NP (a) 1/2:III/IV	NP (a) 1/2:III/IV
DMSO_MidG_GCAACTGTCTTC	1620	 2488	DMSO_U0126_midG_adult2	0.000000000	1˚ Notochord	1˚ Notochord
DMSO_MidG_GCAAGAGCATTT	4875	15665	DMSO_U0126_midG_adult1	0.185126077	NP (A) 1/2:II	NP (A) 1/2:II
DMSO_MidG_GCAAGATGAGAA	3504	 7380	DMSO_U0126_midG_adult2	0.067750678	NP (b) #2 posterior	NP (b) #2 posterior
DMSO_MidG_GCAAGGCAAGAG	4310	11709	DMSO_U0126_midG_adult1	0.042702195	Epidermis (a)	Epidermis (a)
DMSO_MidG_GCAAGGCACCTG	4247	12478	DMSO_U0126_midG_adult2	0.000000000	Endoderm (A)	Endoderm (A)
DMSO_MidG_GCACAATTGCCG	4706	15014	DMSO_U0126_midG_adult1	0.006660450	TLC posterior	TLC posterior
DMSO_MidG_GCACAGCCGCGT	5011	19075	DMSO_U0126_midG_adult2	0.041939712	B7.4 Muscle	B7.4 Muscle
DMSO_MidG_GCACATTAAACA	4632	14914	DMSO_U0126_midG_adult1	0.610164946	NP (A) 1/2:II	NP (A) 1/2:II
DMSO_MidG_GCACCTACTGTT	4286	12467	DMSO_U0126_midG_adult2	0.144381166	Tail tip epidermis	Tail tip epidermis
DMSO_MidG_GCACCTGCGCCG	2898	 5915	DMSO_U0126_midG_adult2	0.000000000	1˚ Notochord	1˚ Notochord
DMSO_MidG_GCACCTTGAACG	3254	 7249	DMSO_U0126_midG_adult1	0.068975031	Tail tip epidermis	Tail tip epidermis
DMSO_MidG_GCACGGAATGCT	5079	17890	DMSO_U0126_midG_adult2	0.117384013	NP (A) 4:I	NP (A) 4:I
DMSO_MidG_GCAGATGCAGTG	4349	11798	DMSO_U0126_midG_adult2	0.008476013	Epidermis (b)	Epidermis (b)
DMSO_MidG_GCAGCACTCCGG	2629	 4872	DMSO_U0126_midG_adult1	0.000000000	Epidermis (b)	Epidermis (b)
DMSO_MidG_GCAGCGAGGGCC	3949	12020	DMSO_U0126_midG_adult2	0.066555740	B7.8 Muscle	B7.8 Muscle
DMSO_MidG_GCAGCGTATGAC	3144	 6437	DMSO_U0126_midG_adult2	0.031070374	Epidermis (b)	Epidermis (b)
DMSO_MidG_GCAGGATTACGA	3150	 6767	DMSO_U0126_midG_adult1	0.029555194	DMT epidermis	DMT epidermis
DMSO_MidG_GCAGGCAGCGAC	3124	 6798	DMSO_U0126_midG_adult2	0.000000000	NP (a) 1/2:V/VI	NP (a) 1/2:V/VI
DMSO_MidG_GCAGTGGCACGA	5117	17995	DMSO_U0126_midG_adult2	0.027785496	NP (a) 3:V/VI	NP (a) 3:V/VI
DMSO_MidG_GCAGTTCAGGTC	5063	19305	DMSO_U0126_midG_adult1	0.134680135	B7.4 Muscle	B7.4 Muscle
DMSO_MidG_GCATATAACCTT	2993	 5678	DMSO_U0126_midG_adult2	0.105671011	1˚ Notochord	1˚ Notochord
DMSO_MidG_GCATATTGGGAA	2645	 5291	DMSO_U0126_midG_adult2	0.415800416	Epidermis (b)	Epidermis (b)
DMSO_MidG_GCATGTTTAATG	2364	 4389	DMSO_U0126_midG_adult2	0.022784233	Epidermis (a)	Epidermis (a)
DMSO_MidG_GCATTCCCTAGG	1791	 2179	DMSO_U0126_midG_adult2	0.045892611	Epidermis (b)	Epidermis (b)
DMSO_MidG_GCATTCTCCTTA	4179	11477	DMSO_U0126_midG_adult1	0.444366995	B8.5 Mesenchyme	B8.5 Mesenchyme
DMSO_MidG_GCCACTGAAACT	1968	 3220	DMSO_U0126_midG_adult1	0.000000000	B7.7 Mesenchyme	B7.7 Mesenchyme
DMSO_MidG_GCCAGACTCACA	5271	21061	DMSO_U0126_midG_adult2	0.033236788	TVC	TVC
DMSO_MidG_GCCAGAGTAGGT	5574	22190	DMSO_U0126_midG_adult1	0.000000000	Endoderm (B)	Endoderm (B)
DMSO_MidG_GCCAGGGTACTA	4331	13167	DMSO_U0126_midG_adult1	0.182273866	B7.4 Muscle	B7.4 Muscle
DMSO_MidG_GCCATAAGGTGA	5361	20597	DMSO_U0126_midG_adult1	0.043695684	Epidermis (b)	Epidermis (b)
DMSO_MidG_GCCATGACACTA	3560	 8808	DMSO_U0126_midG_adult2	0.068119891	Epidermis (a)	Epidermis (a)
DMSO_MidG_GCCATTGACTCA	2713	 5286	DMSO_U0126_midG_adult2	0.056753689	Tail tip epidermis	Tail tip epidermis
DMSO_MidG_GCCCACGCCCGT	3612	 8359	DMSO_U0126_midG_adult2	0.000000000	Epidermis (b)	Epidermis (b)
DMSO_MidG_GCCCATCTGTTG	4804	17801	DMSO_U0126_midG_adult2	0.095500253	B7.4 Muscle	B7.4 Muscle
DMSO_MidG_GCCCCGCAGAAG	2646	 5424	DMSO_U0126_midG_adult1	0.092182891	TVC	TVC
DMSO_MidG_GCCCGCCCAAGA	4884	16781	DMSO_U0126_midG_adult1	0.071509445	NP (b) #1 anterior	NP (b) #1 anterior
DMSO_MidG_GCCCGCGGTGCC	2086	 3401	DMSO_U0126_midG_adult1	0.000000000	Epidermis (a)	Epidermis (a)
DMSO_MidG_GCCCTGGCAGGT	3366	 7496	DMSO_U0126_midG_adult1	0.040021345	1˚ Notochord	1˚ Notochord
DMSO_MidG_GCCGAGTTTGTA	5306	18964	DMSO_U0126_midG_adult1	0.000000000	Endoderm (A)	Endoderm (A)
DMSO_MidG_GCCGCCTCGACG	4155	11685	DMSO_U0126_midG_adult1	0.000000000	NP (a) 1/2:V/VI	NP (a) 1/2:V/VI
DMSO_MidG_GCCGGAAGACCA	2116	 3825	DMSO_U0126_midG_adult1	0.000000000	Epidermis (a)	Epidermis (a)
DMSO_MidG_GCCGGCATCCTA	4378	12858	DMSO_U0126_midG_adult1	0.108881630	B7.4 Muscle	B7.4 Muscle
DMSO_MidG_GCCGGCGGACCA	4322	11715	DMSO_U0126_midG_adult1	0.000000000	NP (a) 1/2:V/VI	NP (a) 1/2:V/VI
DMSO_MidG_GCCGGCTTAGGC	3090	 6707	DMSO_U0126_midG_adult2	0.029819591	NP (A) 4:I	NP (A) 4:I
DMSO_MidG_GCCGGGATGATT	2815	 5344	DMSO_U0126_midG_adult1	0.000000000	Epidermis (a)	Epidermis (a)
DMSO_MidG_GCCGGGGTGACG	4900	17187	DMSO_U0126_midG_adult2	0.034910106	B7.8 Muscle	B7.8 Muscle
DMSO_MidG_GCCGGTCTGCAA	2030	 3696	DMSO_U0126_midG_adult1	0.000000000	Germ	Germ
DMSO_MidG_GCCTAACCCCGG	1501	 2268	DMSO_U0126_midG_adult2	0.000000000	Epidermis (a)	Epidermis (a)
DMSO_MidG_GCCTAGGCAAAG	5573	21868	DMSO_U0126_midG_adult1	0.064020487	NP (A) 1/2:II	NP (A) 1/2:II
DMSO_MidG_GCCTCACACGGC	5012	17086	DMSO_U0126_midG_adult2	0.035116470	NP (b) #1 anterior	NP (b) #1 anterior
DMSO_MidG_GCCTCCTGAGCA	4623	14524	DMSO_U0126_midG_adult2	0.013770311	Tail tip epidermis	Tail tip epidermis
DMSO_MidG_GCCTGATAACTC	4664	15369	DMSO_U0126_midG_adult2	0.117118876	2˚ Notochord	2˚ Notochord
DMSO_MidG_GCCTTATACTAA	2678	 5044	DMSO_U0126_midG_adult1	0.019825535	1˚ Notochord	1˚ Notochord
DMSO_MidG_GCCTTATCGGAT	2296	 3928	DMSO_U0126_midG_adult2	0.025458248	Epidermis (b)	Epidermis (b)
DMSO_MidG_GCCTTTATGTGT	2020	 3606	DMSO_U0126_midG_adult2	0.027731559	Epidermis (a)	Epidermis (a)
DMSO_MidG_GCGAACTCTGTG	2867	 5621	DMSO_U0126_midG_adult2	0.035580857	NP (a) 1/2:III/IV	NP (a) 1/2:III/IV
DMSO_MidG_GCGAAGCAGCCC	2352	 4601	DMSO_U0126_midG_adult1	0.000000000	Epidermis (b)	Epidermis (b)
DMSO_MidG_GCGACACGCGAT	3837	 9613	DMSO_U0126_midG_adult1	0.000000000	Epidermis (a)	Epidermis (a)
DMSO_MidG_GCGACGAGAATC	3570	 8498	DMSO_U0126_midG_adult1	0.082372323	NP (b) #2 posterior	NP (b) #2 posterior
DMSO_MidG_GCGACTCTGTTT	1611	 2385	DMSO_U0126_midG_adult1	0.041928721	Epidermis (b)	Epidermis (b)
DMSO_MidG_GCGAGAAAACAT	4071	11197	DMSO_U0126_midG_adult1	0.008930964	NP (A) 1/2:II	NP (A) 1/2:II
DMSO_MidG_GCGAGATGAATA	4664	16984	DMSO_U0126_midG_adult2	0.847856806	B7.8 Muscle	B7.8 Muscle
DMSO_MidG_GCGAGCAGCGGC	5082	18400	DMSO_U0126_midG_adult2	0.065217391	B7.7 Mesenchyme	B7.7 Mesenchyme
DMSO_MidG_GCGAGCGGTGGG	3682	 9914	DMSO_U0126_midG_adult1	0.010086746	Epidermis (b)	Epidermis (b)
DMSO_MidG_GCGATAACTCTG	3454	 8117	DMSO_U0126_midG_adult2	0.012319823	TLC anterior	TLC anterior
DMSO_MidG_GCGATAACTCTT	4335	11930	DMSO_U0126_midG_adult2	0.033528919	DMT epidermis	DMT epidermis
DMSO_MidG_GCGATCTAGGTC	3415	 8126	DMSO_U0126_midG_adult2	0.000000000	Epidermis (b)	Epidermis (b)
DMSO_MidG_GCGCAAGCGGTG	4618	13890	DMSO_U0126_midG_adult2	0.007199424	Endoderm (A)	Endoderm (A)
DMSO_MidG_GCGCACGGAGGG	3378	 7507	DMSO_U0126_midG_adult2	0.026641801	Tail tip epidermis	Tail tip epidermis
DMSO_MidG_GCGCACTTTGGT	4910	15757	DMSO_U0126_midG_adult2	0.031731929	Tail tip epidermis	Tail tip epidermis
DMSO_MidG_GCGCATTACATC	2356	 4141	DMSO_U0126_midG_adult2	0.024148756	Epidermis (a)	Epidermis (a)
DMSO_MidG_GCGCATTCCTCG	3279	 7264	DMSO_U0126_midG_adult2	0.000000000	1˚ Notochord	1˚ Notochord
DMSO_MidG_GCGCATTTGGAC	1913	 3010	DMSO_U0126_midG_adult1	0.000000000	2˚ Notochord	2˚ Notochord
DMSO_MidG_GCGCCCCGTTAG	4223	11459	DMSO_U0126_midG_adult2	0.000000000	Epidermis (b)	Epidermis (b)
DMSO_MidG_GCGCCGGTCATT	4801	15735	DMSO_U0126_midG_adult1	0.000000000	TLC posterior	TLC posterior
DMSO_MidG_GCGCGAAGTGAA	3540	 7925	DMSO_U0126_midG_adult1	0.012618297	Epidermis (a)	Epidermis (a)
DMSO_MidG_GCGCGCGTTAAC	3650	 8584	DMSO_U0126_midG_adult2	0.011649581	DMT epidermis	DMT epidermis
DMSO_MidG_GCGCTTACGCCT	4243	11550	DMSO_U0126_midG_adult1	0.034632035	NP (A) 3:I	NP (A) 3:I
DMSO_MidG_GCGGAAGGAACC	1510	 2100	DMSO_U0126_midG_adult2	0.047619048	1˚ Notochord	1˚ Notochord
DMSO_MidG_GCGGACGACGCA	2567	 4820	DMSO_U0126_midG_adult1	0.000000000	Epidermis (a)	Epidermis (a)
DMSO_MidG_GCGGATGCCGCT	1728	 2675	DMSO_U0126_midG_adult2	0.000000000	DMT epidermis	DMT epidermis
DMSO_MidG_GCGGCCACCGTA	3658	 9228	DMSO_U0126_midG_adult2	0.000000000	Epidermis (a)	Epidermis (a)
DMSO_MidG_GCGGCGTAAGAA	4627	14971	DMSO_U0126_midG_adult2	0.020038742	Epidermis (b)	Epidermis (b)
DMSO_MidG_GCGGCTAACAAG	3033	 6293	DMSO_U0126_midG_adult2	0.015890672	Tail tip epidermis	Tail tip epidermis
DMSO_MidG_GCGGCTAGTGAC	3531	 8177	DMSO_U0126_midG_adult1	0.048917696	TVC	TVC
DMSO_MidG_GCGGGCAAGCAA	3057	 6604	DMSO_U0126_midG_adult1	0.000000000	Endoderm (A)	Endoderm (A)
DMSO_MidG_GCGGGCCAAAGT	3758	 9829	DMSO_U0126_midG_adult1	0.020347950	B8.5 Mesenchyme	B8.5 Mesenchyme
DMSO_MidG_GCGGGCTCAACT	3474	 7411	DMSO_U0126_midG_adult1	0.000000000	DMT epidermis	DMT epidermis
DMSO_MidG_GCGGGGAATCCG	3346	 7638	DMSO_U0126_midG_adult1	0.000000000	Epidermis (b)	Epidermis (b)
DMSO_MidG_GCGGGGCATTGA	2359	 4038	DMSO_U0126_midG_adult1	0.000000000	Epidermis (a)	Epidermis (a)
DMSO_MidG_GCGGTCCCCTTC	4902	15799	DMSO_U0126_midG_adult1	0.000000000	1˚ Notochord	1˚ Notochord
DMSO_MidG_GCGGTTGGGGCG	2716	 5075	DMSO_U0126_midG_adult1	0.000000000	Epidermis (b)	Epidermis (b)
DMSO_MidG_GCGGTTGGTAAA	2572	 4750	DMSO_U0126_midG_adult1	0.021052632	Epidermis (a)	Epidermis (a)
DMSO_MidG_GCGTAAACAGAG	1643	 2437	DMSO_U0126_midG_adult1	0.000000000	NP (A) 4:I	NP (A) 4:I
DMSO_MidG_GCGTAAGCAGAT	4380	13336	DMSO_U0126_midG_adult1	0.089982004	TLC posterior	TLC posterior
DMSO_MidG_GCGTAATCATGT	3299	 7181	DMSO_U0126_midG_adult2	0.194958919	B8.5 Mesenchyme	B8.5 Mesenchyme
DMSO_MidG_GCGTACTTGAGC	4414	13122	DMSO_U0126_midG_adult2	0.015241579	NP (A) 3:II	NP (A) 3:II
DMSO_MidG_GCGTAGAAGGGC	2848	 5346	DMSO_U0126_midG_adult2	0.018705574	DMT epidermis	DMT epidermis
DMSO_MidG_GCGTCGCTCGTC	3654	 8625	DMSO_U0126_midG_adult2	0.000000000	1˚ Notochord	1˚ Notochord
DMSO_MidG_GCGTCTAGAGGA	5117	18520	DMSO_U0126_midG_adult1	0.037796976	NP (A) 3:I	NP (A) 3:I
DMSO_MidG_GCGTTAGCAACG	2175	 3539	DMSO_U0126_midG_adult2	0.000000000	DMT epidermis	DMT epidermis
DMSO_MidG_GCGTTGCCGTTC	4613	15981	DMSO_U0126_midG_adult2	0.100118891	B7.8 Muscle	B7.8 Muscle
DMSO_MidG_GCGTTGGCTCAA	3884	 9651	DMSO_U0126_midG_adult2	0.020723241	TLC posterior	TLC posterior
DMSO_MidG_GCGTTTATGAGC	3184	 6967	DMSO_U0126_midG_adult2	0.215300703	B7.4 Muscle	B7.4 Muscle
DMSO_MidG_GCGTTTCAAATT	4805	15810	DMSO_U0126_midG_adult1	0.531309298	NP (A) 1/2:II	NP (A) 1/2:II
DMSO_MidG_GCTAACGCAATG	2764	 5647	DMSO_U0126_midG_adult2	0.070834071	Epidermis (a)	Epidermis (a)
DMSO_MidG_GCTAAGCGTTTC	4246	12411	DMSO_U0126_midG_adult2	0.000000000	Epidermis (b)	Epidermis (b)
DMSO_MidG_GCTAAGTACTAA	4054	13070	DMSO_U0126_midG_adult1	2.241775057	B7.8 Muscle	B7.8 Muscle
DMSO_MidG_GCTACCCGAACT	3680	 9075	DMSO_U0126_midG_adult2	0.110192837	NP (b) #1 anterior	NP (b) #1 anterior
DMSO_MidG_GCTAGACCAACG	5211	20826	DMSO_U0126_midG_adult2	0.100835494	NP (A) 1/2:II	NP (A) 1/2:II
DMSO_MidG_GCTAGCCTCACC	4474	13516	DMSO_U0126_midG_adult2	0.014797277	Tail tip epidermis	Tail tip epidermis
DMSO_MidG_GCTAGGATAATT	5745	26523	DMSO_U0126_midG_adult2	0.558006259	NP (A) 1/2:II	NP (A) 1/2:II
DMSO_MidG_GCTAGTTGCCGC	3644	 8446	DMSO_U0126_midG_adult1	0.011839924	NP (a) 1/2:III/IV	NP (a) 1/2:III/IV
DMSO_MidG_GCTATGAGGGAA	4972	17446	DMSO_U0126_midG_adult2	0.108907486	NP (a) 1/2:V/VI	NP (a) 1/2:V/VI
DMSO_MidG_GCTATTCGGGGG	3287	 7158	DMSO_U0126_midG_adult2	0.013970383	NP (b) #1 anterior	NP (b) #1 anterior
DMSO_MidG_GCTATTTACTTC	2891	 6028	DMSO_U0126_midG_adult2	0.331785003	1˚ Notochord	1˚ Notochord
DMSO_MidG_GCTCATGAGCCA	3967	10534	DMSO_U0126_midG_adult2	0.000000000	DMT epidermis	DMT epidermis
DMSO_MidG_GCTCCAACCCGG	3294	 7866	DMSO_U0126_midG_adult2	0.025425884	NP (b) #2 posterior	NP (b) #2 posterior
DMSO_MidG_GCTCCACTATGA	1564	 2730	DMSO_U0126_midG_adult2	0.000000000	Endoderm (A)	Endoderm (A)
DMSO_MidG_GCTCCCTGCAAC	2050	 3263	DMSO_U0126_midG_adult2	0.030646644	NP (b) #2 posterior	NP (b) #2 posterior
DMSO_MidG_GCTCCCTTTAAT	4884	15635	DMSO_U0126_midG_adult1	0.204669012	NP (a) 3:III/IV	NP (a) 3:III/IV
DMSO_MidG_GCTCCGGTCATC	1707	 2901	DMSO_U0126_midG_adult1	0.000000000	Epidermis (b)	Epidermis (b)
DMSO_MidG_GCTCGAACCCGC	3531	 8087	DMSO_U0126_midG_adult2	0.000000000	Epidermis (a)	Epidermis (a)
DMSO_MidG_GCTCGTTATTCG	4180	12371	DMSO_U0126_midG_adult2	0.032333684	Epidermis (b)	Epidermis (b)
DMSO_MidG_GCTCTCAGTCCT	2955	 7010	DMSO_U0126_midG_adult2	0.057061341	Epidermis (a)	Epidermis (a)
DMSO_MidG_GCTCTCCAAACG	2521	 4415	DMSO_U0126_midG_adult2	0.022650057	Epidermis (a)	Epidermis (a)
DMSO_MidG_GCTCTGTCATGC	3962	 9927	DMSO_U0126_midG_adult1	0.040294147	TLC anterior	TLC anterior
DMSO_MidG_GCTCTTAACTAT	4163	12356	DMSO_U0126_midG_adult1	0.477500809	NP (A) 1/2:I	NP (A) 1/2:I
DMSO_MidG_GCTGCATATGGT	5243	18645	DMSO_U0126_midG_adult1	0.000000000	Epidermis (b)	Epidermis (b)
DMSO_MidG_GCTGCCGGGTTT	3105	 7166	DMSO_U0126_midG_adult1	0.069773932	NP (A) 1/2:I	NP (A) 1/2:I
DMSO_MidG_GCTGCCGTATCC	4069	10911	DMSO_U0126_midG_adult2	0.009165063	NP (b) #2 posterior	NP (b) #2 posterior
DMSO_MidG_GCTGCCGTCTTA	2690	 4857	DMSO_U0126_midG_adult2	0.000000000	NP (a) 1/2:V/VI	NP (a) 1/2:V/VI
DMSO_MidG_GCTGGACACGGC	1884	 3137	DMSO_U0126_midG_adult2	0.000000000	B7.4 Muscle	B7.4 Muscle
DMSO_MidG_GCTGGCATCGTG	2161	 3532	DMSO_U0126_midG_adult1	0.028312571	1˚ Notochord	1˚ Notochord
DMSO_MidG_GCTGGCCACATT	1882	 3249	DMSO_U0126_midG_adult2	0.030778701	B7.4 Muscle	B7.4 Muscle
DMSO_MidG_GCTGTTCGCTTT	4341	12143	DMSO_U0126_midG_adult2	0.008235197	NP (A) 1/2:I	NP (A) 1/2:I
DMSO_MidG_GCTTCAGTCAAT	3697	 8795	DMSO_U0126_midG_adult1	0.000000000	Epidermis (b)	Epidermis (b)
DMSO_MidG_GCTTCATCATCC	5061	19236	DMSO_U0126_midG_adult2	0.213142025	TVC	TVC
DMSO_MidG_GCTTCTCGGGGA	1947	 3565	DMSO_U0126_midG_adult2	0.000000000	Germ	Germ
DMSO_MidG_GCTTTAAGGCAC	3584	 8913	DMSO_U0126_midG_adult2	0.033658701	Epidermis (b)	Epidermis (b)
DMSO_MidG_GGAAACTGCGAC	3319	 7417	DMSO_U0126_midG_adult1	0.026965080	NP (A) 3:II	NP (A) 3:II
DMSO_MidG_GGAAACTGGAAC	4359	13387	DMSO_U0126_midG_adult2	0.186748338	TVC	TVC
DMSO_MidG_GGAAAGATTCCG	2881	 5581	DMSO_U0126_midG_adult1	0.035835872	Epidermis (a)	Epidermis (a)
DMSO_MidG_GGAACCCTAAAA	2144	 3711	DMSO_U0126_midG_adult2	0.161681487	2˚ Notochord	2˚ Notochord
DMSO_MidG_GGAACTGACTAC	4433	14729	DMSO_U0126_midG_adult2	0.061103945	1˚ Notochord	1˚ Notochord
DMSO_MidG_GGAACTGGCCGG	4958	16548	DMSO_U0126_midG_adult1	0.006043026	Epidermis (a)	Epidermis (a)
DMSO_MidG_GGAAGACCTACT	1983	 3132	DMSO_U0126_midG_adult1	0.159642401	Tail tip epidermis	Tail tip epidermis
DMSO_MidG_GGAAGCCGGACG	2370	 3894	DMSO_U0126_midG_adult2	0.025680534	NP (A) 3:II	NP (A) 3:II
DMSO_MidG_GGAAGCGATTAT	6226	33612	DMSO_U0126_midG_adult2	0.023801023	B7.7 Mesenchyme	B7.7 Mesenchyme
DMSO_MidG_GGAAGTCTGAAC	1897	 2957	DMSO_U0126_midG_adult1	0.067636118	1˚ Notochord	1˚ Notochord
DMSO_MidG_GGACACCAACAT	3459	 7985	DMSO_U0126_midG_adult1	0.112711334	NP (A) 1/2:II	NP (A) 1/2:II
DMSO_MidG_GGACAGCATCTC	2742	 5073	DMSO_U0126_midG_adult2	0.039424404	1˚ Notochord	1˚ Notochord
DMSO_MidG_GGACAGGTATCG	2137	 3600	DMSO_U0126_midG_adult1	0.416666667	NP (A) 4:I	NP (A) 4:I
DMSO_MidG_GGACCATGCTGT	2930	 5601	DMSO_U0126_midG_adult1	0.035707909	Epidermis (b)	Epidermis (b)
DMSO_MidG_GGACCCCGTCGT	1873	 2987	DMSO_U0126_midG_adult2	0.000000000	Epidermis (b)	Epidermis (b)
DMSO_MidG_GGACCGAGTCCA	2775	 5178	DMSO_U0126_midG_adult1	0.019312476	Epidermis (a)	Epidermis (a)
DMSO_MidG_GGACCGTCAGGT	2924	 5619	DMSO_U0126_midG_adult1	0.017796761	NP (A) 1/2:I	NP (A) 1/2:I
DMSO_MidG_GGACGATGTATC	2371	 4416	DMSO_U0126_midG_adult1	0.000000000	Epidermis (a)	Epidermis (a)
DMSO_MidG_GGACGCTTCCGT	3125	 6756	DMSO_U0126_midG_adult2	0.000000000	Epidermis (a)	Epidermis (a)
DMSO_MidG_GGACTCACCAAA	3933	10330	DMSO_U0126_midG_adult2	0.019361084	Endoderm (A)	Endoderm (A)
DMSO_MidG_GGAGACAACGGA	2703	 4844	DMSO_U0126_midG_adult1	0.000000000	Epidermis (b)	Epidermis (b)
DMSO_MidG_GGAGACCGAATT	2202	 3773	DMSO_U0126_midG_adult1	0.344553406	NP (A) 1/2:I	NP (A) 1/2:I
DMSO_MidG_GGAGATGATACT	2843	 5533	DMSO_U0126_midG_adult2	0.144587023	Epidermis (a)	Epidermis (a)
DMSO_MidG_GGAGCACTTACT	2979	 6025	DMSO_U0126_midG_adult2	0.282157676	NP (A) 1/2:I	NP (A) 1/2:I
DMSO_MidG_GGAGCTGAGATG	1732	 2568	DMSO_U0126_midG_adult1	0.038940810	NP (A) 1/2:I	NP (A) 1/2:I
DMSO_MidG_GGAGTCCAACAG	2793	 5637	DMSO_U0126_midG_adult2	0.070959730	NP (A) 3:I	NP (A) 3:I
DMSO_MidG_GGATAAGGGAGC	3005	 5985	DMSO_U0126_midG_adult2	0.016708438	NP (a) 1/2:V/VI	NP (a) 1/2:V/VI
DMSO_MidG_GGATATGTCCCC	2314	 4210	DMSO_U0126_midG_adult2	0.071258907	Epidermis (b)	Epidermis (b)
DMSO_MidG_GGATCGGATCGT	3961	10069	DMSO_U0126_midG_adult2	0.069520310	NP (A) 4:I	NP (A) 4:I
DMSO_MidG_GGATCTCGTGAC	3164	 6881	DMSO_U0126_midG_adult1	0.000000000	1˚ Notochord	1˚ Notochord
DMSO_MidG_GGATGCACGCTA	3290	 7106	DMSO_U0126_midG_adult2	0.098508303	Epidermis (a)	Epidermis (a)
DMSO_MidG_GGATGGAGAATT	2690	 4775	DMSO_U0126_midG_adult1	0.000000000	Epidermis (b)	Epidermis (b)
DMSO_MidG_GGATGTGACGCC	2607	 5041	DMSO_U0126_midG_adult2	0.019837334	1˚ Notochord	1˚ Notochord
DMSO_MidG_GGATGTTGCTCT	4140	10821	DMSO_U0126_midG_adult2	0.018482580	Epidermis (b)	Epidermis (b)
DMSO_MidG_GGATGTTTACGT	5038	17765	DMSO_U0126_midG_adult1	0.315226569	NP (A) 1/2:II	NP (A) 1/2:II
DMSO_MidG_GGCAAATGAGGT	3841	 8962	DMSO_U0126_midG_adult2	0.011158224	Epidermis (b)	Epidermis (b)
DMSO_MidG_GGCACAGTAAGT	2082	 3451	DMSO_U0126_midG_adult2	0.057954216	Epidermis (a)	Epidermis (a)
DMSO_MidG_GGCACATCTTAG	1817	 3005	DMSO_U0126_midG_adult2	0.000000000	Epidermis (a)	Epidermis (a)
DMSO_MidG_GGCAGAGTACAT	3274	 7235	DMSO_U0126_midG_adult2	0.041465100	Epidermis (b)	Epidermis (b)
DMSO_MidG_GGCAGCTTTTAC	5483	22456	DMSO_U0126_midG_adult1	0.004453153	Endoderm (A)	Endoderm (A)
DMSO_MidG_GGCATGTGGCTT	1986	 3506	DMSO_U0126_midG_adult2	0.057045066	Epidermis (b)	Epidermis (b)
DMSO_MidG_GGCATTTCTCAG	3645	 9653	DMSO_U0126_midG_adult1	0.051797369	NP (A) 1/2:II	NP (A) 1/2:II
DMSO_MidG_GGCCAAACCCTA	5942	28380	DMSO_U0126_midG_adult1	0.007047216	Endoderm (A)	Endoderm (A)
DMSO_MidG_GGCCCAATCGAG	5727	27913	DMSO_U0126_midG_adult1	0.068068642	B7.4 Muscle	B7.4 Muscle
DMSO_MidG_GGCCGTGGACGG	1734	 2790	DMSO_U0126_midG_adult2	0.035842294	Epidermis (b)	Epidermis (b)
DMSO_MidG_GGCCTTTCATTC	3951	10068	DMSO_U0126_midG_adult2	0.029797378	NP (a) 1/2:V/VI	NP (a) 1/2:V/VI
DMSO_MidG_GGCGGACATAAA	2607	 5075	DMSO_U0126_midG_adult2	0.000000000	Epidermis (a)	Epidermis (a)
DMSO_MidG_GGCGGTATTAAA	1557	 2528	DMSO_U0126_midG_adult1	0.158227848	Germ	Germ
DMSO_MidG_GGCGTATAAAAC	2719	 5450	DMSO_U0126_midG_adult2	0.275229358	NP (A) 1/2:I	NP (A) 1/2:I
DMSO_MidG_GGCGTCTGGCTA	3564	 9094	DMSO_U0126_midG_adult1	0.010996261	NP (b) #1 anterior	NP (b) #1 anterior
DMSO_MidG_GGCGTTGCCAGT	2515	 4395	DMSO_U0126_midG_adult1	0.045506257	TVC	TVC
DMSO_MidG_GGCTAAGAAGCC	3327	 7322	DMSO_U0126_midG_adult1	0.068287353	Epidermis (a)	Epidermis (a)
DMSO_MidG_GGCTACACACGT	2204	 3854	DMSO_U0126_midG_adult2	0.155682408	NP (A) 4:I	NP (A) 4:I
DMSO_MidG_GGCTAGAAATAG	4721	15614	DMSO_U0126_midG_adult2	0.192135263	1˚ Notochord	1˚ Notochord
DMSO_MidG_GGCTCTTCGTCA	3004	 6044	DMSO_U0126_midG_adult2	0.115817340	1˚ Notochord	1˚ Notochord
DMSO_MidG_GGCTGTGGTTCT	2586	 4726	DMSO_U0126_midG_adult1	0.021159543	2˚ Notochord	2˚ Notochord
DMSO_MidG_GGCTTAATTCTC	1819	 3122	DMSO_U0126_midG_adult2	0.256245996	Epidermis (a)	Epidermis (a)
DMSO_MidG_GGCTTGGGTGTC	2014	 3190	DMSO_U0126_midG_adult1	0.000000000	B8.5 Mesenchyme	B8.5 Mesenchyme
DMSO_MidG_GGCTTTTAACTT	3753	 8944	DMSO_U0126_midG_adult2	0.223613596	NP (a) 1/2:V/VI	NP (a) 1/2:V/VI
DMSO_MidG_GGCTTTTGTGGA	2025	 3272	DMSO_U0126_midG_adult1	0.030562347	Tail tip epidermis	Tail tip epidermis
DMSO_MidG_GGGAATCTTTGT	2254	 4377	DMSO_U0126_midG_adult2	0.091386795	Epidermis (b)	Epidermis (b)
DMSO_MidG_GGGAATTCTAAC	3328	 7479	DMSO_U0126_midG_adult2	0.120336943	Epidermis (a)	Epidermis (a)
DMSO_MidG_GGGACATTCGCG	4507	13311	DMSO_U0126_midG_adult2	0.037562918	TLC posterior	TLC posterior
DMSO_MidG_GGGACCGAAGTT	4928	17114	DMSO_U0126_midG_adult2	0.216197265	NP (A) 4:I	NP (A) 4:I
DMSO_MidG_GGGAGAGAAGCT	5070	17199	DMSO_U0126_midG_adult1	0.034885749	NP (b) #2 posterior	NP (b) #2 posterior
DMSO_MidG_GGGAGAGAGTTG	3229	 6750	DMSO_U0126_midG_adult2	0.177777778	NP (A) 3:II	NP (A) 3:II
DMSO_MidG_GGGATCAATGGC	5413	19351	DMSO_U0126_midG_adult1	0.005167692	Epidermis (b)	Epidermis (b)
DMSO_MidG_GGGATGTATTTA	3168	 6654	DMSO_U0126_midG_adult2	0.405770965	NP (a) 1/2:V/VI	NP (a) 1/2:V/VI
DMSO_MidG_GGGATTAACTTT	2572	 5736	DMSO_U0126_midG_adult2	0.000000000	Epidermis (b)	Epidermis (b)
DMSO_MidG_GGGATTTGCGAC	2267	 3904	DMSO_U0126_midG_adult2	0.076844262	NP (A) 4:I	NP (A) 4:I
DMSO_MidG_GGGCAATGAAGA	3220	 7387	DMSO_U0126_midG_adult2	0.054149181	Epidermis (b)	Epidermis (b)
DMSO_MidG_GGGCCACTGGAC	3029	 6648	DMSO_U0126_midG_adult2	0.135379061	B7.4 Muscle	B7.4 Muscle
DMSO_MidG_GGGCCCAATCAG	4283	12072	DMSO_U0126_midG_adult1	0.008283632	NP (a) 1/2:V/VI	NP (a) 1/2:V/VI
DMSO_MidG_GGGCCCGTCAGA	3261	 6949	DMSO_U0126_midG_adult2	0.000000000	Epidermis (a)	Epidermis (a)
DMSO_MidG_GGGCGACAGAAC	2539	 4609	DMSO_U0126_midG_adult1	0.000000000	1˚ Notochord	1˚ Notochord
DMSO_MidG_GGGCGCGCCCTC	2619	 5157	DMSO_U0126_midG_adult1	0.000000000	Epidermis (b)	Epidermis (b)
DMSO_MidG_GGGCGGACGTTG	2676	 4718	DMSO_U0126_midG_adult1	0.021195422	1˚ Notochord	1˚ Notochord
DMSO_MidG_GGGCGGACTCGT	4570	13645	DMSO_U0126_midG_adult2	0.014657384	NP (A) 1/2:II	NP (A) 1/2:II
DMSO_MidG_GGGCTCTCTAGC	1663	 2681	DMSO_U0126_midG_adult2	0.037299515	Epidermis (b)	Epidermis (b)
DMSO_MidG_GGGCTGAGACTC	3989	11412	DMSO_U0126_midG_adult1	0.113915177	B7.4 Muscle	B7.4 Muscle
DMSO_MidG_GGGCTTTCAGAT	3355	 7611	DMSO_U0126_midG_adult2	0.026277756	Epidermis (a)	Epidermis (a)
DMSO_MidG_GGGGAACCCAGA	2534	 4612	DMSO_U0126_midG_adult2	0.021682567	Epidermis (b)	Epidermis (b)
DMSO_MidG_GGGGCACCGGAG	3051	 6713	DMSO_U0126_midG_adult2	0.014896470	Epidermis (b)	Epidermis (b)
DMSO_MidG_GGGGCTTCATCA	2488	 4471	DMSO_U0126_midG_adult2	0.089465444	2˚ Notochord	2˚ Notochord
DMSO_MidG_GGGTAGAAGACC	2614	 4925	DMSO_U0126_midG_adult2	0.000000000	1˚ Notochord	1˚ Notochord
DMSO_MidG_GGGTATCGTCTA	4602	14128	DMSO_U0126_midG_adult1	0.021234428	Endoderm (B)	Endoderm (B)
DMSO_MidG_GGGTATCTGCCG	3408	 7741	DMSO_U0126_midG_adult1	0.038754683	2˚ Notochord	2˚ Notochord
DMSO_MidG_GGGTGGGCAGTT	2308	 4269	DMSO_U0126_midG_adult1	0.000000000	Epidermis (a)	Epidermis (a)
DMSO_MidG_GGTAAGGCATTC	1912	 3550	DMSO_U0126_midG_adult2	0.112676056	Epidermis (a)	Epidermis (a)
DMSO_MidG_GGTAATTTTCTC	5117	19058	DMSO_U0126_midG_adult2	0.409276944	NP (A) 1/2:II	NP (A) 1/2:II
DMSO_MidG_GGTACCACACTC	3091	 6172	DMSO_U0126_midG_adult1	0.081011017	NP (A) 1/2:II	NP (A) 1/2:II
DMSO_MidG_GGTACTTCTCCT	3371	 7647	DMSO_U0126_midG_adult1	0.235386426	DMT epidermis	DMT epidermis
DMSO_MidG_GGTAGCGTTAAT	2436	 4299	DMSO_U0126_midG_adult1	0.046522447	Epidermis (a)	Epidermis (a)
DMSO_MidG_GGTATCCACGTT	2492	 4516	DMSO_U0126_midG_adult2	0.044286980	1˚ Notochord	1˚ Notochord
DMSO_MidG_GGTATGGATTGA	2018	 3492	DMSO_U0126_midG_adult2	3.407789233	TVC	TVC
DMSO_MidG_GGTATGTGGAAA	4549	13598	DMSO_U0126_midG_adult2	0.102956317	Epidermis (a)	Epidermis (a)
DMSO_MidG_GGTCAAATATAA	3253	 6947	DMSO_U0126_midG_adult2	0.532604002	Epidermis (a)	Epidermis (a)
DMSO_MidG_GGTCAATCTCAA	3452	 8866	DMSO_U0126_midG_adult1	0.011279044	Endoderm (A)	Endoderm (A)
DMSO_MidG_GGTCATCGTCAC	3474	 8092	DMSO_U0126_midG_adult2	0.098863075	NP (A) 3:I	NP (A) 3:I
DMSO_MidG_GGTCCGTCACTC	3231	 7389	DMSO_U0126_midG_adult1	0.013533631	Epidermis (a)	Epidermis (a)
DMSO_MidG_GGTCGGGCGTTA	2124	 3500	DMSO_U0126_midG_adult2	0.000000000	TLC posterior	TLC posterior
DMSO_MidG_GGTCTCTCAATA	2958	 5941	DMSO_U0126_midG_adult2	0.000000000	Epidermis (a)	Epidermis (a)
DMSO_MidG_GGTGAGCTCTAC	3836	 9310	DMSO_U0126_midG_adult2	0.118152524	Tail tip epidermis	Tail tip epidermis
DMSO_MidG_GGTGATCATCCG	3457	 7718	DMSO_U0126_midG_adult2	0.012956725	Epidermis (a)	Epidermis (a)
DMSO_MidG_GGTGCAGTCTAC	2390	 4158	DMSO_U0126_midG_adult2	0.072150072	B8.5 Mesenchyme	B8.5 Mesenchyme
DMSO_MidG_GGTGCCCTCTAC	2870	 5404	DMSO_U0126_midG_adult2	0.000000000	Epidermis (a)	Epidermis (a)
DMSO_MidG_GGTGCCGGCAGC	3496	 8039	DMSO_U0126_midG_adult1	0.012439358	Epidermis (b)	Epidermis (b)
DMSO_MidG_GGTGCCTGGATA	4657	14376	DMSO_U0126_midG_adult2	0.292153589	NP (A) 4:I	NP (A) 4:I
DMSO_MidG_GGTGCGAAGTGG	5131	17121	DMSO_U0126_midG_adult2	0.005840780	NP (a) 1/2:V/VI	NP (a) 1/2:V/VI
DMSO_MidG_GGTGCTAAATCC	2566	 4811	DMSO_U0126_midG_adult2	0.083142798	Epidermis (a)	Epidermis (a)
DMSO_MidG_GGTGGCCAAATG	2949	 5750	DMSO_U0126_midG_adult1	0.017391304	NP (b) #2 posterior	NP (b) #2 posterior
DMSO_MidG_GGTGGCTAACCG	4846	16038	DMSO_U0126_midG_adult1	0.006235191	NP (a) 3:V/VI	NP (a) 3:V/VI
DMSO_MidG_GGTGGGACACAC	4278	11573	DMSO_U0126_midG_adult2	0.069126415	NP (A) 1/2:II	NP (A) 1/2:II
DMSO_MidG_GGTGTTTCACAG	2113	 3429	DMSO_U0126_midG_adult2	0.087489064	B7.7 Mesenchyme	B7.7 Mesenchyme
DMSO_MidG_GGTTAACTTCCA	3090	 6551	DMSO_U0126_midG_adult1	0.015264845	1˚ Notochord	1˚ Notochord
DMSO_MidG_GGTTAATACGCC	3884	10784	DMSO_U0126_midG_adult2	0.166913947	TVC	TVC
DMSO_MidG_GGTTAATGCTTC	6252	30572	DMSO_U0126_midG_adult2	0.026167735	NP (b) #2 posterior	NP (b) #2 posterior
DMSO_MidG_GGTTACACTCCA	4712	15466	DMSO_U0126_midG_adult1	0.032328980	B7.8 Muscle	B7.8 Muscle
DMSO_MidG_GGTTACCCAGAT	2641	 4924	DMSO_U0126_midG_adult1	0.040617384	Tail tip epidermis	Tail tip epidermis
DMSO_MidG_GGTTATCGAAGC	3534	 8130	DMSO_U0126_midG_adult2	0.000000000	Endoderm (A)	Endoderm (A)
DMSO_MidG_GGTTCATACAGA	1587	 2333	DMSO_U0126_midG_adult1	0.900128590	NP (A) 4:I	NP (A) 4:I
DMSO_MidG_GGTTCATGACCT	2520	 4699	DMSO_U0126_midG_adult1	0.000000000	TLC anterior	TLC anterior
DMSO_MidG_GGTTCCGGTCGA	2841	 5363	DMSO_U0126_midG_adult2	0.000000000	Tail tip epidermis	Tail tip epidermis
DMSO_MidG_GGTTCTTGAACC	1547	 2316	DMSO_U0126_midG_adult2	0.129533679	NP (A) 4:I	NP (A) 4:I
DMSO_MidG_GGTTGCTCCGAA	2356	 4600	DMSO_U0126_midG_adult2	0.043478261	Germ	Germ
DMSO_MidG_GGTTGTAGTTAG	2655	 4967	DMSO_U0126_midG_adult2	0.100664385	1˚ Notochord	1˚ Notochord
DMSO_MidG_GGTTTTGCCCAG	4534	13759	DMSO_U0126_midG_adult1	0.007267970	NP (a) 3:III/IV	NP (a) 3:III/IV
DMSO_MidG_GTAAACCATCTC	4529	13360	DMSO_U0126_midG_adult1	0.022455090	Endoderm (B)	Endoderm (B)
DMSO_MidG_GTAAAGGAACGG	3093	 6292	DMSO_U0126_midG_adult1	0.111252384	2˚ Notochord	2˚ Notochord
DMSO_MidG_GTAAATGACGGT	2477	 4361	DMSO_U0126_midG_adult1	0.550332493	Epidermis (a)	Epidermis (a)
DMSO_MidG_GTAACGCGTCAG	3706	 9659	DMSO_U0126_midG_adult1	0.113883425	TVC	TVC
DMSO_MidG_GTAAGAGATCTA	5993	27237	DMSO_U0126_midG_adult1	0.055072145	B7.7 Mesenchyme	B7.7 Mesenchyme
DMSO_MidG_GTAAGCGACGGC	2048	 3338	DMSO_U0126_midG_adult2	0.000000000	Tail tip epidermis	Tail tip epidermis
DMSO_MidG_GTAAGGTCCTGC	2557	 4667	DMSO_U0126_midG_adult2	0.021427041	Epidermis (b)	Epidermis (b)
DMSO_MidG_GTAAGTTCACTG	4780	14964	DMSO_U0126_midG_adult1	0.467789361	NP (b) #2 posterior	NP (b) #2 posterior
DMSO_MidG_GTACGCGTCCCA	4241	12614	DMSO_U0126_midG_adult1	0.087204693	B7.4 Muscle	B7.4 Muscle
DMSO_MidG_GTACTACCATAA	3591	 8160	DMSO_U0126_midG_adult2	0.232843137	TLC posterior	TLC posterior
DMSO_MidG_GTAGACAGACAT	3073	 6536	DMSO_U0126_midG_adult2	1.637086903	1˚ Notochord	1˚ Notochord
DMSO_MidG_GTAGCAACAGAA	2500	 4541	DMSO_U0126_midG_adult2	0.088086325	Epidermis (b)	Epidermis (b)
DMSO_MidG_GTAGCTTAGATC	5020	17010	DMSO_U0126_midG_adult1	0.152851264	2˚ Notochord	2˚ Notochord
DMSO_MidG_GTAGTCCGCAGA	2449	 4249	DMSO_U0126_midG_adult2	0.047069899	NP (a) 1/2:V/VI	NP (a) 1/2:V/VI
DMSO_MidG_GTAGTCTGTAAT	2225	 3682	DMSO_U0126_midG_adult2	0.190114068	NP (a) 1/2:V/VI	NP (a) 1/2:V/VI
DMSO_MidG_GTAGTTCACGAC	4255	12421	DMSO_U0126_midG_adult2	0.016101763	Endoderm (B)	Endoderm (B)
DMSO_MidG_GTATAAGGAGAA	2229	 3903	DMSO_U0126_midG_adult2	0.973610044	B8.5 Mesenchyme	B8.5 Mesenchyme
DMSO_MidG_GTATAGATCTCT	1566	 2427	DMSO_U0126_midG_adult2	0.247218789	1˚ Notochord	1˚ Notochord
DMSO_MidG_GTATCAAGAGTT	3023	 6447	DMSO_U0126_midG_adult1	0.139599814	Epidermis (a)	Epidermis (a)
DMSO_MidG_GTATCATGTCCC	2489	 4439	DMSO_U0126_midG_adult2	0.292858752	NP (A) 4:I	NP (A) 4:I
DMSO_MidG_GTATCCCGAAGC	5585	24469	DMSO_U0126_midG_adult1	0.000000000	Epidermis (a)	Epidermis (a)
DMSO_MidG_GTATCCTTGTGT	4562	13085	DMSO_U0126_midG_adult2	0.061138708	Epidermis (b)	Epidermis (b)
DMSO_MidG_GTATCGATACGT	3364	 7355	DMSO_U0126_midG_adult1	0.108769545	Epidermis (a)	Epidermis (a)
DMSO_MidG_GTATGCCTGACC	2584	 4993	DMSO_U0126_midG_adult2	0.000000000	Epidermis (a)	Epidermis (a)
DMSO_MidG_GTATTATCAGTC	6152	30174	DMSO_U0126_midG_adult1	0.222045470	NP (a) 1/2:III/IV	NP (a) 1/2:III/IV
DMSO_MidG_GTATTCGTGCTG	4426	14164	DMSO_U0126_midG_adult1	0.134142897	B7.8 Muscle	B7.8 Muscle
DMSO_MidG_GTATTGATTAAG	1908	 2931	DMSO_U0126_midG_adult2	0.511770727	TLC posterior	TLC posterior
DMSO_MidG_GTATTGCTTTCG	3409	 7832	DMSO_U0126_midG_adult2	0.063840654	Tail tip epidermis	Tail tip epidermis
DMSO_MidG_GTATTGTAAGCC	2627	 4759	DMSO_U0126_midG_adult1	0.315192267	TLC anterior	TLC anterior
DMSO_MidG_GTATTGTGTCCG	4078	12770	DMSO_U0126_midG_adult2	0.328895850	B7.4 Muscle	B7.4 Muscle
DMSO_MidG_GTATTTTCCAAG	2007	 3295	DMSO_U0126_midG_adult2	1.608497724	B7.4 Muscle	B7.4 Muscle
DMSO_MidG_GTCAAAACTCCT	4669	14260	DMSO_U0126_midG_adult1	0.112201964	NP (a) 1/2:III/IV	NP (a) 1/2:III/IV
DMSO_MidG_GTCAACTGGAGC	1623	 2549	DMSO_U0126_midG_adult2	0.039231071	Endoderm (A)	Endoderm (A)
DMSO_MidG_GTCAAGAAACTT	4116	11232	DMSO_U0126_midG_adult1	0.480769231	Tail tip epidermis	Tail tip epidermis
DMSO_MidG_GTCACGAATCGT	3666	 8872	DMSO_U0126_midG_adult2	0.056357078	Endoderm (A)	Endoderm (A)
DMSO_MidG_GTCACTATCATT	4116	10993	DMSO_U0126_midG_adult2	0.272900937	B8.5 Mesenchyme	B8.5 Mesenchyme
DMSO_MidG_GTCAGCCATCGT	6696	45718	DMSO_U0126_midG_adult1	0.032809834	B7.4 Muscle	B7.4 Muscle
DMSO_MidG_GTCAGCTGCTGG	3231	 7406	DMSO_U0126_midG_adult2	0.000000000	Germ	Germ
DMSO_MidG_GTCAGCTGTGCG	3153	 7947	DMSO_U0126_midG_adult1	0.012583365	B7.8 Muscle	B7.8 Muscle
DMSO_MidG_GTCAGGCCCCTG	5284	20127	DMSO_U0126_midG_adult1	0.000000000	Endoderm (B)	Endoderm (B)
DMSO_MidG_GTCAGGTGGTGT	3008	 5916	DMSO_U0126_midG_adult1	0.033806626	1˚ Notochord	1˚ Notochord
DMSO_MidG_GTCATAGTACCA	4114	11254	DMSO_U0126_midG_adult1	0.728629821	NP (A) 4:I	NP (A) 4:I
DMSO_MidG_GTCATGCGCTAG	4958	18957	DMSO_U0126_midG_adult2	0.068576252	B7.4 Muscle	B7.4 Muscle
DMSO_MidG_GTCCACAACACG	3737	 9367	DMSO_U0126_midG_adult1	0.021351553	Epidermis (b)	Epidermis (b)
DMSO_MidG_GTCCCGCGCTAG	2628	 5008	DMSO_U0126_midG_adult1	0.000000000	Epidermis (a)	Epidermis (a)
DMSO_MidG_GTCCCTCAACGC	1543	 2212	DMSO_U0126_midG_adult1	0.000000000	NP (b) #2 posterior	NP (b) #2 posterior
DMSO_MidG_GTCCGATCGCAC	3729	 9376	DMSO_U0126_midG_adult2	0.021331058	Epidermis (a)	Epidermis (a)
DMSO_MidG_GTCCGGTCCTTA	2576	 4624	DMSO_U0126_midG_adult1	0.064878893	2˚ Notochord	2˚ Notochord
DMSO_MidG_GTCCTTGATGCA	1567	 2400	DMSO_U0126_midG_adult2	0.250000000	B7.4 Muscle	B7.4 Muscle
DMSO_MidG_GTCGAAAACTGT	2424	 4366	DMSO_U0126_midG_adult1	0.045808520	Epidermis (b)	Epidermis (b)
DMSO_MidG_GTCGAGTGGTGC	2553	 4930	DMSO_U0126_midG_adult2	0.020283976	Epidermis (b)	Epidermis (b)
DMSO_MidG_GTCGATCTACAG	4120	11733	DMSO_U0126_midG_adult2	0.110798602	Epidermis (a)	Epidermis (a)
DMSO_MidG_GTCGATGTTGAA	3736	 9714	DMSO_U0126_midG_adult1	0.051472102	NP (a) 3:V/VI	NP (a) 3:V/VI
DMSO_MidG_GTCGATTACACC	2750	 5365	DMSO_U0126_midG_adult2	0.037278658	NP (a) 1/2:III/IV	NP (a) 1/2:III/IV
DMSO_MidG_GTCGCAGTGTCT	4412	13448	DMSO_U0126_midG_adult1	0.193337299	B7.4 Muscle	B7.4 Muscle
DMSO_MidG_GTCGCCTTGTAG	3535	 7757	DMSO_U0126_midG_adult2	0.000000000	Epidermis (a)	Epidermis (a)
DMSO_MidG_GTCGTATGTCAA	1929	 3133	DMSO_U0126_midG_adult1	0.031918289	B8.5 Mesenchyme	B8.5 Mesenchyme
DMSO_MidG_GTCGTCACATGC	3257	 7161	DMSO_U0126_midG_adult2	0.153609831	NP (A) 3:I	NP (A) 3:I
DMSO_MidG_GTCGTCGACGCG	2139	 3567	DMSO_U0126_midG_adult1	0.028034763	Endoderm (B)	Endoderm (B)
DMSO_MidG_GTCGTGGATACT	4065	12015	DMSO_U0126_midG_adult2	0.474406991	B7.8 Muscle	B7.8 Muscle
DMSO_MidG_GTCGTTCTAAAC	3518	 8368	DMSO_U0126_midG_adult2	0.262906310	Epidermis (b)	Epidermis (b)
DMSO_MidG_GTCTCGGACGAC	2557	 4734	DMSO_U0126_midG_adult2	0.000000000	Epidermis (a)	Epidermis (a)
DMSO_MidG_GTCTGCTGCACG	2872	 5701	DMSO_U0126_midG_adult1	0.000000000	Epidermis (b)	Epidermis (b)
DMSO_MidG_GTCTGTAGAGCA	2107	 3590	DMSO_U0126_midG_adult1	0.027855153	TLC anterior	TLC anterior
DMSO_MidG_GTCTTCACAGAT	4863	15747	DMSO_U0126_midG_adult1	0.076204991	NP (a) 1/2:V/VI	NP (a) 1/2:V/VI
DMSO_MidG_GTCTTCAGCTTG	3794	 8883	DMSO_U0126_midG_adult1	0.022514916	Epidermis (b)	Epidermis (b)
DMSO_MidG_GTCTTCATTACT	3719	 9058	DMSO_U0126_midG_adult1	0.375358799	Epidermis (a)	Epidermis (a)
DMSO_MidG_GTCTTGTGGTTG	3060	 6301	DMSO_U0126_midG_adult1	0.015870497	Epidermis (b)	Epidermis (b)
DMSO_MidG_GTCTTTCTTGGA	2236	 4305	DMSO_U0126_midG_adult1	0.000000000	1˚ Notochord	1˚ Notochord
DMSO_MidG_GTGAAATCAAAT	4788	16238	DMSO_U0126_midG_adult1	0.147801453	TLC posterior	TLC posterior
DMSO_MidG_GTGCAAGCTGTG	1531	 2405	DMSO_U0126_midG_adult1	0.000000000	B7.7 Mesenchyme	B7.7 Mesenchyme
DMSO_MidG_GTGCAGATTTTT	3568	 8120	DMSO_U0126_midG_adult2	0.123152709	Epidermis (a)	Epidermis (a)
DMSO_MidG_GTGCATTCGCGG	2065	 3961	DMSO_U0126_midG_adult2	0.000000000	Endoderm (A)	Endoderm (A)
DMSO_MidG_GTGCCGCTAGGG	4079	12795	DMSO_U0126_midG_adult2	0.015631106	B8.5 Mesenchyme	B8.5 Mesenchyme
DMSO_MidG_GTGCCGCTCCTT	3672	 8673	DMSO_U0126_midG_adult2	0.046120143	NP (A) 1/2:II	NP (A) 1/2:II
DMSO_MidG_GTGCGTACGCTA	1943	 3156	DMSO_U0126_midG_adult1	0.063371356	2˚ Notochord	2˚ Notochord
DMSO_MidG_GTGCGTGGCGCG	3200	 6833	DMSO_U0126_midG_adult1	0.000000000	1˚ Notochord	1˚ Notochord
DMSO_MidG_GTGGAGGAGTTA	3780	 9364	DMSO_U0126_midG_adult2	0.138829560	NP (A) 3:II	NP (A) 3:II
DMSO_MidG_GTGGAGTGATAA	6064	29034	DMSO_U0126_midG_adult1	0.120548323	Endoderm (B)	Endoderm (B)
DMSO_MidG_GTGGCATAGATT	5477	21154	DMSO_U0126_midG_adult2	0.122908197	NP (A) 1/2:II	NP (A) 1/2:II
DMSO_MidG_GTGGCCTGCGGT	5365	20621	DMSO_U0126_midG_adult1	0.009698851	DMT epidermis	DMT epidermis
DMSO_MidG_GTGGCGCCCTTA	4875	16118	DMSO_U0126_midG_adult1	0.000000000	NP (a) 1/2:III/IV	NP (a) 1/2:III/IV
DMSO_MidG_GTGGTGATTACC	2152	 3734	DMSO_U0126_midG_adult2	0.053561864	Epidermis (a)	Epidermis (a)
DMSO_MidG_GTGTCGCAATCC	1836	 2893	DMSO_U0126_midG_adult2	0.103698583	NP (A) 1/2:II	NP (A) 1/2:II
DMSO_MidG_GTGTGGCGACCT	3321	 7209	DMSO_U0126_midG_adult1	0.000000000	Epidermis (a)	Epidermis (a)
DMSO_MidG_GTGTGTCCGCGT	2693	 4990	DMSO_U0126_midG_adult1	0.000000000	Epidermis (a)	Epidermis (a)
DMSO_MidG_GTGTTGATCTTC	2198	 3754	DMSO_U0126_midG_adult2	0.159829515	Tail tip epidermis	Tail tip epidermis
DMSO_MidG_GTGTTTATTTAG	2092	 3652	DMSO_U0126_midG_adult1	0.711938664	1˚ Notochord	1˚ Notochord
DMSO_MidG_GTTAAGTCGAGA	1984	 3478	DMSO_U0126_midG_adult2	0.028752156	Epidermis (a)	Epidermis (a)
DMSO_MidG_GTTACATCCGGT	1637	 2331	DMSO_U0126_midG_adult2	0.042900043	Tail tip epidermis	Tail tip epidermis
DMSO_MidG_GTTACGACTTGT	2181	 4198	DMSO_U0126_midG_adult1	0.023820867	1˚ Notochord	1˚ Notochord
DMSO_MidG_GTTACGTTGTAG	3673	 8965	DMSO_U0126_midG_adult2	0.234244283	B8.5 Mesenchyme	B8.5 Mesenchyme
DMSO_MidG_GTTACTATGCAT	1945	 3547	DMSO_U0126_midG_adult1	0.281928390	Endoderm (A)	Endoderm (A)
DMSO_MidG_GTTAGTAGTGGC	2258	 4177	DMSO_U0126_midG_adult2	0.047881254	Epidermis (a)	Epidermis (a)
DMSO_MidG_GTTATGTCCTGA	3527	 8365	DMSO_U0126_midG_adult2	0.107591154	Tail tip epidermis	Tail tip epidermis
DMSO_MidG_GTTCATTCGCTG	3029	 6148	DMSO_U0126_midG_adult1	0.000000000	1˚ Notochord	1˚ Notochord
DMSO_MidG_GTTCCAACTTGG	5059	16780	DMSO_U0126_midG_adult1	0.005959476	Endoderm (B)	Endoderm (B)
DMSO_MidG_GTTCCGAGTCGT	4807	15234	DMSO_U0126_midG_adult1	0.032821321	NP (a) 3:III/IV	NP (a) 3:III/IV
DMSO_MidG_GTTCCTGTCCGC	3409	 7170	DMSO_U0126_midG_adult1	0.000000000	Epidermis (a)	Epidermis (a)
DMSO_MidG_GTTCTGGCGTCA	3732	 9356	DMSO_U0126_midG_adult1	0.042753313	Epidermis (a)	Epidermis (a)
DMSO_MidG_GTTCTTGGTCAA	1809	 3210	DMSO_U0126_midG_adult2	0.155763240	Epidermis (b)	Epidermis (b)
DMSO_MidG_GTTGAATCGGCT	3309	 6851	DMSO_U0126_midG_adult1	0.000000000	Epidermis (a)	Epidermis (a)
DMSO_MidG_GTTGACTGTTTC	4102	10819	DMSO_U0126_midG_adult1	0.073943987	NP (b) #2 posterior	NP (b) #2 posterior
DMSO_MidG_GTTGATCACTAC	4671	15204	DMSO_U0126_midG_adult2	0.026308866	Epidermis (b)	Epidermis (b)
DMSO_MidG_GTTGCACGTTTG	3875	 9956	DMSO_U0126_midG_adult1	0.020088389	Epidermis (b)	Epidermis (b)
DMSO_MidG_GTTGCGAAGTAG	2906	 5703	DMSO_U0126_midG_adult1	0.017534631	Epidermis (a)	Epidermis (a)
DMSO_MidG_GTTGCGCTCCTA	3248	 7442	DMSO_U0126_midG_adult2	0.000000000	Epidermis (b)	Epidermis (b)
DMSO_MidG_GTTGCGGTATTG	2903	 5829	DMSO_U0126_midG_adult2	0.085778007	Epidermis (a)	Epidermis (a)
DMSO_MidG_GTTGTACTCAGA	3431	 7623	DMSO_U0126_midG_adult1	0.170536534	TLC posterior	TLC posterior
DMSO_MidG_GTTGTCCCATGT	3107	 6787	DMSO_U0126_midG_adult2	0.044202151	Epidermis (b)	Epidermis (b)
DMSO_MidG_GTTGTGTAAATC	2437	 4182	DMSO_U0126_midG_adult1	0.191296031	Epidermis (b)	Epidermis (b)
DMSO_MidG_GTTGTTAGAATG	3073	 6411	DMSO_U0126_midG_adult2	0.093589144	NP (A) 3:II	NP (A) 3:II
DMSO_MidG_GTTTAACCACGC	3004	 6430	DMSO_U0126_midG_adult2	0.015552100	Epidermis (b)	Epidermis (b)
DMSO_MidG_GTTTACACCAGG	3684	 8520	DMSO_U0126_midG_adult1	0.000000000	Epidermis (a)	Epidermis (a)
DMSO_MidG_GTTTACATGCAG	5850	25427	DMSO_U0126_midG_adult1	0.031462618	Epidermis (a)	Epidermis (a)
DMSO_MidG_GTTTACGGGAAA	5004	18774	DMSO_U0126_midG_adult2	0.324917439	B7.4 Muscle	B7.4 Muscle
DMSO_MidG_GTTTAGAGATGA	3538	 8073	DMSO_U0126_midG_adult2	0.433543912	1˚ Notochord	1˚ Notochord
DMSO_MidG_GTTTATTGTGAT	4031	10381	DMSO_U0126_midG_adult1	0.356420383	NP (a) 1/2:III/IV	NP (a) 1/2:III/IV
DMSO_MidG_GTTTCAGCATAT	2259	 3707	DMSO_U0126_midG_adult2	0.053951983	Epidermis (b)	Epidermis (b)
DMSO_MidG_GTTTCTCTACTA	4114	11519	DMSO_U0126_midG_adult1	0.034725237	Epidermis (a)	Epidermis (a)
DMSO_MidG_GTTTGCACTGCT	2098	 4492	DMSO_U0126_midG_adult2	0.178094390	B7.4 Muscle	B7.4 Muscle
DMSO_MidG_GTTTGTCAAATA	4325	14373	DMSO_U0126_midG_adult2	2.428163918	B7.8 Muscle	B7.8 Muscle
DMSO_MidG_GTTTGTTTTTAG	4240	12104	DMSO_U0126_midG_adult1	0.190019828	NP (A) 1/2:I	NP (A) 1/2:I
DMSO_MidG_TAAAAGGGGATC	1871	 3132	DMSO_U0126_midG_adult2	0.095785441	NP (A) 1/2:II	NP (A) 1/2:II
DMSO_MidG_TAAAATGTGGCG	3603	 8210	DMSO_U0126_midG_adult2	0.036540804	Epidermis (b)	Epidermis (b)
DMSO_MidG_TAAAGCGCACCC	3038	 6612	DMSO_U0126_midG_adult1	0.015124017	B8.5 Mesenchyme	B8.5 Mesenchyme
DMSO_MidG_TAAAGCTATCTG	2810	 5439	DMSO_U0126_midG_adult1	0.220628792	Epidermis (a)	Epidermis (a)
DMSO_MidG_TAAAGGCCCTTA	3996	10335	DMSO_U0126_midG_adult1	0.019351717	Endoderm (A)	Endoderm (A)
DMSO_MidG_TAAATTGACCGT	2804	 5261	DMSO_U0126_midG_adult1	0.133054552	Tail tip epidermis	Tail tip epidermis
DMSO_MidG_TAACAAACGGTT	1866	 2856	DMSO_U0126_midG_adult1	1.190476190	NP (A) 1/2:I	NP (A) 1/2:I
DMSO_MidG_TAACAATTGAGA	2964	 5785	DMSO_U0126_midG_adult1	0.311149525	1˚ Notochord	1˚ Notochord
DMSO_MidG_TAACATTGCTGA	4410	13338	DMSO_U0126_midG_adult2	0.044984256	1˚ Notochord	1˚ Notochord
DMSO_MidG_TAACCAGTTCCT	2913	 5881	DMSO_U0126_midG_adult2	0.153035198	1˚ Notochord	1˚ Notochord
DMSO_MidG_TAACCTAAGCCG	4272	11334	DMSO_U0126_midG_adult2	0.176460208	NP (a) 1/2:III/IV	NP (a) 1/2:III/IV
DMSO_MidG_TAACGAATAACC	2720	 5408	DMSO_U0126_midG_adult2	0.018491124	Epidermis (a)	Epidermis (a)
DMSO_MidG_TAACGACTTCCT	3563	 9345	DMSO_U0126_midG_adult2	0.149812734	Endoderm (A)	Endoderm (A)
DMSO_MidG_TAACGATTCGGC	4553	13697	DMSO_U0126_midG_adult2	0.233627802	NP (A) 4:I	NP (A) 4:I
DMSO_MidG_TAACTAAAAAGA	2840	 5696	DMSO_U0126_midG_adult2	0.175561798	Epidermis (b)	Epidermis (b)
DMSO_MidG_TAACTGAGATGG	2045	 3399	DMSO_U0126_midG_adult1	0.058840836	1˚ Notochord	1˚ Notochord
DMSO_MidG_TAAGAAGTAACG	4544	15637	DMSO_U0126_midG_adult2	1.976082369	B7.4 Muscle	B7.4 Muscle
DMSO_MidG_TAAGCACCCCCA	3453	 8822	DMSO_U0126_midG_adult2	0.079347087	B7.4 Muscle	B7.4 Muscle
DMSO_MidG_TAAGCCCTGGCC	3549	 9026	DMSO_U0126_midG_adult1	0.011079105	TLC posterior	TLC posterior
DMSO_MidG_TAAGCTGCATGC	1841	 3027	DMSO_U0126_midG_adult2	0.000000000	Epidermis (b)	Epidermis (b)
DMSO_MidG_TAAGGAGCTAAT	4531	15673	DMSO_U0126_midG_adult2	1.958782620	B7.8 Muscle	B7.8 Muscle
DMSO_MidG_TAAGGGCAGTTT	2387	 3958	DMSO_U0126_midG_adult2	0.126326427	Epidermis (a)	Epidermis (a)
DMSO_MidG_TAAGGTAAGAGT	2421	 4153	DMSO_U0126_midG_adult2	0.288947749	Epidermis (a)	Epidermis (a)
DMSO_MidG_TAAGTTCCGCTC	3837	 9790	DMSO_U0126_midG_adult2	0.051072523	Tail tip epidermis	Tail tip epidermis
DMSO_MidG_TAATACATTTGT	2908	 5731	DMSO_U0126_midG_adult2	0.122142733	1˚ Notochord	1˚ Notochord
DMSO_MidG_TAATATCTTCGC	4485	15558	DMSO_U0126_midG_adult2	0.417791490	B7.4 Muscle	B7.4 Muscle
DMSO_MidG_TAATATTAGCCA	2192	 3534	DMSO_U0126_midG_adult1	0.481041313	NP (A) 1/2:I	NP (A) 1/2:I
DMSO_MidG_TAATCACCCACG	4078	10822	DMSO_U0126_midG_adult2	0.110885234	Tail tip epidermis	Tail tip epidermis
DMSO_MidG_TAATCACGAACT	2756	 5448	DMSO_U0126_midG_adult2	0.532305433	1˚ Notochord	1˚ Notochord
DMSO_MidG_TAATCCGATTTG	1776	 2669	DMSO_U0126_midG_adult1	0.262270513	1˚ Notochord	1˚ Notochord
DMSO_MidG_TAATCTAGCGAC	3589	 8348	DMSO_U0126_midG_adult2	0.035936751	Epidermis (b)	Epidermis (b)
DMSO_MidG_TAATGCCTATGG	2265	 3996	DMSO_U0126_midG_adult1	0.100100100	Epidermis (b)	Epidermis (b)
DMSO_MidG_TAATGTGAACAC	4800	14890	DMSO_U0126_midG_adult2	0.335795836	NP (b) #2 posterior	NP (b) #2 posterior
DMSO_MidG_TAATTCCATACG	2107	 3543	DMSO_U0126_midG_adult2	0.225797347	Epidermis (a)	Epidermis (a)
DMSO_MidG_TACAATTCGCAA	4191	11713	DMSO_U0126_midG_adult2	0.085375224	Epidermis (a)	Epidermis (a)
DMSO_MidG_TACACTGGGGTT	3856	 9018	DMSO_U0126_midG_adult1	0.000000000	NP (a) 1/2:V/VI	NP (a) 1/2:V/VI
DMSO_MidG_TACAGAAAACTC	3407	 7825	DMSO_U0126_midG_adult1	0.715654952	Epidermis (b)	Epidermis (b)
DMSO_MidG_TACAGCGGTACG	1730	 2655	DMSO_U0126_midG_adult1	0.000000000	Epidermis (a)	Epidermis (a)
DMSO_MidG_TACAGTAGAAAG	1562	 2449	DMSO_U0126_midG_adult1	0.081665986	Endoderm (A)	Endoderm (A)
DMSO_MidG_TACAGTGCCTAC	6426	38396	DMSO_U0126_midG_adult1	0.044275445	B7.7 Mesenchyme	B7.7 Mesenchyme
DMSO_MidG_TACATATCTGTC	3210	 6598	DMSO_U0126_midG_adult1	0.439527129	Epidermis (b)	Epidermis (b)
DMSO_MidG_TACATCCATGTC	1678	 2443	DMSO_U0126_midG_adult2	0.040933279	NP (b) #2 posterior	NP (b) #2 posterior
DMSO_MidG_TACATCTTCCAC	2400	 4369	DMSO_U0126_midG_adult1	0.000000000	Epidermis (a)	Epidermis (a)
DMSO_MidG_TACCAAGAGCCT	3817	 9907	DMSO_U0126_midG_adult2	0.171595841	Epidermis (a)	Epidermis (a)
DMSO_MidG_TACCAGGCCGAG	1650	 2575	DMSO_U0126_midG_adult1	0.000000000	Epidermis (a)	Epidermis (a)
DMSO_MidG_TACCATCCCGTA	4228	11813	DMSO_U0126_midG_adult2	0.093117752	Epidermis (b)	Epidermis (b)
DMSO_MidG_TACCATCGGCCT	4855	16445	DMSO_U0126_midG_adult2	0.012161751	B8.5 Mesenchyme	B8.5 Mesenchyme
DMSO_MidG_TACCCCAGAGAA	2743	 5337	DMSO_U0126_midG_adult1	0.430953719	NP (A) 1/2:I	NP (A) 1/2:I
DMSO_MidG_TACCGTGCACTG	2542	 4558	DMSO_U0126_midG_adult2	0.043878894	NP (A) 1/2:II	NP (A) 1/2:II
DMSO_MidG_TACCTAGCTTAT	3191	 6611	DMSO_U0126_midG_adult1	0.196641960	1˚ Notochord	1˚ Notochord
DMSO_MidG_TACCTCCCACAA	5071	17473	DMSO_U0126_midG_adult2	0.045784925	NP (A) 1/2:II	NP (A) 1/2:II
DMSO_MidG_TACCTGGACCTT	2910	 6757	DMSO_U0126_midG_adult1	0.044398402	Epidermis (b)	Epidermis (b)
DMSO_MidG_TACGACTAAACG	1908	 3426	DMSO_U0126_midG_adult2	0.846468184	NP (A) 1/2:I	NP (A) 1/2:I
DMSO_MidG_TACGAGGCCCAG	3324	 7191	DMSO_U0126_midG_adult1	0.083437630	B8.5 Mesenchyme	B8.5 Mesenchyme
DMSO_MidG_TACGATAGCTTC	2375	 4486	DMSO_U0126_midG_adult2	0.334373607	DMT epidermis	DMT epidermis
DMSO_MidG_TACGATCGGGCG	2656	 4798	DMSO_U0126_midG_adult2	0.000000000	Epidermis (b)	Epidermis (b)
DMSO_MidG_TACGCACAGACC	2715	 5143	DMSO_U0126_midG_adult1	0.116663426	Epidermis (a)	Epidermis (a)
DMSO_MidG_TACGCATGTTGT	3019	 5979	DMSO_U0126_midG_adult1	0.050175615	Epidermis (b)	Epidermis (b)
DMSO_MidG_TACGCGCTTTGC	3095	 6388	DMSO_U0126_midG_adult2	0.000000000	Epidermis (a)	Epidermis (a)
DMSO_MidG_TACGTAGCTCCT	2034	 3338	DMSO_U0126_midG_adult2	0.179748352	1˚ Notochord	1˚ Notochord
DMSO_MidG_TACGTCATCGCC	3504	 9011	DMSO_U0126_midG_adult2	0.033292642	Endoderm (A)	Endoderm (A)
DMSO_MidG_TACGTCCTTTGC	2297	 3865	DMSO_U0126_midG_adult1	0.025873221	NP (a) 1/2:III/IV	NP (a) 1/2:III/IV
DMSO_MidG_TACGTCGAGGGC	3909	 9368	DMSO_U0126_midG_adult2	0.000000000	Tail tip epidermis	Tail tip epidermis
DMSO_MidG_TACTAAGCACTA	1944	 3122	DMSO_U0126_midG_adult2	0.832799488	Epidermis (a)	Epidermis (a)
DMSO_MidG_TACTACAACATT	4463	13825	DMSO_U0126_midG_adult2	0.665461121	NP (A) 1/2:II	NP (A) 1/2:II
DMSO_MidG_TACTACCGAACC	6171	33376	DMSO_U0126_midG_adult1	0.023969319	B7.7 Mesenchyme	B7.7 Mesenchyme
DMSO_MidG_TACTATGAGCAC	3072	 6273	DMSO_U0126_midG_adult1	0.318826718	Epidermis (a)	Epidermis (a)
DMSO_MidG_TACTCCCCATTA	2185	 3591	DMSO_U0126_midG_adult2	0.000000000	Epidermis (a)	Epidermis (a)
DMSO_MidG_TACTCTTTGGTC	3307	 7109	DMSO_U0126_midG_adult2	0.196933465	Epidermis (b)	Epidermis (b)
DMSO_MidG_TACTGATCAGCG	2043	 3432	DMSO_U0126_midG_adult1	0.145687646	Epidermis (a)	Epidermis (a)
DMSO_MidG_TACTGTATAATG	4428	12661	DMSO_U0126_midG_adult1	0.126372324	Epidermis (b)	Epidermis (b)
DMSO_MidG_TACTTGGGTGAT	3484	 7921	DMSO_U0126_midG_adult2	0.037874006	NP (b) #2 posterior	NP (b) #2 posterior
DMSO_MidG_TAGAAACCAGAT	3882	 9999	DMSO_U0126_midG_adult1	0.090009001	Epidermis (a)	Epidermis (a)
DMSO_MidG_TAGAAAGGTGGT	3599	 8268	DMSO_U0126_midG_adult2	0.205611998	Epidermis (b)	Epidermis (b)
DMSO_MidG_TAGACAATCCAC	3988	11533	DMSO_U0126_midG_adult2	0.763027833	B7.8 Muscle	B7.8 Muscle
DMSO_MidG_TAGACCGGTTTC	4067	10599	DMSO_U0126_midG_adult2	0.103783376	NP (A) 1/2:I	NP (A) 1/2:I
DMSO_MidG_TAGACCTGTTGA	3235	 7079	DMSO_U0126_midG_adult2	0.211894335	Epidermis (a)	Epidermis (a)
DMSO_MidG_TAGACTGTAACC	4496	13623	DMSO_U0126_midG_adult1	0.110107906	Endoderm (B)	Endoderm (B)
DMSO_MidG_TAGAGACTCAAC	3829	10087	DMSO_U0126_midG_adult2	0.505601269	NP (A) 4:I	NP (A) 4:I
DMSO_MidG_TAGAGCTAAGTT	3496	 7843	DMSO_U0126_midG_adult2	0.216753793	NP (a) 3:V/VI	NP (a) 3:V/VI
DMSO_MidG_TAGAGTTGCCCA	2670	 4784	DMSO_U0126_midG_adult1	0.000000000	1˚ Notochord	1˚ Notochord
DMSO_MidG_TAGATAACTTAG	1952	 3317	DMSO_U0126_midG_adult2	0.150738619	Epidermis (a)	Epidermis (a)
DMSO_MidG_TAGATCACCCCT	4639	14939	DMSO_U0126_midG_adult1	0.020081665	Epidermis (a)	Epidermis (a)
DMSO_MidG_TAGATGACGTTG	3431	 7290	DMSO_U0126_midG_adult1	0.205761317	1˚ Notochord	1˚ Notochord
DMSO_MidG_TAGATTTATGTT	3833	 9357	DMSO_U0126_midG_adult2	0.170994977	Epidermis (a)	Epidermis (a)
DMSO_MidG_TAGCAGGGCGTA	2322	 4063	DMSO_U0126_midG_adult2	0.147674132	NP (a) 1/2:V/VI	NP (a) 1/2:V/VI
DMSO_MidG_TAGCCTAGATCC	4272	12034	DMSO_U0126_midG_adult2	0.041548945	1˚ Notochord	1˚ Notochord
DMSO_MidG_TAGCGGATAGAT	2209	 3865	DMSO_U0126_midG_adult1	0.181112549	Epidermis (b)	Epidermis (b)
DMSO_MidG_TAGCGGGCTTAG	3491	 7995	DMSO_U0126_midG_adult1	0.012507817	Epidermis (a)	Epidermis (a)
DMSO_MidG_TAGCTGAAGGGA	1812	 2724	DMSO_U0126_midG_adult1	0.073421439	Epidermis (b)	Epidermis (b)
DMSO_MidG_TAGGAGTATTGG	4527	14761	DMSO_U0126_midG_adult1	0.636813224	B7.8 Muscle	B7.8 Muscle
DMSO_MidG_TAGGCCGCATCG	2009	 3293	DMSO_U0126_midG_adult2	0.060734892	NP (a) 1/2:V/VI	NP (a) 1/2:V/VI
DMSO_MidG_TAGGCTCTATTA	1505	 2425	DMSO_U0126_midG_adult2	0.948453608	B7.4 Muscle	B7.4 Muscle
DMSO_MidG_TAGGCTTGAGTC	3600	 8313	DMSO_U0126_midG_adult2	0.024058703	NP (a) 1/2:V/VI	NP (a) 1/2:V/VI
DMSO_MidG_TAGGGGTGTCTT	1966	 3172	DMSO_U0126_midG_adult2	0.157629256	NP (a) 1/2:III/IV	NP (a) 1/2:III/IV
DMSO_MidG_TAGGGTATTAGT	2862	 5826	DMSO_U0126_midG_adult1	1.012701682	Epidermis (a)	Epidermis (a)
DMSO_MidG_TAGGGTCAGCTG	3911	 9125	DMSO_U0126_midG_adult1	0.010958904	NP (a) 1/2:III/IV	NP (a) 1/2:III/IV
DMSO_MidG_TAGTAGCAGTCC	4651	14128	DMSO_U0126_midG_adult1	0.042468856	Endoderm (A)	Endoderm (A)
DMSO_MidG_TAGTCCTGCAGC	2910	 5727	DMSO_U0126_midG_adult1	0.000000000	Epidermis (a)	Epidermis (a)
DMSO_MidG_TAGTTAGATCGG	3292	 8162	DMSO_U0126_midG_adult2	0.098015192	B7.4 Muscle	B7.4 Muscle
DMSO_MidG_TAGTTGACTGCG	2028	 3475	DMSO_U0126_midG_adult2	0.028776978	Epidermis (b)	Epidermis (b)
DMSO_MidG_TAGTTGCTGGAC	3235	 6979	DMSO_U0126_midG_adult1	0.229259206	B7.4 Muscle	B7.4 Muscle
DMSO_MidG_TAGTTGTTTTCG	4778	15076	DMSO_U0126_midG_adult2	0.524011674	NP (A) 1/2:II	NP (A) 1/2:II
DMSO_MidG_TATAAGCAGTGT	3579	 7971	DMSO_U0126_midG_adult1	0.175636683	Epidermis (a)	Epidermis (a)
DMSO_MidG_TATAAGCTGTAG	2179	 3579	DMSO_U0126_midG_adult2	0.055881531	Epidermis (b)	Epidermis (b)
DMSO_MidG_TATAATGTCCTT	3506	 8305	DMSO_U0126_midG_adult1	0.048163757	TVC	TVC
DMSO_MidG_TATACAAGTACC	6899	50822	DMSO_U0126_midG_adult2	0.316791940	B7.7 Mesenchyme	B7.7 Mesenchyme
DMSO_MidG_TATACGTTTAAC	2309	 3863	DMSO_U0126_midG_adult1	0.155319700	Epidermis (b)	Epidermis (b)
DMSO_MidG_TATAGGGTCGGA	3188	 8307	DMSO_U0126_midG_adult2	0.120380402	B7.8 Muscle	B7.8 Muscle
DMSO_MidG_TATAGTAGGGTG	2354	 3958	DMSO_U0126_midG_adult1	0.176856998	Epidermis (b)	Epidermis (b)
DMSO_MidG_TATATACTCACT	3977	10598	DMSO_U0126_midG_adult2	0.122664654	1˚ Notochord	1˚ Notochord
DMSO_MidG_TATATGCCAGCA	3730	 8816	DMSO_U0126_midG_adult2	0.306261343	NP (a) 1/2:III/IV	NP (a) 1/2:III/IV
DMSO_MidG_TATATGTGAGCT	4278	11651	DMSO_U0126_midG_adult2	0.274654536	NP (a) 3:III/IV	NP (a) 3:III/IV
DMSO_MidG_TATCGACAACTA	5068	17965	DMSO_U0126_midG_adult1	0.116893960	Epidermis (b)	Epidermis (b)
DMSO_MidG_TATGAATGGGAA	1672	 2508	DMSO_U0126_midG_adult1	0.159489633	NP (a) 1/2:V/VI	NP (a) 1/2:V/VI
DMSO_MidG_TATGAGACATAC	2348	 3976	DMSO_U0126_midG_adult2	1.131790744	NP (a) 1/2:III/IV	NP (a) 1/2:III/IV
DMSO_MidG_TATGCGCAAGAG	3387	 7411	DMSO_U0126_midG_adult2	0.053973823	Epidermis (a)	Epidermis (a)
DMSO_MidG_TATGCTAGCGCT	2624	 4601	DMSO_U0126_midG_adult2	0.000000000	Epidermis (a)	Epidermis (a)
DMSO_MidG_TATGCTCTTGGG	2696	 4899	DMSO_U0126_midG_adult1	0.000000000	Epidermis (a)	Epidermis (a)
DMSO_MidG_TATGGAAACCGC	1867	 2970	DMSO_U0126_midG_adult1	0.033670034	B8.5 Mesenchyme	B8.5 Mesenchyme
DMSO_MidG_TATGGCGGCAAG	2695	 5017	DMSO_U0126_midG_adult2	0.019932230	Epidermis (b)	Epidermis (b)
DMSO_MidG_TATGTGCCGTGC	4011	10701	DMSO_U0126_midG_adult2	0.000000000	Epidermis (b)	Epidermis (b)
DMSO_MidG_TATGTGCGAGCC	3597	 8805	DMSO_U0126_midG_adult2	0.034071550	NP (A) 4:I	NP (A) 4:I
DMSO_MidG_TATGTGGTCATT	2774	 5198	DMSO_U0126_midG_adult1	0.115429011	1˚ Notochord	1˚ Notochord
DMSO_MidG_TATGTGTGTGAT	2488	 4247	DMSO_U0126_midG_adult1	0.141276195	1˚ Notochord	1˚ Notochord
DMSO_MidG_TATGTTAAGGCG	7738	84215	DMSO_U0126_midG_adult1	0.020186428	B7.7 Mesenchyme	B7.7 Mesenchyme
DMSO_MidG_TATTACCACCTT	1857	 2872	DMSO_U0126_midG_adult1	0.661559889	Tail tip epidermis	Tail tip epidermis
DMSO_MidG_TATTAGGTCTCC	4434	12912	DMSO_U0126_midG_adult2	0.333023544	NP (a) 3:III/IV	NP (a) 3:III/IV
DMSO_MidG_TATTCCGCTTCC	5047	16489	DMSO_U0126_midG_adult1	0.345685002	NP (b) #1 anterior	NP (b) #1 anterior
DMSO_MidG_TATTGCCTGGCC	4892	16932	DMSO_U0126_midG_adult2	0.011811954	Epidermis (a)	Epidermis (a)
DMSO_MidG_TATTGTATGTCA	6548	39674	DMSO_U0126_midG_adult2	0.138629833	B7.7 Mesenchyme	B7.7 Mesenchyme
DMSO_MidG_TCAAAAGGGGGT	2069	 3198	DMSO_U0126_midG_adult2	0.031269543	B8.5 Mesenchyme	B8.5 Mesenchyme
DMSO_MidG_TCAAATCTTGCA	4552	15055	DMSO_U0126_midG_adult1	0.199269346	TLC posterior	TLC posterior
DMSO_MidG_TCAAGAGCAAGT	4472	12425	DMSO_U0126_midG_adult2	0.120724346	Epidermis (b)	Epidermis (b)
DMSO_MidG_TCAATATCCAGT	5062	19539	DMSO_U0126_midG_adult2	1.151543068	B7.8 Muscle	B7.8 Muscle
DMSO_MidG_TCACACGTTAAC	3802	 9440	DMSO_U0126_midG_adult2	0.180084746	Epidermis (b)	Epidermis (b)
DMSO_MidG_TCACACTGCCCC	5636	22913	DMSO_U0126_midG_adult2	0.030550343	NP (a) 1/2:III/IV	NP (a) 1/2:III/IV
DMSO_MidG_TCACAGAAGTTG	3944	 9889	DMSO_U0126_midG_adult1	0.121346951	Endoderm (B)	Endoderm (B)
DMSO_MidG_TCACAGTAGATG	3877	11775	DMSO_U0126_midG_adult1	1.409766454	B7.4 Muscle	B7.4 Muscle
DMSO_MidG_TCACCGAGGATA	2590	 4635	DMSO_U0126_midG_adult2	0.021574973	Epidermis (a)	Epidermis (a)
DMSO_MidG_TCACGCAAACTA	4788	14896	DMSO_U0126_midG_adult2	0.013426423	Endoderm (A)	Endoderm (A)
DMSO_MidG_TCACGGTCTGGA	3462	 7611	DMSO_U0126_midG_adult2	0.013138878	Epidermis (a)	Epidermis (a)
DMSO_MidG_TCACTAGCTTAT	1758	 2729	DMSO_U0126_midG_adult2	0.183217296	B8.5 Mesenchyme	B8.5 Mesenchyme
DMSO_MidG_TCACTCCTCCTG	1908	 3133	DMSO_U0126_midG_adult1	0.031918289	Epidermis (a)	Epidermis (a)
DMSO_MidG_TCACTCTATCGG	2600	 4826	DMSO_U0126_midG_adult2	0.103605470	Epidermis (b)	Epidermis (b)
DMSO_MidG_TCACTCTCCCAA	1630	 2441	DMSO_U0126_midG_adult2	0.122900451	TLC posterior	TLC posterior
DMSO_MidG_TCACTGGTTGGA	2294	 3671	DMSO_U0126_midG_adult1	0.054481068	1˚ Notochord	1˚ Notochord
DMSO_MidG_TCACTTAGTAAA	1962	 3169	DMSO_U0126_midG_adult1	1.861786052	NP (A) 4:I	NP (A) 4:I
DMSO_MidG_TCAGACCCACCG	3319	 7824	DMSO_U0126_midG_adult2	0.012781186	Epidermis (a)	Epidermis (a)
DMSO_MidG_TCAGCCCCCGCA	2606	 4848	DMSO_U0126_midG_adult2	0.000000000	NP (A) 4:I	NP (A) 4:I
DMSO_MidG_TCAGCCCTCCAA	1675	 2792	DMSO_U0126_midG_adult2	0.000000000	Epidermis (b)	Epidermis (b)
DMSO_MidG_TCAGCCTGTGAG	3254	 7165	DMSO_U0126_midG_adult1	0.041870202	Epidermis (b)	Epidermis (b)
DMSO_MidG_TCAGGACATCCA	3952	 9899	DMSO_U0126_midG_adult2	0.212142641	NP (A) 3:II	NP (A) 3:II
DMSO_MidG_TCAGGTCTATCC	4761	15203	DMSO_U0126_midG_adult2	0.052621193	TLC posterior	TLC posterior
DMSO_MidG_TCAGTAGCCTAG	4656	14450	DMSO_U0126_midG_adult2	0.034602076	Epidermis (b)	Epidermis (b)
DMSO_MidG_TCAGTAGGCCGT	2907	 5898	DMSO_U0126_midG_adult1	0.016954900	DMT epidermis	DMT epidermis
DMSO_MidG_TCAGTGGTGTGT	4345	11777	DMSO_U0126_midG_adult1	0.016982254	Endoderm (A)	Endoderm (A)
DMSO_MidG_TCAGTGTCGATA	1817	 2787	DMSO_U0126_midG_adult1	0.035880875	Epidermis (a)	Epidermis (a)
DMSO_MidG_TCATAGAATGCC	3956	 9780	DMSO_U0126_midG_adult1	0.102249489	NP (a) 1/2:V/VI	NP (a) 1/2:V/VI
DMSO_MidG_TCATAGGTCATA	2033	 3333	DMSO_U0126_midG_adult2	0.510051005	Tail tip epidermis	Tail tip epidermis
DMSO_MidG_TCATAGTTTTTG	3051	 5960	DMSO_U0126_midG_adult1	0.050335570	Epidermis (b)	Epidermis (b)
DMSO_MidG_TCATGAGTTTGA	3255	 6896	DMSO_U0126_midG_adult2	0.130510441	Epidermis (a)	Epidermis (a)
DMSO_MidG_TCATGGACTTTG	3189	 6740	DMSO_U0126_midG_adult2	0.044510386	1˚ Notochord	1˚ Notochord
DMSO_MidG_TCATGGAGAGCC	1764	 3124	DMSO_U0126_midG_adult1	0.032010243	Endoderm (A)	Endoderm (A)
DMSO_MidG_TCATTTGCTTTC	5368	21719	DMSO_U0126_midG_adult1	0.018417054	Endoderm (B)	Endoderm (B)
DMSO_MidG_TCCAAAAAATAG	3925	11187	DMSO_U0126_midG_adult1	2.020202020	B7.8 Muscle	B7.8 Muscle
DMSO_MidG_TCCAACACTATG	3000	 5813	DMSO_U0126_midG_adult1	0.120419749	1˚ Notochord	1˚ Notochord
DMSO_MidG_TCCACAAACGCG	4431	14144	DMSO_U0126_midG_adult2	0.084841629	NP (A) 3:I	NP (A) 3:I
DMSO_MidG_TCCACCCCCACT	5084	18154	DMSO_U0126_midG_adult2	0.011016856	Endoderm (B)	Endoderm (B)
DMSO_MidG_TCCACGGCGAGA	4704	14545	DMSO_U0126_midG_adult1	0.000000000	Endoderm (B)	Endoderm (B)
DMSO_MidG_TCCACTCGGATG	3537	 8071	DMSO_U0126_midG_adult1	0.000000000	Epidermis (a)	Epidermis (a)
DMSO_MidG_TCCAGCCAATCA	2181	 3804	DMSO_U0126_midG_adult2	0.000000000	Epidermis (a)	Epidermis (a)
DMSO_MidG_TCCATGCCCAGT	1750	 2745	DMSO_U0126_midG_adult2	0.000000000	2˚ Notochord	2˚ Notochord
DMSO_MidG_TCCATGTCCAGC	3721	 8834	DMSO_U0126_midG_adult1	0.056599502	Epidermis (a)	Epidermis (a)
DMSO_MidG_TCCATTACGTGA	3498	 8138	DMSO_U0126_midG_adult2	0.172032440	Endoderm (A)	Endoderm (A)
DMSO_MidG_TCCCAACGAGTC	3540	 8472	DMSO_U0126_midG_adult2	0.011803588	Endoderm (A)	Endoderm (A)
DMSO_MidG_TCCCACAAAGCC	2664	 5227	DMSO_U0126_midG_adult1	0.095657165	NP (A) 1/2:I	NP (A) 1/2:I
DMSO_MidG_TCCCTCTATCCT	4841	15221	DMSO_U0126_midG_adult2	0.453321070	NP (A) 1/2:I	NP (A) 1/2:I
DMSO_MidG_TCCCTGGGTCTA	2703	 5220	DMSO_U0126_midG_adult1	0.095785441	Epidermis (a)	Epidermis (a)
DMSO_MidG_TCCCTGTACTCA	4758	16859	DMSO_U0126_midG_adult2	0.077110149	B7.4 Muscle	B7.4 Muscle
DMSO_MidG_TCCGAACGAACG	3006	 6009	DMSO_U0126_midG_adult1	0.000000000	1˚ Notochord	1˚ Notochord
DMSO_MidG_TCCGAACTCGTC	2627	 4887	DMSO_U0126_midG_adult1	0.000000000	1˚ Notochord	1˚ Notochord
DMSO_MidG_TCCGAAGTGCGA	3626	 8490	DMSO_U0126_midG_adult1	0.023557126	Epidermis (a)	Epidermis (a)
DMSO_MidG_TCCGCATCTAAT	3737	 9057	DMSO_U0126_midG_adult1	0.033123551	Epidermis (b)	Epidermis (b)
DMSO_MidG_TCCGGATCCACG	3321	 7512	DMSO_U0126_midG_adult2	0.026624068	Endoderm (A)	Endoderm (A)
DMSO_MidG_TCCGGGCGGGAA	2801	 5338	DMSO_U0126_midG_adult2	0.000000000	1˚ Notochord	1˚ Notochord
DMSO_MidG_TCCGGTTCGCTT	2772	 5780	DMSO_U0126_midG_adult2	0.069204152	Germ	Germ
DMSO_MidG_TCCGTCACAACC	3815	10303	DMSO_U0126_midG_adult2	0.000000000	Epidermis (b)	Epidermis (b)
DMSO_MidG_TCCGTCCCCGGG	3885	10977	DMSO_U0126_midG_adult2	0.009109957	Epidermis (b)	Epidermis (b)
DMSO_MidG_TCCTAAGACCAC	1725	 2796	DMSO_U0126_midG_adult2	0.107296137	NP (A) 4:I	NP (A) 4:I
DMSO_MidG_TCCTAATTCTGG	4554	13869	DMSO_U0126_midG_adult2	1.204124306	NP (A) 4:I	NP (A) 4:I
DMSO_MidG_TCCTACAGTAGC	4335	13686	DMSO_U0126_midG_adult2	0.379950314	B7.8 Muscle	B7.8 Muscle
DMSO_MidG_TCCTAGCAATAA	4026	10166	DMSO_U0126_midG_adult2	0.383631714	DMT epidermis	DMT epidermis
DMSO_MidG_TCCTATCTGCTT	4381	12342	DMSO_U0126_midG_adult1	0.056716902	DMT epidermis	DMT epidermis
DMSO_MidG_TCCTATGCACCA	2404	 4774	DMSO_U0126_midG_adult2	0.020946795	Endoderm (A)	Endoderm (A)
DMSO_MidG_TCCTCGGATAGC	2626	 4762	DMSO_U0126_midG_adult1	0.020999580	Epidermis (b)	Epidermis (b)
DMSO_MidG_TCCTCGTTAGGT	2714	 4869	DMSO_U0126_midG_adult1	0.020538098	Tail tip epidermis	Tail tip epidermis
DMSO_MidG_TCCTGATGTCGG	3232	 6755	DMSO_U0126_midG_adult2	0.014803849	DMT epidermis	DMT epidermis
DMSO_MidG_TCCTTATGGGTG	3861	 9734	DMSO_U0126_midG_adult2	0.051366345	TLC posterior	TLC posterior
DMSO_MidG_TCCTTGACGAGG	3296	 7103	DMSO_U0126_midG_adult2	0.042235675	Epidermis (b)	Epidermis (b)
DMSO_MidG_TCGAAACCCCAT	3051	 6755	DMSO_U0126_midG_adult2	0.029607698	NP (A) 3:II	NP (A) 3:II
DMSO_MidG_TCGAATCGATCG	3275	 6873	DMSO_U0126_midG_adult2	0.058198749	B8.5 Mesenchyme	B8.5 Mesenchyme
DMSO_MidG_TCGACAGAAAGC	1839	 3086	DMSO_U0126_midG_adult1	0.000000000	Epidermis (a)	Epidermis (a)
DMSO_MidG_TCGACGTAGTGG	2499	 4702	DMSO_U0126_midG_adult1	0.042535091	Epidermis (a)	Epidermis (a)
DMSO_MidG_TCGACTCCCTCC	3479	 8608	DMSO_U0126_midG_adult1	0.011617100	Epidermis (b)	Epidermis (b)
DMSO_MidG_TCGCAGCTCCCA	3407	 7607	DMSO_U0126_midG_adult2	0.026291574	NP (a) 1/2:V/VI	NP (a) 1/2:V/VI
DMSO_MidG_TCGCATACAGGG	2877	 5480	DMSO_U0126_midG_adult2	0.000000000	NP (a) 1/2:V/VI	NP (a) 1/2:V/VI
DMSO_MidG_TCGCATCGGGAA	3757	 9123	DMSO_U0126_midG_adult1	0.010961307	Epidermis (b)	Epidermis (b)
DMSO_MidG_TCGCCAATCACT	3162	 6739	DMSO_U0126_midG_adult2	0.059355988	Epidermis (a)	Epidermis (a)
DMSO_MidG_TCGCCCAACTTA	3319	 8181	DMSO_U0126_midG_adult2	0.000000000	Epidermis (a)	Epidermis (a)
DMSO_MidG_TCGCCCTAGCAA	3150	 6680	DMSO_U0126_midG_adult2	0.000000000	Endoderm (A)	Endoderm (A)
DMSO_MidG_TCGCGACCTGAG	4335	11936	DMSO_U0126_midG_adult2	0.016756032	NP (a) 1/2:V/VI	NP (a) 1/2:V/VI
DMSO_MidG_TCGCGCGCCTAG	4858	17362	DMSO_U0126_midG_adult1	0.011519410	Epidermis (a)	Epidermis (a)
DMSO_MidG_TCGCGGCGTGGT	3357	 7937	DMSO_U0126_midG_adult2	0.000000000	B7.4 Muscle	B7.4 Muscle
DMSO_MidG_TCGCGTGGTTCT	3282	 7002	DMSO_U0126_midG_adult2	0.000000000	1˚ Notochord	1˚ Notochord
DMSO_MidG_TCGCTGGGTGCT	3970	 9738	DMSO_U0126_midG_adult2	0.000000000	Epidermis (b)	Epidermis (b)
DMSO_MidG_TCGCTGTAGCAG	4390	12148	DMSO_U0126_midG_adult1	0.049390846	NP (a) 3:III/IV	NP (a) 3:III/IV
DMSO_MidG_TCGGACAAGTTA	2124	 3793	DMSO_U0126_midG_adult1	0.237279199	Germ	Germ
DMSO_MidG_TCGGAGCTTCGT	4264	11486	DMSO_U0126_midG_adult2	0.017412502	Epidermis (b)	Epidermis (b)
DMSO_MidG_TCGGAGTCACAG	4871	16376	DMSO_U0126_midG_adult1	0.012212995	Epidermis (a)	Epidermis (a)
DMSO_MidG_TCGGATAACCCA	2270	 3814	DMSO_U0126_midG_adult2	0.393287887	NP (A) 1/2:I	NP (A) 1/2:I
DMSO_MidG_TCGGCCAACTAG	2549	 4558	DMSO_U0126_midG_adult1	0.131636683	Tail tip epidermis	Tail tip epidermis
DMSO_MidG_TCGGCGCAGGCC	2745	 5397	DMSO_U0126_midG_adult2	0.000000000	Epidermis (a)	Epidermis (a)
DMSO_MidG_TCGGCGTTCGGT	3081	 6361	DMSO_U0126_midG_adult1	0.000000000	Epidermis (a)	Epidermis (a)
DMSO_MidG_TCGGGCTCTTCG	3196	 6677	DMSO_U0126_midG_adult2	0.014976786	DMT epidermis	DMT epidermis
DMSO_MidG_TCGGTAAGGGTG	2608	 4593	DMSO_U0126_midG_adult1	0.043544524	NP (A) 1/2:I	NP (A) 1/2:I
DMSO_MidG_TCGGTGGATGTT	3867	 9527	DMSO_U0126_midG_adult1	0.000000000	DMT epidermis	DMT epidermis
DMSO_MidG_TCGGTGGCGTGC	3795	10118	DMSO_U0126_midG_adult2	0.000000000	B7.7 Mesenchyme	B7.7 Mesenchyme
DMSO_MidG_TCGTAAAGTGCG	3630	 8737	DMSO_U0126_midG_adult2	0.045782305	TLC anterior	TLC anterior
DMSO_MidG_TCGTAATTGGTG	2708	 6082	DMSO_U0126_midG_adult2	0.032883920	Endoderm (A)	Endoderm (A)
DMSO_MidG_TCGTACGAATGT	2972	 5957	DMSO_U0126_midG_adult2	0.134295786	Epidermis (b)	Epidermis (b)
DMSO_MidG_TCGTAGTAATAG	3398	 8199	DMSO_U0126_midG_adult2	0.622027076	TLC posterior	TLC posterior
DMSO_MidG_TCGTCGGCCTCT	3373	 7487	DMSO_U0126_midG_adult2	0.053425938	Epidermis (b)	Epidermis (b)
DMSO_MidG_TCGTCTTGTGCA	5121	18011	DMSO_U0126_midG_adult1	0.005552163	Epidermis (a)	Epidermis (a)
DMSO_MidG_TCGTGAGCCAAA	3218	 6859	DMSO_U0126_midG_adult2	0.014579385	Epidermis (a)	Epidermis (a)
DMSO_MidG_TCGTGATGCATT	2050	 3566	DMSO_U0126_midG_adult1	0.084127874	Epidermis (a)	Epidermis (a)
DMSO_MidG_TCGTGTGTTAGC	2685	 5007	DMSO_U0126_midG_adult2	0.099860196	NP (A) 4:I	NP (A) 4:I
DMSO_MidG_TCGTTACGCGCT	2467	 4280	DMSO_U0126_midG_adult1	0.000000000	Epidermis (a)	Epidermis (a)
DMSO_MidG_TCGTTTCAGGTA	5677	25570	DMSO_U0126_midG_adult2	0.074305827	NP (A) 1/2:II	NP (A) 1/2:II
DMSO_MidG_TCTAACGGTGCG	3747	 9972	DMSO_U0126_midG_adult2	0.000000000	1˚ Notochord	1˚ Notochord
DMSO_MidG_TCTACTTTGCAC	2661	 5207	DMSO_U0126_midG_adult2	0.057614749	Epidermis (b)	Epidermis (b)
DMSO_MidG_TCTAGGCGCTGC	2615	 4925	DMSO_U0126_midG_adult2	0.020304569	B8.5 Mesenchyme	B8.5 Mesenchyme
DMSO_MidG_TCTAGGTATTAG	2777	 4986	DMSO_U0126_midG_adult1	0.160449258	NP (a) 1/2:III/IV	NP (a) 1/2:III/IV
DMSO_MidG_TCTAGTCGCTCC	3020	 6128	DMSO_U0126_midG_adult2	0.016318538	B8.5 Mesenchyme	B8.5 Mesenchyme
DMSO_MidG_TCTATCGTACTC	1543	 2398	DMSO_U0126_midG_adult1	0.208507089	Epidermis (a)	Epidermis (a)
DMSO_MidG_TCTATGGATGCT	3321	 6896	DMSO_U0126_midG_adult2	0.058004640	DMT epidermis	DMT epidermis
DMSO_MidG_TCTATTTAACGT	3929	10385	DMSO_U0126_midG_adult2	0.279248917	TVC	TVC
DMSO_MidG_TCTCAACTGCTT	2890	 5552	DMSO_U0126_midG_adult1	0.000000000	DMT epidermis	DMT epidermis
DMSO_MidG_TCTCACCAGGGG	2187	 3537	DMSO_U0126_midG_adult1	0.000000000	Epidermis (b)	Epidermis (b)
DMSO_MidG_TCTCCCCCCAGT	1986	 3315	DMSO_U0126_midG_adult2	0.000000000	Epidermis (a)	Epidermis (a)
DMSO_MidG_TCTCCGGGACCC	4152	12237	DMSO_U0126_midG_adult2	0.106235188	B7.4 Muscle	B7.4 Muscle
DMSO_MidG_TCTCCGTGTAAA	3928	 9595	DMSO_U0126_midG_adult1	0.062532569	NP (b) #1 anterior	NP (b) #1 anterior
DMSO_MidG_TCTCGATTAGCC	3653	 8504	DMSO_U0126_midG_adult1	0.000000000	Endoderm (A)	Endoderm (A)
DMSO_MidG_TCTCGTGCGCAG	6198	34709	DMSO_U0126_midG_adult2	0.000000000	B7.7 Mesenchyme	B7.7 Mesenchyme
DMSO_MidG_TCTCTACGCGCT	4865	18922	DMSO_U0126_midG_adult1	0.000000000	Epidermis (a)	Epidermis (a)
DMSO_MidG_TCTCTACTGAGA	3209	 6858	DMSO_U0126_midG_adult2	0.131233596	DMT epidermis	DMT epidermis
DMSO_MidG_TCTCTTCCCCGC	3894	 9543	DMSO_U0126_midG_adult2	0.020957770	2˚ Notochord	2˚ Notochord
DMSO_MidG_TCTCTTTTAGAC	6466	35717	DMSO_U0126_midG_adult2	0.081193829	TLC posterior	TLC posterior
DMSO_MidG_TCTGACAAATTC	2512	 4508	DMSO_U0126_midG_adult1	0.022182786	Epidermis (a)	Epidermis (a)
DMSO_MidG_TCTGACTCAGAA	6602	38897	DMSO_U0126_midG_adult1	0.061701417	TLC posterior	TLC posterior
DMSO_MidG_TCTGCGTCCAGG	2783	 5739	DMSO_U0126_midG_adult1	0.156821746	B7.8 Muscle	B7.8 Muscle
DMSO_MidG_TCTGCGTCCCCT	2315	 3763	DMSO_U0126_midG_adult1	0.000000000	DMT epidermis	DMT epidermis
DMSO_MidG_TCTGCTGCGGTT	3324	 6965	DMSO_U0126_midG_adult2	0.014357502	Epidermis (b)	Epidermis (b)
DMSO_MidG_TCTGGACCAGTC	3682	 8796	DMSO_U0126_midG_adult1	0.022737608	Epidermis (b)	Epidermis (b)
DMSO_MidG_TCTGGCGAGGGC	5141	17562	DMSO_U0126_midG_adult2	0.017082337	NP (a) 3:III/IV	NP (a) 3:III/IV
DMSO_MidG_TCTGGCTCTATC	3021	 6432	DMSO_U0126_midG_adult1	0.031094527	NP (a) 3:V/VI	NP (a) 3:V/VI
DMSO_MidG_TCTGTACGGTGT	3099	 6338	DMSO_U0126_midG_adult1	0.000000000	Epidermis (a)	Epidermis (a)
DMSO_MidG_TCTGTCGCGCCG	5604	22375	DMSO_U0126_midG_adult1	0.000000000	NP (A) 3:I	NP (A) 3:I
DMSO_MidG_TCTGTTGCAATG	3877	 9825	DMSO_U0126_midG_adult2	0.050890585	Epidermis (a)	Epidermis (a)
DMSO_MidG_TCTTAGCCAAAT	2095	 3634	DMSO_U0126_midG_adult1	0.220143093	Tail tip epidermis	Tail tip epidermis
DMSO_MidG_TCTTCCGATTCC	2494	 4410	DMSO_U0126_midG_adult2	0.000000000	NP (a) 1/2:V/VI	NP (a) 1/2:V/VI
DMSO_MidG_TCTTCCTACTTC	2387	 4482	DMSO_U0126_midG_adult2	0.022311468	NP (b) #2 posterior	NP (b) #2 posterior
DMSO_MidG_TCTTCGTTAGAT	3050	 5943	DMSO_U0126_midG_adult1	0.000000000	1˚ Notochord	1˚ Notochord
DMSO_MidG_TGAAAGTTTCCA	2975	 5806	DMSO_U0126_midG_adult2	0.017223562	Epidermis (b)	Epidermis (b)
DMSO_MidG_TGAACTATCAGA	2651	 5444	DMSO_U0126_midG_adult1	0.183688464	Epidermis (a)	Epidermis (a)
DMSO_MidG_TGAAGGTGTAAA	3164	 6347	DMSO_U0126_midG_adult2	0.330864976	Epidermis (b)	Epidermis (b)
DMSO_MidG_TGAAGTCTCGAT	1741	 2611	DMSO_U0126_midG_adult1	0.382995021	NP (A) 1/2:II	NP (A) 1/2:II
DMSO_MidG_TGACCCGCTGGT	2568	 4555	DMSO_U0126_midG_adult1	0.065861690	Tail tip epidermis	Tail tip epidermis
DMSO_MidG_TGACCGGCGTCA	3456	 7849	DMSO_U0126_midG_adult1	0.000000000	NP (a) 3:III/IV	NP (a) 3:III/IV
DMSO_MidG_TGACCGGGATGA	3366	 7218	DMSO_U0126_midG_adult1	0.027708507	Epidermis (b)	Epidermis (b)
DMSO_MidG_TGACGAGCCATT	6427	34499	DMSO_U0126_midG_adult2	0.008695904	Endoderm (A)	Endoderm (A)
DMSO_MidG_TGACGCGCAACG	4786	16334	DMSO_U0126_midG_adult2	0.012244398	Endoderm (A)	Endoderm (A)
DMSO_MidG_TGACGTCGAGGA	5342	20156	DMSO_U0126_midG_adult2	0.029767811	NP (a) 3:III/IV	NP (a) 3:III/IV
DMSO_MidG_TGAGAACATCAC	2696	 5086	DMSO_U0126_midG_adult2	0.137632717	Epidermis (a)	Epidermis (a)
DMSO_MidG_TGAGACTTATAG	2770	 5819	DMSO_U0126_midG_adult1	0.085925417	Endoderm (A)	Endoderm (A)
DMSO_MidG_TGAGAGTACACA	2709	 5185	DMSO_U0126_midG_adult2	0.289296046	Epidermis (b)	Epidermis (b)
DMSO_MidG_TGAGATGAGATT	3148	 6577	DMSO_U0126_midG_adult2	1.049110537	NP (A) 1/2:I	NP (A) 1/2:I
DMSO_MidG_TGAGCAATAGGA	4483	12834	DMSO_U0126_midG_adult2	0.085709833	Endoderm (B)	Endoderm (B)
DMSO_MidG_TGAGCCGATATC	2496	 4329	DMSO_U0126_midG_adult2	0.069300069	NP (a) 1/2:III/IV	NP (a) 1/2:III/IV
DMSO_MidG_TGAGCCTGAACG	3975	10252	DMSO_U0126_midG_adult2	0.029262583	Endoderm (B)	Endoderm (B)
DMSO_MidG_TGAGCGGTCTAA	2152	 3559	DMSO_U0126_midG_adult2	0.056195561	NP (A) 1/2:I	NP (A) 1/2:I
DMSO_MidG_TGAGGCCTCCCA	2303	 3966	DMSO_U0126_midG_adult2	0.000000000	Tail tip epidermis	Tail tip epidermis
DMSO_MidG_TGAGGGTCGGGT	1540	 2238	DMSO_U0126_midG_adult2	0.000000000	NP (A) 1/2:I	NP (A) 1/2:I
DMSO_MidG_TGAGTAACTCGA	2307	 3837	DMSO_U0126_midG_adult1	0.416992442	NP (A) 1/2:I	NP (A) 1/2:I
DMSO_MidG_TGAGTAGCCGTT	3147	 6558	DMSO_U0126_midG_adult2	0.060994206	Tail tip epidermis	Tail tip epidermis
DMSO_MidG_TGAGTGGTGTCT	4762	16178	DMSO_U0126_midG_adult2	0.148349611	B7.4 Muscle	B7.4 Muscle
DMSO_MidG_TGAGTGGTTAGC	3847	10230	DMSO_U0126_midG_adult2	0.645161290	B7.4 Muscle	B7.4 Muscle
DMSO_MidG_TGAGTTCTGTTA	2280	 3775	DMSO_U0126_midG_adult2	0.026490066	1˚ Notochord	1˚ Notochord
DMSO_MidG_TGATAAGTCACT	2763	 5161	DMSO_U0126_midG_adult1	0.000000000	Epidermis (b)	Epidermis (b)
DMSO_MidG_TGATACGTTATG	4342	12295	DMSO_U0126_midG_adult2	0.235868239	B8.5 Mesenchyme	B8.5 Mesenchyme
DMSO_MidG_TGATCAATCGAG	3788	10123	DMSO_U0126_midG_adult1	1.313839771	B7.4 Muscle	B7.4 Muscle
DMSO_MidG_TGATCACCCCTG	3445	 7756	DMSO_U0126_midG_adult1	0.090252708	Epidermis (b)	Epidermis (b)
DMSO_MidG_TGATCCTCGCTT	3700	 8516	DMSO_U0126_midG_adult2	0.070455613	NP (a) 1/2:III/IV	NP (a) 1/2:III/IV
DMSO_MidG_TGATCGCAAATT	5467	22334	DMSO_U0126_midG_adult2	1.020865049	NP (A) 4:I	NP (A) 4:I
DMSO_MidG_TGATGAACGTAC	4275	12843	DMSO_U0126_midG_adult1	0.412676166	B7.4 Muscle	B7.4 Muscle
DMSO_MidG_TGATGATCGTTA	2379	 4283	DMSO_U0126_midG_adult2	0.210133084	Epidermis (a)	Epidermis (a)
DMSO_MidG_TGATGGGAAGGA	3056	 7397	DMSO_U0126_midG_adult1	0.851696634	B7.8 Muscle	B7.8 Muscle
DMSO_MidG_TGATTATCGGAG	3388	 7341	DMSO_U0126_midG_adult2	0.326930936	Epidermis (b)	Epidermis (b)
DMSO_MidG_TGCAAGCGCGGT	3636	 8420	DMSO_U0126_midG_adult2	0.000000000	Epidermis (a)	Epidermis (a)
DMSO_MidG_TGCACAATGATC	3677	 8413	DMSO_U0126_midG_adult2	0.059431832	Tail tip epidermis	Tail tip epidermis
DMSO_MidG_TGCACAGGCACC	2506	 5012	DMSO_U0126_midG_adult2	0.039904230	NP (A) 1/2:I	NP (A) 1/2:I
DMSO_MidG_TGCACTTTAATT	2597	 4622	DMSO_U0126_midG_adult2	0.108178278	Epidermis (b)	Epidermis (b)
DMSO_MidG_TGCAGCATCTCA	2668	 5346	DMSO_U0126_midG_adult2	0.205761317	B7.4 Muscle	B7.4 Muscle
DMSO_MidG_TGCAGCCGGCCA	2013	 3227	DMSO_U0126_midG_adult2	0.030988534	NP (a) 1/2:V/VI	NP (a) 1/2:V/VI
DMSO_MidG_TGCATATATTGC	3062	 6280	DMSO_U0126_midG_adult2	0.015923567	Epidermis (b)	Epidermis (b)
DMSO_MidG_TGCATGTCCGGC	5188	19317	DMSO_U0126_midG_adult2	0.031060724	B7.4 Muscle	B7.4 Muscle
DMSO_MidG_TGCATTGCGCGT	3613	10283	DMSO_U0126_midG_adult2	0.106972673	B7.8 Muscle	B7.8 Muscle
DMSO_MidG_TGCCAACAAAGG	4371	12410	DMSO_U0126_midG_adult1	0.072522160	NP (A) 1/2:II	NP (A) 1/2:II
DMSO_MidG_TGCCAATCTACT	5022	16586	DMSO_U0126_midG_adult2	0.054262631	NP (a) 3:III/IV	NP (a) 3:III/IV
DMSO_MidG_TGCCATCGTGGC	3922	10128	DMSO_U0126_midG_adult2	0.000000000	DMT epidermis	DMT epidermis
DMSO_MidG_TGCCCCTAGGAT	2383	 3984	DMSO_U0126_midG_adult1	0.025100402	Epidermis (b)	Epidermis (b)
DMSO_MidG_TGCCCCTTGCAA	2407	 4269	DMSO_U0126_midG_adult1	0.023424690	NP (A) 4:I	NP (A) 4:I
DMSO_MidG_TGCCCTTATCTT	3075	 6223	DMSO_U0126_midG_adult2	0.353527238	2˚ Notochord	2˚ Notochord
DMSO_MidG_TGCCGAATCCAG	3469	 7936	DMSO_U0126_midG_adult1	0.113407258	Epidermis (b)	Epidermis (b)
DMSO_MidG_TGCCTAGACAAA	1584	 2318	DMSO_U0126_midG_adult2	0.647109577	TLC posterior	TLC posterior
DMSO_MidG_TGCCTTGCAGCG	2381	 4173	DMSO_U0126_midG_adult2	0.000000000	Epidermis (b)	Epidermis (b)
DMSO_MidG_TGCGCTTATCAC	4231	11739	DMSO_U0126_midG_adult1	0.102223358	TLC posterior	TLC posterior
DMSO_MidG_TGCGGAGGTGCC	3937	10942	DMSO_U0126_midG_adult1	0.127947359	B7.4 Muscle	B7.4 Muscle
DMSO_MidG_TGCGGCCGCGAC	2447	 4700	DMSO_U0126_midG_adult2	0.000000000	Epidermis (b)	Epidermis (b)
DMSO_MidG_TGCGTGTATCTC	1801	 2768	DMSO_U0126_midG_adult2	0.000000000	Epidermis (a)	Epidermis (a)
DMSO_MidG_TGCTACGACTTA	2628	 4539	DMSO_U0126_midG_adult1	0.066093853	Epidermis (b)	Epidermis (b)
DMSO_MidG_TGCTAGGTTCCT	5344	22733	DMSO_U0126_midG_adult1	0.145163419	B7.4 Muscle	B7.4 Muscle
DMSO_MidG_TGCTCACTCTTG	3967	10069	DMSO_U0126_midG_adult2	0.089383256	DMT epidermis	DMT epidermis
DMSO_MidG_TGCTCAGGGTTC	5748	30283	DMSO_U0126_midG_adult2	0.066043655	B7.4 Muscle	B7.4 Muscle
DMSO_MidG_TGCTCCGATTCC	4077	10308	DMSO_U0126_midG_adult1	0.019402406	NP (b) #2 posterior	NP (b) #2 posterior
DMSO_MidG_TGCTCGTCTTGC	5420	20501	DMSO_U0126_midG_adult2	0.039022487	NP (A) 4:I	NP (A) 4:I
DMSO_MidG_TGCTGATGGTAA	4209	12308	DMSO_U0126_midG_adult2	0.048748781	Epidermis (b)	Epidermis (b)
DMSO_MidG_TGCTGGATAAGG	3994	10853	DMSO_U0126_midG_adult1	0.608126785	B7.4 Muscle	B7.4 Muscle
DMSO_MidG_TGCTGGCGTCAC	3544	 8325	DMSO_U0126_midG_adult1	0.000000000	Epidermis (b)	Epidermis (b)
DMSO_MidG_TGCTTATATTTA	3327	 7443	DMSO_U0126_midG_adult2	0.483675937	B8.5 Mesenchyme	B8.5 Mesenchyme
DMSO_MidG_TGCTTGTCGTTT	2737	 5012	DMSO_U0126_midG_adult1	0.019952115	Epidermis (b)	Epidermis (b)
DMSO_MidG_TGCTTTAACCTG	2773	 5114	DMSO_U0126_midG_adult2	0.195541650	NP (a) 1/2:III/IV	NP (a) 1/2:III/IV
DMSO_MidG_TGCTTTTCATCC	4501	13765	DMSO_U0126_midG_adult1	0.029059208	DMT epidermis	DMT epidermis
DMSO_MidG_TGGAAAATCATT	6858	48339	DMSO_U0126_midG_adult1	0.026893399	Endoderm (B)	Endoderm (B)
DMSO_MidG_TGGAAGTGACTG	2771	 5347	DMSO_U0126_midG_adult1	0.056106228	1˚ Notochord	1˚ Notochord
DMSO_MidG_TGGAATAGAGGT	1944	 3247	DMSO_U0126_midG_adult1	0.585155528	DMT epidermis	DMT epidermis
DMSO_MidG_TGGACAGCCTGC	2060	 3679	DMSO_U0126_midG_adult1	0.027181299	Epidermis (b)	Epidermis (b)
DMSO_MidG_TGGACCACTCTA	2156	 3544	DMSO_U0126_midG_adult2	0.028216704	Epidermis (a)	Epidermis (a)
DMSO_MidG_TGGACGAGGTAA	2782	 5362	DMSO_U0126_midG_adult2	0.279746363	NP (a) 1/2:III/IV	NP (a) 1/2:III/IV
DMSO_MidG_TGGAGACGGGAG	4273	11841	DMSO_U0126_midG_adult2	0.025335698	Endoderm (A)	Endoderm (A)
DMSO_MidG_TGGAGCAATCTG	4066	10852	DMSO_U0126_midG_adult1	0.036859565	NP (A) 1/2:II	NP (A) 1/2:II
DMSO_MidG_TGGATACCGCCT	4128	10556	DMSO_U0126_midG_adult1	0.000000000	Endoderm (B)	Endoderm (B)
DMSO_MidG_TGGATGGTGTTG	3806	 9335	DMSO_U0126_midG_adult2	0.042849491	DMT epidermis	DMT epidermis
DMSO_MidG_TGGATTGTGAAA	1907	 3160	DMSO_U0126_midG_adult1	0.886075949	NP (A) 1/2:I	NP (A) 1/2:I
DMSO_MidG_TGGCACATCAGA	2529	 4625	DMSO_U0126_midG_adult1	0.064864865	2˚ Notochord	2˚ Notochord
DMSO_MidG_TGGCACTGGCAC	3566	 8019	DMSO_U0126_midG_adult1	0.000000000	Tail tip epidermis	Tail tip epidermis
DMSO_MidG_TGGCCAATACCT	3621	 8954	DMSO_U0126_midG_adult1	0.022336386	Epidermis (b)	Epidermis (b)
DMSO_MidG_TGGCTGTTCAGC	1932	 3203	DMSO_U0126_midG_adult1	0.000000000	Endoderm (A)	Endoderm (A)
DMSO_MidG_TGGGACATACTA	2564	 4565	DMSO_U0126_midG_adult1	0.065717415	Epidermis (b)	Epidermis (b)
DMSO_MidG_TGGGACCACCAC	3984	10658	DMSO_U0126_midG_adult2	0.065678364	NP (A) 4:I	NP (A) 4:I
DMSO_MidG_TGGGCGCATTTC	1801	 3183	DMSO_U0126_midG_adult1	0.000000000	B7.4 Muscle	B7.4 Muscle
DMSO_MidG_TGGGGAGAGTTT	3886	 9428	DMSO_U0126_midG_adult1	0.021213407	Epidermis (b)	Epidermis (b)
DMSO_MidG_TGGGGCGTTTTA	2059	 3326	DMSO_U0126_midG_adult1	0.000000000	Epidermis (b)	Epidermis (b)
DMSO_MidG_TGGGGGCGTCGT	2128	 3431	DMSO_U0126_midG_adult2	0.000000000	1˚ Notochord	1˚ Notochord
DMSO_MidG_TGGTAAATCAAT	2522	 4286	DMSO_U0126_midG_adult1	0.000000000	1˚ Notochord	1˚ Notochord
DMSO_MidG_TGGTAACTTGGG	2431	 4199	DMSO_U0126_midG_adult1	0.000000000	1˚ Notochord	1˚ Notochord
DMSO_MidG_TGGTACAACCCT	2447	 4284	DMSO_U0126_midG_adult2	0.070028011	Endoderm (A)	Endoderm (A)
DMSO_MidG_TGGTCATGTTTA	5383	18935	DMSO_U0126_midG_adult2	0.205967785	NP (a) 1/2:III/IV	NP (a) 1/2:III/IV
DMSO_MidG_TGGTCGTGGTGT	3237	 6928	DMSO_U0126_midG_adult2	0.014434180	1˚ Notochord	1˚ Notochord
DMSO_MidG_TGGTGTCACGAC	2835	 5339	DMSO_U0126_midG_adult1	0.056190298	Tail tip epidermis	Tail tip epidermis
DMSO_MidG_TGGTTACCATAG	3250	 6915	DMSO_U0126_midG_adult2	0.043383948	Epidermis (a)	Epidermis (a)
DMSO_MidG_TGTAACCGTTCC	3143	 6367	DMSO_U0126_midG_adult1	0.062823936	Tail tip epidermis	Tail tip epidermis
DMSO_MidG_TGTACCGTTTTC	3020	 6223	DMSO_U0126_midG_adult2	0.192833039	NP (A) 1/2:II	NP (A) 1/2:II
DMSO_MidG_TGTACCTTGCTT	2949	 5917	DMSO_U0126_midG_adult2	0.118303194	Tail tip epidermis	Tail tip epidermis
DMSO_MidG_TGTACGGGCCGT	3011	 6352	DMSO_U0126_midG_adult1	0.015743073	Epidermis (a)	Epidermis (a)
DMSO_MidG_TGTACTATGATC	2780	 5385	DMSO_U0126_midG_adult1	0.297121634	NP (b) #2 posterior	NP (b) #2 posterior
DMSO_MidG_TGTAGTGAAAAA	4350	12683	DMSO_U0126_midG_adult1	0.544035323	NP (A) 1/2:II	NP (A) 1/2:II
DMSO_MidG_TGTATACATGTG	3302	 6861	DMSO_U0126_midG_adult1	0.058300539	1˚ Notochord	1˚ Notochord
DMSO_MidG_TGTATGTCTTCA	3903	 9902	DMSO_U0126_midG_adult1	0.222177338	Epidermis (a)	Epidermis (a)
DMSO_MidG_TGTCATGGGCTC	4302	12145	DMSO_U0126_midG_adult2	0.016467682	TLC posterior	TLC posterior
DMSO_MidG_TGTCCGCTGAAG	2536	 4503	DMSO_U0126_midG_adult2	0.088829669	NP (A) 1/2:I	NP (A) 1/2:I
DMSO_MidG_TGTCGCGGGAAC	4067	10450	DMSO_U0126_midG_adult1	0.057416268	NP (A) 4:I	NP (A) 4:I
DMSO_MidG_TGTCGTCTGTCG	3000	 6211	DMSO_U0126_midG_adult2	0.032200934	Epidermis (b)	Epidermis (b)
DMSO_MidG_TGTCTAACCGCA	3048	 6316	DMSO_U0126_midG_adult1	0.015832806	Epidermis (b)	Epidermis (b)
DMSO_MidG_TGTCTTAGATTA	2012	 3380	DMSO_U0126_midG_adult1	0.029585799	NP (b) #2 posterior	NP (b) #2 posterior
DMSO_MidG_TGTCTTGACGCC	2057	 3763	DMSO_U0126_midG_adult1	0.079723625	Epidermis (a)	Epidermis (a)
DMSO_MidG_TGTGAAGCAGCC	2330	 4126	DMSO_U0126_midG_adult2	0.024236549	1˚ Notochord	1˚ Notochord
DMSO_MidG_TGTGACAAAATG	4457	14393	DMSO_U0126_midG_adult1	0.284860696	B7.8 Muscle	B7.8 Muscle
DMSO_MidG_TGTGAGAAGGTC	1538	 2300	DMSO_U0126_midG_adult2	0.086956522	NP (a) 1/2:V/VI	NP (a) 1/2:V/VI
DMSO_MidG_TGTGATATTCGT	2357	 4163	DMSO_U0126_midG_adult2	0.600528465	NP (a) 1/2:V/VI	NP (a) 1/2:V/VI
DMSO_MidG_TGTGCGTTCCAA	3310	 7119	DMSO_U0126_midG_adult1	0.042140750	Epidermis (b)	Epidermis (b)
DMSO_MidG_TGTGGGGCGCGT	3484	 8010	DMSO_U0126_midG_adult1	0.000000000	Endoderm (B)	Endoderm (B)
DMSO_MidG_TGTGTTTGCTAT	1654	 2737	DMSO_U0126_midG_adult2	0.146145415	Epidermis (a)	Epidermis (a)
DMSO_MidG_TGTTACTGCAGT	2995	 6344	DMSO_U0126_midG_adult2	0.015762926	NP (A) 3:II	NP (A) 3:II
DMSO_MidG_TGTTATACGACC	3958	10686	DMSO_U0126_midG_adult1	0.271383118	NP (A) 3:I	NP (A) 3:I
DMSO_MidG_TGTTATATCTGT	4334	11483	DMSO_U0126_midG_adult2	0.235130192	NP (a) 1/2:V/VI	NP (a) 1/2:V/VI
DMSO_MidG_TGTTATGCGTAT	2798	 5103	DMSO_U0126_midG_adult2	0.039192632	Endoderm (A)	Endoderm (A)
DMSO_MidG_TGTTCACTTGTG	3520	 7782	DMSO_U0126_midG_adult2	0.064250835	Epidermis (b)	Epidermis (b)
DMSO_MidG_TGTTGCGCCGAG	2534	 4900	DMSO_U0126_midG_adult2	0.000000000	Tail tip epidermis	Tail tip epidermis
DMSO_MidG_TGTTTGGATCCA	1991	 3371	DMSO_U0126_midG_adult2	0.029664788	1˚ Notochord	1˚ Notochord
DMSO_MidG_TGTTTTAAACAA	3053	 6768	DMSO_U0126_midG_adult2	0.073877069	Endoderm (A)	Endoderm (A)
DMSO_MidG_TTAAAACTCAGG	3017	 6587	DMSO_U0126_midG_adult2	0.364354031	Tail tip epidermis	Tail tip epidermis
DMSO_MidG_TTAAAATCAGGT	3110	 6340	DMSO_U0126_midG_adult1	0.078864353	Epidermis (b)	Epidermis (b)
DMSO_MidG_TTAAAGACAGCA	2390	 4583	DMSO_U0126_midG_adult1	0.436395374	Epidermis (a)	Epidermis (a)
DMSO_MidG_TTAACAGGGAGG	2766	 5084	DMSO_U0126_midG_adult1	0.177025964	Epidermis (b)	Epidermis (b)
DMSO_MidG_TTAACCCAAGGT	2876	 5580	DMSO_U0126_midG_adult1	0.035842294	Epidermis (a)	Epidermis (a)
DMSO_MidG_TTAACGTGTGCG	2355	 3969	DMSO_U0126_midG_adult1	0.100781053	Epidermis (a)	Epidermis (a)
DMSO_MidG_TTAACTAGGTGC	2095	 3433	DMSO_U0126_midG_adult2	0.116516167	1˚ Notochord	1˚ Notochord
DMSO_MidG_TTAACTCACCGC	2344	 4200	DMSO_U0126_midG_adult2	0.047619048	1˚ Notochord	1˚ Notochord
DMSO_MidG_TTAACTTAGACG	3867	 9260	DMSO_U0126_midG_adult2	0.053995680	Epidermis (a)	Epidermis (a)
DMSO_MidG_TTAAGACACATA	2828	 5452	DMSO_U0126_midG_adult1	0.018341893	1˚ Notochord	1˚ Notochord
DMSO_MidG_TTAAGCACCTGA	3577	 8389	DMSO_U0126_midG_adult2	0.226487066	Tail tip epidermis	Tail tip epidermis
DMSO_MidG_TTAAGCCTTTGC	3674	 8673	DMSO_U0126_midG_adult1	0.046120143	Epidermis (b)	Epidermis (b)
DMSO_MidG_TTAAGCGGGACA	3198	 7042	DMSO_U0126_midG_adult1	0.042601534	NP (A) 3:II	NP (A) 3:II
DMSO_MidG_TTAAGGCCCCCA	2990	 6093	DMSO_U0126_midG_adult1	0.016412276	Epidermis (a)	Epidermis (a)
DMSO_MidG_TTAAGGGGAGAG	2032	 3300	DMSO_U0126_midG_adult1	0.000000000	2˚ Notochord	2˚ Notochord
DMSO_MidG_TTAAGTGTAAAG	4722	16344	DMSO_U0126_midG_adult1	1.364415076	B7.8 Muscle	B7.8 Muscle
DMSO_MidG_TTACACGCTCTT	3627	 8720	DMSO_U0126_midG_adult2	0.045871560	1˚ Notochord	1˚ Notochord
DMSO_MidG_TTACACTCACGA	4616	14004	DMSO_U0126_midG_adult1	0.135675521	NP (a) 3:V/VI	NP (a) 3:V/VI
DMSO_MidG_TTACCAATGAAC	2953	 5847	DMSO_U0126_midG_adult2	0.290747392	1˚ Notochord	1˚ Notochord
DMSO_MidG_TTACCCCAGAAA	4626	15022	DMSO_U0126_midG_adult2	0.239648516	Epidermis (a)	Epidermis (a)
DMSO_MidG_TTACCGATGTCA	2372	 4182	DMSO_U0126_midG_adult1	0.215208034	Epidermis (a)	Epidermis (a)
DMSO_MidG_TTACCTTGGGCA	4152	11582	DMSO_U0126_midG_adult1	0.146779485	NP (A) 1/2:II	NP (A) 1/2:II
DMSO_MidG_TTACTCCGGGTG	2596	 4806	DMSO_U0126_midG_adult1	0.020807324	DMT epidermis	DMT epidermis
DMSO_MidG_TTACTGTCGCTG	2382	 4342	DMSO_U0126_midG_adult1	0.000000000	Epidermis (a)	Epidermis (a)
DMSO_MidG_TTAGAAATTGTA	2288	 3842	DMSO_U0126_midG_adult2	0.676730869	NP (b) #2 posterior	NP (b) #2 posterior
DMSO_MidG_TTAGCGTCTTCA	2631	 4792	DMSO_U0126_midG_adult1	0.020868114	Tail tip epidermis	Tail tip epidermis
DMSO_MidG_TTAGCTGAGCCC	3867	 9762	DMSO_U0126_midG_adult2	0.000000000	Epidermis (b)	Epidermis (b)
DMSO_MidG_TTAGGCACAGTA	2836	 5465	DMSO_U0126_midG_adult2	0.054894785	Epidermis (a)	Epidermis (a)
DMSO_MidG_TTAGGTCCGGTG	4036	11605	DMSO_U0126_midG_adult1	0.017233951	NP (a) 1/2:III/IV	NP (a) 1/2:III/IV
DMSO_MidG_TTAGTCCCAGTT	3878	 9767	DMSO_U0126_midG_adult1	0.020477117	Epidermis (a)	Epidermis (a)
DMSO_MidG_TTATACGTTCGT	4325	11845	DMSO_U0126_midG_adult2	0.160405234	Epidermis (b)	Epidermis (b)
DMSO_MidG_TTATATGGCTGA	2501	 4319	DMSO_U0126_midG_adult2	0.000000000	Epidermis (a)	Epidermis (a)
DMSO_MidG_TTATCATGTATG	3221	 7637	DMSO_U0126_midG_adult1	0.144035616	Epidermis (b)	Epidermis (b)
DMSO_MidG_TTATCATTAATG	3694	 9211	DMSO_U0126_midG_adult2	1.074801867	Endoderm (A)	Endoderm (A)
DMSO_MidG_TTATCCCCCCGT	4460	13759	DMSO_U0126_midG_adult2	0.058143760	NP (A) 1/2:II	NP (A) 1/2:II
DMSO_MidG_TTATCCGATCTT	1985	 3361	DMSO_U0126_midG_adult2	0.089259149	NP (a) 1/2:III/IV	NP (a) 1/2:III/IV
DMSO_MidG_TTATCTACGATC	4729	15551	DMSO_U0126_midG_adult2	0.090026365	Epidermis (b)	Epidermis (b)
DMSO_MidG_TTATGCCCTTCG	3733	 9238	DMSO_U0126_midG_adult2	0.021649708	DMT epidermis	DMT epidermis
DMSO_MidG_TTATGGATCCGC	6348	34146	DMSO_U0126_midG_adult2	0.002928601	Endoderm (A)	Endoderm (A)
DMSO_MidG_TTATGGTTCAAT	5024	17053	DMSO_U0126_midG_adult2	0.715416642	NP (A) 1/2:II	NP (A) 1/2:II
DMSO_MidG_TTATTCCCGCCT	3295	 7210	DMSO_U0126_midG_adult2	0.055478502	1˚ Notochord	1˚ Notochord
DMSO_MidG_TTCAACCTGATA	3227	 6912	DMSO_U0126_midG_adult1	0.274884259	Tail tip epidermis	Tail tip epidermis
DMSO_MidG_TTCACAAGCACA	2888	 5763	DMSO_U0126_midG_adult1	0.000000000	Epidermis (a)	Epidermis (a)
DMSO_MidG_TTCACACGTTAT	1672	 2567	DMSO_U0126_midG_adult2	0.194779899	2˚ Notochord	2˚ Notochord
DMSO_MidG_TTCACAGGAGAT	1891	 3170	DMSO_U0126_midG_adult1	0.063091483	Epidermis (a)	Epidermis (a)
DMSO_MidG_TTCACTCAAAGA	3840	 9304	DMSO_U0126_midG_adult2	0.236457438	Endoderm (A)	Endoderm (A)
DMSO_MidG_TTCAGACAATAT	4697	14953	DMSO_U0126_midG_adult1	1.926034909	NP (A) 4:I	NP (A) 4:I
DMSO_MidG_TTCAGTAAAGTA	3688	 8720	DMSO_U0126_midG_adult2	0.114678899	Epidermis (a)	Epidermis (a)
DMSO_MidG_TTCATATAAATG	2355	 4308	DMSO_U0126_midG_adult1	1.276694522	NP (A) 1/2:I	NP (A) 1/2:I
DMSO_MidG_TTCATGAACACC	2967	 5884	DMSO_U0126_midG_adult2	0.067980965	2˚ Notochord	2˚ Notochord
DMSO_MidG_TTCATGTGGTTA	2856	 5313	DMSO_U0126_midG_adult1	0.094108790	Epidermis (a)	Epidermis (a)
DMSO_MidG_TTCATTATCTAG	3121	 6607	DMSO_U0126_midG_adult1	0.015135462	Epidermis (a)	Epidermis (a)
DMSO_MidG_TTCCCACAGTCG	4556	14794	DMSO_U0126_midG_adult1	0.175746924	B7.4 Muscle	B7.4 Muscle
DMSO_MidG_TTCCCTCCTAGT	5510	21219	DMSO_U0126_midG_adult1	0.117818936	NP (A) 3:I	NP (A) 3:I
DMSO_MidG_TTCCGCTTCAAA	3215	 6872	DMSO_U0126_midG_adult1	0.043655413	1˚ Notochord	1˚ Notochord
DMSO_MidG_TTCCGTGGCTTG	2907	 5948	DMSO_U0126_midG_adult1	0.016812374	Epidermis (a)	Epidermis (a)
DMSO_MidG_TTCCGTTTTGAC	3233	 6678	DMSO_U0126_midG_adult2	0.164719976	Tail tip epidermis	Tail tip epidermis
DMSO_MidG_TTCCTAGATTGT	2219	 4124	DMSO_U0126_midG_adult1	0.145489816	1˚ Notochord	1˚ Notochord
DMSO_MidG_TTCCTCGGCTGA	4070	11096	DMSO_U0126_midG_adult2	0.045061283	NP (a) 1/2:V/VI	NP (a) 1/2:V/VI
DMSO_MidG_TTCGAACAATCT	3686	 8985	DMSO_U0126_midG_adult2	0.356149137	Epidermis (b)	Epidermis (b)
DMSO_MidG_TTCGCCAATCCT	3863	 9769	DMSO_U0126_midG_adult2	0.020472925	Epidermis (a)	Epidermis (a)
DMSO_MidG_TTCGGGCTTTAG	3604	 8415	DMSO_U0126_midG_adult1	0.011883541	Epidermis (b)	Epidermis (b)
DMSO_MidG_TTCGGGGTCGAG	3544	 7512	DMSO_U0126_midG_adult1	0.013312034	NP (a) 3:III/IV	NP (a) 3:III/IV
DMSO_MidG_TTCGTAGCCTTA	3032	 6030	DMSO_U0126_midG_adult2	0.016583748	1˚ Notochord	1˚ Notochord
DMSO_MidG_TTCGTCCATATT	5863	26294	DMSO_U0126_midG_adult1	0.019015745	Epidermis (b)	Epidermis (b)
DMSO_MidG_TTCTAAGGTATC	3316	 7014	DMSO_U0126_midG_adult1	0.085543199	Epidermis (b)	Epidermis (b)
DMSO_MidG_TTCTACTTTTTT	3722	 8783	DMSO_U0126_midG_adult2	0.159398839	NP (a) 1/2:V/VI	NP (a) 1/2:V/VI
DMSO_MidG_TTCTATTTGACA	2291	 3946	DMSO_U0126_midG_adult1	0.456158135	Epidermis (a)	Epidermis (a)
DMSO_MidG_TTCTCTGAATAA	5363	19177	DMSO_U0126_midG_adult1	0.187724879	NP (a) 3:V/VI	NP (a) 3:V/VI
DMSO_MidG_TTCTGATTCAAA	4412	13022	DMSO_U0126_midG_adult1	0.053755184	NP (a) 1/2:V/VI	NP (a) 1/2:V/VI
DMSO_MidG_TTCTTAGGTAAA	4827	18249	DMSO_U0126_midG_adult2	0.043838019	Endoderm (A)	Endoderm (A)
DMSO_MidG_TTGAAGCTACTC	3847	 9305	DMSO_U0126_midG_adult1	0.010746910	Epidermis (a)	Epidermis (a)
DMSO_MidG_TTGAAGCTCCGC	2726	 5014	DMSO_U0126_midG_adult2	0.000000000	NP (a) 1/2:V/VI	NP (a) 1/2:V/VI
DMSO_MidG_TTGAATTACGGT	2695	 5082	DMSO_U0126_midG_adult2	0.295159386	2˚ Notochord	2˚ Notochord
DMSO_MidG_TTGACAACGTAC	2624	 4915	DMSO_U0126_midG_adult2	0.061037640	Tail tip epidermis	Tail tip epidermis
DMSO_MidG_TTGACATTGCGT	2055	 3409	DMSO_U0126_midG_adult1	0.029334116	TVC	TVC
DMSO_MidG_TTGACGAAGCGC	1716	 2553	DMSO_U0126_midG_adult2	0.000000000	B8.5 Mesenchyme	B8.5 Mesenchyme
DMSO_MidG_TTGAGGGAAACC	2684	 5140	DMSO_U0126_midG_adult1	0.097276265	Epidermis (a)	Epidermis (a)
DMSO_MidG_TTGCCAAATAGT	3161	 6440	DMSO_U0126_midG_adult1	0.155279503	Epidermis (a)	Epidermis (a)
DMSO_MidG_TTGCGAACCAAG	4064	10628	DMSO_U0126_midG_adult2	0.000000000	Endoderm (A)	Endoderm (A)
DMSO_MidG_TTGCGCGTCGGC	3122	 6598	DMSO_U0126_midG_adult1	0.000000000	Tail tip epidermis	Tail tip epidermis
DMSO_MidG_TTGCGTAGAGTT	2429	 4275	DMSO_U0126_midG_adult2	0.046783626	Tail tip epidermis	Tail tip epidermis
DMSO_MidG_TTGCGTCTCCCC	2205	 3758	DMSO_U0126_midG_adult2	0.000000000	NP (a) 3:V/VI	NP (a) 3:V/VI
DMSO_MidG_TTGCTCCACGGG	3511	 8597	DMSO_U0126_midG_adult1	0.034895894	Epidermis (b)	Epidermis (b)
DMSO_MidG_TTGGAGTTTTGA	1868	 3206	DMSO_U0126_midG_adult2	0.686213350	Epidermis (a)	Epidermis (a)
DMSO_MidG_TTGGATCGGGCG	3539	 7761	DMSO_U0126_midG_adult2	0.180389125	NP (b) #1 anterior	NP (b) #1 anterior
DMSO_MidG_TTGGCCAGCAAA	2388	 4303	DMSO_U0126_midG_adult2	0.000000000	NP (A) 3:II	NP (A) 3:II
DMSO_MidG_TTGGCCGCCATG	2843	 5348	DMSO_U0126_midG_adult1	0.000000000	Epidermis (b)	Epidermis (b)
DMSO_MidG_TTGGCCGTGGGA	3627	 9256	DMSO_U0126_midG_adult2	0.000000000	Epidermis (b)	Epidermis (b)
DMSO_MidG_TTGGCGCCGCTA	3016	 6624	DMSO_U0126_midG_adult1	0.000000000	Epidermis (b)	Epidermis (b)
DMSO_MidG_TTGGCGTCGGGT	5511	26164	DMSO_U0126_midG_adult2	0.034398410	B7.8 Muscle	B7.8 Muscle
DMSO_MidG_TTGGCTGCCCCG	3643	10633	DMSO_U0126_midG_adult1	0.000000000	Epidermis (b)	Epidermis (b)
DMSO_MidG_TTGGGCGCATGT	3484	 8117	DMSO_U0126_midG_adult2	0.012319823	NP (A) 3:II	NP (A) 3:II
DMSO_MidG_TTGGGGCAATAT	5892	26738	DMSO_U0126_midG_adult2	0.026179969	Endoderm (B)	Endoderm (B)
DMSO_MidG_TTGGGGGGACAA	2571	 4654	DMSO_U0126_midG_adult1	0.000000000	Epidermis (a)	Epidermis (a)
DMSO_MidG_TTGGTCCACGAC	3833	 9987	DMSO_U0126_midG_adult2	0.030039051	NP (A) 1/2:II	NP (A) 1/2:II
DMSO_MidG_TTGGTCGCGCTG	2526	 4966	DMSO_U0126_midG_adult2	0.000000000	NP (A) 1/2:I	NP (A) 1/2:I
DMSO_MidG_TTGTGCGCACAC	4228	12614	DMSO_U0126_midG_adult2	0.007927699	B7.7 Mesenchyme	B7.7 Mesenchyme
DMSO_MidG_TTGTTACTGGAT	2340	 3787	DMSO_U0126_midG_adult1	0.052812252	Endoderm (A)	Endoderm (A)
DMSO_MidG_TTGTTTACAAGC	3122	 6898	DMSO_U0126_midG_adult1	0.884314294	TVC	TVC
DMSO_MidG_TTTAAAATACTG	2054	 3348	DMSO_U0126_midG_adult1	0.149342891	Epidermis (b)	Epidermis (b)
DMSO_MidG_TTTAACCAATTA	4063	10422	DMSO_U0126_midG_adult2	0.191901746	Endoderm (A)	Endoderm (A)
DMSO_MidG_TTTAATAAGCGA	3239	 7010	DMSO_U0126_midG_adult2	0.114122682	Epidermis (a)	Epidermis (a)
DMSO_MidG_TTTACTATTATA	2138	 3607	DMSO_U0126_midG_adult1	0.027723870	Epidermis (a)	Epidermis (a)
DMSO_MidG_TTTAGAATCAGT	4082	11033	DMSO_U0126_midG_adult1	0.516631922	B8.5 Mesenchyme	B8.5 Mesenchyme
DMSO_MidG_TTTATCAGATCT	2095	 3712	DMSO_U0126_midG_adult2	0.323275862	Epidermis (b)	Epidermis (b)
DMSO_MidG_TTTATTGTTAAG	2428	 4901	DMSO_U0126_midG_adult1	0.693735972	B7.8 Muscle	B7.8 Muscle
DMSO_MidG_TTTCAACAGTTG	4517	13563	DMSO_U0126_midG_adult1	0.597213006	B7.4 Muscle	B7.4 Muscle
DMSO_MidG_TTTCAATTCAAG	3360	 7268	DMSO_U0126_midG_adult2	0.068794717	1˚ Notochord	1˚ Notochord
DMSO_MidG_TTTCACCTCTTT	4420	12593	DMSO_U0126_midG_adult2	0.381164139	NP (a) 1/2:V/VI	NP (a) 1/2:V/VI
DMSO_MidG_TTTCCACTCCGT	1762	 2888	DMSO_U0126_midG_adult2	0.000000000	2˚ Notochord	2˚ Notochord
DMSO_MidG_TTTCCAGAAGTT	4139	12282	DMSO_U0126_midG_adult1	0.016283993	DMT epidermis	DMT epidermis
DMSO_MidG_TTTCCGGAGATG	5808	26696	DMSO_U0126_midG_adult1	0.029967036	Epidermis (a)	Epidermis (a)
DMSO_MidG_TTTCGTAACGTT	2765	 5619	DMSO_U0126_midG_adult2	0.071187044	Epidermis (a)	Epidermis (a)
DMSO_MidG_TTTCGTACCGTT	3133	 6572	DMSO_U0126_midG_adult1	0.091296409	Epidermis (a)	Epidermis (a)
DMSO_MidG_TTTCGTAGGTGA	2849	 6061	DMSO_U0126_midG_adult1	0.065995710	1˚ Notochord	1˚ Notochord
DMSO_MidG_TTTCTCATTTTC	1537	 2338	DMSO_U0126_midG_adult2	0.085543199	Epidermis (b)	Epidermis (b)
DMSO_MidG_TTTGACCGCGGA	4143	12170	DMSO_U0126_midG_adult1	0.115036976	B7.4 Muscle	B7.4 Muscle
DMSO_MidG_TTTGAGCAGTCG	5342	19958	DMSO_U0126_midG_adult1	0.010021044	NP (A) 1/2:II	NP (A) 1/2:II
DMSO_MidG_TTTGATCACGTT	5566	24308	DMSO_U0126_midG_adult2	0.028797104	Epidermis (a)	Epidermis (a)
DMSO_MidG_TTTGCTCTGCTG	2676	 4948	DMSO_U0126_midG_adult2	0.040420372	Epidermis (a)	Epidermis (a)
DMSO_MidG_TTTGCTGCGAAA	3178	 6882	DMSO_U0126_midG_adult2	0.087183958	NP (a) 1/2:V/VI	NP (a) 1/2:V/VI
DMSO_MidG_TTTGGAGATGCG	5013	17188	DMSO_U0126_midG_adult2	0.052362113	TLC posterior	TLC posterior
DMSO_MidG_TTTGGCTGTACG	3444	 7624	DMSO_U0126_midG_adult1	0.026232949	Epidermis (b)	Epidermis (b)
DMSO_MidG_TTTGTCCATATT	3629	 8695	DMSO_U0126_midG_adult1	0.368027602	Epidermis (a)	Epidermis (a)
DMSO_MidG_TTTGTTCGGCTG	3591	 8311	DMSO_U0126_midG_adult2	0.000000000	Epidermis (a)	Epidermis (a)
DMSO_MidG_TTTTACAGCACC	2085	 4127	DMSO_U0126_midG_adult2	0.048461352	Endoderm (A)	Endoderm (A)
DMSO_MidG_TTTTATACACAA	2213	 3643	DMSO_U0126_midG_adult2	0.274499039	NP (A) 4:I	NP (A) 4:I
DMSO_MidG_TTTTCCAGAATT	3158	 6868	DMSO_U0126_midG_adult2	0.232964473	NP (A) 4:I	NP (A) 4:I
DMSO_MidG_TTTTCGACAAGC	2407	 4933	DMSO_U0126_midG_adult1	0.060814920	B7.4 Muscle	B7.4 Muscle
DMSO_MidG_TTTTCTCCATGG	1575	 2467	DMSO_U0126_midG_adult2	0.000000000	Epidermis (b)	Epidermis (b)
